product_name;merchant_image_url;description;search_price;brand_name;category;ingredients;Anwendung;vegan;alcoholFree;fragranceFree
The Ordinary - Cleanser Mit Squalan - Reinigung Und Make-up-entferner - Hydrators And Oils Squalance Cleans 50ml;https://media.sephora.eu/content/dam/digital/pim/published/T/THE_ORDINARY/502458/161709-media_swatch.jpg?scaleWidth=500&scaleHeight=500&scaleMode=fit;Eine sanfte Reinigung, die perfekt reinigt und make-up entfernt. Die vegane Formel enthält Squalan und andere Lipophile ester, die effektiv Make-up und Unreinheiten entfernen, die Haut geschmeidig machen und ihr Feuchtigkeit spenden. Nachdem die Balsamtextur 10 bis 30 Sekunden lang zwischen den Handflächen erhitzt wurde, verwandelt sie sich in öl.  Die in der Formel enthaltene Zuckerester-emulsion sorgt dafür, dass Verunreinigungen und make-up beim abspülen mit wasser aufgenommen und entfernt werden können.  diese seifenfreie, nicht komedogene reinigung eignet sich für den täglichen gebrauch und für alle hauttypen.vegan : produkte aus natürlich gewonnenen inhaltsstoffen.  The Ordinary - Cleanser mit squalan - reinigung und make-up-entferner - Hydrators and oils squalance cleans 50ml;11.45;The Ordinary;Gesischtsreinigung;SQUALANE, AQUA/WATER/EAU, COCO-CAPRYLATE/CAPRATE, GLYCERIN, ETHYL MACADAMIATE, SUCROSE STEARATE, CAPRYLIC/CAPRIC TRIGLYCERIDE, HYDROGENATED STARCH HYDROLYSATE, SUCROSE LAURATE, POLYACRYLATE CROSSPOLYMER-6, ISOCETETH-20, SODIUM POLYACRYLATE, TOCOPHEROL, TRISODIUM ETHYLENEDIAMINE DISUCCINATE, MALIC ACID, ETHYLHEXYLGLYCERIN, PHENOXYETHANOL, CHLORPHENESIN.;"Erwärme eine kleine Menge des Produktes in deinen Händen, bis es sich in Öl verwandelt.

Trage es auf die trockene Haut auf und massiere es ein. Spüle es anschließend mit warmem Wasser ab. Bei Irritationen die Anwendung abbrechen und einen Arzt aufsuchen.
Nur gemäß der Gebrauchsanweisung auf intakter Haut anwenden. Ein Hauttest vor der Anwendung wird empfohlen.

Eine ausführliche Anleitung für die Durchführung eines Hauttests findest du auf der DECIEM-Website.";True;True;True
Lancôme - Gelatée Confort Reinigungsmilch - Flacon Pompe 200 Ml;https://media.sephora.eu/content/dam/digital/pim/published/L/LANCO/87269/67930-media_swatch.jpg?scaleWidth=500&scaleHeight=500&scaleMode=fitDie abschminkmilch mit ultraweicher textur befreit die haut selbst vom hartnäckigsten make-up.angereichert mit nährenden lacto-proteinen, feuchtigkeitsspendenden und beruhigenden wirkstoffen ist sie eine wahre wohltat für die haut.  Lancôme - Gelatée confort reinigungsmilch - Flacon pompe 200 ml;;18.45;Lancôme;Gesischtsreinigung;AQUA / WATER- BUTYROSPERMUM PARKII BUTTER / SHEA BUTTER- GLYCERIN- DIMETHICONE- POLYETHYLENE- PARAFFIN- PARAFFINUM LIQUIDUM / MINERAL OIL- GLYCERYL STEARATE- PEG-1 STEARATE- SODIUM LAURETH SULFATE- ACRYLATES COPOLYMER- CI 172 / RED 33- TOCOPHEROL- CYCLODEXTRIN- SODIUM HYDROXIDE- HYDROXYETHYLCELLULOSE- PHENOXYETHANOL- STEARIC ACID,FAEX EXTRACT / YEAST EXTRACT- POLYSORBATE 6- PALMITIC ACID- MEL / HONEY- MANNITOL- ISOBUTANE- ALPHA-ISOMETHYL IONONE- CARBOMER- DISODIUM SUCCINATE- CETYL ALCOHOL- METHYLPARABEN- PRUNUS AMYGDALUS DULCIS PROTEIN / SWEET ALMOND PROTEIN- HEXYL CINNAMAL- GLYCINE SOJA OIL / SOYBEAN OIL- PARFUM / FRAGRANCE;Tägliche Anwendung: morgens und abends. 1. Tragen Sie die Abschminkmilch mit den Fingern in kreisenden Bewegungen (Stirn, Wangen, Kinn) und zum Abschluss auf Gesichtsmitte und Hals auf. 2. Entfernen Sie die überschüssige Abschminkmilch mit einem Papiertuch. 3. Zum perfekten Abschluss des Abschminkens ist die Verwendung eines Gesichtswassers unerlässlich. Die Abschminkmilch mit ultraweicher Textur befreit die Haut selbst vom hartnäckigsten Make-up. Angereichert mit nährenden Lacto-Proteinen, feuchtigkeitsspendenden und beruhigenden Wirkstoffen ist sie eine wahre Wohltat für die Haut. Eigenschaft: reinigend, feuchtigkeitsspendend, beruhigend.;false;True;False
Kiehl's Since 1851 - Midnight Recovery Cleansing Oil - Reinigungsöl - midnight Recovery Cleansing Oil 175ml;https://media.sephora.eu/content/dam/digital/pim/published/K/KIEHLS/533824/225480-media_swatch.jpg?scaleWidth=500&scaleHeight=500&scaleMode=fit;Midnight recovery botanical cleansing oil von kiehl’s: reinigungsöl für maximale regeneration   ideal für die pflegeroutine am abend für alle hauttypen – das midnight recovery botanical cleansing oil von kiehl’s. Verwöhnen sie ihre haut beim reinigen mit diesem luxuriösen pflegeöl, damit rückstände von make-up, schmutz oder talg sie nicht belasten und schließlich rötungen oder unreinheiten verursachen.    die marke kiehl’s baut auf seine apothekerischen wurzeln und verbindet bei der entwicklung von hochwirksamen pflegeprodukten kosmetisches, pharmazeutisches und medizinisches wissen. Zudem legt das unternehmen wert auf nachhaltigkeit und nutzt umweltfreundliche herstellungstechniken. In der formel des midnight recovery botanical cleansing oils sind nachtkerzenöl, lavendelöl sowie squalan enthalten. Diese inhaltsstoffe helfen, die haut porentief zu reinigen, während sie beruhigen und feuchtigkeit spenden.   die anwendung ist schnell und einfach und entfaltet auch über nacht eine wohltuende wirkung. Das pflegeöl bereitet ihre haut auf die nachtcreme vor und unterstützt deren wirkung. So können sie sich am nächsten morgen über zarte und geschmeidige haut freuen.  Kiehl's Since 1851 - Midnight recovery cleansing oil - reinigungsöl - -midnight recovery cleansing oil 175ml;36.45;Kiehl's Since 1851;Gesischtsreinigung;ETHYLHEXYL PALMITATE • ZEA MAYS GERM OIL / CORN GERM OIL • ISOPROPYL MYRISTATE • CAPRYLIC/CAPRIC TRIGLYCERIDE • POLYGLYCERYL-10 DIOLEATE • POLYGLYCERYL-6 DICAPRATE • OENOTHERA BIENNIS OIL / EVENING PRIMROSE OIL • POLYGLYCERYL-2 OLEATE • CORIANDRUM SATIVUM SEED OIL / CORIANDER SEED OIL • HELIANTHUS ANNUUS SEED OIL / SUNFLOWER SEED OIL • PHENOXYETHANOL • SQUALANE • LAVANDULA ANGUSTIFOLIA OIL / LAVENDER OIL • ISOPROPYL LAUROYL SARCOSINATE • DICAPRYLYL ETHER • DICAPRYLYL CARBONATE • GERANIUM MACULATUM OIL • ROSMARINUS OFFICINALIS LEAF OIL / ROSEMARY LEAF OIL • LINALOOL • TOCOPHEROL • CITRONELLOL • GERANIOL • LIMONENE • GLYCINE SOJA OIL / SOYBEAN OIL • GLYCERYL STEARATE CITRATE;Geben Sie am Abend drei bis vier Pumpstöße in Ihre Handfläche und massieren Sie das Midnight Recovery Botanical Cleansing Oil von Kiehl’s sanft in die trockene Haut ein. Anschließend befeuchten Sie die Haut, sodass das Öl emulgiert und zur Reinigungsmilch wird. Danach spülen Sie Ihr Gesicht gründlich ab und tupfen Sie es mit einem sauberen, weichen Handtuch trocken. Zum Schluss tragen Sie Ihre übliche Nachtpflege auf.;True;true;False
Mario Badescu - Acne Facial Cleanser - Gesichtsreiniger - acne Gentle Foaming Facial Cleanser;https://media.sephora.eu/content/dam/digital/pim/published/M/MARIO_BADESCU/583737/270545-media_swatch.jpg?scaleWidth=500&scaleHeight=500&scaleMode=fit;ein milder reiniger, der verunreinigungen beseitigt und eine köstliche saubere haut ohne fettfilm hinterlässt.vegan : produkte aus natürlich gewonnenen inhaltsstoffen.  Mario Badescu - Acne facial cleanser - gesichtsreiniger - -acne gentle foaming facial cleanser;10.45;Mario Badescu;Gesischtsreinigung;AQUA (WATER, EAU), COCO-BETAINE, SODIUM LAUROYL GLYCINATE, GLYCERIN, ACRYLATES COPOLYMER, ALOE BARBADENSIS LEAF JUICE, PHENOXYETHANOL, SODIUM HYDROXIDE, PROPYLENE GLYCOL, SACCHAROMYCES/XYLINUM/BLACK TEA FERMENT, BHT, ETHYLHEXYLGLYCERIN, CHAMOMILLA RECUTITA (MATRICARIA) EXTRACT, OENOTHERA BIENNIS (EVENING PRIMROSE) FLOWER EXTRACT, POTASSIUM SORBATE, SODIUM BENZOATE, CITRIC ACID;"An einem kühlen und trockenen Ort aufbewahren.
Mit kreisenden Bewegungen mit den Fingerspitzen vorsichtig in die feuchte Haut einmassieren, dann mit reichlich warmem Wasser abwaschen.
Bei Kontakt mit den Augen mit reichlich Wasser ausspülen.";True ;true;True
Beauty Of Joseon - Ginseng Cleansing Oil - Sanfter Make-up-entferner Mit Ginsengextrakt - ginseng Cleansing Oil;https://media.sephora.eu/content/dam/digital/pim/published/B/BEAUTY_OF_JOSEON/761483/365587-media_swatch.jpg?scaleWidth=500&scaleHeight=500&scaleMode=fit;Ein reinigungsöl, das verunreinigungen sanft entfernt. Für einen sauberen und erfrischten teint. Sojaöl ist der hauptbestandteil und hilft, verunreinigungen und make-up-rückstände, die sich auf der haut ansammeln, sanft zu lösen. Unser mit ginseng-samenöl angereichertes reinigungsöl hat einen dezenten, entspannenden duft, der deine pflegeroutine in ein beruhigendes ritual verwandelt. Verstopft die poren nicht und belebt die haut sanft.  Beauty Of Joseon - Ginseng cleansing oil - sanfter make-up-entferner mit ginsengextrakt - -ginseng cleansing oil;13.45;Beauty Of Joseon;Gesischtsreinigung;GLYCINE SOJA (SOYBEAN) OIL, CETYL ETHYLHEXANOATE, SORBETH-30 TETRAOLEATE, OLEA EUROPAEA (OLIVE) FRUIT OIL, SORBITAN SESQUIOLEATE, HELIANTHUS ANNUUS (SUNNFLOWER) SEED OIL, TOCOPHEROL, PANAX GINSENG SEED OIL, ETHYLHEXYLGLYCERIN, ECLIPTA PROSTRATA EXTRACT , PANAX GINSENG ROOT EXTRACT, MELIA AZADIRACHTA LEAF EXTRACT, MELIA AZADIRACHTA FLOWER EXTRACT, AMBER POWDER, MORINGA OLEIFERA SEED OIL , SOLANUM MELONGENA (EGGPLANT) FRUIT EXTRACT, CURCUMA LONGA (TURMERIC) ROOT EXTRACT, OCIMUM SANCTUM LEAF EXTRACT, CORALLINA OFFICINALIS EXTRACT, BIXA ORELLANA SEED OIL, PANAX GINSENG BERRY EXTRACT, BUTYLENE GLYCOL, WATER, 1,2-HEXANEDIOL;Ein bis zwei Pumpstöße sanft in die trockene Haut einmassieren. Anschließend mit lauwarmem Wasser vorsichtig abspülen und das Gesicht mit einem Reinigungsschaum waschen.;True ;True;True
Beauty Of Joseon - Green Plum Refreshing Cleanser - Reinigungsgel Mit Niedrigem Ph-wert - refreshing Green Plum Cleanser;https://media.sephora.eu/content/dam/digital/pim/published/B/BEAUTY_OF_JOSEON/761485/365589-media_swatch.jpg?scaleWidth=500&scaleHeight=500&scaleMode=fit;Dieser reiniger mit niedrigem ph-wert hat eine cremige geltextur. Mit 24,5 % pflaumenwasser und 2,94 % mungobohnen-extrakt entfernt es sanft unreinheiten und rückstände und versorgt gleichzeitig die haut mit feuchtigkeit.  Beauty Of Joseon - Green plum refreshing cleanser - reinigungsgel mit niedrigem ph-wert - -refreshing green plum cleanser;8.95;Beauty Of Joseon;Gesischtsreinigung;Water, Prunus Mume Fruit Water, Cocamidopropyl Hydroxysultaine, Phaseolus Radiatus Seed Extract, Sodium Cocoyl Isethionate, Glycerin, Sodium Chloride, Camellia Sinensis Leaf Extract, Houttuynia Cordata Extract, Nelumbo Nucifera Flower Extract, Oryza Sativa (Rice) Extract, Prunus Mume Fruit Extract, Vaccinium Angustifolium (Blueberry) Fruit Extract, Guar Hydroxypropyltrimonium Chloride, Coconut Acid, Ethylhexylglycerin, Caprylyl Glycol, Sodium Isethionate, Citric Acid, Butylene Glycol, 1,2-hexanediol, Punica Granatum Extract, Clitoria Ternatea Flower Extract, Garcinia Mangostana Peel Extract, Propylene Glycol Laurate, Sodium Citrate, Disodium EDTA;Gib eine angemessene Menge Reinigungsmittel auf deine nassen Hände und massiere dein Gesicht sanft. Mit lauwarmem Wasser abspülen.Verwende einen Reiniger auf Ölbasis (Reinigungsöl, Balsam usw.), um das Make-up von deinem Gesicht zu entfernen.;True;True;True
Anua - Heartleaf Pore Control Cleansing Oil - Renigungsöl Für Make-up - heartleaf Pore Cleansing Oil 200ml;https://media.sephora.eu/content/dam/digital/pim/published/A/ANUA_THE_FOUNDERS/799296/399701-media_swatch-0.jpg?scaleWidth=500&scaleHeight=500&scaleMode=fit;Ein sanftes und dennoch effektives reinigungsöl, das mit heartleaf-extrakt formuliert ist. es wurde speziell entwickelt, um make-up, sonnenschutzmittel und verunreinigungen zu lösen, und gleichzeitig das natürliche feuchtigkeitsgleichgewicht der haut zu respektieren.es reinigt die poren tiefenwirksam und entfernt überschüssigen talg, ohne die poren zu verstopfen oder die haut zu irritieren – ein wichtiger schritt bei jedem double cleansing.warum wir das produkt lieben• entfernt effektiv make-up, sonnenschutz und verunreinigungen und hinterlässt die haut herrlich weich und frisch.• hilft, talgüberschuss zu reduzieren, damit dein teint klar und glatt wirkt.• der heartleaf-extrakt besänftigt irritationen und fördert eine ruhige und ausgeglichene haut.• leichte, nicht komedogene textur – ist daher ideal für haut geeignet, die zu akne neigt oder empfindlich ist.  Anua - Heartleaf pore control cleansing oil - renigungsöl für make-up - -heartleaf pore cleansing oil 200ml;17.95;Anua;Gesischtsreinigung;Ethylhexyl Palmitate, Sorbeth-30 Tetraoleate, Sorbitan Sesquioleate, Caprylic/Capric Triglyceride, Butyl Avocadate, Fragrance, Helianthus Annuus (Sunflower) Seed Oil, Macadamia Ternifolia Seed Oil, Olea Europaea (Olive) Fruit Oil, Simmondsia Chinensis (Jojoba) Seed Oil, Vitis Vinifera (Grape) Seed Oil, Caprylyl Glycol, Ethylhexylglycerin, Curcuma Longa (Turmeric) Root Extract, Melia Azadirachta Flower Extract, Tocopherol, Melia Azadirachta Leaf Extract, Houttuynia Cordata Extract, Corallina Officinalis Extract, Melia Azadirachta Bark Extract, Moringa Oleifera Seed Oil, Ocimum Sanctum Leaf Extract;Eine entsprechende Menge des Produkts sanft auf die trockene Haut massieren. Sorgfältig mit lauwarmem Wasser abwaschen.;True;True;false
Clinique - Rinse-off Foaming Reinigunsschaum - 150 Ml;https://media.sephora.eu/content/dam/digital/pim/published/C/CLINIQUE/18849/46232-media_swatch.jpg?scaleWidth=500&scaleHeight=500&scaleMode=fit;Wasserlöslicher reinigungsschaum, der makeup, schmutz und rückstände schnell und einfach entfernt. Botanische extrakte beruhigen die haut. Sie ist porentief rein. Augenärztlich getestet.  Clinique - Rinse-off foaming reinigunsschaum - 150 ml;26.45;Clinique;Gesischtsreinigung;Water , Potassium Myristate , Glycerin , Potassium Behenate , Sodium Methyl Cocoyl Taurate , Potassium Palmitate , Potassium Laurate , Potassium Sterate , Peg-3 Distearate , Cholesteryl Hydroxystearate , Butylene Glycol , Sodium Hyaluronate , Trisodium Edta , Disodium Edta , Phenoxyethanol , Ext. Violet 2 (Ci 60730) , Red 4 (Ci 14700);"Auf das Gesicht auftragen, aufschäumen und einmassieren.
Danach gründlich mit Wasser abspülen.";True;true;true
The Inkey List - Pickel- & Porenreiniger Mit Salicylsäure - 150 Ml;https://media.sephora.eu/content/dam/digital/pim/published/T/THE_INKEY_LIST/471084/112512-media_swatch.jpg?scaleWidth=500&scaleHeight=500&scaleMode=fit;Der beliebte kult-gesichtsreiniger salicylic acid cleanser von the inkey list entfernt make-up und verunreinigungen und reduziert gleichzeitig mitesser und pickel.  was es bewirkt: der 2%ige salicylic acid cleanser einigt nicht nur effizient, sondern enthält zudem eine zusätzliche zinkkomponente. Gemeinsam wirken sie fettregulierend, reduzieren mitesser und pickel und fördern ein ebenmäßigeres aussehen des teints.  hauptinhaltsstoffe:   - 2 % salicylsäure: hilft, verstopfte poren zu befreien und sanft zu exfolieren.  - eine zinkkomponente: hilft, überschüssiges fett zu reduzieren.  - 0,5 % allantoin: hilft, hautirritationen zu beruhigen.erfahren sie mehr über clean at sephora [here]  The Inkey List - Pickel- & porenreiniger mit salicylsäure - 150 ml;11.95;THE INKEY LIST;Gesischtsreinigung;AQUA (WATER), PROPANEDIOL, GLYCERIN, SODIUM METHYL COCOYL TAURATE, COCAMIDOPROPYL BETAINE, PEG-120 METHYL GLUCOSE DIOLEATE, SALICYLIC ACID, PEG-150 PENTAERYTHRITYL TETRASTEARATE, PEG-6 CAPRYLIC/CAPRIC GLYCERIDES, BETAINE, ZINC PCA, PHENOXYETHANOL, SODIUM CHLORIDE, ALLANTOIN, SODIUM HYDROXIDE, COCO-GLUCOSIDE, GLYCERYL OLEATE, BENZYL ALCOHOL, COCONUT ACID, ETHYLHEXYLGLYCERIN, SODIUM BENZOATE, CITRIC ACID, DEHYDROACETIC ACID, TRISODIUM ETHYLENEDIAMINE DISUCCINATE, TOCOPHEROL, HYDROGENATED PALM GLYCERIDES CITRATE;"Der Salicylic Acid Cleanser kann morgens und abends angewendet werden.
Eine kleine Menge auftragen und mindestens 60 Sekunden sanft in das feuchte Gesicht und den Hals einmassieren.
Gründlich mit viel Wasser abspülen und mit Ihrem verbleibenden Hautpflege-Protokoll fortfahren.";True;False;True
The Inkey List - Hafer Reinigungsbalsam - Cleanser Oat Balm-;https://media.sephora.eu/content/dam/digital/pim/published/T/THE_INKEY_LIST/505911/163071-media_swatch.jpg?scaleWidth=500&scaleHeight=500&scaleMode=fit;was es ist: der luxuriöse reinigungsbalsam von the inkey list entfernt sanft make-up, reinigt und pflegt die haut. Ideal für empfindliche hauttypen.  was es bewirkt: kombiniert hautberuhigende, kolloidale haferflocken mit ceramiden, um die natürliche schutzbarriere der haut zu stärken. Das produkt enthält zudem haferkernöl, um die haut zu reinigen und zu pflegen.   hauptinhaltsstoffe:  - 3 % haferkernöl: unterstützt sanft die feuchtigkeitsbarriere der haut  - 1 % kolloidale haferflocken: helfen, das erscheinungsbild von rötungen zu reduzieren und hautirritationen zu beruhigen.erfahren sie mehr über clean at sephora [here]  The Inkey List - Hafer reinigungsbalsam - Cleanser oat balm-;10.95;THE INKEY LIST;Gesischtsreinigung;PRUNUS AMYGDALUS DULCIS (SWEET ALMOND) OIL, CETEARYL ALCOHOL, PEG-6 CAPRYLIC/CAPRIC GLYCERIDES, AVENA SATIVA (OAT) KERNEL OIL, CANDELILLA CERA (CIRE DE CANDELILLA), SILICA, SORBITAN STEARATE, TRIBEHENIN, PEG-60 ALMOND GLYCERIDES, AVENA SATIVA (OAT) KERNEL FLOUR, AQUA (WATER/EAU), BENZYL ALCOHOL, PHENOXYETHANOL, LECITHIN, 1,2-HEXANEDIOL, ASCORBYL PALMITATE, TOCOPHEROL, BIOSACCHARIDE GUM-4, HELIANTHUS ANNUUS (SUNFLOWER) SEED OIL.;"Die ideale milde Reinigung für morgens und abends.
Eine kleine Menge sanft auf das feuchte Gesicht und den Hals auftragen, zum Einmassieren Wasser hinzufügen und dann gründlich abspülen.
Für einen Extra-Pflegeboost vor dem Abspülen 10 Minuten einwirken lassen.";True ;False ;True 
Drunk Elephant - Beste™ No. 9 Jelly Cleanser - Gesichtsreiniger - Beste N9 Jelly Clns150ml;https://media.sephora.eu/content/dam/digital/pim/published/D/DRUNK_ELEPHANT/453777/96421-media_swatch.jpg?scaleWidth=500&scaleHeight=500&scaleMode=fit;dieses reinigungsgel entfernt alle spuren von make-up, überschüssigem talg, verschmutzungen und anderen unreinheiten, die sich im laufe des tages angesammeln können. Der gesichtsreiniger ist für alle hauttypen geeignet.   vorteile:mit einer einzigartigen mischung aus  make-up-lösenden und  milden tensiden entfernt diese sanfte formel alle rückstände und hinterlässt eine zarte und gereinigte klare haut.zusätzliche informationen:das parfümfreie reinigungsgel beste™ no. 9 hat einen idealen ph-wert von 5,5 und ist hautfreundlich.    hauptinhaltsstoffe: - milde tensiden: eine mixtur milder reinigungsmittel, einschließlich kokoshaltiger tenside, die reich an fettsäuren sind und zusammen einen sanften schaum bilden, der selbst hartnäckiges make-up, sonnenschutzmittel und öle effektiv auflöst und gleichzeitig die barriere der haut unterstützt. - natives marula-öl: reich an wichtigen antioxidantien und omega-6- und omega-9-fettsäuren, erhöht dieses pflegende öl die kraft der reinigung und der entfernung von make-up. - glycerin: ein hautidentischer feuchtigkeitsspendender inhaltsstoff, der hilft, den feuchtigkeitsgehalt der haut (der normalerweise bei der hautreinigung verloren geht) wiederherzustellen. - cucumis-melo-cantalupensis(cantaloupe)-fruchtextrakt: reich an antioxidantien, hilft beim beruhigen und hydratisieren der haut. preisgekrönt: marie claire prix d’excellence beauty award 2022erfahren sie mehr über clean at sephora [here]vegan : produkte aus natürlich gewonnenen inhaltsstoffen.  Drunk Elephant - Beste™ no. 9 jelly cleanser - gesichtsreiniger - Beste n9 jelly clns150ml;31.95;Drunk Elephant;Gesischtsreinigung;;;;;
La Mer - The Essence Foaming Cleanser - Reinigungsschaum - 30ml;https://media.sephora.eu/content/dam/digital/pim/published/L/LA_MER/721043/342874-media_swatch.jpg?scaleWidth=500&scaleHeight=500&scaleMode=fit;Dieser sanfte reinigungsschaum entfernt gründlich unreinheiten sowie überschüssiges öl und hinterlässt ein weiches und revitalisiertes hautgefühl. Für einen strahlenden, frischen und gesund aussehenden teint.  La Mer - The essence foaming cleanser - reinigungsschaum - -30ml;28.45;La Mer;Gesischtsreinigung;;;;;
Dr Dennis Gross - Alpha Beta On The Spot Gel - Reinigungsgel - alpha Beta On The Spot Gel;https://media.sephora.eu/content/dam/digital/pim/published/D/DR_DENNIS_GROSS/728561/348427-media_swatch.jpg?scaleWidth=500&scaleHeight=500&scaleMode=fit;Mit diesem starken gel, das die haut gründlich reinigt und ausgleicht, fühlst du dich einfach schön! das sanfte, aber effektive gel befreit die poren von verstopfungen, gleicht den talghaushalt von zu akne neigender haut aus, spendet feuchtigkeit und beruhigt die haut.  Dr Dennis Gross - Alpha beta on the spot gel - reinigungsgel - -alpha beta on the spot gel;45.95;Dr Dennis Gross;Gesischtsreinigung;;;;;
Laneige - Water Bank - Mildes Reinigungsgel - water Bank - Gel Nettoyant Doux;https://media.sephora.eu/content/dam/digital/pim/published/L/LANEIGE/750988/362514-media_swatch.jpg?scaleWidth=500&scaleHeight=500&scaleMode=fit;Entdecke den sanften water bank gentle gel cleanser, der deine haut mit seiner innovativen formel reinigt und schützt!was das ist?das milde reinigungsgel ist ideal für normale bis trockene haut. Es entfernt make-up effektiv und schützt gleichzeitig die hautbarriere. Die leichte, nicht reizende textur sorgt für eine saubere und erfrischte haut, die sich angenehm anfühlt. perfekt für normale bis trockene haut.was sind die inhaltsstoffe?• blaue hyaluronsäure: bietet tiefenwirksame feuchtigkeit und stärkt die hautbarriere mit ultrafeinen molekülen, die 2000-mal kleiner sind als die der klassischen hyaluronsäure, wodurch die feuchtigkeitsspendende wirkung gesteigert ist.•  allantoin: mit seinen lindernden eigenschaften hilft es, die haut zu reparieren und zu beruhigen, reizungen zu reduzieren und die haut weich und geschmeidig zu machen.• aminosäurekomplex: pflegt intensiv und stärkt die haut mit wichtigen bausteinen, die sie für ihre gesundheit und regeneration benötigt.das ergebnis?deine haut ist gründlich gereinigt, weich und geschützt und bereit für den tag!  Laneige - Water bank - mildes reinigungsgel - -water bank - gel nettoyant doux;28.95;Laneige;Gesischtsreinigung;;;;;
Anua Heartleaf Quercetinol Pore Deep Cleansing Foam 150 ml;https://www.mystationary.de/media/d3/0c/4b/1775884291/79e414f6c767edbbb26b310499cd8552b5680986_MS_0063296_image_1_570346_heartleaf_quercetinol_pore_deep_cleansing_foam_hydratacni_cistici_pena.jpg?ts=1775884293;Cleansing Foam;19.95;Anua;Gesischtsreinigung;;;;;
Toleriane Caring Wash - Cleansing cream;https://www.mystationary.de/media/67/cf/fb/1775836419/81f6cf6723bd22ddfb83ce56904af5d7af24b808_MS_0065691_image_1_499520_toleriane_caring_wash_cistici_krem.jpg?ts=1775836420;LRP Toleriane Hydrating Gentle Cleanser;24.95;La Roche-Posay;Gesischtsreinigung;;;;;
La Roche-Posay Effaclar Cleansing gel 200 ml;https://www.mystationary.de/media/07/56/45/1775836495/254d1b9b0ed31d0c7002e31b90a1a544c5abf440_MS_0065709_image_1_3337872411083.jpg?ts=1775836497;Cleansing Foamy Gel;20.95;La Roche-Posay;Gesischtsreinigung;;;;;
Clinique Liquid Facial Soap Oily Skin Formula 200 Ml;https://www.mystationary.de/media/3c/ef/6c/1775843401/03a703a6de3415278bbfcfb2d6631fca258be4e3_MS_0066244_image_1_0020714227685.jpg?ts=1775843404;Facial Cleansing Soap;24.95;Clinique;Gesischtsreinigung;;;;;
Beauty Of Joseon Red Bean Water Gel 100 Ml;https://www.mystationary.de/media/39/fb/79/1775886089/5b6fb6e235fd9c0a6a822869be51c480d5929ce1_MS_0063839_image_1_553124_red_bean_water_gel_hydratacni_pletovy_gel.jpg?ts=1775886090;Hydrating Facial Gel;22.95;Beauty of Joseon;Gesischtsreinigung;;;;;
Beauty of Joseon Apricot Blossom Peeling Gel 100 ml;https://www.mystationary.de/media/d0/1f/ee/1775869055/3d71bcac9ccedb37a113a13eb68242fbdf1e10e2_MS_0064081_image_1_543344_apricot_blossom_peeling_gel_peeling_pro_vyhlazeni_pleti_a_snizeni_nad.jpg?ts=1775869057;"Face &amp; Body Scrub";18.95;Beauty of Joseon;Gesischtsreinigung;;;;;
Byoma - Melting Balm Cleanser - Gesichtsreinigungsbalsam - cleansing Melting Balm 70ml;https://media.sephora.eu/content/dam/digital/pim/published/B/BYOMA/666181/316899-media_swatch.jpg?scaleWidth=500&scaleHeight=500&scaleMode=fit;dieser tiefenwirksam feuchtigkeitsspendende reinigungsbalsam enthält eine wichtige lipidbarriere, einen reparierenden olivenölextrakt und traubenkernöl.  die milde und cremige mischung aus leichten ölen beseitigt auch das hartnäckigste make-up, sonnenschutz und verunreinigungen und hinterlässt eine mit intensiver feuchtigkeit versorgte haut, ohne die poren zu verstopfen, die hautschutzbarriere zu beeinträchtigen oder einen fettfilm zu hinterlassen.    ideal für alle hauttypen.   stärkt die hautschutzbarriere.   für eine gesündere haut.vegan : produkte aus natürlich gewonnenen inhaltsstoffen.  Byoma - Melting balm cleanser - gesichtsreinigungsbalsam - -cleansing melting balm 70ml;19.95;Byoma;Gesischtsreinigung;;;;;
Byoma - Gesichtsreinigung Gel Creme - cleansing Creamy Jelly 175ml;https://media.sephora.eu/content/dam/digital/pim/published/B/BYOMA/633706/281320-media_swatch.jpg?scaleWidth=500&scaleHeight=500&scaleMode=fit;dieses ultra-feuchtigkeitsspendende reinigungsgelee entfernt sanft und gründlich schmutz, überschüssigen talg und make-up, ohne die hautbarriere zu schädigen. Genießen sie eine tägliche gesichtsreinigung in einem einzigen schritt.   infundiert mit unserem einzigartigen tri-ceramid-komplex (ceramide, cholesterin, fettsäuren) sowie mit antioxidantienreichen extrakten aus süßholzwurzel und grünem tee, nährt, hellt und pflegt sie die haut.   die leichte formel mit einem ausgeglichenen ph-wert verwandelt sich in einen reichhaltigen und cremigen schaum, der mit warmem wasser in berührung kommt, um die haut zu reinigen, ohne zu dehydrieren und spannungsgefühle und trockenheit zu vermeiden. Universelle wirksamkeit für alle hauttypen, morgens und abends.   von dermatologen getestet und für gut befunden, seifenfrei, nicht komedogen, alkohol- und parfümfrei, vegan und tierversuchsfrei.vegan : produkte aus natürlich gewonnenen inhaltsstoffen.  Byoma - Gesichtsreinigung gel creme - -cleansing creamy jelly 175ml;14.45;Byoma;Gesischtsreinigung;;;;;
Byoma - Foaming Rice Deep Cleanser - Reinigungsschaum Für Das Gesicht - foaming Rice Deep Cleanser;https://media.sephora.eu/content/dam/digital/pim/published/B/BYOMA/798149/393161-media_swatch-0.jpg?scaleWidth=500&scaleHeight=500&scaleMode=fit;Dieser reinigungsschaum wirkt auf innovative weise in der ersten phase deiner routine und reinigt die haut tiefenwirksam und effektiv.er basiert auf unserem barrier lipid complex, der die hautbarriere während der reinigung schützt und intakt hält, sodass die haut immer geschmeidig bleibt und nicht spannt. Die formel präsentiert sich in form eines leichten schaums, der sich bei kontakt mit wasser in eine geschmeidige, luftig-leichte textur verwandelt. Er entfernt unreinheiten an der oberfläche und bakterien in den poren. Eine tiefenwirksame reinigung muss nicht bedeuten, dass die haut austrocknet. Hier wirken reisextrakt und meeresalgen zusammen, um die hautstruktur zu verbessern und empfindlichkeit und rötungen zu lindern, damit die haut ein samtiges, strahlendes finish erhält.  Byoma - Foaming rice deep cleanser - reinigungsschaum für das gesicht - -foaming rice deep cleanser;17.95;Byoma;Gesischtsreinigung;;;;;
Glow Recipe - Papaya Sorbet - Reinigungsbalsam Mit Enzymen -  100ml;https://media.sephora.eu/content/dam/digital/pim/published/G/GLOW_RECIPE/541440/241136-media_swatch.jpg?scaleWidth=500&scaleHeight=500&scaleMode=fit;dieser reinigungsbalsam glättet das hautbild mit natürlichen papaya-enzymen und entfernt dabei effektiv hartnäckiges make-up, unreinheiten, öl und sonnenschutzfilter.erfahren sie mehr über clean at sephora [here]vegan : produkte aus natürlich gewonnenen inhaltsstoffen.  Glow Recipe - Papaya sorbet - reinigungsbalsam mit enzymen - - 100ml;31.95;Glow Recipe;Gesischtsreinigung;;;;;
Dr.Althea Amino Acid Gentle Bubble Cleanser 140 ml;https://www.mystationary.de/media/f0/9b/cb/1775886763/8999fd30f9467d6a6091ca3693c712e6a557a37d_MS_0064084_image_1_MBW2cojfqcNrfFYKDZovvY.jpg?ts=1775886764;Cleansing Foam;21.95;Dr.Althea;Gesischtsreinigung;;;;;
Milk - Watermelon Jelly Glow - Aufhellendes Serum Mit Peptiden In Stick-form - watermelon Glow;https://media.sephora.eu/content/dam/digital/pim/published/M/MILK_MAKEUP/757721/364005-media_swatch.jpg?scaleWidth=500&scaleHeight=500&scaleMode=fit;ein gelartiges serum in stick-form mit peptiden, clean und feuchtigkeitsspendend, das die haut glättet, aufhellt, die poren minimiert, um eine strahlend schöne haut zum vorschein kommen zu lassen.dieses feuchtigkeitsspendende aufhellende serum mit klinisch erwiesener wirksamkeit setzt auf milde alternativen zu aggressiven wirkstoffen, ohne kompromisse bei der wirksamkeit einzugehen, um deiner haut ihre leuchtkraft wiederzugeben. Peptide und pflanzenextrakte helfen, den teint zu vereinheitlichen und falten sowie unregelmäßigkeiten zu lindern. Profi-tipp: für noch mehr frische das serum im kühlschrank aufbewahren.erfahren sie mehr über clean at sephora [here]vegan : produkte aus natürlich gewonnenen inhaltsstoffen.  Milk - Watermelon jelly glow - aufhellendes serum mit peptiden in stick-form - -watermelon glow;27.95;Milk;Serum;"AQUA/WATER/EAU, ALOE BARBADENSIS LEAF JUICE, GLYCERIN, 2,3-BUTANEDIOL, PROPANEDIOL,
SORBITOL, CITRULLUS LANATUS (WATERMELON) FRUIT EXTRACT, LEPIDIUM SATIVUM SPROUT
EXTRACT, LENS ESCULENTA (LENTIL) SEED EXTRACT, CHONDRUS CRISPUS EXTRACT, HIBISCUS
ROSA-SINENSIS FLOWER EXTRACT, OPUNTIA VULGARIS EXTRACT, TREMELLA FUCIFORMIS
POLYSACCHARIDE, CHLORELLA FERMENT, PALMITOYL TRIPEPTIDE-1, PALMITOYL TETRAPEPTIDE-7,
BUTYLENE GLYCOL, HYDROXYACETOPHENONE, TOCOPHEROL, SODIUM HYALURONATE, CITRULLINE,
CARRAGEENAN, 1,2-HEXANEDIOL, CAPRYLYL GLYCOL, ETHYLHEXYLGLYCERIN, CARBOMER, XANTHAN
GUM, GUAR HYDROXYPROPYLTRIMONIUM CHLORIDE, AGAROSE, POLYSORBATE 20, SODIUM
LACTATE, SODIUM PCA, ERYTHRITOL, SODIUM HYDROXIDE, PROPYLENE GLYCOL, CITRIC ACID,
SODIUM CARBONATE, SORBIC ACID, BENZOIC ACID, POTASSIUM SORBATE, SODIUM BENZOATE,
PHENOXYETHANOL, RED 40 (CI 16035)";"- Bei der ersten Anwendung den Schutzdeckel vorsichtig abnehmen und wegwerfen.
- Nach dem Reiniger und dem Tonikum direkt auf die saubere Haut auftragen und zum Einziehen mit den Fingerspitzen einklopfen.
- Kann morgens und abends angewendet werden.
- Gut verschließen, um die Frische der Formel zu erhalten.
Für zusätzliche Beruhigung im Kühlschrank aufbewahren.
- Profi-Tipp: Zuerst das Cooling Water Jelly Ice (separat erhältlich) auftragen, um gestresste Haut zu erfrischen, dann Watermelon Jelly Glow, um ihr neue Leuchtkraft zu verleihen.";True ;True ;True
Anua - Niacinamid 10% + Txa 4% Serum - Aufhellendes Anti-age-serum - anua Niacinamide 10 + Txa 4 Serum 30ml;https://media.sephora.eu/content/dam/digital/pim/published/A/ANUA_THE_FOUNDERS/803163/399710-media_swatch-0.jpg?scaleWidth=500&scaleHeight=500&scaleMode=fit;Ein leichtes und nicht klebendes, aufhellendes serum, das mit 10 % niacinamid und 4 % tranexam-säure (txa) formuliert ist, um ein klares hautbild zu fördern, pigmentflecken zu mildern und einen strahlenden und ebenmäßigen teint zum vorschein zu bringen.warum wir das produkt lieben• die kombination von niacinamid, txa und ceramiden verleiht dem serum eine effektive, aufhellende wirkung – und ist dabei sanft zur haut.• trägt dazu bei, den teint gleichmäßiger aussehen zu lassen und seine leuchtkraft zu boosten, sodass du dich über einen strahlenden glow freuen kannst.• enthält hyaluronsäure und polyglutaminsäure – für eine hydratisierte und glatte haut.  Anua - Niacinamid 10% + txa 4% serum - aufhellendes anti-age-serum - -anua niacinamide 10 + txa 4 serum 30ml;22.95;Anua;Serum;Water, Glycerin, Niacinamide, Tranexamic Acid, Butylene Glycol, Diethoxyethyl Succinate, 1,2-Hexanediol, Arbutin, Sodium Hyaluronate, Alpha-Arbutin, Coccinia Indica Fruit Extract, Eclipta Prostrata Extract, Macadamia Integrifolia Seed Oil, Olea Europaea (Olive) Fruit Oil, Simmondsia Chinensis (Jojoba) Seed Oil, Vitis Vinifera (Grape) Seed Oil, Theobroma Cacao (Cocoa) Extract, Hydrolyzed Hyaluronic Acid, Chamaecyparis Obtusa Leaf Extract, Prunus Persica (Peach) Flower Extract, Camellia Sinensis Seed Oil, Yeast Ferment Extract, Centella Asiatica Extract, Artemisia Princeps Leaf Extract, Candida Bombicola/Glucose/Methyl Rapeseedate Ferment, Hyaluronic Acid, Pentylene Glycol, Betaine Salicylate, Sucrose Palmitate, Hydrogenated Lecithin, Gellan Gum, Sodium Phytate, Cellulose, Caprylic/Capric Triglyceride, Panthenol, Cyanocobalamin, Polyglutamic Acid, 3-O-Ethyl Ascorbic Acid, Ceramide NP, Dextrin, Asiaticoside, Madecassic Acid, Asiatic Acid, Dimethylsilanol Hyaluronate, Hydrolyzed Sodium Hyaluronate, Potassium Hyaluronate, Hydroxypropyltrimonium Hyaluronate, Sodium Hyaluronate Crosspolymer, Sodium Hyaluronate Dimethylsilanol, Sodium Acetylated Hyaluronate, Xanthan Gum;"Trage einige Tropfen auf die gewünschten Bereiche auf und klopfe sie sanft mit den Fingerspitzen ein.
Erhöhe nach und nach entsprechend der Hautverträglichkeit die Anwendungshäufigkeit.
Morgens und abends vor den Ölen oder der Feuchtigkeitspflege verwenden.
Schließe deine Routine morgens mit einem Sonnenschutz mit LSF 30 oder höher ab.";True ;True ;True
Anua - Azelaic Acid 10 Hyaluron Redness Soothing Serum - Serum Gegen Unreinheiten - azelaic Acid 10 Soothing Serum 30ml;https://media.sephora.eu/content/dam/digital/pim/published/A/ANUA_THE_FOUNDERS/803164/399711-media_swatch-0.jpg?scaleWidth=500&scaleHeight=500&scaleMode=fit;Ein beruhigendes serum mit leichter textur, das mit 10 % azelainsäure, natriumhyaluronat und dem anua gentle calming complex™ formuliert ist. Es lindert rötungen und trockenheit und spendet gleichzeitig empfindlicher oder irritierter haut feuchtigkeit und beruhigt sie.entwickelt, um das wohlbefinden und die klarheit der haut zu fördern, sorgt es für ein glattes und frisches finish. Seine beruhigenden wirkstoffe sind für den natürlich grünen farbton verantwortlich.warum wir das produkt lieben• enthält 10 % azelainsäure, die rötungen beruhigt und einen klaren teint schenkt.• angereichert mit natriumhyaluronat für eine langanhaltende versorgung mit feuchtigkeit.• beinhaltet den anua gentle calming complex™ mit der kombinierten wirkung von aloe vera und 7 arten von cica, die für sichtbar beruhigende ergebnisse sorgen.  Anua - Azelaic acid 10 hyaluron redness soothing serum - serum gegen unreinheiten - -azelaic acid 10 soothing serum 30ml;22.95;Anua;Serum;Water, Azelaic Acid, Propylene Glycol, Sodium Hydroxide, Dipropylene Glycol, 1,2-Hexanediol, Panthenol, Hydroxyethylcellulose, Betaine Salicylate, Glycerin, Biosaccharide Gum-1, Ethylhexylglycerin, Allantoin, Dipotassium Glycyrrhizate, Melia Azadirachta Leaf Extract, Camellia Sinensis Leaf Water, Sodium Hyaluronate, Melia Azadirachta Flower Extract, Niacinamide, Aloe Barbadensis Leaf Juice, Beta-Glucan, Centella Asiatica Extract, Centella Asiatica Leaf Extract, Centella Asiatica Root Extract, Madecassoside, Asiaticoside, Asiatic Acid, Madecassic Acid, Squalane, Zinc PCA, Butylene Glycol, Pentylene Glycol, Caprylyl/Capryl Glucoside, Hydrogenated Lecithin, Ceramide NP;Trage eine entsprechende Menge auf die Haut auf.;True ;True ;True
Byoma - Illuminator-serum - brightening Serum 30ml;https://media.sephora.eu/content/dam/digital/pim/published/B/BYOMA/633709/281323-media_swatch.jpg?scaleWidth=500&scaleHeight=500&scaleMode=fit;dieses leistungsstarke, aufhellende gesichtsserum trägt dazu bei, den hautton und die hautstruktur deutlich zu verbessern und sorgt für gleichmäßige, strahlende ergebnisse.   dieses leichte serum hellt die haut sichtbar auf und hilft gleichzeitig, die anzeichen von hyperpigmentierung und ungleichmäßigem teint schon bei der ersten anwendung zu mildern. Angereichert mit unserem einzigartigen tri-ceramid-komplex (ceramide, cholesterin, fettsäuren), niacinamid für einen strahlenden und ebenmäßigen teint und hyaluronsäure für intensive feuchtigkeitspflege, stärkt dieses serum die barrierefunktion der haut. Gleichzeitig hilft es ihr, sich gegen umweltaggressoren zu wehren und bietet ihr antioxidative vorteile.   bei täglicher anwendung wird die haut deutlich strahlender, leuchtender und mit mehr feuchtigkeit versorgt.   von dermatologen getestete und zugelassene pflegeprodukte, ölfrei, nicht komedogen, alkohol- und parfümfrei, vegan und frei von tierversuchen.vegan : produkte aus natürlich gewonnenen inhaltsstoffen.  Byoma - Illuminator-serum - -brightening serum 30ml;15.95;Byoma;Serum;AQUA (CARRIER), METHYLPROPANEDIOL (SOLVENTS), NIACINAMIDE (SKIN-CONDITIONER), 1,2-HEXANEDIOL (SOLVENTS), GLYCERIN (HUMECTANTS), POLYGLYCERYL-10 LAURATE (EMULSIFIER), SODIUM HYALURONATE (SKIN-CONDITIONER), CERAMIDE NP (SKIN-CONDITIONER), CHOLESTEROL (SKIN-CONDITIONER), CAPRYLIC/CAPRIC TRIGLYCERIDE (SKIN-CONDITIONER), PHYTOSPHINGOSINE (SKIN-CONDITIONER), SODIUM PHYTATE (CHELATING AGENTS), ASCORBIC ACID (SKIN-CONDITIONER), STEARIC ACID (SKIN-CONDITIONER), OLEIC ACID (SKIN-CONDITIONER), HYDROGENATED LECITHIN (EMULSIFIER), ETHYLHEXYLGLYCERIN (SKIN-CONDITIONER), XANTHAN GUM (VISCOSITY CONTROLLING), SQUALANE (SKIN-CONDITIONER), TOCOPHEROL (ANTIOXIDANTS), LACTIC ACID (PH ADJUSTERS), CARBOMER (VISCOSITY CONTROLLING), TROMETHAMINE (PH ADJUSTERS), CAPRYLYL GLYCOL (PRESERVATIVE), CAPRYLHYDROXAMIC ACID (CHELATING AGENTS);Anwendungsempfehlung: 4 bis 6 Tropfen auf die gereinigte Haut auftragen und sanft einmassieren, bis sie vollständig eingezogen sind. Anschließend ein Serum + eine Feuchtigkeitspflege auftragen.;True ;True ;True
Byoma - Phyto-mucin Glow Serum - Feuchtigkeitsserum - phyto Mucin Glow Serum 40ml;https://media.sephora.eu/content/dam/digital/pim/published/B/BYOMA/757636/365030-media_swatch.jpeg?scaleWidth=500&scaleHeight=500&scaleMode=fit;Dieses serum für die tägliche anwendung ist die ein-schritt-lösung für eine haut mit „glass-skin“-effekt. Die haut wird praller, stärker und die hautbarriere widerstandsfähiger. die leichte, nicht klebende formel zieht schnell ein und wirkt wie ein primer vor dem auftragen von flüssigem make-up. Sie glätte die haut, bringt sie zum strahlen und verbessert ihre elastizität. peptide und phytomucin pflanzlichen ursprungs, feuchtigkeitsspendendes panthenol und der barrier lipid complex sorgen für ein strahlendes ergebnis. der hauptinhaltsstoff phytomucin ist äußerst wirksam bei der hydratation, heilung und stärkung der hautbarriere, indem er die haut tief in der tiefe mit feuchtigkeit versorgt.  das serum wird ausschließlich aus biologischen inhaltsstoffen gewonnen und nutzt innovative methoden der natur. Täglich anwenden für eine gezielte feuchtigkeitsversorgung, einen ebenmäßigeren teint, eine verbesserte textur und prallere haut.die formel wurde dermatologisch getestet und bestätigt, ist nicht komedogen, alkohol- und parfümfrei.  Byoma - Phyto-mucin glow serum - feuchtigkeitsserum - -phyto mucin glow serum 40ml;17.95;Byoma;Serum;Aqua (Carrier), Glycerin (Skin-Conditioner), Butylene Glycol (Humectant), Methylpropanediol (Solvent), 1,2-Hexanediol (Emollient), Propanediol (Skin-Conditioner), Glyceryl Polymethacrylate (Skin-Conditioner), Dioscorea Japonica Root Extract (Skin-Conditioner), Propylene Glycol (Humectant), Laminaria Japonica Extract (Skin-Conditioner), Hibiscus Esculentus Fruit Extract (Skin-Conditioner), Palmitoyl Tripeptide-1 (Skin-Conditioner), Corchorus Olitorius Leaf Extract (Skin-Conditioner), Arginine (Skin-Conditioner), Panthenol (Skin-Conditioner), Nelumbo Nucifera Root Extract (Skin-Conditioner), Hydroxyacetophenone (Antioxidant), Polyglutamic Acid (Humectant), Glycereth-25 PCA Isostearate (Emulsifier), Hyaluronic Acid (Skin-Conditioner), Hydrolyzed Hyaluronic Acid (Skin-Conditioner), Sodium Hyaluronate (Skin-Conditioner), Ceramide NP (Skin-Conditioner), Betaine (Humectant), Cholesterol (Skin Conditioner), Carbomer (Thickener), Caprylic/Capric Triglyceride (Skin Conditioner), Phytosphingosine (Skin Conditioner), Xanthan Gum (Thickener), Stearic Acid (Skin Conditioner), Oleic Acid (Skin Conditioner), Hydrogenated Lecithin (Emulsifier), Sodium Lactate (pH adjuster ), Sodium Polyacrylate (Thickener), Lactic Acid (pH Adjuster), Caprylyl Glycol (Skin-Conditioner), Ethylhexylglycerin (Skin-Conditioner), Caprylhydroxamic Acid (Chelating Agent);Trage einen Pumpstoß auf die gereinigte Haut auf und klopfe das Produkt sanft ein, bis es vollständig eingezogen ist. Danach ein Serum und eine Feuchtigkeitscreme + SPF auftragen.;True ;True ;True
Clinique - Moisture Surge Active Glow Serum Hydrating Facial Serum - moisture Surge Active Glow Serum 50ml;https://media.sephora.eu/content/dam/digital/pim/published/C/CLINIQUE/760912/364531-media_swatch.jpg?scaleWidth=500&scaleHeight=500&scaleMode=fit;Was es istserum für tiefgreifende feuchtigkeitszufuhr und einen strahlenden teint. Es hilft sanft abgestorbene hautzellen zu entfernen und neue hautzellen mit feuchtigkeit versorgen und zu schützen. Die haut sieht prall und strahlend aus.geeignet für alle hauttöne und -typen, auch für sensible haut.sicher für die anwendung morgens und abends.formel facts- allergiegetestet- 100% parfumfrei  Clinique - Moisture surge active glow serum  hydrating facial serum - -moisture surge  active glow serum 50ml;52.45;Clinique;Serum;Water\\Aqua\\Eau, Glycerin, Lactic Acid, Octyldodecyl Myristate, Butylene Glycol, Bis/Peg/18 Methyl Ether Dimethyl Silane, Dimethicone, Ppg/24/Glycereth/24, Sodium Hydroxide, Hydrogenated Lecithin, Glycereth/26, Polysorbate 80, Sodium Hyaluronate, Caffeine, Aloe Barbadensis Leaf Water, C13/14 Isoparaffin, Sodium Polyaspartate, Trehalose, Sodium Stearoyl Glutamate, Glycyrrhetinic Acid, Sucrose, Laureth/7, Xanthan Gum, Dimethicone/Peg/10/15 Crosspolymer, Polyacrylamide, Tocopheryl Acetate, Magnesium Ascorbyl Phosphate, Bht, Disodium Edta, Phenoxyethanol, Potassium Sorbate, Mica, Titanium Dioxide (Ci 77891), Iron Oxides (Ci 77491);"Morgens und abends auf die gereinigte Haut auftragen. Mit 3 Tropfen beginnen, bei Bedarf mehr hinzufügen.
- Sonnenschutz auftragen und Sonnenexposition während der Anwendung und in der Woche danach vermeiden.";True;True;True
Clinique - Dark Spot Clearing Serum- Serum - even Better Serum Dark Spot;https://media.sephora.eu/content/dam/digital/pim/published/C/CLINIQUE/759797/367032-media_swatch.jpg?scaleWidth=500&scaleHeight=500&scaleMode=fit;Entdecken sie das smooth & renew lab skincare set – ein innovatives anti-aging-trio für glattere, jünger aussehende haut.das ist im set enthalten:• smart clinical repair™ wrinkle correcting serum – 30 ml (originalgröße)• smart clinical repair™ wrinkle correcting cream – 15 ml• smart clinical repair™ wrinkle correcting eye cream – 5 mldas serum reduziert sichtbar feine linien und fältchen und unterstützt die regeneration der haut mit einer hochwirksamen peptidformel.die creme spendet intensive feuchtigkeit und stärkt die hautstruktur. Die augenpflege glättet die empfindliche haut rund um die augen und lässt sie frischer aussehen.  Clinique - Dark spot clearing serum- serum - -even better serum dark spot;67.45;Clinique;Serum;Water\\Aqua\\Eau, Dimethicone, Isododecane, Yeast Extract\\Faex\\Extrait De Levure, Butylene Glycol, Polysilicone-11, Niacinamide, Ascorbyl Glucoside, Peg-10 Dimethicone, Peg-6, Acetyl Glucosamine, Glycerin, Sodium Hyaluronate, Squalane, Cholesterol, Helianthus Annuus (Sunflower) Seed Extract, Trametes Versicolor Extract, Glycyrrhiza Glabra (Licorice) Root Extract, Hordeum Vulgare Extract\\Extrait D'Orge, Oryza Sativa (Rice) Bran Extract, Triticum Vulgare (Wheat) Germ Extract, Cucumis Sativus (Cucumber) Fruit Extract, Camellia Sinensis Leaf Extract, Caffeine, Salicylic Acid, Isohexadecane, Propylene Glycol Dicaprate, Glycyrrhetinic Acid, Dimethoxytolyl Propylresorcinol, Caprylyl Glycol, Stearamidopropyl Dimethylamine, Phosphatidylcholine, Sorbitan Oleate, Polysorbate 20, Polysorbate 80, Stearic Acid, Hexylene Glycol, Tromethamine, Citric Acid, Acrylamide/Sodium Acryloyldimethyltaurate Copolymer, Ammonium Acryloyldimethyltaurate/Vp Copolymer, Tocopheryl Acetate, Magnesium Ascorbyl Phosphate, Bht, Sodium Citrate, Disodium Edta, Nylon-12, Phenoxyethanol [ILN52877];"ANWENDUNG
• Verwenden Sie unser Serum gegen dunkle Flecken zweimal täglich, morgens und abends.
• 1 bis 2 Pumpstöße auf die Fingerspitzen geben.
• Serum auf das ganze Gesicht auftragen, die Augenpartie aussparen.
• Anschließend eine Feuchtigkeitscreme verwenden.
• Täglicher Sonnenschutz ist unerlässlich. Morgens nach der Feuchtigkeitscreme auftragen.";True;True;True
Glow Recipe - Pomegranate Peptide - Straffendes Serum - 30 Ml;https://media.sephora.eu/content/dam/digital/pim/published/G/GLOW_RECIPE/654156/318845-media_swatch.jpg?scaleWidth=500&scaleHeight=500&scaleMode=fit;ein serum mit straffender und liftender wirkung auf der basis von polypeptiden, granatapfelkernöl und hyaluronsäure, das gezielt feine linien und falten bekämpft und für ein hydratisiertes und geliftetes aussehen sorgt.erfahren sie mehr über clean at sephora [here]vegan : produkte aus natürlich gewonnenen inhaltsstoffen.  Glow Recipe - Pomegranate peptide - straffendes serum - -30 ml;44.95;Glow Recipe;Serum;Water/Aqua/Eau, Propanediol, Glycerin, Acacia Senegal Gum, Pullulan, Squalane, Copper Tripeptide-1, sr-Hydrozoan Polypeptide-1, Punica Granatum (Pomegranate) Seed Oil, Punica Granatum (Pomegranate) Fruit Extract, Hyaluronic Acid, Sodium Hyaluronate, Ethylhexyl Palmitate, Tocopherol, Lactobacillus/Punica Granatum Fruit Ferment Extract, Elastin, Bidens Pilosa Extract, Linum Usitatissimum (Linseed) Seed Oil, Enteromorpha Compressa Extract, Engelhardtia Chrysolepis Leaf Extract, Ocimum Sanctum Leaf Extract, Silybum Marianum Fruit Extract, Leuconostoc/Radish Root Ferment Filtrate, Gossypium Herbaceum (Cotton) Seed Oil,Tetrasodium Glutamate Diacetate, Trihydroxystearin, 1,2-Hexanediol, Dilauryl Citrate, Polyglyceryl-4 Laurate, Polyacrylate Crosspolymer-6, Rhizobian Gum, Elaeis Guineensis Oil, Polymethylsilsesquioxane, Sorbitan Laurate, Glucomannan, Ethylhexylglycerin, Phenoxyethanol, Potassium Sorbate, Citric Acid, Sodium Hydroxide, Fragrance/Parfum*. *100% Naturally Derived.;"Nimm ein bis zwei Pumpstöße und klopfe sie sanft in die leicht angefeuchtete Haut von Gesicht und Hals ein, bis sie vollständig eingezogen sind.
Täglich, morgens und abends, auftragen und anschließend eine Feuchtigkeitscreme verwenden.
Vergiss nicht, tagsüber auch einen Sonnenschutz aufzutragen.";False;True;False
Glow Recipe - Guava Vitamin C - Serum Gegen Pigmentflecken - 30 Ml;https://media.sephora.eu/content/dam/digital/pim/published/G/GLOW_RECIPE/570833/268634-media_swatch.jpg?scaleWidth=500&scaleHeight=500&scaleMode=fit;dieses serum mit aufhellender wirkung wurde speziell entwickelt, um das erscheinungsbild von pigmentflecken zu reduzieren. Es enthält fünf formen von vitamin c, guave, tranexamsäure und ferulasäure und sorgt für eine sichtbar strahlende und ebenmäßige haut.erfahren sie mehr über clean at sephora [here]vegan : produkte aus natürlich gewonnenen inhaltsstoffen.  Glow Recipe - Guava vitamin c - serum gegen pigmentflecken - -30 ml;44.95;Glow Recipe;Serum;Water/Aqua/Eau, Propanediol, C9-12 Alkane, Psidium Guajava Fruit Extract, Tetrahexyldecyl Ascorbate, Tranexamic Acid, Sodium Polyacryloyldimethyl Taurate, 3-O-Ethyl Ascorbic Acid, Ascorbyl Glucoside, Magnesium Ascorbyl Phosphate, Sodium Ascorbyl Phosphate, Psidium Guajava Seed Oil, Tocopherol, Tocopheryl Acetate, Sodium Hyaluronate, Ferulic Acid, Tremella Fuciformis Sporocarp Extract, Pyrus Malus (Apple) Fruit Extract, Musa Sapientum (Banana) Fruit Extract, Prunus Armeniaca (Apricot) Kernel Extract, Pyrus Communis (Pear) Fruit Extract, Rubus Idaeus (Raspberry) Fruit Extract, Melia Azadirachta Flower Extract, Melia Azadirachta Leaf Extract, Corallina Officinalis Extract, Coccinia Indica Fruit Extract, Hexanoyl Dipeptide-3 Norleucine Acetate, Polyglyceryl-10 Dioleate, Glycerin, 1,2-Hexanediol, Caprylic/Capric Triglyceride, Caprylyl Glycol, Hydroxyacetophenone, Sodium Stearoyl Glutamate, Coco-Caprylate/Caprate, Betaine, Lecithin, Polyglyceryl-10 Dipalmitate, Sodium Citrate, Sodium Phytate, Potassium Sorbate, Decyl Glucoside, Lauryl Glucoside, Ethylhexylglycerin, Citric Acid, Xanthan Gum, Phenoxyethanol.;"Anwendungstipp:
- Trage ein bis zwei Pumpstöße auf die gereinigte Haut auf und klopfe sie sanft in die Haut ein, damit das Produkt optimal einziehen kann.
- Täglich, morgens und abends, auftragen und anschließend eine Feuchtigkeitscreme verwenden.
-  Vergiss nicht, tagsüber auch einen Sonnenschutz aufzutragen.
- Verwende das Serum bei empfindlicher Haut drei- bis viermal pro Woche und steigere die Anwendung allmählich.
- Für eine maximale Wirksamkeit solltest du das Produkt an einem kühlen, trockenen Ort ohne direkte Sonneneinstrahlung aufbewahren.
";True;True;True
Glow Recipe - Strawberry Smooth - Klärendes Serum Mit Salicylsäure, Aha Und Bha - 30 Ml;https://media.sephora.eu/content/dam/digital/pim/published/G/GLOW_RECIPE/617800/278213-media_swatch.jpg?scaleWidth=500&scaleHeight=500&scaleMode=fit;ein beruhigendes serum mit aha- und bha-säuren, das das erscheinungsbild der haut sanft glättet, das auftreten von unreinheiten mildert und die poren sichtbar verfeinert - für eine klare, mit feuchtigkeit versorgte haut.erfahren sie mehr über clean at sephora [here]vegan : produkte aus natürlich gewonnenen inhaltsstoffen.  Glow Recipe - Strawberry smooth - klärendes serum mit salicylsäure, aha und bha - -30 ml;41.95;Glow Recipe;Serum;"\Water/Aqua/Eau, Methylpropanediol, C9-12 Alkane, Fragaria Vesca (Strawberry) Fruit Extract, Hydroxypropyl Starch Phosphate, Pentylene Glycol, Salicylic Acid, Succinic Acid, Azelamidopropyl Dimethyl Amine, Mandelic Acid, Fragaria Vesca (Strawberry) Leaf Extract, Allantoin, Sodium Hyaluronate, Bisabolol, Opuntia Ficus-Indica (Prickly Pear) Flower Extract, Niacinamide, Zingiber Officinale (Ginger) Root Extract, Saccharomyces Ferment, Dextrin, Polydextrose, 1,2-Hexanediol, Caprylyl Glycol, Coco-Caprylate/Caprate, Hydroxyacetophenone, Amylopectin, Butylene Glycol, Succinoglycan, Leuconostoc/Radish Root Ferment Filtrate, Lauroyl Lysine, Sodium Phytate, Aminomethyl Propanol, Citric Acid, Fragrance/Parfum.*
*100% Naturally Derived.\";"- Nimm vor dem Auftragen der Feuchtigkeitscreme ein bis zwei Pumpstöße und klopfe das Produkt sanft auf das leicht feuchte Gesicht und den Hals, bis es vollständig eingezogen ist.
- Täglich morgens und abends verwenden.
- Trage nach der Feuchtigkeitspflege tagsüber einen Sonnenschutz auf.
";True;True;False
Glow Recipe - Strawberry Bha Pore-smooth Blur Drops - Porenverfeinerndes Serum - 30ml;https://media.sephora.eu/content/dam/digital/pim/published/G/GLOW_RECIPE/659581/313784-media_swatch.jpg?scaleWidth=500&scaleHeight=500&scaleMode=fit;ein pflegeserum, das die poren verfeinert, und eine silikonfreie base, die das erscheinungsbild der poren nach und nach verfeinert, verwischt und die talgproduktion ausgleicht, für ein natürliches, sanftes, satiniertes finish.erfahren sie mehr über clean at sephora [here]vegan : produkte aus natürlich gewonnenen inhaltsstoffen.  Glow Recipe - Strawberry  bha pore-smooth blur drops - porenverfeinerndes serum - -30ml;31.95;Glow Recipe;Serum;;;;;
Kiehl's Since 1851 - Vital Skin-strengthening - Super Serum - super Serum Visibly Vibrant 50ml;https://media.sephora.eu/content/dam/digital/pim/published/K/KIEHLS/533881/225537-media_swatch.jpg?scaleWidth=500&scaleHeight=500&scaleMode=fit;Unser vital skin-strengthening super serum dringt durch acht oberflächliche schichten der haut ein, um die anzeichen der hautalterung zu reduzieren:  falten werden gemildert, glanzlose, fahle und matte haut, die durch stressfaktoren der hautalterung verursacht wurden, wird mit einer frischen ausstrahlung revitalisiert. Hergestellt mit 11kda hyaluronsäure und einem adaptiven kräuterkomplex, dringt unser starkes super serum tief in die oberflächenschichten der haut ein und neutralisiert hautalterungsstressoren, um die haut sichtbar zu erneuern. Es stärkt die haut in ihrer tiefsten oberflächenschicht und schützt vor externen einflussfaktoren wie sonneneinstrahlung, umweltverschmutzung, stress, schlafmangel, ernährung und temperatur, die zu frühen anzeichen der hautalterung führen können. Es reduziert sichtbar feine linien, verbessert die widerstandsfähigkeit und steigert die ausstrahlung für eine strahlende, gesund aussehende haut. Das serum ist für alle hauttypen geeignet, auch für empfindliche haut.  Kiehl's Since 1851 - Vital skin-strengthening - super serum - -super serum visibly vibrant 50ml;87.95;Kiehl's Since 1851;Serum;;;;;
Kiehl's Since 1851 - Retinol Micro-dose Treatment - Serum - super Serum Derm Rnl;https://media.sephora.eu/content/dam/digital/pim/published/K/KIEHL/570796/258621-media_swatch.jpg?scaleWidth=500&scaleHeight=500&scaleMode=fit;Retinol skin-renewing daily micro-dose serum sorgt für ein jungendlicheres hautbild. Es enthält retinol, damit fältchen gemildert und der teint verfeinert wird. Das anti-aging-serum sorgt für straffere, glattere haut. Unser serum begünstigt die hautregeneration und enthält peptide sowie ceramide, die sowohl die hautbarriere stärken als auch die zellerneuerung begünstigen. So werden die positiven effekte des retinols besonders gut unterstützt und sorgen dafür, dass sich deine haut regenerieren kann und gleichzeitig jugendlicher aussieht.  Kiehl's Since 1851 - Retinol micro-dose treatment - serum - -super serum derm rnl;52.95;Kiehl's Since 1851;Serum;;;;;
Kiehl's Since 1851 - Clearly Corrective - Dark Spot Solution - clearly Corrective Dark Spot Sol 50ml;https://media.sephora.eu/content/dam/digital/pim/published/K/KIEHL/533871/225527-media_swatch.jpg?scaleWidth=500&scaleHeight=500&scaleMode=fit;Verhindert die bildung der zukünftiger dunkler hautflecken und anderer hautverfärbungen durch kontinuierlichen täglichen gebrauch. die formel silikonfrei, parabenfrei, ohne duftstoffe. Sie enthält keine farbstoffe und keine optische diffusoren.  Kiehl's Since 1851 - Clearly corrective - dark spot solution - -clearly corrective dark spot sol 50ml;79.95;Kiehl's Since 1851;Serum;;;;;
Roche-posay Hyalu B5 Serum-konzentrat;https://www.versandapo.de/images/product_images/popup_images/08102856_aktion.jpg;Anwendungsgebiet von Roche-posay Hyalu B5 Serum-konzentratDas Roche-posay Hyalu B5 Serum-konzentrat ist ein Anti-Falten Serum-Konzentrat fÃ¼r empfindliche Haut, das Anzeichen von Falten mildert, sichtbar aufpolstert und die Haut geschmeidiger macht.Wirkungsweise von Roche-posay Hyalu B5 Serum-konzentratDas leichte und schnell einziehende Anti-Falten Serum kombiniert 4 Formen der HyaluronsÃ¤ure und Vitamin B5 und sorgt mit seiner effektiven Formel innerhalb eines Monats fÃ¼r eine sichtbar aufgepolsterte, fÃ¼hlbar geschmeidigere Haut und Faltenmilderung. AuÃerdem ist das Hyalu B5 Serum von La Roche Posay fÃ¼r alle Hauttypen geeignet, nicht komedogen und Ã¼berzeugt zusÃ¤tzlich durch UnterstÃ¼tzung des natÃ¼rlichen Regenerationsprozesses der Hautschutzbarriere und einen langanhaltenden Feuchtigkeitseffekt - optimal fÃ¼r die tÃ¤gliche Anti-Aging Pflegeroutine.Wirkstoffe / Inhaltsstoffe / ZutatenRoche-posay Hyalu B5 Serum-konzentrat enthÃ¤lt: Aqua / Water / Eau â¢ Glycerin â¢ Alcohol Denat. â¢ Propylene Glycol â¢ Panthenol â¢ Pentylene Glycol â¢ Dimethicone â¢ Peg-6 Caprylic/Capric Glycerides â¢ Alpinia Galanga Leaf Extract â¢ Calcium Chloride â¢ Glyceryl Isostearate â¢ Madecassoside â¢ Ppg-6-Decyltetradeceth-30 â¢ Sodium Acetylated Hyaluronate â¢ Sodium Hyaluronate â¢ Algin â¢ Adenosine â¢ Ammonium Polyacryloyldimethyl Taurate â¢ Propanediol â¢ Hydrolyzed Hyaluronic Acid â¢ Hydroxyacetophenone â¢ Caprylic/Capric Triglyceride â¢ Caprylyl Glycol â¢ Citric Acid â¢ Trisodium Ethylenediamine Disuccinate â¢ Acetyl Glucosamine â¢ Xanthan Gum â¢ Butylene Glycol â¢ 1,2-Hexanediol â¢ Tocopherol â¢ Phenoxyethanol â¢ Parfum / FragranceGegenanzeigenBei bekannter Ãberempfindlichkeit gegenÃ¼ber einen der oben genannten Inhaltsstoffe sollte dieses Produkt nicht angewendet werden.DosierungAnwendungsempfehlung von Roche-posay Hyalu B5 Serum-konzentrat: Die Anwendung des Hyalu B5 Suractivated Serum-Konzentrats von La Roche Posay kann morgens und;70.19;La Roche Posay;Serum;;;;;
La Roche Posay Effaclar Hochkonzentriertes Serum;https://www.versandapo.de/images/product_images/popup_images/16652236.jpg;Anwendungsgebiet von La Roche Posay Effaclar Hochkonzentriertes SerumLa Roche Posay Effaclar Hochkonzentriertes Serum ist fÃ¼r fettige und zu Akne neigende Haut geeignet und wirkt dank seiner peelenden Wirkung Unreinheiten und Pickelmalen entgegen und verfeinert die Poren.Wirkungsweise von La Roche Posay Effaclar Hochkonzentriertes SerumDie Formel des klÃ¤renden Gesichtsserums kombiniert die drei effektiven BHA-SÃ¤uren SalicylsÃ¤ure, GlykolsÃ¤ure und LHA, um verstopfte Poren zu Ã¶ffnen, die Haut von Ã¼berschÃ¼ssigem Talg zu befreien und selbst hartnÃ¤ckigen Unreinheiten sowie Pickelmalen entgegenzuwirken. Die Gesichtspflege fÃ¼r unreine Haut hinterlÃ¤sst ein ebenmÃ¤Ãiges, sichtbar geglÃ¤ttetes Hautbild.Wirkstoffe / Inhaltsstoffe / Zutaten La Roche Posay Effaclar Hochkonzentriertes Serum enthÃ¤lt:   Aqua / Water â¢ Alcohol Denat. â¢ Propanediol â¢ Glycolic Acid â¢ Niacinamide â¢ Dimethyl Isosorbide â¢ Pentylene Glycol â¢ Salicylic Acid â¢ Sodium Hydroxide â¢ Ppg-26-Buteth-26 â¢ Hydroxyethylpiperazine Ethane Sulfonic Acid â¢ Citric Acid â¢ Peg-30 Glyceryl Cocoate â¢ Peg-40 Hydrogenated Castor Oil â¢ Peg-60 Hydrogenated Castor Oil â¢ Capryloyl Salicylic Acid â¢ Biosaccharide Gum-1 â¢ Maltodextrin â¢ Phytic Acid â¢ Polyquaternium-10 â¢ Parfum / FragranceGegenanzeigenBei bekannter Ãberempfindlichkeit gegenÃ¼ber einem der oben genannten Inhaltsstoffe sollte das Produkt nicht verwendet werden.DosierungAnwendungsempfehlung von La Roche Posay Effaclar Hochkonzentriertes Serum:   Das La Roche Posay Effaclar Hochkonzentriertes Serum als Bestandteil der tÃ¤glichen Hautpflege-Routine am Abend nach der Reinigung anwenden. Das Serum auf das gereinigte Gesicht auftragen und sanft verteilen. Dabei die Augenpartie aussparen und nicht auf offene Wunden oder Narben auftragen. Bei Kontakt mit den Augen diese umgehend grÃ¼ndlich mit klarem Wasser ausspÃ¼len. Das La Roche Posay Effaclar Hochkonzentriertes Serum in Verbindung mit einem tÃ¤glich;35.19;La Roche Posay;Serum;;;;;
La Roche-Posay Pure Vitamin C12 Serum antioxidatives Hautbild erneuerndes  Anti-Falten Serum-Konzentrat, 30 ml Lösung;https://nbg1.your-objectstorage.com/inspirax-image-server-bucket/45288778f227a5d7b618aa7644b3f138.jpg;hochwertige medizinische Hautpflege bei trockener Haut mit Falten Lösung zum Auftragen auf die Haut Dermokosmetik aus der Apotheke Hersteller: L'Oreal Deutschland GmbH Geschäftsbereich La Roche-Posay, Deutschland (Originalprodukt aus Deutschland) PZN: 19380330;45.58;La Roche-Posay;Serum;;;;;
Lancome Génifique Ultimate Serum 50 ml;https://cdn.perfumetrader.de/media/catalog/product/cache/1/image/400x400/602f0fa2c1f0d1ba5e241f914e856ff9/placeholder/default/product-placeholder_3.png;;72.90;Lancome;Serum;;;;;
Medicube - Triple Collagen Serum 4.0 - Straffendes, Feuchtigkeitsspendendes Gesichtsserum - triple Collagen Serum 4.0 55ml;https://media.sephora.eu/content/dam/digital/pim/published/M/MEDICUBE/794151/386448-media_swatch-0.jpg?scaleWidth=500&scaleHeight=500&scaleMode=fit;pflegt fahle haut und verleiht ihr einen unwiderstehlichen glass-glow-effekt dank des triple collagen 4.0-serums, das mit einem dreifachen kollagenkomplex formuliert ist.es liefert der haut kollagen und andere essenzielle nährstoffe, um die flexibilität und den glow der haut langfristig zu erhalten.• bietet sofort einen boost an straffheit und glow dank seines verbesserten triple-collagen-komplexes.• polstert fahle und müde haut auf und verbessert ihre elastizität, damit die haut glatt und gesund strahlt• stärkt die hautbarriere und spendet gleichzeitig langanhaltende feuchtigkeit mit glow.  Medicube - Triple collagen serum 4.0 - straffendes, feuchtigkeitsspendendes gesichtsserum - -triple collagen serum 4.0 55ml;24.95;Medicube;Serum;;;;;
Paula's Choice - Clinical - Serum Mit 0,3 % Retinol + 2 % Bakuchiol - clinical 0.3% Retinol+2% Bakuchiol Treat;https://media.sephora.eu/content/dam/digital/pim/published/P/PAULA/764088/367489-media_swatch.jpg?scaleWidth=500&scaleHeight=500&scaleMode=fit;leistungsstarkes anti-aging-serum auf basis von retinol, bakuchiol und peptiden zur regeneration und revitalisierung der haut. Bakuchiol, ein pflanzenextrakt, wirkt auf hyperpigmentierung, falten, elastizität und struktur. Es hilft, das retinol zu stabilisieren, um seine wirksamkeit zu verbessern, selbst in niedriger konzentration. Der zusatz von peptiden stimuliert und stärkt die haut und wirkt so ihrer erschlaffung entgegen. Geeignet für alle hauttypen, insbesondere solche, die hohe retinol-konzentrationen nicht vertragen, wirkt dieses serum gegen die zeichen der hautalterung und schäden durch sonnenlicht.wichtige inhaltsstoffe:0,3 % retinol (mittlere konzentration): mildert falten und hyperpigmentierung2 % bakuchiol: anti-aging-wirkstoff pflanzlichen ursprungs, der die anti-falten-wirkung von retinol ergänzt und vervielfachtpeptide: stimulieren die kollagenproduktion, um die haut zu festigenpositive effekte:0,3 % retinol + 2 % bakuchiol treatment von clinical ist ein expertenserum, das formuliert wurde, um das erscheinungsbild zahlreicher anzeichen der hautalterung zu reduzieren: es mildert feine linien, ausgeprägte falten, flecken, erweiterte poren und verbessert die struktur - für eine strahlende und revitalisierte haut.vegan : produkte aus natürlich gewonnenen inhaltsstoffen.  Paula's Choice - Clinical - serum mit 0,3 % retinol + 2 % bakuchiol - -clinical 0.3% retinol+2% bakuchiol treat;67.95;Paula's Choice;Serum;;;;;
Shiseido White Lucent Illuminating Micro-Spot Serum 50 ml;https://cdn.perfumetrader.de/media/catalog/product/cache/1/image/400x400/602f0fa2c1f0d1ba5e241f914e856ff9/a/f/872328e473ce620f8f98780fd97c1657/shiseido-shiseido-white-lucent-illuminating-micro-spot-serum-50-ml-768614160441.png;;108.90;Shiseido;Serum;;;;;
The Inkey List - Talgregulierendes Niacinamid Serum - Serum Niacinamide 30ml;https://media.sephora.eu/content/dam/digital/pim/published/T/THE_INKEY_LIST/483460/117910-media_swatch.jpg?scaleWidth=500&scaleHeight=500&scaleMode=fit;was es ist: niacinamid ist ein auf natürliche weise vorkommendes b3-vitamin, das weithin zur fettregulierung eingesetzt wird.  was es bewirkt: das niacinamide oil control serum von the inkey list ist ein leichtes, mit 10 % niacinamid angereichertes serum. Das auf natürliche weise vorkommende vitamin b3 hilft, überschüssiges fett, pickel und rötungen effizient zu reduzieren. Zusätzlich enthält die formel 1 % hyaluronsäure für noch mehr feuchtigkeit und eine wirkungsvolle freisetzung.  hauptinhaltsstoffe:  - 10% niacinamid: hilft, überschüssiges fett zu kontrollieren, pickel gezielt zu bekämpfen und rötungen zu mildern.  - 1 % hyaluronsäurelösung: hilft, die haut mit feuchtigkeit zu versorgen und aufzupolstern.erfahren sie mehr über clean at sephora [here]  The Inkey List - Talgregulierendes niacinamid serum - Serum niacinamide 30ml;7.45;THE INKEY LIST;Serum;;;;;
The Inkey List - 15 % Vitamin C Und Egf Aufhellendes Serum - vitamin C 15% And Egf 30ml;https://media.sephora.eu/content/dam/digital/pim/published/T/THE_INKEY_LIST/555429/237799-media_swatch.jpg?scaleWidth=500&scaleHeight=500&scaleMode=fit;was es ist: die formel von the inkey list mit 15 % vitamin c und egf ist bahnbrechend, um fahle haut zum strahlen zu bringen.  was es bewirkt: erzielen sie mit diesem hochwertigen produkt glatte, gesund aussehende haut. Vitamin c in kombination mit  egf aus pflanzen für eine potente wirkstoffdosis, die fahle haut erstrahlen lässt. Egf trägt zur regeneration der haut bei und fördert die natürliche kollagen- und elastinproduktion innerhalb der hautmatrix. Ascorbylglucosid verwandelt sich auf der oberfläche zu purem vitamin c und sorgt für einen strahlenden, ebenmäßiger aussehenden teint.  hauptinhaltsstoffe:  - 15 % asorbylglucosid (vitamin c): ein leistungsstarkes antioxidans, das die haut erstrahlen lässt und sie vor stressfaktoren aus der umwelt schützt.   - 1 % epitensive™: ein von pflanzen stammendes epidermales wachstumsfaktorsystem, das die natürliche elastizität und gesundheit der haut bewahrt.erfahren sie mehr über clean at sephora [here]vegan : produkte aus natürlich gewonnenen inhaltsstoffen.  The Inkey List - 15 % vitamin c und egf aufhellendes serum - -vitamin c 15%  and egf 30ml;12.95;THE INKEY LIST;Serum;;;;;
Anua - Rice 70 Glow Milky Toner - Aufhellender Toner Mit Niacinamid - anua Rice 70 Glow Milky Toner 250ml;https://media.sephora.eu/content/dam/digital/pim/published/A/ANUA_THE_FOUNDERS/799298/399703-media_swatch-0.jpg?scaleWidth=500&scaleHeight=500&scaleMode=fit;Eine leichte, milchige toner-lotion, die mit 70 % reiswasser, niacinamid und ceramiden formuliert ist, um die haut intensiv zu hydratisieren und zum strahlen zu bringen.sie verhilft dir zu einem glatten und ebenmäßigen teint, gleichzeitig stärkt sie die hautbarriere und hinterlässt ein sanftes, strahlendes finish.warum wir das produkt lieben• spendet sofort feuchtigkeit und einen leuchtenden glow schon ab der ersten anwendung.• hellt teintunregelmäßigkeiten auf und verleiht dir eine klare und strahlende haut.• wirkt ausgleichend auf eine überschüssige talgproduktion, damit die haut ein glattes und gesundes erscheinungsbild erhält.• stärkt mithilfe von ceramiden die hautbarriere und spendet langanhaltend feuchtigkeit.  Anua - Rice 70 glow milky toner - aufhellender toner mit niacinamid - -anua rice 70 glow milky toner 250ml;21.95;Anua;Serum;Oryza Sativa (Rice) Bran Water(71 %), Butylene Glycol, Glycerin. Dipropylene Glycol, Niacinamide, Propanediol, Water, 1,2-Hexanediol, Methyl Gluceth-20, Panthenol, Betaine, Oryza Sativa (Rice) Extract(3,753ppm), Hydroxyacetophenone, Diphenyl Dime thicone, Triethylhexanoin, Hydrogenated Lecithin, Adenosine. Ethylhexylglycerin, Carbomer, Tromethamine, Xanthan Gum. Glyceryl Acrylate/Acrylic Acid Copolymer, Theobroma Cacao (Cocoa) Seed Extract, Sodium Hyaluronate, Hydrolyzed Hyaluronic Acid, Hyaluronic Acid, Dextrin, Hydrolyzed Rice Protein (3,000ppb), Oryza Sativa (Rice) Seed Protein(3,000ppb), Ceramide NP, Sodium Lauroyi Lactylate, Arbutin, Ascorbic Acid, Allantoin, Ceramide AP, Phytosphingosine, Cholesterol, Ceramide EOP;"Nach einer gründlichen Reinigung des Gesichts, den Toner mit einem Wattepad oder den Fingern auftragen.
Sanft auf das ganze Gesicht einklopfen.
Kann morgens und abends verwendet werden.";true;true;true
Anua - Heartleaf 77% Clear Pad - Toner-pads Für Ein Verfeinertes Hautbild - heartleaf Niacinamide 10 + Txa 4 Serum;https://media.sephora.eu/content/dam/digital/pim/published/A/ANUA_THE_FOUNDERS/811473/401035-media_swatch-0.jpg?scaleWidth=500&scaleHeight=500&scaleMode=fit;Die toner-pads peelen sanft, entfernen abgestorbene hautzellen und bringen einen glatten und klaren teint zum vorschein.formuliert mit 77 % heartleaf-extrakt helfen sie, die haut auszugleichen und zu hydratisieren, gleichzeitig verfeinern sie das hautbild, sodass der teint beruhigt und leuchtend aussieht.warum wir das produkt lieben• bieten ein peeling für jeden tag, ohne zu irritieren und sind so ideal für empfindliche oder zu akne neigende haut.•  pha entfernt sanft unreinheiten und talgüberschuss.• verfeinern das hautbild und mildern sichtbar das erscheinungsbild der poren.• spenden intensiv feuchtigkeit und hinterlassen die haut weich und erfrischt.  Anua - Heartleaf 77% clear pad - toner-pads für ein verfeinertes hautbild - -heartleaf niacinamide 10 + txa 4 serum;24.45;Anua;Serum;Houttuynia Cordata Extract (77%), Water, Gluconolactone, Propanediol, Tromethamine, Butylene Glycol, 1,2-Hexanediol, Betaine, Ammonium Acryloyldimethyltaurate/ VP Copolymer, Ulmus Davidiana Root Extract, Pueraria Lobata Root Extract, Pinus Palustris Leaf Extract, Oenothera Biennis (Evening Primrose) Flower Extract, Camellia Sinensis Leaf Extract, Coix Lacryma-Jobi Ma-Yuen Seed Extract, Portulaca Oleracea Extract, Centella Asiatica Extract, Madecassoside, Asiatic Acid, Asiaticoside, Madecassic Acid, Sodium Phytate;"Nach der Gesichtsreinigung ein Pad über das ganze Gesicht streichen, spare dabei die Augenpartie und den Mund aus.
Schließe den Deckel nach der Verwendung wieder sorgfältig.";true;true;true
Byoma - Brightening Toner - 150 Ml;https://media.sephora.eu/content/dam/digital/pim/published/B/BYOMA/661326/313888-media_swatch.jpg?scaleWidth=500&scaleHeight=500&scaleMode=fit;dieses aufhellende gesichtswasser ist sanft genug für die tägliche anwendung, befreit die poren und kontrolliert den talgfluss für eine weichere, glattere haut und einen strahlenderen teint.in kombination mit einer mischung aus peelenden milch- und mandelsäuren, urea und birkenextrakt beschleunigt es die zellerneuerung, verbessert den hautton und die hautstruktur und bekämpft pigmentstörungen und dunkle flecken.besondere stärken:das aufhellende tonikum macht die haut geschmeidig und kontrolliert überschüssigen talg.der barrier lipid-komplex stellt die hautbarriere wieder her.milchsäure und mandelsäure sorgen für ein sanftes peeling.urea- und birkenextrakte verbessern den teint und die textur.sanft genug für die tägliche anwendungvon dermatologen getestete und zugelassene pflege.ohne alkohol und parfümrecycelbare flaschen mit wiederverwendbarer pumpe.vegan : produkte aus natürlich gewonnenen inhaltsstoffen.  Byoma - Brightening toner - -150 ml;15.95;Byoma;Serum;HELIANTHUS ANNUUS (SUNFLOWER) SEED OIL ,MACADAMIA TERNIFOLIA SEED OIL,SIMMONDSIA CHINENSIS (JOJOBA) SEED OIL BHIPPOPHAE RHAMNOIDES OIL,DIPROPYLENE GLYCOL ,SQUALANE,SPHINGOLIPIDS ,HYDROXYACETOPHENONE ,OLEA EUROPAEA (OLIVE) FRUIT OIL ,ROSA CANINA FRUIT OIL ,PRUNUS AMYGDALUS DULCIS (SWEET ALMOND) OIL,CAPRYLYL GLYCOL ,CERAMIDE NP,ETHYLHEXYLGLYCERIN ,TOCOPHEROL ,DIPOTASSIUM GLYCYRRHIZATE ,TANACETUM ANNUUM FLOWER OIL ,LINALOOL ,LIMONENE.;"Mit den Händen auf die saubere, trockene Haut auftragen und sanft auf Gesicht, Hals und Dekolleté einklopfen.

Morgens und abends anwenden. Anschließend Serum und Feuchtigkeitscreme Ihrer Wahl auftragen.
";true;true;false
Byoma - Rednes Relief Soothing Toner - Beruhigendes Gesichtswasser Gegen Rötungen - blemish Blemish Toner 100ml;https://media.sephora.eu/content/dam/digital/pim/published/B/BYOMA/782209/382147-media_swatch.jpg?scaleWidth=500&scaleHeight=500&scaleMode=fit;dieses gesichtswasser wirkt beruhigend auf die hautbarriere.der ultrafeine nebel beruhigt deine haut, egal ob sie gestresst und irritiert ist oder einfach nur ein wenig mehr aufmerksamkeit benötigt. Es bietet eine feuchtigkeit, die in der tiefe wirkt und ist der ultimative vorbereitungsschritt: deine haut ist beruhigt, erfrischt und bereit für die nachfolgende pflege.ergebnisse nach 4-wöchiger anwendung des beruhigenden tonics byoma redness relief soothing toner  Byoma - Rednes relief soothing toner - beruhigendes gesichtswasser gegen rötungen - -blemish blemish toner 100ml;15.95;Byoma;Serum;"Houttuynia Cordata Water, Water, Glycerin, Butylene Glycol, Ethyl Linoleate, Hydrogenated Poly(C6-14 Olefin), Propanediol, Hydrogenated Lecithin, Isostearic Acid, Panthenol, Pentylene Glycol, 1,2-Hexanediol, Chamomilla Recutita (Matricaria) Flower Extract, Hydroxyacetophenone, Octanediol, Ceramide NP, Phytosphingosine, Ethylhexylglycerin, Allantoin, Sodium Stearoyl Glutamate, Beta-Glucan, Hydroxycinnamic Acid, Rutin, Dipotassium Glycyrrhizate, Tocopherol
";"1. Sprühe es auf die saubere und trockene Haut und lass es durch vorsichtiges Einklopfen in Gesicht, Hals und Dekolletee einziehen. Abends anwenden.
2. Trage anschließend die Seren und die Feuchtigkeitscreme von BYOMA deiner Wahl auf
3. Verwende es im Rahmen deiner täglichen Routine oder sobald sich deine Haut tagsüber nach einer Erfrischung sehnt.";true;true;true
HaruHaru Wonder® Black Rice Hyaluronic Toner Free Of Alcohol & Fragrance 150 ml;https://www.mystationary.de/media/68/48/03/1775868692/1b1a6d43d1264059d9ba106b9efd8931c7665307_MS_0063801_image_1_560761_black_rice_hyaluronic_toner_hydratacni_tonikum_pro_citlivou_plet.jpg?ts=1775868693;Facial Toner;23.95;HaruHaru Wonder®;Serum;Water, Betaine, Glycerin, Sodium Phytate, Propanediol, Oryza Sativa (Rice) Extract, Phyllostachys Pubescens Shoot Bark Extract, Aspergillus Ferment, Panax Ginseng Root Extract, Cyclodextrin, Scutellaria Baicalensis Root Extract, Hyaluronic Acid, Beta-glucan, Cellulose Gum, Xanthan Gum, Butylene Glycol, Usnea Barbata (Lichen) Extract, Zanthoxylum Piperitum Fruit Extract, Pulsatilla Koreana Extract, Tamarindus Indica Seed Gum, Polyglyceryl-10 Laurate, Polyglyceryl-10 Myristate, Glucose, 1,2-Hexanediol, Alcohol, Lavandula Angustifolia (Lavender) Oil, Linalool;Verwende den HaruHaru Wonder Black Rice Hyaluronic Toner nach der Reinigung. Gib eine angemessene Menge auf ein Wattepad oder direkt in die Hände und klopfe den Toner sanft in die Haut ein, bis er vollständig eingezogen ist. Morgens und abends anwenden;true;false;false
Glow Recipe - Watermelon Glow - Straffender Toner Mit Pha + Bha - 150 Ml;https://media.sephora.eu/content/dam/digital/pim/published/G/GLOW_RECIPE/520797/241152-media_swatch.jpg?scaleWidth=500&scaleHeight=500&scaleMode=fit;der bestseller, das mit pha und bha angereicherte milde wassermelonen-tonic, versorgt die haut mit feuchtigkeit und minimiert das erscheinungsbild von poren.erfahren sie mehr über clean at sephora [here]vegan : produkte aus natürlich gewonnenen inhaltsstoffen.  Glow Recipe - Watermelon glow - straffender toner mit pha + bha - -150 ml;33.95;Glow Recipe;Serum;Opuntia Ficus-Indica Extract, Citrullus Lanatus (Watermelon) Fruit Extract, Glycerin, Hyaluronic Acid, Water/Aqua/Eau, Gluconolactone, Sodium Polyglutamate, Betaine Salicylate, Salix Alba (Willow) Bark Extract, Melaleuca Alternifolia (Tea Tree) Extract, Hibiscus Sabdariffa Flower Extract, Lactobacillus/Watermelon Fruit Ferment Extract, Cucumis Sativus (Cucumber) Fruit Extract, Saccharum Officinarum (Sugarcane) Extract/Saccharum Officinarum/Extrait de canne à sucre, Glycyrrhiza Glabra (Licorice) Root Extract, Scutellaria Baicalensis Root Extract, Paeonia Suffruticosa Root Extract, Brassica Oleracea Capitata (Cabbage) Leaf Extract, Ipomoea Batatas Root Extract, Sorbitan Oleate, Levulinic Acid, Sodium Levulinate, Pyrus Communis (Pear) Fruit Extract, Rosa Damascena Flower Water, Fragaria Ananassa (Strawberry) Fruit Extract, Vaccinium Angustifolium (Blueberry) Fruit Extract, Cucumis Melo (Melon) Fruit Extract, Iris Florentina Root Extract, Vetiveria Zizanoides Root Extract.;"Verteile das Produkt nach der Reinigung am Morgen und am Abend in deinen Handflächen und trage es sanft auf Gesicht und Hals auf, bis es vollständig eingezogen ist.
Du kannst es auch mit einem Wattebausch auftragen.
Trage anschließend tagsüber einen Sonnenschutz auf.
Augenpartie aussparen.
";True;true;false
Kiehl's Since 1851 - Calendula Herbal - Extract Toner - calendula Af Toner 250ml;https://media.sephora.eu/content/dam/digital/pim/published/K/KIEHL/533951/225607-media_swatch.jpg?scaleWidth=500&scaleHeight=500&scaleMode=fit;Reinigt sanft und beruhigt die normale bis fettige haut. Enthält keinen alkohol oder harte synthetische trockenmittel. Kann zur linderung oder zur behandlung von problembereichen verwendet werden. Ein kundenfavorit.  Kiehl's Since 1851 - Calendula herbal - extract toner - -calendula af toner 250ml;44.95;Kiehl's Since 1851;Serum;AQUA / WATER / EAU • PROPYLENE GLYCOL • PROPANEDIOL • HEDERA HELIX LEAF/STEM EXTRACT - IVY LEAF/STEM EXTRACT • CALENDULA OFFICINALIS FLOWER • CALENDULA OFFICINALIS FLOWER EXTRACT • ALTHAEA OFFICINALIS ROOT EXTRACT • ALLANTOIN • GLYCERIN • HYDROGENATED STARCH HYDROLYSATE • HYDROLYZED YEAST • CAPRYLYL GLYCOL • CITRIC ACID • TRISODIUM ETHYLENEDIAMINE DISUCCINATE • 1,2-HEXANEDIOL • PHENOXYETHANOL • CHLORPHENESIN • CARAMEL (F.I.L. N70050253/1);"Toner auf einen Wattepad geben und sanft über das Gesicht streichen.
Die unmittelbaren Augenkonturen dabei auslassen.";true;true;true
Kiehl's Since 1851 - Ultra Facial - Oil Free Toner - ultra Facial Oil Free Toner 250ml;https://media.sephora.eu/content/dam/digital/pim/published/K/KIEHLS/533840/225496-media_swatch.jpg?scaleWidth=500&scaleHeight=500&scaleMode=fit;Das ultra facial oil-free toner gesichtswasser befreit die haut von fett und rückständen - für ein frisches strahlen. das ultra facial oil-free toner gesichtswasser von kiehl’s macht schluss mit den rückständen und befreit den teint effektiv von schmutz und fett, ohne ihn zu strapazieren oder auszutrocknen. Frei von ölen, parabenen, alkohol, farb- und duftstoffen ist das auf verträglichkeit geprüfte und ph-neutrale gewichtswasser die lösung für schnell fettende haut. Wertvolle inhaltsstoffe wie silberhaargraswurzel-extrakt und antarcticine besänftigen und beruhigen die haut für einen hydratisierten und gesunden glow.  Kiehl's Since 1851 - Ultra facial - oil free toner - -ultra facial oil free toner 250ml;24.95;Kiehl's Since 1851;Serum;AQUA/WATER, GLYCERIN, PROPANEDIOL, PHENOXYETHANOL, PROPYLENE GLYCOL, POTASSIUM SORBATE, ACRYLATES/C10-30 ALKYL ACRYLATE CROSSPOLYMER, TRIETHANOLAMINE, CITRIC ACID, IMPERATA CYLINDRICA ROOT EXTRACT, PSEUDOALTEROMONAS FERMENT EXTRACT, SODIUM HYALURONATE, CUCUMIS SATIVUS JUICE/CUCUMBER FRUIT EXTRACT, CAPRYLYL GLYCOL, CARBOMER.;Als erstes die Gesichtshaut mit einem speziell auf die Bedürfnisse von fettiger Haut abgestimmten Waschgel gründlich reinigen. Anschließend das Gesichtswasser für fettige Haut auf ein Wattepad geben und damit das Gesicht sanft abtupfen. Dabei die direkte Augenpartie aussparen. Ein Abspülen ist nach der Anwendung nicht notwendig. Für eine intensive Reinigung kann das Gesichtswasser morgens sowie abends verwendet werden und optimal um ein Waschgel und eine Feuchtigkeitscreme ergänzt werden.;true;True;true
Medicube - Pdrn Pink Cica Soothing Toner - Glow Gesichtswasser - pdrn Pink Cica Soothing Toner 250ml;https://media.sephora.eu/content/dam/digital/pim/published/M/MEDICUBE/801616/391251-media_swatch-0.jpg?scaleWidth=500&scaleHeight=500&scaleMode=fit;Glow booster toner: aufhellendes gesichtswasser mit rosen-pdrn, das das hautbild verbessert und für einen natürlichen glow sorgt. Mit dieser lotion erhältst du einen klaren und strahlenden teint, der zahlreiche positive effekte für die haut hat.• verfeinert das hautbild und boostet den natürlichen strahlenden glow.• angereichert mit rosen-pdrn, um die vitalität der haut zu erhöhen, den teint zu vereinheitlichen und die hautbarriere zu stärken.• formuliert mit einem komplex aus 5 peptidarten, um den glow der haut zu boosten und ihre straffheit zu fördern.  Medicube - Pdrn pink cica soothing toner - glow gesichtswasser - -pdrn pink cica soothing toner 250ml;22.95;Medicube;Serum;Water, Butylene Glycol, Glycerin, Niacinamide, 1,2-hexanediol, Xylitol, Sodium Citrate, Ethylhexylglycerin, Allantoin, Caprylyl Glycol, Citric Acid, Adenosine, Polyglyceryl-10 Laurate, Disodium EDTA, Polyglyceryl-4 Laurate, Caprylyl/capryl Glucoside, Cyanocobalamin, Rosa Damascena Extract, Sodium DNA, Gluconolactone, Prunus Mume Fruit Extract, Pyrus Malus (apple) Fruit Extract, Carica Papaya (papaya) Fruit Extract, Vitis Vinifera (grape) Fruit Extract, Centella Asiatica Leaf Extract, Centella Asiatica Extract, Sodium Hyaluronate, Zea Mays (corn) Leaf Extract, Copper Tripeptide-1, Acetyl Hexapeptide-8, Palmitoyl Pentapeptide-4, Palmitoyl Tetrapeptide-7, Palmitoyl Tripeptide-1, Glycine, Glutamic Acid, Arginine;Trage eine passende Menge auf das Gesicht auf.;true;True;true
Medicube - Pdrn Pink Collagen Toning Gel Toner Pad - Straffende Glow Gesichtspads - pdrn Pink Collagen Toning Toner Pad;https://media.sephora.eu/content/dam/digital/pim/published/M/MEDICUBE/811492/401003-media_swatch-0.jpg?scaleWidth=500&scaleHeight=500&scaleMode=fit;Innovative gel-pads mit kollagen, die entwickelt wurden, um die haut zu hydratisieren, zu straffen und aufzuhellen – alles in einem einzigen schritt.diese gel-pads mit praller textur sind mit pdrn (lachs-dna) und ultraniedermolekularem kollagen (200 da) formuliert. Sie dringen tief in die haut ein, verbessern ihre elastizität und enthüllen einen strahlenden und einheitlichen teint.• die pdrn-technologie hilft, pigmentflecken, aknemale und hautunregelmäßigkeiten zu reduzieren und sorgt für einen glass-skin-effekt.• das niedermolekulare kollagen polstert auf und glättet die haut, gleichzeitig verbessert es ihre festigkeit.• niacinamid und madecassosid beruhigen irritationen und stärken die hautbarriere.• die erfrischende gel-textur bietet ein strahlendes und frisches finish – ideal für die tägliche anwendung.  Medicube - Pdrn pink collagen toning gel toner pad - straffende glow gesichtspads - -pdrn pink collagen toning toner pad;28.95;Medicube;Serum;Water, Glycerin, Methylpropanediol, Niacinamide, Xylitol, Hydroxyacetophenone, Octyldodeceth-16, Diglycerin, Allantoin, Cellulose Gum, Ethylhexylglycerin, Hydroxyethylcellulose, Sodium Citrate, Sodium Gluconate, Dipropylene Glycol, Adenosine, Butylene Glycol, 1,2-Hexanediol, Citric Acid, Cyanocobalamin, Anthemis Nobilis Flower Oil, Pyrus Communis (Pear) Fruit Extract, Rosa Damascena Flower Water, Prunus Persica (Peach) Fruit Extract, Thuja Orientalis Extract, Jasminum Officinale (Jasmine) Flower Water, Citrus Aurantium Amara (Bitter Orange) Flower Extract, Centella Asiatica Extract, Allium Cepa (Onion) Bulb Extract, Chamomilla Recutita (Matricaria) Extract, Salvia Officinalis (Sage) Extract, Rosmarinus Officinalis (Rosemary) Leaf Oil, Hedera Helix (Ivy) Leaf/Stem Extract, Cucumis Melo (Melon) Fruit Extract, Hibiscus Esculentus Fruit Extract, Carum Petroselinum (Parsley) Extract, Corchorus Olitorius Leaf Extract, Polygonum Cuspidatum Root Extract, Collagen, Artemisia Annua Extract, Nelumbium Speciosum Flower Extract, Oryza Sativa (Rice) Extract, Saccharomyces Ferment, Sodium DNA, Capryloyl Salicylic Acid, Caprylic/Capric Triglyceride, Hydrogenated Phosphatidylcholine, Sucrose Stearate, Phaseolus Radiatus Seed Extract, Hydrogenated Lecithin, Cetearyl Alcohol, Retinol, Polyglyceryl-10 Myristate, Tocopheryl Acetate, Asiaticoside, Madecassic Acid, Madecassoside, Asiatic Acid;"1. Öffne das Tütchen mit der PDRN Lachs-DNA-Essenz.
2. Gib die PDRN-Essenz in den Behälter.
3. Warte 5 Sekunden, bis sich das Pad in ein aufpolsterndes Kollagen-Gel verwandelt.
4. Trage es für einen beruhigenden und erfrischenden Effekt auf die gewünschten Stellen auf.";false;true;false
The Inkey List - Mildes Pha Peeling-gesichtswasser - toner Pha 100ml;https://media.sephora.eu/content/dam/digital/pim/published/T/THE_INKEY_LIST/555425/237795-media_swatch.jpg?scaleWidth=500&scaleHeight=500&scaleMode=fit;was es ist: pha (polyhydroxysäure) ist ein mildes chemisches peeling für empfindliche haut.  was es bewirkt: the inkey list pha toner besteht aus großen molekülen und entfernt abgestorbene hautzellen von der hautoberfläche, während das produkt zugleich feuchtigkeit auf natürliche weise versiegelt.  hauptinhaltsstoffe:  - 3 % pha: hilft, die hautbeschaffenheit zu verbessern  - 3 % niacinamid: hilft, überschüssiges fett zu reduzieren und einen ungleichmäßigen hautton zu verbessern.  - aloe barbadensis-blattsaft: beruhigt die haut.erfahren sie mehr über clean at sephora [here]vegan : produkte aus natürlich gewonnenen inhaltsstoffen.  The Inkey List - Mildes pha peeling-gesichtswasser - -toner pha 100ml;9.95;THE INKEY LIST;Serum;;;;;
The Ordinary - Toner Mit 7 % Glykolsäure - Peeling-lotion - Direct Acids Toning Solution 240ml;https://media.sephora.eu/content/dam/digital/pim/published/T/THE_ORDINARY/502434/161697-media_swatch.jpg?scaleWidth=500&scaleHeight=500&scaleMode=fit;glykolsäure ist eine alpha-hydroxysäure (aha), die die haut exfoliert.  dieses vegane tonic mit einer konzentration von 7 % bietet ein leichtes peeling, um den teint strahlender und klarer aussehen zu lassen.  diese formel verbessert langfristig zudem die hauttextur. Dieses produkt enthält ein derivat aus tasmanischen pfefferkörnern, um die reizungen zu reduzieren, die oft mit der verwendung von fruchtsäuren verbunden sind.vegan : produkte aus natürlich gewonnenen inhaltsstoffen.  The Ordinary - Toner mit 7 % glykolsäure - peeling-lotion - Direct acids toning solution 240ml;15.95;The Ordinary;Serum;;;;;
Beauty Of Joseon - Green Plum Refreshing Toner: Aha + Bha - Peelinglotion - refreshing Green Plum Toner;https://media.sephora.eu/content/dam/digital/pim/published/B/BEAUTY_OF_JOSEON/761486/365590-media_swatch.jpg?scaleWidth=500&scaleHeight=500&scaleMode=fit;Ein sanftes und leichtes tonic, das abgestorbene hautzellen und überschüssigen talg entfernt, die nach der reinigung zurückbleiben können. Grünes pflaumenwasser (25 %) und mungbohnenextrakt (2 %) tragen dazu bei, die haut zu glätten und feuchtigkeit zu spenden. Die kombination aus glykolsäure (2 %) und salicylsäure (0,5 %) sorgt dafür, dass abgestorbene hautzellen morgens und abends entfernt werden, ohne die haut zu reizen.  Beauty Of Joseon - Green plum refreshing toner: aha + bha - peelinglotion - -refreshing green plum toner;11.95;Beauty Of Joseon;Serum;;;;;
Byoma - Hydrating Milky Toner - Soothing Toner - 150ml;https://media.sephora.eu/content/dam/digital/pim/published/B/BYOMA/719140/342128-media_swatch.jpg?scaleWidth=500&scaleHeight=500&scaleMode=fit;diese milde und ultraberuhigende tonisierende lotion versorgt trockene haut mit feuchtigkeit und repariert dabei die hautschutzbarriere. Die milchige formel wirkt ab der ersten anwendung feuchtigkeitsspendend, lindernd und beruhigend und trägt dazu bei, die hautschutzbarriere im alltag zu stärken. die formel enthält unseren patentierten barrier lipid-komplex zusammen mit polyglutaminsäure und cica, die die hautschutzbarriere stärken, indem sie die feuchtigkeit in mehreren hautschichten binden und den transepidermischen wasserverlust minimieren. Die haut sieht sofort wie verwandelt aus und wirkt weich, geschmeidig und strahlend.die formel wurde dermatologisch getestet und bestätigt, ist nicht komedogen, alkohol- und parfümfrei, vegan und grausamkeitsfrei.die wichtigsten merkmale:- feuchtigkeitsspendendes tonikum, das trockene, ausgetrocknete und empfindliche haut beruhigt- patentierter barrier lipid-komplex, der zum wiederaufbau der hautschutzbarriere beiträgt- polyglutaminsäure und cica spenden tiefenwirksame feuchtigkeit und minimieren den transepidermischen wasserverlust- die haut wird sofort verwandelt und wirkt weich, geschmeidig und strahlend- dermatologisch getestete und bestätigte hautpflege- ohne alkohol und ohne parfüm- die formel ist mild genug, um im alltag verwendet zu werden- vegane und grausamkeitsfreie formel- recycelbare flaschenvegan : produkte aus natürlich gewonnenen inhaltsstoffen.  Byoma - Hydrating milky toner - soothing toner - -150ml;15.95;Byoma;Serum;;;;;
Kiehl's Since 1851 - Daily Refining - Milk-peel Toner - milk Peel Toner 200ml;https://media.sephora.eu/content/dam/digital/pim/published/K/KIEHLS/533839/225495-media_swatch.jpg?scaleWidth=500&scaleHeight=500&scaleMode=fit;"Sanft genug für den täglichen gebrauch, verwöhnt unser milk-peel toner mit einem „peeling-effekt“ und lässt die haut dabei wie eine pflegende """"milch"""" regenerieren. Der zweifach wirkende exfolierende toner mit lipo-hydroxysäure und 23% mandelmilch, squalan und distelsamen öl, exfoliert die haut sanft und löst unreinheiten auf. Gleichzeitig füllt er den feuchtigkeitsgehalt der haut wieder auf, um einen reinen teint sowie ein glattes, angenehmes hautgefühl zu erzielen. Der toner wurde klinisch getestet, um die haut sanft von hautüberresten zu befreien, ohne irritationen zu verursachen. Er stellt den feuchtigkeitsgehalt wieder her und sorgt für ein hydratisiertes, angenehmes gefühl.  Kiehl's Since 1851 - Daily refining - milk-peel toner - -milk peel toner 200ml";77.45;Kiehl's Since 1851;Serum;;;;;
Restorative Sea Culture Hydrating Toner - Gesichtswasser;https://www.100percentpure.de/media/image/product/2402/lg/restorative-sea-culture-hydrating-toner-gesichtswasser.jpg;Das feuchtigkeitsspendende Gesichtswasser macht die Haut weich, füllt sie auf und versorgt sie mit Feuchtigkeit. Seine Basis bildet gelatinehaltiges Algin aus mineralstoffreichen Algen aus reinen, sauberen Gewässern.;40.5;100%pure;Serum;;;;;
Bioderma Hydrabio Tonique Gesichtswasser;https://www.versandapo.de/images/product_images/popup_images/09732526.jpg;Anwendungsgebiet von Bioderma Hydrabio Tonique GesichtswasserBioderma Hydrabio Tonique Gesichtswasser bereitet die Haut ideal auf die darauffolgende Feuchtigkeitspflege vor. KlÃ¤rt das Hautbild nach der Reinigung, entfernt KalkrÃ¼ckstÃ¤nde und reguliert den pH-Wert der Haut. Die Feuchtigkeitsversorgung der Haut wird nachhaltig gestÃ¤rkt. Hydrabio Tonique ist ideal geeignet bei feuchtigkeitsarmer, empfindlicher, trockener bis sehr trockener Haut.Wirkungsweise von Bioderma Hydrabio Tonique GesichtswasserDer patentierte Wirkstoff AQUAGENIUMTM (Pyrus Malus+ Vitamin B3) verbessert die Feuchtigkeitsversorgung der Haut nachhaltig und aktiviert die hauteigene Lipidproduktion. Die BIODERMA Zuckergrundlage D.A.F. ist eine Kombination aus drei biomimetischen Zuckern, die zusÃ¤tzlich Feuchtigkeit spenden, beruhigend wirken und die Toleranzschwelle der Haut erhÃ¶hen.Glycerin wirkt zudem feuchtigkeitsspendend. Hydrabio Tonique enthÃ¤lt wie alle BIODERMA Produkte 9-fach gereinigtes Wasser, welches dem Zellwasser in unseren Hautzellen sehr Ã¤hnlich und somit hÃ¶chst vertrÃ¤glich ist. Die Formulierung respektiert die Biologie der Haut und bringt sie nachhaltig in ihr natÃ¼rliches Gleichgewicht zurÃ¼ck.Wirkstoffe / Inhaltsstoffe / ZutatenInhaltsstoffe von Bioderma Hydrabio Tonique Gesichtswasser:AQUA / WATER / EAU, GLYCERIN, POLYSORBATE 20, DISODIUM EDTA,NIACINAMIDE, XYLITOL, ALLANTOIN, FRUCTOOLIGOSACCHARIDES,MANNITOL, HEXYLDECANOL, SODIUM HYDROXIDE, CITRIC ACID,RHAMNOSE, PYRUS MALUS (APPLE) SEED EXTRACT, BRASSICACAMPESTRIS (RAPESEED) STEROLS, TOCOPHEROL,CETRIMONIUMBROMIDE, FRAGRANCE (PARFUM). [BI 532]GegenanzeigenBei bekannter Ãberempfindlichkeit gegenÃ¼ber einem der oben genannten Inhaltsstoffe sollte dieses Produkt nicht angewendet werden.DosierungAnwendungsempfehlung von Bioderma Hydrabio Tonique Gesichtswasser:Zur Anwendung fÃ¼r das Gesicht und die Augenlider geeignet. Erwachsene und Jugendliche tragen Hydrabio Tonique tÃ¤glich morgens und abends a;14.79;Bioderma;Serum;;;;;
La Roche-Posay Effaclar Mizellen Reinigungsfluid, 200 ml Lotion;https://nbg1.your-objectstorage.com/inspirax-image-server-bucket/06609618_08.jpeg;hochwertige medizinische Hautpflege für empfindliche Haut Lotion zum Auftragen auf die Haut Dermokosmetik aus der Apotheke Hersteller: L'Oreal Deutschland GmbH Geschäftsbereich La Roche-Posay, Deutschland (Originalprodukt aus Deutschland) PZN: 06609618;19.26;La Roche-Posay;Serum;;;;;
Laneige - Cream Skin Cerapeptide - Toner & Moisturizer - cream Skin Toner & Moisturizer;https://media.sephora.eu/content/dam/digital/pim/published/L/LANEIGE/731540/363953-media_swatch.jpg?scaleWidth=500&scaleHeight=500&scaleMode=fit;Ein hybrides 2-in-1-produkt mit innovativer und leichter textur, das creme und gesichtswasser kombiniert und die haut mit reichhaltiger, intensiver feuchtigkeit versorgt. Angereichert mit cerapeptid, das die haut intensiv nährt, sichtlich strafft und ihre feuchtigkeitsbarriere kräftigt.  Laneige - Cream skin cerapeptide - toner & moisturizer - -cream skin toner & moisturizer;32.95;Laneige;Serum;;;;;
NIVEA Pflegendes Gesichtswasser Trocken+Sens Haut, 200 ml Lösung;https://nbg1.your-objectstorage.com/inspirax-image-server-bucket/17624555_01.jpg;hochwertige Hautpflege zur Reinigung der Haut Lösung zur Anwendung auf der Haut hochwertige Markenkosmetik aus der Apotheke Hersteller: Beiersdorf AG, Deutschland (Originalprodukt aus Deutschland) PZN: 17624555;5.45;NIVEA;Serum;;;;;
NIVEA Erfrischendes Gesichtswass Norm. Haut Mischh, 200 ml Lösung;https://nbg1.your-objectstorage.com/inspirax-image-server-bucket/17624549_01.jpg;hochwertige Hautpflege zur Reinigung der Haut Lösung zur Anwendung auf der Haut hochwertige Markenkosmetik aus der Apotheke Hersteller: Beiersdorf AG, Deutschland (Originalprodukt aus Deutschland) PZN: 17624549;5.45;NIVEA;Serum;;;;;
Nuxe Very Rose Mizellenwasser;https://www.versandapo.de/images/product_images/popup_images/19498899.jpg;Anwendungsgebiet von Nuxe Very Rose MizellenwasserEntfernen Sie Make-up und reinigen Sie sanft Ihr Gesicht und Ihre Augen mit diesem beruhigenden Mizellenwasser.Nuxe Very Rose Mizellenwasser istÂ fÃ¼r alle Hauttypen formuliert.Wirkungsweise von Nuxe Very Rose MizellenwasserDie frische Formel entfernt Make-up und reinigt das Gesicht effektiv, wodurch die Haut weich, sofort mit Feuchtigkeit versorgt und beruhigt wird.Angereichert mit einem Rosenextrakt besteht Nuxe Very Rose Mizellenwasser zu 99% aus Inhaltsstoffen natÃ¼rlichen Ursprungs. Sein Duft mit zarten Rosennoten und seine frische, nicht klebrige Textur sorgen fÃ¼r Komfort und vermitteln ein sofortiges WohlgefÃ¼hl.Wirkstoffe / Inhaltsstoffe / ZutatenNuxe Very Rose Mizellenwasser enthÃ¤lt:Aqua/Water Glycerin Pentylene Glycol Polyglyceryl-6 Caprylate Polyglyceryl-4 Caprate Parfum/Fragrance Sodium Gluconate PhenoxyethanolCetrimonium Bromide Rose Flower Oil/Extract [N5805/B]GegenanzeigenBei bekannter Ãberempfindlichkeit gegenÃ¼ber einen der oben genannten Inhaltsstoffe sollte dieses Produkt nicht angewendet werden.DosierungAnwendungsempfehlung von Nuxe Very Rose Mizellenwasser:Ein Wattepad mit dem Mizellen-Reinigungswasser trÃ¤nken. Ãber das gesamte Gesicht und die Augen streichen, bis das Make-up vollstÃ¤ndig entfernt ist. Wiederholen Sie den Vorgang, bis das Wattepad sauber bleibt. Muss nicht abgewaschen werden. Abends zum Abschminken und morgens zum Reinigen anwenden.HinweiseSicherheitshinweis:Augenkontakt vermeiden.Nuxe Very Rose Mizellenwasser kÃ¶nnen in Ihrer Versandapotheke www.versandapo.de erworben werden.;14.79;Nuxe;Serum;;;;;
Soybean Toner;https://www.mystationary.de/media/52/e5/1d/1775877401/91665ce63300ce54460a0fc74ecae065a6cce7aa_MS_0063172_image_1_574862_soybean_toner_vyzivujici_pletove_tonikum_pro_suchou_a_dehydratovanou_.jpg?ts=1775877402;Round Lab Soybean Nourishing Toner;21.95;ROUND LAB;Serum;;;;;
ROUND LAB 1025 Dokdo Toner 100 ml;https://www.mystationary.de/media/84/49/9a/1775885409/3a5969da3bd581e42b881d34b50d840569ff9f9e_MS_0063176_image_1_574875_1025_dokdo_toner_exfoliacni_pletove_tonikum.jpg?ts=1775885412;Facial Toner;15.95;ROUND LAB;Serum;;;;;
Avene Hydrance Rich Hydrating Cream 40ml;https://www.mystationary.de/media/e4/54/9d/1775867691/ccf89cee8a0f0512c94318b38b36c304121771d2_MS_0065728_image_1_3282779390132.jpg?ts=1775867694;Hydrating Cream for dry and very dry skin;26.95;AVENE;Feuchtigkeitspflege;"THERMAL SPRING WATER ( AQUA), CAPRYLIC/CAPRIC TRIGLYCERIDE, GLYCERIN, BUTYROSPERMUM PARKII (SHEA) BUTTER (BUTYROSPERMUM PARKII BUTTER), CARTHAMUS TINCTORIUS (SAFFLOWER) SEED OIL (CARTHAMUS TINCTORIUS SEED OIL), BEHENYL ALCOHOL, SODIUM ACRYLATES/C10-30 ALKYL ACRYLATE CROSSPOLYMER, WATER (AQUA)
";Verteile morgens und abends (oder auch nur einmal täglich) eine kleine Menge der Creme auf den Fingerspitzen und trage sie sanft auf Gesicht und Hals auf. Für optimale Ergebnisse wird eine regelmäßige Anwendung empfohlen.;True;True;True
Beauty Of Joseon - Dynasty Cream - Pflegecreme Mit Anti-aging-effekt - dynasty Cream;https://media.sephora.eu/content/dam/digital/pim/published/B/BEAUTY_OF_JOSEON/761490/365594-media_swatch.jpg?scaleWidth=500&scaleHeight=500&scaleMode=fit;Besonders beliebt ist seit jeher dynasty cream, das erste produkt von beauty of joseon. Die creme mit fester textur kombiniert intensive feuchtigkeitsversorgung mit tiefenwirksamer pflege, sodass die haut auch nach mehrstündiger anwendung nicht austrocknet.eine vielseitig einsetzbare creme mit reis- und ginsengwasser, squalan und niacinamid zur förderung der gesundheit, zur hydratation und zum erhalt des gleichgewichts zwischen talgproduktion und hydratation der haut.die kräftige textur spendet feuchtigkeit und nährt tiefenwirksam.  Beauty Of Joseon - Dynasty cream - pflegecreme mit anti-aging-effekt - -dynasty cream;16.95;Beauty Of Joseon;Feuchtigkeitspflege;AQUA, GLYCERIN, HYDROGENATED POLYDECENE, 1,2-HEXANEDIOL, NIACINAMIDE, SQUALANE, BUTYLENE GLYCOL, PROPANEDIOL, BUTYLENE GLYCOL DICAPRYLATE/DICAPRATE, CETEARYL OLIVATE, SORBITAN OLIVATE, AMMONIUM ACRYLOYLDIMETHYLTAURATE/VP, COPOLYMER, XANTHAN GUM, PANAX GINSENG ROOT WATER, ACRYLATES/C10-30 ALKYL ACRYLATE CROSSPOLYMER, TROMETHAMINE, CARTHAMUS TINCTORIUS (SAFFLOWER) SEED OIL, HYDROGENATED COCONUT OIL, GLYCERYL ACRYLATE/ACRYLIC ACID COPOLYMER, ORYZA SATIVA (RICE) BRAN WATER, ETHYLHEXYLGLYCERIN, ADENOSINE, CAPRYLIC/CAPRIC TRIGLYCERIDE, DISODIUM EDTA, HYALURONIC ACID, HYDROLYZED HYALURONIC ACID, SODIUM HYALURONATE, HONEY EXTRACT, CERAMIDE NP, HYDROGENATED LECITHIN, COPTIS JAPONICA ROOT EXTRACT, RAPHANUS SATIVUS (RADISH) SEED EXTRACT, LYCIUM CHINENSE FRUIT EXTRACT, THEOBROMA CACAO (COCOA) SEED EXTRACT, PHELLINUS LINTEUS EXTRACT, DEXTRIN, SCUTELLARIA BAICALENSIS ROOT EXTRACT;Trage eine geeignete Menge dieser Creme am Ende deiner Hautpflegeroutine auf dein Gesicht auf. Klopfe sie mit den Fingern ein, um die Aufnahme zu erleichtern.;False;True;True
Byoma - Reichhaltige Feuchtigkeitscreme - moisturizing Rich Cream 50ml;https://media.sephora.eu/content/dam/digital/pim/published/B/BYOMA/633708/281322-media_swatch.jpg?scaleWidth=500&scaleHeight=500&scaleMode=fit;diese reichhaltige, tief feuchtigkeitsspendende creme verschmilzt mit der haut, versorgt sie intensiv mit feuchtigkeit und verbessert die hautstruktur. Das ergebnis sind geschmeidige, pralle ergebnisse und eine gestärkte hautbarriere.   unser einzigartiger tri-ceramid-komplex (ceramide, cholesterin, fettsäuren) stärkt die hautbarriere und ist mit beruhigenden und reparierenden extrakten aus bakuchiol und shea angereichert. Sie stärkt die hautbarriere und bewahrt die feuchtigkeit bis zu 24 stunden. Wir haben den hauptwirkstoff bakuchiol aufgrund seiner fähigkeit ausgewählt, den teint und die textur zu verbessern, das erscheinungsbild von fältchen zu reduzieren und die haut aufzufüllen. Das ist die lösung für eine weiche, glatte, tief mit feuchtigkeit versorgte haut.   von dermatologen getestete und zugelassene pflegeprodukte, ölfrei, nicht komedogen, alkohol- und parfümfrei, vegan und frei von tierversuchen.vegan : produkte aus natürlich gewonnenen inhaltsstoffen.  Byoma - Reichhaltige feuchtigkeitscreme - -moisturizing rich cream 50ml;15.95;Byoma;Feuchtigkeitspflege;AQUA (CARRIER), GLYCERIN (HUMECTANTS), CAPRYLIC/CAPRIC TRIGLYCERIDE (SKIN-CONDITIONER), CETEARYL ALCOHOL (EMULSION STABILIZERS), BUTYROSPERMUM PARKII (SHEA) BUTTER (SKIN-CONDITIONER), CETEARYL OLIVATE (SURFACTANTS), SORBITAN OLIVATE (SURFACTANTS), DIPROPYLENE GLYCOL (SOLVENTS), HYDROXYETHYL ACRYLATE/SODIUM ACRYLOYLDIMETHYL TAURATE COPOLYMER (VISCOSITY CONTROLLING), HYDROXYACETOPHENONE (ANTIOXIDANTS), CERAMIDE NP (SKIN-CONDITIONER), CHOLESTEROL (SKIN-CONDITIONER), PHYTOSPHINGOSINE (SKIN-CONDITIONER), CAPRYLYL GLYCOL (SKIN-CONDITIONER), BAKUCHIOL (ANTIOXIDANTS), PALMITIC ACID (EMOLLIENT), STEARIC ACID (SKIN-CONDITIONER), OLEIC ACID (SKIN-CONDITIONER), HYDROGENATED LECITHIN (EMULSIFIER), ACRYLATES/C10-30 ALKYL ACRYLATE CROSSPOLYMER (VISCOSITY CONTROLLING), TROMETHAMINE (PH ADJUSTERS), OLEA EUROPAEA (OLIVE) FRUIT OIL (ANTIOXIDANTS), ETHYLHEXYLGLYCERIN (SKIN-CONDITIONER), LACTIC ACID (PH ADJUSTERS), DISODIUM EDTA (CHELATING AGENTS), SORBITAN ISOSTEARATE (SURFACTANTS), DIPOTASSIUM GLYCYRRHIZATE (SKIN-CONDITIONER), CAPRYLHYDROXAMIC ACID (CHELATING AGENTS), TOCOPHEROL (ANTIOXIDANT);"Diese reichhaltige, tief feuchtigkeitsspendende Creme verschmilzt mit der Haut, versorgt sie intensiv mit Feuchtigkeit und verbessert die Hautstruktur. Das Ergebnis sind geschmeidige, pralle Ergebnisse und eine gestärkte Hautbarriere.

Unser einzigartiger Tri-Ceramid-Komplex (Ceramide, Cholesterin, Fettsäuren) stärkt die Hautbarriere und ist mit beruhigenden und reparierenden Extrakten aus Bakuchiol und Shea angereichert. Sie stärkt die Hautbarriere und bewahrt die Feuchtigkeit bis zu 24 Stunden. Wir haben den Hauptwirkstoff Bakuchiol aufgrund seiner Fähigkeit ausgewählt, den Teint und die Textur zu verbessern, das Erscheinungsbild von Fältchen zu reduzieren und die Haut aufzufüllen. Das ist die Lösung für eine weiche, glatte, tief mit Feuchtigkeit versorgte Haut.

Von Dermatologen getestete und zugelassene Pflegeprodukte, ölfrei, nicht komedogen, alkohol- und parfümfrei, vegan und frei von Tierquälerei.";True;True;True
Byoma - Feuchtigkeitscreme-gel - moisturizing Gel Cream 50ml;https://media.sephora.eu/content/dam/digital/pim/published/B/BYOMA/633707/281321-media_swatch.jpg?scaleWidth=500&scaleHeight=500&scaleMode=fit;diese leichte, ölfreie feuchtigkeitscreme für die tägliche anwendung versorgt durstige haut effektiv und gezielt mit feuchtigkeit. Die einzigartige textur dieses cremegels zieht sofort ein, macht die haut weich und versorgt sie mit feuchtigkeit dank einer sorgfältig ausgewählten mischung aus wirkstoffen, die die hautbarriere stärken und langanhaltende ergebnisse erzielen. Die leichte, erfrischende textur eines gels wird mit der lang anhaltenden feuchtigkeitsversorgung einer creme kombiniert.   sie kombiniert unseren einzigartigen tri-ceramid-komplex (ceramide, cholesterin, fettsäuren), der die hautbarriere stärkt, mit führenden wirkstoffen wie niacinamid und grünem tee, die voller antioxidantien stecken und die wichtige funktion der hautbarriere unterstützen können. Diese feuchtigkeitsspendende gesichtslotion wurde entwickelt, um feuchtigkeit anzuziehen und zu binden, damit die zellen optimal funktionieren können. Sie reduziert rötungen und lindert entzündungen.   profitieren sie von einer universellen wirksamkeit für alle hauttypen, morgens und abends.   von dermatologen getestete und zugelassene pflegeprodukte, ölfrei, nicht komedogen, alkohol- und parfümfrei, vegan und frei von tierversuchen.vegan : produkte aus natürlich gewonnenen inhaltsstoffen.  Byoma - Feuchtigkeitscreme-gel - -moisturizing gel cream 50ml;15.95;Byoma;Feuchtigkeitspflege;AQUA (CARRIER), GLYCERIN (HUMECTANT), CAPRYLIC/CAPRIC TRIGLYCERIDE (SKIN-CONDITIONER), PENTAERYTHRITYL TETRAETHYLHEXANOATE (SKIN-CONDITIONER), POLYGLYCERYL-3 METHYLGLUCOSE DISTEARATE (EMOLLIENT), NIACINAMIDE (SKIN-CONDITIONER), CERAMIDE NP (SKIN-CONDITIONER), CHOLESTEROL (SKIN-CONDITIONER), PHYTOSPHINGOSINE (SKIN-CONDITIONER), CAMELLIA SINENSIS LEAF EXTRACT (ANTIOXIDANT), STEARIC ACID (SKIN-CONDITIONER), OLEIC ACID (SKIN-CONDITIONER), LACTIC ACID (PH ADJUSTER), HYDROGENATED LECITHIN (EMULSIFIER), CETEARYL ALCOHOL (EMULSION STABILIZER), PANTHENOL (SKIN-CONDITIONER), CARBOMER (VISCOSITY CONTROLLING), XANTHAN GUM (VISCOSITY CONTROLLING), TROMETHAMINE (PH ADJUSTER), 1,2-HEXANEDIOL (SOLVENT), CAPRYLYL GLYCOL (SKIN-CONDITIONER), HYDROXYACETOPHENONE (ANTIOXIDANT), CAPRYLHYDROXAMIC ACID (CHELATING AGENTS);Anwendungsempfehlung: Tragen Sie morgens und abends nach dem Serum 1 bis 2 Pumpstöße auf die gereinigte Haut auf. In die Haut einmassieren, bis sie vollständig eingezogen ist.;True;True;True
Clinique Dramatically Diffrent Moisturizing Gel 50 ml;https://cdn.perfumetrader.de/media/catalog/product/cache/1/image/400x400/602f0fa2c1f0d1ba5e241f914e856ff9/a/f/90d15d0b4afdf4917674b53d96fa23e4/clinique-clinique-dramatically-diffrent-moisturizing-gel-50-ml-20714222864.png;;24.90;Clinique;Feuchtigkeitspflege;"ater\\Aqua\\Eau, Dimethicone, Isododecane, Butylene Glycol, Bis-Peg-18 Methyl Ether Dimethyl Silane, Glycerin, Laminaria Saccharina Extract, Polygonum Cuspidatum Root Extract, Saccharomyces Lysate Extract, Cucumis Sativus (Cucumber) Fruit Extract, Hordeum Vulgare (Barley) Extract\\Extrait D'Orge, Helianthus Annuus (Sunflower) Seedcake, Caffeine, Trehalose, Sodium Hyaluronate, Tocopheryl Acetate, Polysilicone-11, Silica, Propylene Glycol Dicaprate, Oleth-10, Lactobacillus Ferment, Laureth-23, Laureth-4, Ammonium Acryloyldimethyltaurate/Vp Copolymer, Carbomer, Caprylyl Glycol, Hexylene Glycol, Tromethamine, Disodium Edta, Phenoxyethanol, Yellow 5 (Ci 19140), Red 4 (Ci 14700), Yellow 6 (Ci 15985) *
*Cette liste est susceptible d'évoluer avec le temps. Veuillez vous référer aux informations présentes sur l'emballage de votre produit pour recevoir la liste d'ingrédients la plus à jour.
";"Zweimal täglich (morgens und abends) nach der Clarifying Lotion anwenden.
DDMG auf das gesamte Gesicht auftragen.
Danach die hauttypgerechte Feuchtigkeitspflege auftragen.";True;True;True
DUCRAY KERACNYL REPAIR Creme 48h Feuchtigkeit, 50 ml Creme;https://nbg1.your-objectstorage.com/inspirax-image-server-bucket/11857755_01.jpg;hochwertige medizinische Hautpflege für empfindliche Haut Creme zum Auftragen auf die Haut Dermokosmetik aus der Apotheke Hersteller: Pierre Fabre Pharma GmbH, Deutschland (Originalprodukt aus Deutschland) PZN: 11857755;25.30;DUCRAY;Feuchtigkeitspflege;WATER (AQUA). GLYCERIN. CAPRYLIC/CAPRIC TRIGLYCERIDE. ISOCETYL STEAROYL STEARATE. CETEARYL ALCOHOL. BEHENYL ALCOHOL. NIACINAMIDE. C20-22 ALKYL PHOSPHATE. C20-22 ALCOHOLS. SIMMONDSIA CHINENSIS (JOJOBA) SEED OIL (SIMMONDSIA CHINENSIS SEED OIL). CAPRYLYL GLYCOL. CETEARYL GLUCOSIDE. HELIANTHUS ANNUUS (SUNFLOWER) SEED OIL (HELIANTHUS ANNUUS SEED OIL). SCLEROTIUM GUM. SODIUM BENZOATE. SODIUM HYDROXIDE. TOCOPHEROL;Die Ducray Keracnyl Repair Soothing Compensating Cream ein- bis zweimal täglich morgens und/oder abends auf das Gesicht und die gereinigte und trockene Haut auftragen.;True;True;True
EucerinÂ® Atopi Control Gesichtscreme;https://www.versandapo.de/images/product_images/popup_images/08454746.jpg;Anwendungsgebiet von EucerinÂ® Atopi Control GesichtscremeMit der EucerinÂ® Atopi Control Gesichtscreme wird trockene, rissige Haut und neurodermitische Gesichtshaut wÃ¤hrend symptomfreier Phasen tÃ¤glich gepflegt. In akuten Phasen der Neurodermitis sollte Eucerin AtopiControl Akutpflege Creme verendet werden. Die Creme gegen Juckreiz sorgt fÃ¼r ein spÃ¼rbar weicheres und geschmeidigeres HautgefÃ¼hl. Die enthaltenen Wirkstoffe wie Omega-6-FettsÃ¤uren und Licochalcone A wirken beruhigend und glÃ¤tten die Gesichtshaut. Zudem werden Juckreiz, Spannungen und HautÃ¶tungen entgegengewirkt. Die Hautpflege ist schnelleinziehend und eignet sich auch sehr gut als Make-up Unterlage/Primer. Dermatologisch und klinisch sind die beruhigenden und Trockenheit reduzierenden Eigenschaften der mikroplastikfreien* Feuchtigkeitscreme bestÃ¤tigt. Da die Hautpflege von Eucerin keine Parabene, Duft- und Farbstoffe enthÃ¤lt, ist das Risiko fÃ¼r Hautirritationen und Allergien sehr gering und sie kann als Baby Pflege (vier Wochen und Ã¤lter) sowie bei Kindern und Erwachsenen Anwendung finden. Die Faltschachtel der Gesichtscreme besteht aus FSC-zertifiziertem Papier.*GemÃ¤Ã UNEP-Definition.Wirkstoffe / Inhaltsstoffe / Zutaten1ml von EucerinÂ® Atopi Control Gesichtscreme enthÃ¤lt:Wirkstoffe1. Licochalcone A2. Ceramide3. TraubenkernÃ¶l4. NachtkerzenÃ¶lAqua, Glycerin, Helianthus Annuus Seed Oil, Butyrospermum Parkii Butter, Caprylic/Capric Triglyceride, Vitis Vinifera Seed Oil, Cetearyl Alcohol, Glyceryl Stearate Citrate, Hydroxypropyl Starch Phosphate, Hydrogenated Coco-Glycerides, Oenothera Biennis Oil, Glycyrrhiza Inflata Root Extract, Ceramide NP, Phytosphingosine, Oleic Acid, Glycine, Sodium PCA, Tocopherol, Ascorbyl Palmitate, Xanthan Gum, Sodium Hydroxide, Sodium Citrate, Citric Acid, 1,2-Hexanediol, Decylene Glycol, Phenoxyethanol, Ethylhexylglycerin, Hydroxyacetophenone GegenanzeigenBei bekan;22.89;Eucerin;Feuchtigkeitspflege;"Licochalcone A (starkes Antioxidans, das aus der chinesischen Süßholzpflanze gewonnen wird) – beruhigt die Haut und schützt sie vor vorzeitiger Hautalterung aufgrund übermäßiger Sonneneinstrahlung und freien Radikalen
Decandiol – spendet der Haut Feuchtigkeit
Menthoxypropanediol – lindert den Juckreiz
Ceramide – stärken die natürliche Schutzbarriere der Haut, beugen Feuchtigkeitsverlusten vor und schützen die Haut vor Reizungen
Nachtkerzenöl – reich an Omega-6 Fettsäuren, die die natürliche Schutzbarriere der Haut stärken, sie vor dem Austrocknen schützen, beruhigen und nähren
Traubenkernöl – Quelle von essenziellen Fettsäuren und Vitamin E, schützt die Haut vor freien Radikalen, nährt und beruhigt sie
ohne Parfümierung
";Die Gesichtspflege morgens und abends auf die gereinigte Haut von Gesicht und Hals auftragen und sanft einmassieren. Die Creme eignet sich perfekt als Make-up-Grundlage;True;True;True
Kiehl's Since 1851 - Ultra Facial - Cream - ultra Facial Cream 125ml;https://media.sephora.eu/content/dam/digital/pim/published/K/KIEHL/533862/225518-media_swatch.jpg?scaleWidth=500&scaleHeight=500&scaleMode=fit;Unser kundenliebling ist ein absoluter bestseller  und eignet sich für jeden hauttyp. die gesichtscreme versorgt die haut 24 stunden lang mit feuchtigkeit, die aus der luft absorbiert wird und so vor dem austrocknen schützt. die natürlichen inhaltsstoffe kombiniert mit einer besonders leichten und geschmeidigen textur pflegen die haut den ganzen tag und machen sie widerstandsfähig gegen extreme wetterbedingungen. Leichte falten, die durch dehydrierung verursacht wurden und anzeichen müder haut werden vorgebeugt. Die formel beinhaltet antarcticin, imperata cylindric und squalan. Das ergebnis: die haut sieht geschmeidig, natürlich und gesund aus.  Kiehl's Since 1851 - Ultra facial - cream - -ultra facial cream 125ml;57.95;Kiehl's Since 1851;Feuchtigkeitspflege;AQUA / WATER • GLYCERIN • DIMETHICONE • SQUALANE • BIS-PEG-18 METHYL ETHER DIMETHYL SILANE • SUCROSE STEARATE • STEARYL ALCOHOL • PEG-8 STEARATE • MYRISTYL MYRISTATE • PRUNUS ARMENIACA KERNEL OIL / APRICOT KERNEL OIL • PHENOXYETHANOL • PERSEA GRATISSIMA OIL / AVOCADO OIL • GLYCERYL STEARATE • CETYL ALCOHOL • ORYZA SATIVA BRAN OIL / RICE BRAN OIL • OLEA EUROPAEA FRUIT OIL / OLIVE FRUIT OIL • CHLORPHENESIN • STEARIC ACID • PALMITIC ACID • CARBOMER • ACRYLATES/C10-30 ALKYL ACRYLATE CROSSPOLYMER • TRISODIUM ETHYLENEDIAMINE DISUCCINATE • PRUNUS AMYGDALUS DULCIS OIL / SWEET ALMOND OIL • XANTHAN GUM • ETHYLHEXYLGLYCERIN • SODIUM HYDROXIDE • TOCOPHEROL • GLYCINE SOJA OIL / SOYBEAN OIL • PSEUDOALTEROMONAS FERMENT EXTRACT • MYRISTIC ACID • HYDROXYPALMITOYL SPHINGANINE • SALICYLIC ACID • HELIANTHUS ANNUUS SEED OIL / SUNFLOWER SEED OIL • ROSMARINUS OFFICINALIS LEAF EXTRACT / ROSEMARY LEAF EXTRACT • CITRIC ACID (F.I.L. Z293407/1).;"Nachdem die Haut gründlich gereinigt und mit einem Toner neutralisiert worden ist eine erbsengroße Menge der Gesichtscreme auf die Fingerspitzen geben. In kreisenden Bewegungen ebenmäßig auf dem Gesicht verteilen und leicht einmassieren. Kann am Morgen und / oder Abend sowie nach Bedarf angewendet werden; tagsüber empfehlen wir die ULTRA FACIAL CREAM SPF 30.

Die besondere Wirksamkeit der Ultra Facial Creme bei extremen Wetterbedingungen haben wir in einer Expedition unter Beweis gestellt. Mit der Ultra Facial Cream unterstützte Kiehl's das Team der ""Grönland First Ascent"" - Expedition bei der erstmaligen Besichtigung des vom grönländischen Eis bedeckten Gipfels am 30. Mai 2005.";True;True;True
Kiehl's Since 1851 - Super-multi Corrective Soft Cream - super Multi Correct Light;https://media.sephora.eu/content/dam/digital/pim/published/K/KIEHL/706192/329928-media_swatch.jpg?scaleWidth=500&scaleHeight=500&scaleMode=fit;kiehl's super multi-corrective soft cream ist ein wahres anti-aging-multitalent. Sie mildert anzeichen der hautalterung, wie falten, trockene haut und große poren, sichtbar und ist für alle hauttypen, selbst für empfindliche haut, geeignet. Ihre einzigartige formulierung enthält proxylane, ein patentiertes anti-aging-molekül, das die haut festigt. Adenosin sorgt zusätzlich dafür, dass die hauteigene kollagenproduktion gefördert wird, um die haut praller erscheinen zu lassen. Ebenso capryloyl glycine stellt ein gesundes gleichgewicht der haut her und reduziert überschüssiges öl. Sie eignet sich somit auch ideal für mischhaut, die zu einer fettigen t-zone und trockenen hautstellen neigt.  Kiehl's Since 1851 -  super-multi corrective soft cream - -super multi correct light;83.95;Kiehl's Since 1851;Feuchtigkeitspflege;AQUA / WATER , GLYCERIN , HYDROXYPROPYL TETRAHYDROPYRANTRIOL , NIACINAMIDE , ALCOHOL DENAT. , DIMETHICONE , BUTYLENE GLYCOL , PROPYLENE GLYCOL , BETAINE , COCO-CAPRYLATE/CAPRATE , SQUALANE , CAPRYLYL METHICONE , AMMONIUM ACRYLOYLDIMETHYLTAURATE/VP COPOLYMER , HYDROXYETHYLPIPERAZINE ETHANE SULFONIC ACID , INONOTUS OBLIQUUS (MUSHROOM) EXTRACT , ADENOSINE , CAPRYLOYL GLYCINE , MENTHOXYPROPANEDIOL , METHYLDIHYDROJASMONATE , PALMITOYL TETRAPEPTIDE-7 , PALMITOYL TRIPEPTIDE-1 , SODIUM HYDROXIDE , TETRASODIUM GLUTAMATE DIACETATE , TOCOPHERYL ACETATE , HYDROGENATED LECITHIN , ACRYLATES/C10-30 ALKYL ACRYLATE CROSSPOLYMER , ALUMINUM STARCH OCTENYLSUCCINATE , CARBOMER , CETEARYL ALCOHOL , CETEARYL GLUCOSIDE , POLYSORBATE 20 , SODIUM LACTATE , T-BUTYL ALCOHOL , DIMETHICONOL , STEARYL DIMETHICONE , CHLORPHENESIN , PHENOXYETHANOL (F.I.L. Z70017025/2).;Die Super Multi-Corrective Soft Cream von Kiehl's täglich am Morgen und Abend auf die gereinigte Haut auftragen. Dafür eine münzgroße Menge für Gesicht, Hals und Dekolleté sanft einmassieren, bis die Creme vollständig von der Haut aufgenommen wurde. Die Augen- und Lippenpartie dabei aussparen. Abschließend Sonnenschutz auftragen, um einer vorzeitigen Hautalterung durch UV-Strahlen vorzubeugen.;True;False;False
Laneige - Water Bank Cream Moisturizer - Feuchtigkeitscreme -  Water Bank Cream 50ml;https://media.sephora.eu/content/dam/digital/pim/published/L/LANEIGE/714973/345948-media_swatch.jpg?scaleWidth=500&scaleHeight=500&scaleMode=fit;entdecke die feuchtigkeitscreme water bank hyaluronic blue, die mit ihrer kraftvollen formel den feuchtigkeitsgehalt deiner haut erhöht!  was das ist?die intensiv feuchtigkeitsspendende creme versorgt dich den ganzen tag und die ganze nacht über mit einem angenehmen gefühl und feuchtigkeit. Sie spendet feuchtigkeit und stärkt die hautbarriere. Die nicht klebrige textur sorgt für ein angenehmes gefühl beim auftragen. Die leicht absorbierbare textur ermöglicht es der feuchtigkeitscreme, die haut intensiv mit feuchtigkeit zu versorgen, um ein gesundes und frisches hautbild zu erzeugen. Die creme ist für normale haut geeignet.   was in der formel steckt?- blaue hyaluronsäure: ihre moleküle sind 2000-mal kleiner als die der gewöhnlichen hyaluronsäure*, wodurch sie besser in die haut eindringen und effektiver feuchtigkeit spenden kann. - pepta-panthenol-komplex: die in der formel enthaltenen peptide und panthenol straffen und stärken die hautbarriere.- feuchtigkeitsspender, die die lipide der haut (ceramide, cholesterin, fettsäuren) nachahmen, sorgen für eine optimale feuchtigkeitsversorgung.  das ergebnis? für eine beruhigte und glatte haut mit einem natürlichen glanz, der aus deiner haut kommt!  nicht-komedogene rezeptur, dermatologisch getestet  *1/2000 mal kleiner als die hyaluronsäure der ersten auf den eu-märkten erhältlichen water bank-serie  Laneige - Water bank cream moisturizer - feuchtigkeitscreme - - water bank cream 50ml;37.95;Laneige;Feuchtigkeitspflege;ATER / AQUA / EAU, GLYCERIN, BUTYLENE GLYCOL, SQUALANE, DICAPRYLYL ETHER, POLYGLYCERYL-3 METHYLGLUCOSE DISTEARATE, METHYL TRIMETHICONE, GLYCERYL STEARATE, PENTAERYTHRITYL TETRAETHYLHEXANOATE, 1,2-HEXANEDIOL, STEARYL DIMETHICONE, BIS-HYDROXYETHOXYPROPYL DIMETHICONE, CETYL ALCOHOL, LACTOBACILLUS FERMENT LYSATE, CAPRYLIC/ CAPRIC/MYRISTIC/STEARIC TRIGLYCERIDE, PALMITIC ACID, STEARIC ACID, PANTHENOL, HYDROXYETHYL ACRYLATE/SODIUM ACRYLOYLDIMETHYL TAURATE COPOLYMER, PROPANEDIOL, ACRYLATES/C10-30 ALKYL ACRYLATE CROSSPOLYMER, XANTHAN GUM, GLYCERYL CAPRYLATE, DEXTRIN, TROMETHAMINE, ETHYLHEXYLGLYCERIN, DISODIUM EDTA, SORBITAN ISOSTEARATE, ALLANTOIN, HYDROLYZED HYALURONIC ACID, CERAMIDE NP, FRAGRANCE / PARFUM, BETA-GLUCAN, CHOLESTEROL, MANNITOL, TOCOPHEROL, ACETYL TETRAPEPTIDE-11, UNDARIA PINNATIFIDA EXTRACT;Morgens und abends nach der Reinigung, dem Gesichtswasser und dem Serum gleichmäßig auf das Gesicht auftragen.;True;True;False
Laneige - Radian-c Cream - radianc-c Hydrating Cream 30ml;https://media.sephora.eu/content/dam/digital/pim/published/L/LANEIGE/544222/232335-media_swatch.jpg?scaleWidth=500&scaleHeight=500&scaleMode=fit;*boost the glow of your skin! *  diese creme verleiht der haut eine starke dosis an feuchtigkeit und ausstrahlung, indem sie dank leistungsstarker vitamine das erscheinungsbild von unreinheiten und flecken reduziert. Von sichtbaren, ultrafeinen flecken bis hin zu schäden durch uv-licht reduziert es alle hautirritationen, für einen reinen, ebenmäßigen und strahlenden teint.  die radian-c super blend technologie ™ ist ein komplex, der nachhaltige vitamine wie vitamin c und vitamin e mit innovation und technologie kombiniert, die ihre erhaltung ermöglicht. Reich an antioxidantien, gleichen diese vitamine den hautton aus und stimulieren die zellregeneration für eine glatte haut ohne sichtbare unreinheiten!  dieses dermatologisch getestete produkt ist nicht komedogen und wird für alle hauttypen empfohlen. Laneige testet keine inhaltsstoffe oder produkte an tieren.vegan : produkte aus natürlich gewonnenen inhaltsstoffen.  Laneige - Radian-c cream - -radianc-c hydrating cream 30ml;24;Laneige;Feuchtigkeitspflege;;;;;
Neutrogena Hydro Boost Aqua Creme;https://www.versandapo.de/images/product_images/popup_images/16810913.jpg;Anwendungsgebiet von Neutrogena Hydro Boost Aqua CremeNeutrogena Hydro Boost Aqua Creme ist eine parfÃ¼mfreie Feuchtigkeitspflege mit der innovativen Kombination aus Hyaluron-Gel-Komplex und 100% pflanzlicher Trehalose hilft, Feuchtigkeit zu speichern und kontinuierlich abzugeben.Wirkstoffe / Inhaltsstoffe / ZutatenInhaltsstoffe von Neutrogena Hydro Boost Aqua Creme : Aqua, Dimethicone, Glycerin, Cetearyl Olivate, Trehalose, Sodium Hyaluronate, Ethylhexylglycerin, Dimethicone Crosspolymer, Dimethiconol, Polyacrylamide, C13-14 Isoparaffin, Synthetic Beeswax, Sorbitan Olivate, Laureth-7, Carbomer, Sodium Hydroxide, Chlorphenesin, Phenoxyethanol. [PR-0000956]GegenanzeigenBei bekannter Ãberempfindlichkeit gegen einzelne Inhaltsstoffe sollte Neutrogena Hydro Boost Aqua Creme nicht angewendet werden.DosierungAnwendungsempfehlung der Neutrogena Hydro Boost Aqua Creme:TÃ¤glich auf Gesicht und Hals auftragen.Neutrogena Hydro Boost Aqua Creme kÃ¶nnen in Ihrer Versandapotheke www.versandapo.de erworben werden.;10.19;Neutrogena;Feuchtigkeitspflege;;;;;
Neutrogena Glow Boost Revitalisierende Tagespflege, 50 ml Creme;https://nbg1.your-objectstorage.com/inspirax-image-server-bucket/17250468_01.jpg;hochwertige medizinische Gesichtshautpflege zur Pflege der Haut Creme zur Anwendung auf der Haut hochwertige Markenkosmetik aus der Apotheke Hersteller: Johnson&Johnson GmbH (CHC), Deutschland (Originalprodukt aus Deutschland) PZN: 17250468;12.86;Neutrogena;Feuchtigkeitspflege;;;;;
NIVEA Hydra Skin Effect Regeneriere Gel-Cre Nacht, 50 ml Creme;https://nbg1.your-objectstorage.com/inspirax-image-server-bucket/17625141_01.jpg;hochwertige Hautpflege zur Pflege der Haut Creme zum Auftragen auf die Haut hochwertige Markenkosmetik aus der Apotheke Hersteller: Beiersdorf AG, Deutschland (Originalprodukt aus Deutschland) PZN: 17625141;17.75;Nivea;Feuchtigkeitspflege;;;;;
NIVEA Rosenblüte Gel-Creme 24h Tagespflege, 150 ml Creme;https://nbg1.your-objectstorage.com/inspirax-image-server-bucket/17625075_01.jpg;hochwertige Hautpflege zur Pflege der Haut Creme zum Auftragen auf die Haut hochwertige Markenkosmetik aus der Apotheke Hersteller: Beiersdorf AG, Deutschland (Originalprodukt aus Deutschland) PZN: 17625075;10.22;Nivea;Feuchtigkeitspflege;;;;;
NIVEA Hydra Skin Effect Wake-up GelTagespflege, 50 ml Creme;https://nbg1.your-objectstorage.com/inspirax-image-server-bucket/17625129_01.jpg;hochwertige Hautpflege zur Pflege der Haut Creme zum Auftragen auf die Haut hochwertige Markenkosmetik aus der Apotheke Hersteller: Beiersdorf AG, Deutschland (Originalprodukt aus Deutschland) PZN: 17625129;16.14;Nivea;Feuchtigkeitspflege;;;;;
Paula's Choice - C5 Super Boost Moisturiser - C5 Super Boost Feuchtigkeitscreme - 50ml;https://media.sephora.eu/content/dam/digital/pim/published/P/PAULA/764089/367120-media_swatch.jpg?scaleWidth=500&scaleHeight=500&scaleMode=fit;Alle feuchtigkeitsspendenden vorteile einer creme kombiniert mit der anti-aging-wirkung von vitamin c. Eine festere und strahlendere haut in einem einzigen schritt. Diese gel-creme hellt auf, gleicht den teint aus, strafft und spendet langanhaltende feuchtigkeit. Sie stärkt die hautbarriere, um die feuchtigkeit zu speichern und schenkt dir einen strahlenden teint, der auf das make-up vorbereitet ist.wichtige inhaltsstoffe:5 % stabilisiertes vitamin c: verleiht glow, schützt vor schädlichen umwelteinflüssen und hilft, die haut zu straffen, ohne sie zu reizen.hexapeptid-5: strafft sichtbar und bewahrt die feuchtigkeit mischung aus lipiden: verleihen geschmeidigkeit, stärken die hautbarriere und bewahren die feuchtigkeitpositive effekte:diese feuchtigkeitsspendende und aufhellende creme bringt den teint wieder zum strahlen, stärkt die hautbarriere und hinterlässt die haut weich und herrlich hydratisiert.  Paula's Choice - C5 super boost moisturiser - c5 super boost feuchtigkeitscreme - -50ml;55.95;Paula's Choice;Feuchtigkeitspflege;;;;;
Paula's Choice - Resist - Fortschrittliche Repair-creme - 50ml;https://media.sephora.eu/content/dam/digital/pim/published/P/PAULA/763991/367121-media_swatch.jpg?scaleWidth=500&scaleHeight=500&scaleMode=fit;Das produkt enthält eine kraftvolle mischung aus 5 ceramiden zur wiederherstellung der hautbarriere. Die creme regt die ceramide der haut an, sich selbst zu hydratisieren, damit die barriere jederzeit so effektiv wie möglich ist. Bei regelmäßiger anwendung bewahrt sie außerdem den natürlichen kollagengehalt der dermis und sorgt so für eine glatte und straffe haut. Diese leichte creme mit seidiger und nicht wahrnehmbarer textur hinterlässt ein leichtes finish auf der haut.wichtige inhaltsstoffe:ceramide: ähneln den natürlich in der dermis vorkommenen, speichern die feuchtigkeit und tragen zur erhaltung einer gesunden und geschmeidigen haut bei.tripeptid-5: hilft, das kollagen für eine festere haut zu bewahrenwassermelonenkernöl: pflanzliches öl, das die produktion von ceramiden anregt, damit die hautbarriere gestärkt wirdpositive effekte:nährende creme, die sich für alle hauttypen eignet. Sie stellt die hautbarriere wieder her und erhöht die feuchtigkeit in der haut. Im laufe der zeit wird die haut fester, feine linien werden gemildert.  Paula's Choice - Resist - fortschrittliche repair-creme - -50ml;43.95;Paula's Choice;Feuchtigkeitspflege;;;;;
Shiseido Bio-Performance Advanced Super Revitalizing Cream 75 ml;https://www.mystationary.de/media/af/81/82/1775854310/ced0819cff7e6f4810165e68e22a361b6246d1cd_MS_0066073_image_1_0729238103214_1.jpg?ts=1775854312;Regenerative Cream;74.95;Shiseido;Feuchtigkeitspflege;;;;;
The Inkey List - Feuchtigkeitslotion Mit Vitamin B, C Und E - Moisturiser Vitamin B, C And E-;https://media.sephora.eu/content/dam/digital/pim/published/T/THE_INKEY_LIST/505910/163070-media_swatch.jpg?scaleWidth=500&scaleHeight=500&scaleMode=fit;was es ist: the inkey list vitamin b, c and e moisturizer wirkt, um die haut zu hydratisieren und für eine gesund aussehende haut zusätzliche feuchtigkeit zu spenden.   was es bewirkt: dieser leichte, tägliche feuchtigkeitsspender liefert alle notwendigen vitamine für gesund aussehende haut, einschließlich klärendes vitamin c (niacinamid), um fett zu regulieren, sowie aufhellendes, antioxidatives vitamin c und beruhigendes vitamin e. optimal zur aufrechterhaltung der gesundheit der haut bei trockene hauttypen.  hauptinhaltsstoffe:  - vitamin b3 (niacinamid): hilft, überschüssiges fett und das erscheinungsbild von rötungen zu kontrollieren.  - vitamin c: erhellt das aussehen von fahler haut und intensiviert die strahlkraft.  - vitamin e: beruhigterfahren sie mehr über clean at sephora [here]  The Inkey List - Feuchtigkeitslotion mit vitamin b, c und e - Moisturiser vitamin b, c and e-;7.45;THE INKEY LIST;Feuchtigkeitspflege;;;;;
The Ordinary - Natural Moisturizing Factors + Ha - Feuchtigkeitscreme - Hydrators And Oils Natmoist Fact Ha 30ml;https://media.sephora.eu/content/dam/digital/pim/published/T/THE_ORDINARY/502449/161705-media_swatch.jpg?scaleWidth=500&scaleHeight=500&scaleMode=fit;natural moisturizing factors (nmf) sind die substanzen, die die hautoberfläche schützen und ihr feuchtigkeit spenden.  nmf bestehen aus mehreren aminosäuren, fettsäuren, triglyceriden, urea, ceramiden, phospholipiden, glycerin, sacchariden, natrium pca, hyaluronsäure und anderen natürlich in der haut vorkommenden bestandteilen.  diese vegane formel sorgt für eine nicht fettende feuchtigkeitsversorgung, die geschädigte nmf-verbindungen ersetzt und stärkt.vegan : produkte aus natürlich gewonnenen inhaltsstoffen.  The Ordinary - Natural moisturizing factors + ha - feuchtigkeitscreme - Hydrators and oils natmoist fact ha 30ml;8.45;The Ordinary;Feuchtigkeitspflege;;;;;
Vichy Minéral 89 100H Moisture Boosting Cream 50ml;https://www.mystationary.de/media/42/ef/77/1775885668/000de0d74396102b5aaaf89f8b9c2afaf9b27556_MS_0063401_image_1_559962_mineral_89_100_h_moisture_boosting_cream_krem_pro_zvyseni_hydratace_p.jpg?ts=1775885669;Vichy Mineral 89 100H Moisture Boosting Cream - Rich;27.95;Vichy;Feuchtigkeitspflege;;;;;
Vichy Liftactiv Supreme (dry to very dry skin) 50 ml;https://www.mystationary.de/media/de/58/02/1775899258/5845cb2e4e774f542c47c90a188bef5f6b661111_MS_0065712_image_1_3337871328801.jpg?ts=1775899260;Skincare against wrinkles;43.95;Vichy;Feuchtigkeitspflege;;;;;
Vichy Normaderm Purifying Pore-Tightening Lotion 200 ml;https://www.mystationary.de/media/30/cd/11/1775899286/998dcc05810fae58cae6f48ee2868f80ef156e64_MS_0065716_image_1_442670_normaderm_lotion_assainissante_astringente_cistici_adstringentni_toni.jpg?ts=1775899288;Cleansing Tonic;20.95;Vichy;Feuchtigkeitspflege;;;;;
Weleda Sensitiv Feuchtigkeitscreme Mandel;https://www.versandapo.de/images/product_images/popup_images/19183061.jpg;Anwendungsgebiet von Weleda Sensitiv Feuchtigkeitscreme MandelWeleda Sensitiv Feuchtigkeitscreme Mandel beruhigt sensible, trockene Haut und versorgt sie mit Feuchtigkeit. Die bewÃ¤hrte Rezeptur aus nur neun Inhaltsstoffen mit Pflaumenkern- und Bio-MandelÃ¶l stÃ¤rkt den natÃ¼rlichen Lipidmantel deiner Haut und unterstÃ¼tzt so ihre Schutzfunktion. Die Hautbarriere wird gestÃ¤rkt, deine irritierte Haut fÃ¼hlt sich gut an. Â Die Haut wird widerstandsfÃ¤higer, Juckreiz und Hautirritationen werden gelindert. Du kannst sie als Tages- und Nachtcreme verwenden.Wirkstoffe / Inhaltsstoffe / ZutatenInhaltsstoffe von Weleda Sensitiv Feuchtigkeitscreme Mandel : Wasser/ Quellwasser, MandelÃ¶l+, Alkohol, FettsÃ¤ureglyzerid, Bienenwachshydrolysat, PflaumenkernÃ¶l, Glyzerin, Xanthan,MilchsÃ¤ureGegenanzeigenBei bekannter Ãberempfindlichkeit gegen einzelne Inhaltsstoffe sollte Weleda Sensitiv Feuchtigkeitscreme Mandel nicht angewendet werden.DosierungAnwendungsempfehlung von Weleda Sensitiv Feuchtigkeitscreme Mandel: Morgens und abends auf Gesicht, Hals und DekolletÃ© auftragen.Â Weleda Sensitiv Feuchtigkeitscreme Mandel kÃ¶nnen in Ihrer Versandapotheke www.versandapo.de erworben werden.;9.49;Weleda;Feuchtigkeitspflege;;;;;
Weleda Iris Tagespflege;https://www.versandapo.de/images/product_images/popup_images/19183078.jpg;Anwendungsgebiet von Weleda Iris TagespflegeWeleda Iris Tagespflege hilft der Haut, gut durch den Tag zu kommen. Sie schÃ¼tzt die Hautbarriere und fÃ¶rdert die FÃ¤higkeit der Haut, sich selbst zu regulieren und in Balance zu halten.Weleda Iris Tagespflege mit Extrakten der Bio-Iriswurzel und JojobaÃ¶l spendet der Haut langanhaltende Feuchtigkeit und bewahrt sie vor dem Austrocknen. Die Haut fÃ¼hlt sich erfrischt und geschmeidig an. Wirkstoffe / Inhaltsstoffe / ZutatenInhaltsstoffe von Weleda Iris Tagespflege : Wasser/ Quellwasser, JojobaÃ¶l+, VergÃ¤llter Alkohol, Glyzerin, Kakaobutter+, Sheabutter+, Destillat aus Hamamelis,Bienenwachs, FettsÃ¤ureglyzerid, TapiokastÃ¤rke, Fettalkohol, Lysolezithin, Auszug aus Iriswurzelstock+, Tonerde, Xanthan,FettsÃ¤ureglyzerid, Duft aus natÃ¼rlichen Ã¤therischen Ãlen und/oder Pflanzenextrakten*, Limonen*, Linalool*, Citronellol*, Geraniol*,Citral*, Eugenol**aus natÃ¼rlichen Ã¤therischen Ãlen +aus biologischem AnbauGegenanzeigenBei bekannter Ãberempfindlichkeit gegen einzelne Inhaltsstoffe sollte Weleda Iris Tagespflege nicht angewendet werden.DosierungAnwendungsempfehlung von Weleda Iris Tagespflege: Morgens nach der Reinigung auf Gesicht, Hals und DekolletÃ© auftragen. Eignet sich auch sehr gut als Make-up Grundlage.â¯Weleda Iris Tagespflege kÃ¶nnen in Ihrer Versandapotheke www.versandapo.de erworben werden.;8.49;Weleda;Feuchtigkeitspflege;;;;;
Weleda Skin Food Light;https://www.apodiscounter.de/images/product_images/popup_images/14026411.jpg;Anwendungsgebiet von Weleda Skin Food Light2 in 1: Eignet sich optimal fÃ¼r die Pflege von trockenen Hautstellen an Gesicht und KÃ¶rper. Superfood fÃ¼r die Haut!  Die Hautcreme Skin Food gibt es jetzt auch in einer Light-Version. Mit der ErgÃ¤nzung der Pflegelinie um Skin Food Light kommen alle auf ihre Kosten, die unsere beliebte Hautcreme Skin Food lieben, sich aber nach einer etwas leichteren Creme gesehnt haben, die schnell einzieht. Weleda Skin Food Light befriedigt dieses BedÃ¼rfnis und stillt sofort den Durst hungriger Haut.  Die Creme hinterlÃ¤sst ein angenehmes HautgefÃ¼hl und spendet intensive Feuchtigkeit.Wirkungsweise von Weleda Skin Food LightWeleda Skin Food Light lÃ¶scht sofort den Durst trockener Haut und versorgt sie intensiv mit Feuchtigkeit.  Die seidige Creme beruhigt die Haut mit ihrer reichhaltigen Formel und wertvollen Pflanzenextrakten aus StiefmÃ¼tterchen, Ringelblume und KamillenblÃ¼ten. ZusÃ¤tzlich schÃ¼tzen Bio-SonnenblumenÃ¶l, Bio-Sheabutter und Bio-Kakaobutter vor dem Austrocknen und spenden langanhaltende Feuchtigkeit.Wirkstoffe / Inhaltsstoffe / ZutatenInhaltsstoffe von Weleda Skin Food Light: Water (Aqua), Helianthus Annuus (Sunflower) Seed Oil, Glycerin, Alcohol, Glyceryl Stearate Citrate, Beeswax (Cera Alba), Theobroma Cacao (Cocoa) Seed Butter, Cetearyl Alcohol, Butyrospermum Parkii (Shea) Butter, Limonene*, Viola Tricolor Extract, Rosmarinus Officinalis (Rosemary) Leaf Extract, Chamomilla Recutita (Matricaria) Flower Extract, Calendula Officinalis Flower Extract, Lanolin, Carrageenan, Xanthan Gum, Lactic Acid, Glyceryl Caprylate, Fragrance (Parfum)*, Linalool*, Geraniol*, Citral**form natural essential oilsGegenanzeigenBei bekannter Ãberempfindlichkeit gegen einzelne Inhaltsstoffe sollte Weleda Skin Food Light nicht angewendet werden.Weleda Skin Food Light kÃ¶nnen in Ihrer Versandapotheke apodiscounter erworben werden.;8.29;Weleda;Feuchtigkeitspflege;;;;;
WELEDA straffende Tagespflege Granatapfel & Maca-Peptide mindert Falten & strafft, 40 ml Creme;https://nbg1.your-objectstorage.com/inspirax-image-server-bucket/18075056_01.jpeg;hochwertige medizinische Hautpflege zur Pflege der Haut Creme zum Auftragen auf die Haut Dermokosmetik aus der Apotheke Hersteller: Weleda AG, Deutschland (Originalprodukt aus Deutschland) PZN: 18075056;19.67;Weleda;Feuchtigkeitspflege;;;;;
Anua - Zero-cast Moisturizing Finish Sunscreen - Sonnencreme Mit Lsf 50 - zero-cast Moisturizing Finish Spf 50+pa+;https://media.sephora.eu/content/dam/digital/pim/published/A/ANUA_THE_FOUNDERS/799302/399707-media_swatch-0.jpg?scaleWidth=500&scaleHeight=500&scaleMode=fit;Eine leichte und seidige sonnencreme, die mit heartleaf-extrakt, panthenol und 10 arten von hyaluronsäure angereichert ist. Sie schützt die haut mit einem hohen breitbandlichtschutzfaktor von 50+,beruhigt sie und spendet ihr außerdem wohltuende feuchtigkeit.sie verleiht dir ein strahlendes finish ganz ohne fettfilm und ist ideal für die tägliche anwendung und alle hauttypen, einschließlich empfindliche haut.warum wir das produkt lieben• bietet 98 % uv-schutz mit einem uva/uvb-breitbandspektrum.• besänftigt irritationen und lindert rötungen mithilfe des heartleaf-extrakts.• die hyaluronsäure spendet intensiv feuchtigkeit und panthenol sorgt für ein nicht klebendes finish.• leichte textur, die schnell einzieht und perfekt unter dem make-up aufgetragen werden kann.  Anua - Zero-cast moisturizing finish sunscreen - sonnencreme mit lsf 50 - -zero-cast moisturizing finish spf 50+pa+;18.45;Anua;Sonnenschutz;Avobenzone, Homosalate, Octisalate, Octocrylene, Water (Aqua), Butyloctyl Salicylate, Glycerin, Dimethicone, Poly C10-30 Alkyl Acrylate, VP/Eicosene Copolymer, Cetearyl Alcohol, Niacinamide, Sodium Stearoyl Glutamate, Ammonium Polyacryloyldimethyl Taurate, Hydroxyacetophenone, Phenoxyethanol, Tocopheryl Acetate, Panthenol, Pentaerythritiyl Tetra-Di-T-Butyl Hydroxyhydrocinnamate, Xanthan Gum, 1,2-Hexanediol, Sodium Hyaluronate;"Trage den Sonnenschutz vor dem Aufenthalt in der Sonne auf.
Creme regelmäßig nach, um den Schutz aufrechtzuerhalten, insbesondere nach dem Schwimmen, Schwitzen oder Abtrocknen.";true;True;true
Hydrance Hydrating Cream SPF 30 - Hydratační ochannÍ½ krém;https://www.mystationary.de/media/c3/90/7e/1775885296/e1e1270fefbdff8cd75be405f6d692f2a22688eb_MS_0063142_image_1_576154_hydrance_hydrating_cream_spf_30_hydratacni_ochanny_krem.jpg?ts=1775885300;Avene Hydrance Moisturizing Cream SPF30;29.95;AVENE;Sonnenschutz;Avène Thermalwasser, Hyaluronsäure, Aloe‑Polysaccharide, SPF 30, HEV Blue Light Filter.;Morgens nach der Reinigung gleichmäßig auf Gesicht, Hals und ggf. Dekolleté auftragen. Die Creme eignet sich ideal als tägliche Tagespflege und kann auch unter Make-up verwendet werden. Bei längerer Sonnenexposition regelmäßig nachcremen, insbesondere nach Schwitzen oder Abtrocknen.;true;True;true
Beauty of Joseon Rice + Probiotics : Relief Sun Cream SPF 50+ 50 ml;https://www.mystationary.de/media/5b/c8/a9/1775868715/54bfbc93ee95087593eec0c8be8e50328821b7e1_MS_0063838_image_1_111301.jpg?ts=1775868718;Facial Cream with SPF;22.95;Beauty of Joseon;Sonnenschutz;AQUA, DIBUTYL ADIPATE, PROPANEDIOL, DIETHYLAMINO HYDROXYBENZOYL HEXYL BENZOATE, POLYMETHYLSILSESQUIOXANE, ETHYLHEXYL TRIAZONE, NIACINAMIDE, METHYLENE BIS-BENZOTRIAZOLYL TETRAMETHYLBUTYLPHENOL, COCO-CAPRYLATE/CAPRATE, CAPRYLYL METHICONE, DIETHYLHEXYL BUTAMIDO TRIAZONE, GLYCERIN, 1,2-HEXANEDIOL, BUTYLENE GLYCOL, PENTYLENE GLYCOL, BEHENYL ALCOHOL, POLY C10-30 ALKYL ACRYLATE, POLYGLYCERYL-3 METHYLGLUCOSE DISTEARATE, DECYL GLUCOSIDE, ORYZA SATIVA (RICE) EXTRACT, TROMETHAMINE, CARBOMER, ACRYLATES/C10-30 ALKYL ACRYLATE CROSSPOLYMER, SODIUM STEAROYL GLUTAMATE, POLYACRYLATE CROSSPOLYMER-6, ETHYLHEXYLGLYCERIN, ADENOSINE, XANTHAN GUM, T-BUTYL ALCOHOL, TOCOPHEROL, ORYZA SATIVA (RICE) GERM EXTRACT, CAMELLIA SINENSIS LEAF EXTRACT, LACTOBACILLUS/RICE FERMENT, LACTOBACILLUS/PUMPKIN FERMENT EXTRACT, MONASCUS/RICE FERMENT, BACILLUS/SOYBEAN FERMENT EXTRACT, SACCHARUM OFFICINARUM (SUGARCANE) EXTRACT, ASPERGILLUS FERMENT, MACROCYSTIS PYRIFERA (KELP) EXTRACT, COCOS NUCIFERA (COCONUT) FRUIT EXTRACT, PANAX GINSENG ROOT EXTRACT, SACCHAROMYCES/RICE FERMENT FILTRATE;Trage eine geeignete Menge Sonnenschutzmittel auf, um die Bereiche zu schützen, die der UV-Strahlung ausgesetzt sind.;true;False;true
Byoma - Ultralight Face Fluid Spf 30 - Sonnenschutz - spf 30 Face Fluid 50ml;https://media.sephora.eu/content/dam/digital/pim/published/B/BYOMA/757718/364132-media_swatch.jpg?scaleWidth=500&scaleHeight=500&scaleMode=fit;Das ultraleichte fluid ist ein echter superstar unter den sonnenschutzmitteln und bietet in einem einzigen schritt die ultimative kombination aus feuchtigkeit, linderung und schutz vor schädlichen uva- und uvb-strahlen. Du bist komplett geschützt und hast keine nachteile wie fettflecken oder weiße rückstände. Verwende das fluid als letzten schritt deiner pflegeroutine für sofort strahlende haut und einen hohen lichtschutzfaktor von 30. die cera-sun-technologie regeneriert die hautschutzbarriere und lindert gleichzeitig durch uv-strahlung verursachte rötungen. Hyaluronsäure beruhigt und lindert irritationen, während asthaxanthin (das für die rosa färbung verantwortlich ist) einen antioxidativen schutz bietet, der 6000-mal stärker ist als vitamin c. die formel wurde dermatologisch getestet und bestätigt, ist nicht komedogen, vegan, alkohol- und parfümfrei.  Byoma - Ultralight face fluid spf 30 - sonnenschutz - -spf 30 face fluid 50ml;18.95;Byoma;Sonnenschutz;"Water/Aqua/Eau
Octocrylene
Homosalate
Octisalate
Butyloctyl Salicylate
Avobenzone
Glycerin
Dicaprylyl Carbonate
Diisopropyl Adipate
Sodium Stearoyl Glutamate
Cocoglycerides
Propanediol
Microcrystalline Cellulose
Tocopherol
Bisabolol
Caprylyl Glycol
Ethyl Ferulate
Sodium Hyaluronate
Glyceryl Stearate SE
Methylheptylglycerin
Sodium Gluconate
Caprylhydroxamic Acid
Xanthan Gum
Phospholipids
Cellulose Gum
Citric Acid
Glycolipids
Olea Europaea (Olive) Fruit Oil
Aloe Barbadensis Leaf Juice
Phosphatidylserine
Astaxanthin
Ceramide NP
Cholesterol
Hydrogenated Lecithin
Oleic Acid
Phytosphingosine
Haematococcus Pluvialis Extract
Caprylic/Capric Triglyceride
Stearic Acid
Sodium Benzoate
Potassium Sorbate
1,2-Hexanediol
Beta-Glucan
Lactic Acid";"Wie man es anwendet: 15 Minuten vor dem Sonnenbad großzügig und gleichmäßig auftragen.
Regelmäßig nachcremen, um den Schutz aufrechtzuerhalten, insbesondere nach dem Baden, Schwitzen oder Abtrocknen.";true;true;true
CeraVe Feuchtigkeitsspendende Gesichtscreme mit LSF 50;https://www.versandapo.de/images/product_images/popup_images/18029926.jpg;Anwendungsgebiet von CeraVe Feuchtigkeitsspendende Gesichtscreme mit LSF 50Die CeraVe Feuchtigkeitsspendende Gesichtscreme mit LSF 50 stÃ¤rkt die Hautschutzbarriere und schÃ¼tzt sie zuverlÃ¤ssig vor UVA- und UVB-Strahlung. Dabei spendet sie 24 Stunden Feuchtigkeit.Wirkungsweise von CeraVe Feuchtigkeitsspendende Gesichtscreme mit LSF 50Die CeraVe Feuchtigkeitsspendende Gesichtscreme mit LSF 50 schÃ¼tzt normale und trockene Haut vor tÃ¤glicher UVA- und UVB-Strahlung und Umwelteinwirkungen. Drei essenzielle Ceramide helfen bei der Erneuerung der Hautschutzbarriere und in Kombination mit der MVE-Technologie wird die Haut kontinuierlich und intensiv mit Feuchtigkeit versorgt - bis zu 24 Stunden.   Die angenehme Formel mit Vitamin E und Niacinamiden wirkt beruhigend und ist besonders leicht aufzutragen. Auf Duftstoffe und Parabene wird verzichtet, die Gesichtscreme ist auÃerdem nicht-komedogen.Wirkstoffe / Inhaltsstoffe / ZutatenCeraVe Feuchtigkeitsspendende Gesichtscreme mit LSF 50 enthÃ¤lt:  Aqua / Water â¢ Glycerin â¢ Isopropyl Palmitate â¢ Bis-Ethylhexyloxyphenol Methoxyphenyl Triazine â¢ Ethylhexyl Salicylate â¢ Niacinamide â¢ Pentylene Glycol â¢ Butyl Methoxydibenzoylmethane â¢ Ethylhexyl Triazone â¢ Propanediol â¢ Zea Mays Starch / Corn Starch â¢ Potassium Cetyl Phosphate â¢ Diisopropyl Sebacate â¢ Oryza Sativa Cera / Rice Bran Wax â¢ Stearic Acid â¢ Ceramide Np â¢ Ceramide Ap â¢ Ceramide Eop â¢ Carbomer â¢ Glyceryl Stearate â¢ Cetearyl Alcohol â¢ Triethanolamine â¢ Behentrimonium Methosulfate â¢ Triethyl Citrate â¢ Sodium Hyaluronate â¢ Sodium Polyacrylate â¢ Sodium Lauroyl Lactylate â¢ Myristic Acid â¢ Cholesterol â¢ Palmitic Acid â¢ Tocopherol â¢ Caprylyl Glycol â¢ Citric Acid â¢ Trisodium Ethylenediamine Disuccinate â¢ Xanthan Gum â¢ Phytosphingosine â¢ Acrylates/C10-30 Alkyl Acrylate Crosspolymer â¢ Butyrospermum Parkii Butter / Shea Butter â¢ Benzoic Acid â¢ Peg-100 StearateGegenanzeigenBei;16.29;CeraVe;Sonnenschutz;AQUA / WATER / EAU, GLYCERIN, ISOPROPYL PALMITATE, BIS-ETHYLHEXYLOXYPHENOL METHOXYPHENYL TRIAZINE, ETHYLHEXYL SALICYLATE, NIACINAMIDE, PENTYLENE GLYCOL, BUTYL METHOXYDIBENZOYLMETHANE, ETHYLHEXYL TRIAZONE, PROPANEDIOL, ZEA MAYS STARCH / CORN STARCH, POTASSIUM CETYL PHOSPHATE, DIISOPROPYL SEBACATE, ORYZA SATIVA CERA / RICE BRAN WAX, STEARIC ACID, CERAMIDE NP, CERAMIDE AP, CERAMIDE EOP, CARBOMER, GLYCERYL STEARATE, CETEARYL ALCOHOL, TRIETHANOLAMINE, BEHENTRIMONIUM METHOSULFATE, TRIETHYL CITRATE, SODIUM HYALURONATE, SODIUM POLYACRYLATE, SODIUM LAUROYL LACTYLATE, MYRISTIC ACID, CHOLESTEROL, PALMITIC ACID, TOCOPHEROL, CAPRYLYL GLYCOL, CITRIC ACID, TRISODIUM ETHYLENEDIAMINE DISUCCINATE, XANTHAN GUM, PHYTOSPHINGOSINE, ACRYLATES/C10-30 ALKYL ACRYLATE CROSSPOLYMER, BUTYROSPERMUM PARKII BUTTER / SHEA BUTTER, BENZOIC ACID, PEG-100 STEARATE (F.I.L. N292333/1).;Täglich morgens auf die gereinigte Gesichtshaut auftragen und sanft einmassieren. ;true;true;true
Clinique City Block Sheer Oil-Free Daily Face Protector SPF 25 40 ml;https://www.mystationary.de/media/9b/94/b4/1775821011/789a48c345fb8cbf8dd684b670bef68e17787746_MS_0064346_image_1_410051_city_block_sheer_spf25_denni_krem.jpg?ts=1775821012;Day Cream with Sun Protection;41.95;Clinique;Sonnenschutz;Titanium Dioxide 7.30%, Zinc Oxide 6.90%Ingredients: Water\Aqua\Eau, Trioctyldodecyl Citrate, Butylene Glycol, Cyclopentasiloxane, Dimethicone, C12-15 Alkyl Benzoate, Steareth-2, Stearyl Heptanoate, Silica, Lecithin, Ammonium Acryloyldimethyltaurate/Vp Copolymer, Gentiana Lutea (Gentian) Root Extract, Rosmarinus Officinalis (Rosemary) Leaf Extract, Hordeum Vulgare (Barley) Extract\Extrait D'Orge, Betula Alba (Birch) Bark Extract, Cucumis Sativus (Cucumber) Fruit Extract, Laminaria Saccharina Extract, Saccharomyces Lysate Extract, Helianthus Annuus (Sunflower) Seedcake, Sodium Hyaluronate, Sorbitan Tristearate, Linoleic Acid, Polyquaternium-51, Caprylyl Methicone, Sorbitol, Sodium Rna, Peg-40 Stearate, Caprylyl Glycol, Tocopheryl Acetate, Phytantriol, Stearic Acid, Hydrogenated Lecithin, Cellulose, Magnesium Ascorbyl Phosphate, Stearyl Dimethicone, Ascorbyl Tocopheryl Maleate, Nordihydroguaiaretic Acid, Linolenic Acid, Pantethine, Bisabolol, Ceteth-2, Peg/Ppg-18/18 Dimethicone, Polyglyceryl-6 Polyricinoleate, Steareth-20, Isopropyl Titanium Triisostearate, Propylene Glycol Dicaprate, Sodium Stearate, Nylon-12, Citric Acid, Aluminum Hydroxide, Nylon-6, Hexylene Glycol, Xanthan Gum, Disodium Edta, Bht, Phenoxyethanol, Titanium Dioxide (Ci 77891), Iron Oxides (Ci 77491, Ci 77492, Ci 77499);Nach der 3-Phasen-Systempflege und dem entsprechenden Pflegeprodukt anwenden. Mit den Fingerspitzen leicht im Gesicht verteilen, danach Makeup auftragen. Ideal für die Anwendung im Augenbereich.;true;true;true
DUCRAY Melascreen UV reichhaltige Creme LSF 50+, 40 ml Creme;https://nbg1.your-objectstorage.com/inspirax-image-server-bucket/13984771_01.jpg;hochwertiges medizinisches Sonnenschutzmittel für empfindliche Haut Creme zum Auftragen auf die Haut Dermokosmetik aus der Apotheke Hersteller: Pierre Fabre Pharma GmbH, Deutschland (Originalprodukt aus Deutschland) PZN: 13984771;34.74;DUCRAY;Sonnenschutz;WATER (AQUA). C12-15 ALKYL BENZOATE. DIEHTYLAMINO HYDROXYBENZOYL HEXYL BENZOATE. ETHYLHEXYL TRIAZONE. ORYZA SATIVA (RICE) STARCH (ORYZA SATIVA STARCH). PHENYLENE BIS-DIPHENYLTRIAZINE. GLYCERIN. BIS-ETHYLHEXYLOXYPHENOL METHOXYPHENYL TRIAZINE. GLYCERYL STEARATE. POTASSIUM CETYL PHOSPHATE. STEARYL ALCOHOL. VP/EICOSENE COPOLYMER. AZELAIC ACID. BENZOIC ACID. CAPRYLYL GLYCOL. GLYCERYL BEHENATE. GLYCERYL DIBEHENATE. PPG-1-PEG-9 LAURYL GLYCOL ETHER. RED 33 (CI 17200). SODIUM HYDROXIDE. TRIBEHENIN. XANTHAN GUM.;Täglich anwenden, mindestens zweimal am Tag – morgens und abends. Creme auf Gesicht, Hals, Dekolleté und Hände auftragen. Bei starker Sonneneinstrahlung alle zwei Stunden oder nach Bedarf nachcremen. Vor dem Sonnenbad eine Fingerbreite des Produkts (2 mg/cm²) auf Gesicht, Hals, Dekolleté und Hände geben. Regelmäßig nachcremen, besonders nach dem Baden, Abtrocknen oder Schwitzen, um den Sonnenschutz aufrechtzuerhalten. Kontakt mit den Augen vermeiden.;true;true;true
DUCRAY KERACNYL UV LSF50+ - Fluid gegen Hautunreinheiten;https://www.versandapo.de/images/product_images/popup_images/17438373.jpg;Anwendungsgebiet von DUCRAY KERACNYL UV LSF50+ - Fluid gegen Hautunreinheiten DUCRAY KERACNYL UV LSF50+ - Fluid gegen Hautunreinheiten  ist eine unterstÃ¼tzende Gesichtspflege mit Sonnenschutz bei Hautunreinheiten und Hautunreinheiten infolge von UV-Strahlung (Rebound-Effekt). DUCRAY KERACNYL UV LSF50+ - Fluid gegen Hautunreinheiten  reduziert Pickel und begrenzt den Rebound-Effekt nachhaltig.Die tÃ¤gliche UV-Strahlung steigert die Talgproduktion und gleichzeitig eine Verdickung der Haut. Dadurch bleibt der Talg in der HautoberflÃ¤che eingeschlossen. LÃ¤sst die Sonneneinstrahlung nach, wird die Haut dÃ¼nner. Die Talg- und BakterieneinschlÃ¼sse treten hervor. Es bilden sich erneut Pickel, Mitesser und erweiterte Poren. In der Folge entsteht der sogenannte Rebound-Effekt. DUCRAY KERACNYL UV LSF50+ - Fluid gegen Hautunreinheiten  bietet eine 2-in-1 Pflege aus einer einzigartigen Kombination aus einem UVA-/UVB-Breitbandfilter sowie den Aktivstoffen MyrtacinÂ® und CelastrolÂ®. Diese eignet sich fÃ¼r fettige und zu Akne neigender Haut. DUCRAY KERACNYL UV LSF50+ - Fluid gegen Hautunreinheiten  ist eine unterstÃ¼tzende, nicht komedogene Pflege gegen Unreinheiten vereint mit einem sehr hohen Sonnenschutz LSF 50+.Wirkungsweise von DUCRAY KERACNYL UV LSF50+ - Fluid gegen Hautunreinheiten DUCRAY KERACNYL UV LSF50+ - Fluid gegen Hautunreinheiten  besteht aus einer innovativen Kombination von Aktivstoffen. Es vereint  MyrtacinÂ® und CelastrolÂ®, die eine synergistische entzÃ¼ndungshemmende Wirkung besitzen. DUCRAY KERACNYL UV LSF50+ - Fluid gegen Hautunreinheiten  entfernt den Biofilm und hemmt dessen Neubildung. ZusÃ¤tzlich wirkt die Pflege gezielt auf den Ursprung der EntzÃ¼ndungszeichen ein. Dadurch wird der durch UV-Strahlung hervorgerufene Rebound-Effekt, der Unreinheiten und EntzÃ¼ndugnen verstÃ¤rkt, nachhaltig begrenzt. Mit dem UVA-/UVB-Breitbandfilterkomplex mit LSF50+ bietet DUCRAY KERACNYL UV LSF50+ - Fluid gegen Hautunreinheiten  einen sehr hohen Schutz der;20.59;Ducray;Sonnenschutz;Wasser (Aqua), C12-15 Alkyl Benzoate, Dicaprylyl Carbonate, Methylene Bis-Benzotriazolyl Tetramethylbutylphenol [Nano], Diisopropyl Adipate, Silica, Bis-Ethylhexyloxyphenol Methoxyphenyl Triazine, Diethylhexyl Butamido Triazone, Zea Mays (Mais) Starch (Zea Mays Starch), Butyl Methoxydibenzoylmethane, C10-18 Triglyceride, Decyl Glucoside, Glycerin, Glyceryl Stearate, PEG-100 Stearate, Kalium Cetyl Phosphat, Acrylate/C10-30 Alkyl Acrylate Crosspolymer, Benzoesäure, Caprylyl Glycol, Disodium EDTA, Parfüm (Parfum), Glyceryl Behenate, Glyceryl Dibehenate, Glyceryl Laurate, Myrtus Communis Leaf Extract, Niacinamide, Pentylene Glycol, Propylene Glycol, Sodium Hydroxide, Stearyl Alcohol, Tocopherol, Tribehenin, Tripterygium Wilfordii Callus Extract, Xanthan Gum.;Auf die gereinigte Haut auftragen und mit kreisförmigen Bewegungen einmassieren.;true;true;True
Eucerin Sun Photoaging Control Face Fluid LSF 50+;https://www.versandapo.de/images/product_images/popup_images/13827988_aktion.jpg;Anwendungsgebiet von Eucerin Sun Photoaging Control Face Fluid LSF 50+Eucerin Sun Photoaging Control Face Fluid LSF 50+ â hoher Sonnenschutz hilft gegen Photoaging und reduziert Falten sichtbar.Das Eucerin Photoaging Control Face Sun Fluid LSF 50+ ist ein starker Sonnenschutz, der alle Hauttypen vor Photoaging schÃ¼tzt und Falten sichtbar reduziert. Die Hautzellen kÃ¶nnen nicht nur durch UV-Strahlung, sondern ebenso durch das hochenergetische sichtbare Licht (HEV-Licht) beeintrÃ¤chtigt werden. Der hierfÃ¼r nÃ¶tige umfassende Schutz ist mit diesem Sonnenfluid gegeben. Es ist fÃ¼r den tÃ¤glichen Gebrauch geeignet und schafft mit der Advanced Spectral Technology eine innovative Kombination von UVA- und UVB-Filter fÃ¼r hohen UV-Schutz mit Licochalcone A zur Neutralisation freier Radikale. Zur hauteigenen DNA-Reparatur enthÃ¤lt die Sonnenschutzcreme auÃerdem GlycyrrhetinsÃ¤ure. ZusÃ¤tzlich ist die Sonnencreme mit kurz- und langkettiger HyaluronsÃ¤ure angereichert und reduziert somit sichtbar Falten im Gesicht und DekolletÃ©. Die leichte Textur der Sonnen Creme zieht leicht und ohne zu fetten ein, ist unparfÃ¼miert sowie nicht komedogen. Sie ist auch fÃ¼r empfindliche Haut sehr gut vertrÃ¤glich und als Make-up-Grundlage geeignet. Ihre HautvertrÃ¤glichkeit ist dermatologisch bestÃ¤tigt.Wirkungsweise von Eucerin Sun Photoaging Control Face Fluid LSF 50+Mehr Sicherheit als nur vor UV-Strahlung: Die Advanced Spectral Technology kombiniert UVA/UVB-Filter fÃ¼r hohen UV-Schutz und Licochalcone A zur Neutralisation freier Radikale, ausgelÃ¶st durch UV- und hochenergetisches sichtbares Licht.Wirkstoffe / Inhaltsstoffe / ZutatenEucerin Sun Photoaging Control Face Fluid LSF 50+ enthÃ¤lt:Aqua, C12-15 Alkyl Benzoate, Glycerin, Alcohol Denat., Butyl Methoxydibenzoylmethane, Bis-Ethylhexyloxyphenol Methoxyphenyl Triazine, Butylene Glycol Dicaprylate/Dicaprate, Ethylhexyl Triazone, Dibutyl Adipate, Distarch Phosphate, Tapioca Starch, Diethylamino Hy;20.39;Eucerin;Sonnenschutz;Aqua, C12-15 Alkyl Benzoate, Glycerin, Alcohol Denat., Butyl Methoxydibenzoylmethane, Bis-Ethylhexyloxyphenol Methoxyphenyl Triazine, Butylene Glycol Dicaprylate/Dicaprate, Ethylhexyl Triazone, Dibutyl Adipate, Distarch Phosphate, Tapioca Starch, Diethylamino Hydroxybenzoyl Hexyl Benzoate, Glyceryl Stearate Citrate, Phenylbenzimidazole Sulfonic Acid, Behenyl Alcohol, Cetearyl Alcohol, Sodium Hyaluronate, Glycyrrhetinic Acid, Glycyrrhiza Inflata Root Extract, Copernicia Cerifera Cera, Carrageenan, Xanthan Gum, Hydroxypropyl Methylcellulose, Silica, Trisodium Ethylenediamine Disuccinate, Sodium Hydroxide, Hydroxyacetophenone, Ethylhexylglycerin, Benzyl Alcohol;"ragen Sie die Creme vor dem Sonnenbad großzügig und gleichmäßig auf und erneuern Sie sie häufig, um das Schutzniveau aufrechtzuerhalten, insbesondere nach dem Baden, Abtrocknen oder Schwitzen.

Eine Verringerung der aufgetragenen Menge an Sonnenschutzmittel verringert das Schutzniveau deutlich.";true;False;true
Kiehl's Since 1851 - Ultra Light - Daily Defense Spf 50 - uv Defense Antipolution Spf50 30ml;https://media.sephora.eu/content/dam/digital/pim/published/K/KIEHLS/533883/225539-media_swatch.jpg?scaleWidth=500&scaleHeight=500&scaleMode=fit;Kiehl's ultra light daily uv defense spf50 pa+++: anti-age sonnencreme für langanhaltend jugendliche haut.  schädliche uva- und uvb-strahlung sowie andere umwelteinflüsse sind die hauptursachen, die zu einer vorzeitigen hautalterung führen. Daher ist es wichtig, dass sie sich genau vor diesen einflussfaktoren schützen. Nutzen sie dafür die kiehl's ultra light daily uv defense spf50 pa+++ anti-age sonnenpflege.  die tagespflege bietet einen hochwirksamen und langanhaltenden sonnenschutz (lsf 50) und mildert anzeichen der hautalterung. Der lichtschutzfaktor 50 schirmt die haut gegen die sonnenstrahlung ab. Zusätzlich sorgt die innovative anti-verschmutzungsformel dafür, dass sie gesichtshaut auch vor anderen externe umwelteinflüsse geschützt wird. Dies wird durch eine einzigartige kombination von baikalwurzelextrakt und zellulosekugeln erreicht. Dies wirkstoffe stärken ihre natürliche hautbarriere, die in der lage ist, verschmutzungen selbstständig zu entfernen.  mit der kiehl's ultra light daily uv defense spf50 pa+++ beugen sie vorzeitiger hautalterung vor und versorgen die haut gleichzeitig mit feuchtigkeit. Bei regelmäßiger anwendung wirkt die haut glatter, strahlender und jugendlicher!  Kiehl's Since 1851 - Ultra light - daily defense spf 50 - -uv defense antipolution spf50 30ml;41.45;Kiehl's Since 1851;Sonnenschutz;AQUA/WATER,ETHYLHEXYL METHOXYCINNAMATE,DIMETHICONE, GLYCERIN, DROMETRIZOLETRISILOXANE, TEREPHTHALYLIDENEDICAMPHOR SULFONIC ACID, PROPYLENEGLYCOL, TITANIUM DIOXIDE, ALCOHOLDENAT., TRIETHANOLAMINE, STEARIC ACID,POTASSIUM CETYL PHOSPHATE,NYLON-12, PALMITIC ACID, PEG-100STEARATE, GLYCERYL STEARATE,PHENOXYETHANOL, CETYL ALCOHOL,CELLULOSE, BIS-ETHYLHEXYLOXYPHENOLMETHOXYPHENYL TRIAZINE,DIETHYLAMINO HYDROXYBENZOYLHEXYL BENZOATE, CITRIC ACID,ALUMINUM HYDROXIDE, CAPRYLYLGLYCOL, SODIUM COCOYLSARCOSINATE, CARBOMER,TOCOPHEROL, TROMETHAMINE,SCUTELLARIA BAICALENSISEXTRACT/SCUTELLARIA BAICALENSISROOT EXTRACT, ACRYLAMIDE/SODIUMACRYLOYLDIMETHYLTAURATE COPOLYMER,ISOHEXADECANE, XANTHAN GUM,MYRISTIC ACID, DISODIUM EDTA,ADENOSINE, POLYSORBATE 80, ARGININE,MANNITOL, DISODIUM ADENOSINETRIPHOSPHATE, RNA, PYRIDOXINE HCL,SORBITAN OLEATE, SORBITOL, PENTYLENEGLYCOL, BHT, HISTIDINE HCL, ZEAMAYS KERNEL EXTRACT/CORN KERNELEXTRACT, SODIUM CHLORIDE, FAEXEXTRACT/YEAST EXTRACT, PHENYLALANINE,MENTHA PIPERITA EXTRACT/PEPPERMINTEXTRACT, ROSA GALLICA FLOWER EXTRACT,TYROSINE, SORBIC ACID;Verwenden Sie die Kiehl's Ultra Light Daily UV Defense SPF50 Pa+++ Sonnenschutzcreme am besten morgens nach der Reinigung des Gesichts. Tragen Sie das Produkt großzügig auf und lassen Sie es vollständig einziehen. Wiederholen Sie die Anwendung nach Bedarf mehrmals im Laufe des Tages.;true;False;false
Anthelios Oil Control Gel-Creme UVMune 400 LSF 50+;https://www.versandapo.de/images/product_images/popup_images/18320165.jpg;Anwendungsgebiet von Anthelios Oil Control Gel-Creme UVMune 400 LSF 50+Anthelios Oil Control Gel-Creme UVMune 400 LSF 50+ bietet einen sehr hohen Schutz vor UVB- sowie langwelligen UVA-Strahlen dank des innovativen Filterystems Mexoryl 400. Die Sonnencreme fÃ¼rs Gesicht wurde speziell fÃ¼r Ã¶lige Haut entwickelt und mildert stÃ¶rendes HautglÃ¤nzen. Wirkungsweise von Anthelios Oil Control Gel-Creme UVMune 400 LSF 50+Dank der Formel mit AIRLICIUM-Technologie wird Ã¼berschÃ¼ssiger Talg absorbiert. Anthelios Oil Control Gel-Creme UVMune 400 LSF 50+ verfÃ¼gt Ã¼ber eine leichte Gel-Textur, die besonders schnell einzieht. Die mattierende Sonnencreme lÃ¤sst sich gut verteilen und brennt nicht in den Augen. Der Sonnenschutz fÃ¼r Ã¶lige Haut kommt ohne Dufstoffe aus und kann auch bei empfindlicher Haut verwendet werden.Wirkstoffe / Inhaltsstoffe / ZutatenInhaltsstoffe von Anthelios Oil Control Gel-Creme UVMune 400 LSF 50+:Aqua / Water â¢ Diisopropyl Sebacate â¢ Silica â¢ Alcohol Denat. â¢ Ethylhexyl Salicylate â¢ Ethylhexyl Triazone â¢ Bis-Ethylhexyloxyphenol Methoxyphenyl Triazine â¢ Diisopropyl Adipate â¢ Peg-8 â¢ Dipropylene Glycol â¢ C12-22 Alkyl Acrylate/Hydroxyethylacrylate Copolymer â¢ Glycerin â¢ Drometrizole Trisiloxane â¢ Aluminum Starch Octenylsuccinate â¢ Butyl Methoxydibenzoylmethane â¢ Methoxypropylamino Cyclohexenylidene Ethoxyethylcyanoacetate â¢ Tocopherol â¢ Diethylamino Hydroxybenzoyl Hexyl Benzoate â¢ Acrylates Copolymer â¢ Acrylates/C10-30 Alkyl Acrylate Crosspolymer â¢ Bixa Orellana Seed Extract â¢ Caprylyl Glycol â¢ Citric Acid â¢ Hydroxyacetophenone â¢ Maltodextrin â¢ Pentaerythrityl Tetra-Di-T-Butyl Hydroxyhydrocinnamate â¢ Pentylene Glycol â¢ Silica Silylate â¢ Sodium Polyacrylate â¢ Terephthalylidene Dicamphor Sulfonic Acid â¢ Triethanolamine â¢ Trisodium Ethylenediamine Disuccinate â¢ Zinc PcaGegenanzeigenBei bekannter Ãberempfindlichkeit gegen einen der Inhaltsstoffe sollte dieses Produkt nicht angewendet wer;20.19;La Roche Posay;Sonnenschutz;;;;;
La Roche Posay Hyalu B5 Suractivated Cream LSF 30 NachfÃ¼llpack;https://www.apodiscounter.de/images/product_images/popup_images/19948517.jpg;Anwendungsgebiet von La Roche Posay Hyalu B5 Suractivated Cream LSF 30 NachfÃ¼llpackDie Hyalu B5 Suractivated Cream mit LSF 30 mildert Falten sichtbarDas Refill der La Roche Posay Hyalu B5 Suractivated Cream mit LSF 30 ist eine ErgÃ¤nzung zur Anti-Aging Hautpflege. Angereichert mit HyaluronsÃ¤ure, Vitamin B5 und Ectoin mildert die Creme Falten, stÃ¤rkt die Hautschutzbarriere, spendet intensiv Feuchtigkeit und beruhigt empfindliche Haut. ZusÃ¤tzlich bietet der integrierte LSF 30 einen effektiven Sonnenschutz vor UVA- und UVB-Strahlen. So sorgt die Creme fÃ¼r eine straffere, glattere und aufgepolsterte Haut. Zudem fÃ¼hlt sich die reichhaltige, nicht komedogene Textur angenehm auf der Haut an und sorgt fÃ¼r ein spÃ¼rbar geschmeidiges HautgefÃ¼hl. Die Creme wird von Dermatologen empfohlen und ist ideal fÃ¼r alle Hauttypen, auch fÃ¼r empfindliche Haut.Wirkstoffe / Inhaltsstoffe / ZutatenLa Roche Posay Hyalu B5 Suractivated Cream LSF 30 NachfÃ¼llpack enthÃ¤lt: Aqua / Water / Eau , Glycerin , C12-15 Alkyl Benzoate , Diisopropyl Sebacate , Phenylbenzimidazole Sulfonic Acid , Alcohol Denat. , Bis-Ethylhexyloxyphenol Methoxyphenyl Triazine , Triethanolamine , Panthenol , Dimethicone , Ethylhexyl Triazone , Butyl Methoxydibenzoylmethane , Octyldodecanol , Cetyl Alcohol , Behenyl Alcohol , Zea Mays Starch / Corn Starch , Alpinia Galanga Leaf Extract , Stearic Acid , Sorbitan Isostearate , Cetearyl Alcohol , Cetearyl Glucoside , Peg-100 Stearate , Sodium Hyaluronate , Sodium Hydroxide , Sodium Polyacrylate Starch , Sodium Stearoyl Glutamate , Myristic Acid , Palmitic Acid , Adenosine , Ammonium Polyacryloyldimethyl Taurate , Ectoin , Hydroxyacetophenone , Hydroxyethyl Acrylate/Sodium Acryloyldimethyl Taurate Copolymer , Caprylic/Capric Triglyceride , Capryloyl Salicylic Acid , Citric Acid , Trisodium Ethylenediamine Disuccinate , Acetyl Glucosamine , Xanthan Gum , Pentylene Glycol , Phytic Acid , Poly C10-30 Alkyl Acrylate , Polyepsilon-Lysine , Polysorbate 60 , But;27.39;La Roche Posay;Sonnenschutz;;;;;
Laneige - Water Bank Uv Barrier Sunscreen Spf50 - Ultraleichte Sonnencreme - water Bank Uv Barrier Sunscreen 50ml;https://media.sephora.eu/content/dam/digital/pim/published/L/LANEIGE/796958/392321-media_swatch-0.jpg?scaleWidth=500&scaleHeight=500&scaleMode=fit;die sonnencreme, die alle anforderungen erfüllt: sie ist ultraleicht und bietet einen hohen schutz vor uva- und uvb-strahlen sowie schädigenden äußeren einflüssen. Sie spendet außerdem intensiv feuchtigkeit, um die hautbarriere zu stärken und den anzeichen von hautalterung vorzubeugen.warum wir das produkt lieben:• schützt effektiv vor uva- und uvb-strahlen dank des lsf 50 und pa++++• serumleichte textur• nicht fettendes finish, ohne weiße rückstände• ideal als make-up-basis oder als letzter pflegeschritt!das geheimnis?ein duo mit inhaltsstoffen auf basis von hyaluronsäure und heidelbeerextrakt, um die haut zu hydratisieren und sie gleichzeitig vor uva- und uvb-strahlen zu schützen.  Laneige - Water bank uv barrier sunscreen spf50 - ultraleichte sonnencreme - -water bank uv barrier sunscreen 50ml;29.95;Laneige;Sonnenschutz;;;;;
Laneige - Hydro Uv Defense Ex Sunscreen - Sonnenschutz Spf 50 - hydro Uv Defense Ex 50ml;https://media.sephora.eu/content/dam/digital/pim/published/L/LANEIGE/757168/364636-media_swatch.jpg?scaleWidth=500&scaleHeight=500&scaleMode=fit;Deine neue sonnencreme mit spf50 ist da!was das ist?  der mit centella asiatica und hydro ionized mineral angereicherte hydro uv sunscreen spf50 ist viel mehr als nur eine sonnencreme: er ist eine schützende pflege, die feuchtigkeit spendet, beruhigt und deine hautbarriere stärkt. Seine leichte, nicht fettende textur zieht schnell ein und hinterlässt ein unsichtbares finish, wodurch er sich perfekt für den täglichen gebrauch eignet.was in der formel steckt?eine einzigartige kombination aus wirkungsvollen inhaltsstoffen für optimalen sonnenschutz:•\tcentella asiatica: diese pflanze ist für ihre beruhigenden eigenschaften bekannt und trägt zur regeneration und beruhigung der haut bei.•\thydro ionized mineral water (ionisiertes mineralwasser): spendet intensiv feuchtigkeit und sorgt für ein gefühl von frische, damit deine haut frisch und strahlend bleibt.•\tuv-filter: schützen vor uva- und uvb-strahlen, beugen vorzeitiger hautalterung und sonnenbrand vor.das ergebnis?eine geschützte, mit feuchtigkeit versorgte und revitalisierte haut, die perfekt auf sonnige tage vorbereitet ist. anwendungshinweise:•\tanwendung: trage jeden morgen sowie vor dem sonnenbaden eine gleichmäßige schicht nach der reinigung, dem tonisieren und dem auftragen von serum und feuchtigkeitscreme auf das gesicht auf.•\twiederholung: wiederhole die anwendung alle zwei stunden, um einen optimalen schutz zu gewährleisten.  Laneige - Hydro uv defense ex sunscreen - sonnenschutz spf 50 - -hydro uv defense ex 50ml;24;Laneige;Sonnenschutz;;;;;
NIVEA SUN AA&ANTI PIGMENTFL LF30 50, 50 ml Creme;https://nbg1.your-objectstorage.com/inspirax-image-server-bucket/14368100_01.jpg;hochwertige Hautpflege zum UV-Schutz für die Haut Creme zum Auftragen auf die Haut hochwertige Markenkosmetik aus der Apotheke Hersteller: Beiersdorf AG, Deutschland (Originalprodukt aus Deutschland) PZN: 14368100;12.68;Nivea;Sonnenschutz;;;;;
Paula's Choice - Leichte Feuchtigkeitscreme Mit 5 % Vitamin C Und Lsf 50 - 60ml;https://media.sephora.eu/content/dam/digital/pim/published/P/PAULA/763976/367411-media_swatch.jpg?scaleWidth=500&scaleHeight=500&scaleMode=fit;Eine leichte gesichtscreme für die tägliche anwendung mit sonnenschutz. Sie ist angereichert mit vitamin c und aminosäuren, schützt, spendet feuchtigkeit und bringt den teint sichtbar zum strahlen. Sie ist nicht wahrnehmbar und für alle hauttypen und hauttöne geeignet.wichtige inhaltsstoffe:5 % vitamin c: mildert die zeichen der hautalterung, hellt einen unregelmäßigen teint auf, besänftig die haut und verstärkt den lichtschutzfaktoracetyl zingeron: ein antioxidans, das aus ingwer gewonnen wird. Es kompensiert die schäden, die durch schädliche umwelteinflüsse entstehen, und hilft, bereits sichtbare schäden zu mildern.porphyra umbilicalis-extrakt: eine alge, die die haut vor stressfaktoren aus der umwelt schützt, sie wirkt synergetisch mit vitamin c.positive effekte:die creme ist sowohl pflege als auch sonnenschutz - sie bietet eine zweifache wirkung in einem einzigen schritt. Die enthaltenen 3 vitamin c-derivate, schenken strahlkraft, vereinheitlichen den teint und boosten den lichtschutzfaktor für einen optimalen sonnenschutz. Die leichte, feuchtigkeitsspendende formel verleiht sofort glow und ist auf der haut nicht wahrnehmbar.  Paula's Choice - Leichte feuchtigkeitscreme mit 5 % vitamin c und lsf 50 - -60ml;53.95;Paula's Choice;Sonnenschutz;;;;;
Shiseido Essential Energy Hydrating Day Cream SPF 20 50 ml;https://www.mystationary.de/media/16/b4/bb/1775854303/34ecb4598eeab2906acbdf7c5b8bf07829dfc210_MS_0066072_image_1_0729238182875.jpg?ts=1775854306;Day Cream with Sun Protection;40.95;Shiseido;Sonnenschutz;;;;;
The Ordinary - Uv-filter Serum Spf 45 - Sonnenschutzserum - uv Filters Spf 45 Serum 60ml;https://media.sephora.eu/content/dam/digital/pim/published/T/THE_ORDINARY/757593/369868-media_swatch.jpg?scaleWidth=500&scaleHeight=500&scaleMode=fit;Ein serum für den täglichen gebrauch mit lichtschutzfaktor 45 und breitem schutzspektrum.  The Ordinary - Uv-filter serum spf 45 - sonnenschutzserum - -uv filters spf 45 serum 60ml;20.45;The Ordinary;Sonnenschutz;;;;;
Vichy LiftActiv B3 Anti - Dark Spots Cream SPF 50 50 ml;https://www.mystationary.de/media/5a/f9/73/1775899081/1e4d998c2dd2ddc5e047263d16a63d271dd69f80_MS_0065662_image_1_3337875832724.jpg?ts=1775899083;Anti-wrinkle Day Cream;41.95;Vichy;Sonnenschutz;;;;;
Weleda UV Glow Fluid LSF 30;https://www.apodiscounter.de/images/product_images/popup_images/19844491.jpg;Anwendungsgebiet von Weleda UV Glow Fluid LSF 30DasÂ Weleda UV Glow Fluid LSF 30 bietet Ihnen einen hohen, sofort wirksamen Schutz vor UVA- und UVB-Strahlen und vereint zuverlÃ¤ssige Pflege mit einem natÃ¼rlich strahlenden Finish. Die leichte Textur zieht schnell ein und sorgt fÃ¼r einen frischen Glow, der Ihre Haut ebenmÃ¤Ãig und gesund wirken lÃ¤sst. Wertvolles MoringaÃ¶l und fein abgestimmte Glow-Pigmente pflegen die Haut intensiv, wÃ¤hrend sie gleichzeitig zum Strahlen gebracht wird. Zudem spendet das Fluid bis zu 24 Stunden Feuchtigkeit und hinterlÃ¤sst ein angenehm geschmeidiges HautgefÃ¼hl â fÃ¼r optimalen Schutz und eine sichtbar gepflegte Haut, den ganzen Tag Ã¼ber.Wirkstoffe / Inhaltsstoffe / ZutatenWeleda UV Glow Fluid LSF 30 enthÃ¤lt:Water (Aqua), Zinc Oxide, Helianthus Annuus (Sunflower) Seed Oil, Coco-Caprylate/Caprate, Titanium Dioxide (nano), Polyglyceryl-6 Stearate, Caprylic/Capric Triglyceride, Pentylene Glycol, Glycerin, Polyhydroxystearic Acid, Undecane, Polyglyceryl-10 Laurate, Moringa Oleifera Seed Oil, Cetearyl Alcohol, Simmondsia Chinensis (Jojoba) Seed Oil, Haematococcus Pluvialis Extract, Citric Acid, Acacia Senegal Gum, Tocopherol, Bisabolol, Lecithin, Polyglyceryl-3 Polyricinoleate, Tridecane, Caprylyl Glycol, Sodium Stearoyl Glutamate, Polyglyceryl-6 Behenate, Xanthan Gum, 0, Stearic Acid, Mica, Alumina, Titanium Dioxide.GegenanzeigenBei bekannter Ãberempfindlichkeit gegenÃ¼ber einem der oben genannten Inhaltsstoffe sollte das Produkt nicht angewendet werden.DosierungAnwendungsempfehlung von Weleda UV Glow Fluid LSF 30:Sonnenschutzmittel vor dem SonnenÂ groÃzÃ¼gigÂ auftragen. Nicht mit anderen Produkten mischen. Geringe Auftragsmengen reduzieren die Schutzleistung erheblich. Mehrfach auftragen, um den Schutz aufrechtzuerhalten, insbesondere nach dem Aufenthalt im Wasser, dem Abtrocknen und beim Schwitzen. Babys und Kleinkinder vor direkter Sonneneinstrahlung schÃ¼tzen und Sonnenschutzmittel mit hohem Lichtschutzfaktor (LSFÂ grÃ¶Ãer;12.39;Weleda;Sonnenschutz;;;;;
VICHY Neovadiol straffende Anti-Pigmentflecken Creme LSF 50, 50 ml Creme;https://nbg1.your-objectstorage.com/inspirax-image-server-bucket/6978b56bc1fd11ae144a8d713c2476a7.jpeg;hochwertige medizinische Hautpflege zur Pflege der Haut Creme zur Anwendung auf der Haut Dermokosmetik aus der Apotheke Hersteller: L'Oreal Deutschland GmbH Geschäftsbereich VICHY, Deutschland (Originalprodukt aus Deutschland) PZN: 18653139;41.22;Vichy;Sonnenschutz;;;;;
VICHY Capital Soleil 3-in-1 mattierende Sonnenpflege LSF 50+, 50 ml Creme;https://nbg1.your-objectstorage.com/inspirax-image-server-bucket/15881495_05.jpeg;hochwertiges medizinisches Sonnenschutzmittel zum UV-Schutz für die Haut Creme zur Anwendung auf der Haut Dermokosmetik aus der Apotheke Hersteller: L'Oreal Deutschland GmbH Geschäftsbereich VICHY, Deutschland (Originalprodukt aus Deutschland) PZN: 15881495;24.73;Vichy;Sonnenschutz;;;;;
Shiseido Expert Sun Protector Cream SPF30 50 ml;https://cdn.perfumetrader.de/media/catalog/product/cache/1/image/400x400/602f0fa2c1f0d1ba5e241f914e856ff9/a/f/fbd98bf3435a7fddd1d105e5b4181878/shiseido-shiseido-expert-sun-protector-cream-spf30-50-ml-768614212355.png;"Diese hochwirksame Sonnenschutzcreme ist mit der innovativen SynchroShield&trade;-Technologie ausgestattet, die den Schutzfilm bei Hitze und in Kontakt mit Wasser oder Schwei&szlig; verst&auml;rkt*. Sie bietet unsichtbaren, umfassenden Schutz vor UVA-/UVB-Strahlen und Austrocknung. Die schnell einziehende Formel enth&auml;lt pflegende Inhaltsstoffe, die dazu beitragen, lichtbedingte feine Linien, Falten und Pigmentflecken zu verhindern.";28.50;Shiseido;Sonnenschutz;;;;;
Shiseido Sports BB SPF50+ Dark 30 ml;https://cdn.perfumetrader.de/media/catalog/product/cache/1/image/400x400/602f0fa2c1f0d1ba5e241f914e856ff9/a/f/a6d71e10c9d1147c73ac27dd71003050/shiseido-shiseido-sports-bb-spf50-dark-30-ml-729238146600.png;"Diese innovative BB-Creme bietet dank Quick Dry Technologie selbst bei sportlichen Aktivit&auml;ten langanhaltenden Halt. Die WetForce Technologie reagiert positiv auf Mineralien in Wasser und Schwei&szlig; und verst&auml;rkt dadurch den Schutzfilm. Sie ist nicht komedogen sowie dermatologisch und augen&auml;rztlich getestet, um optimale Vertr&auml;glichkeit zu gew&auml;hrleisten.";29.95;Shiseido;Sonnenschutz;;;;;
Caudalie Vinosun Protect High Protection Cream SPF30 50 ml;https://www.mystationary.de/media/bc/71/ed/1775897521/bf21d5283c6d035fe89d61753aaf0477ca17d5ef_MS_0065125_image_1_3522930003755.jpg?ts=1775897523;Facial Cream with SPF;24.95;Caudalie;Sonnenschutz;;;;;