product_name;merchant_image_url;description;search_price;brand_name;category;ingredients;Anwendung;vegan;alcoholFree;fragranceFree
The Ordinary - Cleanser Mit Squalan - Reinigung Und Make-up-entferner - Hydrators And Oils Squalance Cleans 50ml;https://media.sephora.eu/content/dam/digital/pim/published/T/THE_ORDINARY/502458/161709-media_swatch.jpg?scaleWidth=500&scaleHeight=500&scaleMode=fit;Eine sanfte Reinigung, die perfekt reinigt und make-up entfernt. Die vegane Formel enthält Squalan und andere Lipophile ester, die effektiv Make-up und Unreinheiten entfernen, die Haut geschmeidig machen und ihr Feuchtigkeit spenden. Nachdem die Balsamtextur 10 bis 30 Sekunden lang zwischen den Handflächen erhitzt wurde, verwandelt sie sich in öl.  Die in der Formel enthaltene Zuckerester-emulsion sorgt dafür, dass Verunreinigungen und make-up beim abspülen mit wasser aufgenommen und entfernt werden können.  diese seifenfreie, nicht komedogene reinigung eignet sich für den täglichen gebrauch und für alle hauttypen.vegan : produkte aus natürlich gewonnenen inhaltsstoffen.  The Ordinary - Cleanser mit squalan - reinigung und make-up-entferner - Hydrators and oils squalance cleans 50ml;11.45;The Ordinary;Gesichtsreinigung;SQUALANE, AQUA/WATER/EAU, COCO-CAPRYLATE/CAPRATE, GLYCERIN, ETHYL MACADAMIATE, SUCROSE STEARATE, CAPRYLIC/CAPRIC TRIGLYCERIDE, HYDROGENATED STARCH HYDROLYSATE, SUCROSE LAURATE, POLYACRYLATE CROSSPOLYMER-6, ISOCETETH-20, SODIUM POLYACRYLATE, TOCOPHEROL, TRISODIUM ETHYLENEDIAMINE DISUCCINATE, MALIC ACID, ETHYLHEXYLGLYCERIN, PHENOXYETHANOL, CHLORPHENESIN.;"Erwärme eine kleine Menge des Produktes in deinen Händen, bis es sich in Öl verwandelt.

Trage es auf die trockene Haut auf und massiere es ein. Spüle es anschließend mit warmem Wasser ab. Bei Irritationen die Anwendung abbrechen und einen Arzt aufsuchen.
Nur gemäß der Gebrauchsanweisung auf intakter Haut anwenden. Ein Hauttest vor der Anwendung wird empfohlen.

Eine ausführliche Anleitung für die Durchführung eines Hauttests findest du auf der DECIEM-Website.";True;True;True
Lancôme - Gelatée Confort Reinigungsmilch - Flacon Pompe 200 Ml;https://media.sephora.eu/content/dam/digital/pim/published/L/LANCO/87269/67930-media_swatch.jpg?scaleWidth=500&scaleHeight=500&scaleMode=fit;"Die Abschminkmilch mit ultraweicher Textur befreit die Haut selbst von hartnäckigem Make-up. Angereichert mit nährenden Lacto-Proteinen sowie feuchtigkeitsspendenden und beruhigenden Wirkstoffen ist sie eine wahre Wohltat für die Haut. 200 ml
";18.45;Lancôme;Gesichtsreinigung;AQUA / WATER- BUTYROSPERMUM PARKII BUTTER / SHEA BUTTER- GLYCERIN- DIMETHICONE- POLYETHYLENE- PARAFFIN- PARAFFINUM LIQUIDUM / MINERAL OIL- GLYCERYL STEARATE- PEG-1 STEARATE- SODIUM LAURETH SULFATE- ACRYLATES COPOLYMER- CI 172 / RED 33- TOCOPHEROL- CYCLODEXTRIN- SODIUM HYDROXIDE- HYDROXYETHYLCELLULOSE- PHENOXYETHANOL- STEARIC ACID,FAEX EXTRACT / YEAST EXTRACT- POLYSORBATE 6- PALMITIC ACID- MEL / HONEY- MANNITOL- ISOBUTANE- ALPHA-ISOMETHYL IONONE- CARBOMER- DISODIUM SUCCINATE- CETYL ALCOHOL- METHYLPARABEN- PRUNUS AMYGDALUS DULCIS PROTEIN / SWEET ALMOND PROTEIN- HEXYL CINNAMAL- GLYCINE SOJA OIL / SOYBEAN OIL- PARFUM / FRAGRANCE;Tägliche Anwendung: morgens und abends. 1. Tragen Sie die Abschminkmilch mit den Fingern in kreisenden Bewegungen (Stirn, Wangen, Kinn) und zum Abschluss auf Gesichtsmitte und Hals auf. 2. Entfernen Sie die überschüssige Abschminkmilch mit einem Papiertuch. 3. Zum perfekten Abschluss des Abschminkens ist die Verwendung eines Gesichtswassers unerlässlich. Die Abschminkmilch mit ultraweicher Textur befreit die Haut selbst vom hartnäckigsten Make-up. Angereichert mit nährenden Lacto-Proteinen, feuchtigkeitsspendenden und beruhigenden Wirkstoffen ist sie eine wahre Wohltat für die Haut. Eigenschaft: reinigend, feuchtigkeitsspendend, beruhigend.;false;True;False
Kiehl's Since 1851 - Midnight Recovery Cleansing Oil - Reinigungsöl - midnight Recovery Cleansing Oil 175ml;https://media.sephora.eu/content/dam/digital/pim/published/K/KIEHLS/533824/225480-media_swatch.jpg?scaleWidth=500&scaleHeight=500&scaleMode=fit;"Das Midnight Recovery Botanical Cleansing Oil von Kiehl’s ist ein luxuriöses Reinigungsöl für die abendliche Pflegeroutine und eignet sich für alle Hauttypen. Es befreit die Haut sanft von Make-up-Rückständen, Schmutz und überschüssigem Talg, ohne sie zu belasten.
Die Formel enthält Nachtkerzenöl, Lavendelöl und Squalan. Diese Inhaltsstoffe helfen, die Haut porentief zu reinigen, sie zu beruhigen und mit Feuchtigkeit zu versorgen. Das Pflegeöl hinterlässt die Haut zart, geschmeidig und optimal gepflegt. 175ml
";36.45;Kiehl's Since 1851;Gesichtsreinigung;ETHYLHEXYL PALMITATE • ZEA MAYS GERM OIL / CORN GERM OIL • ISOPROPYL MYRISTATE • CAPRYLIC/CAPRIC TRIGLYCERIDE • POLYGLYCERYL-10 DIOLEATE • POLYGLYCERYL-6 DICAPRATE • OENOTHERA BIENNIS OIL / EVENING PRIMROSE OIL • POLYGLYCERYL-2 OLEATE • CORIANDRUM SATIVUM SEED OIL / CORIANDER SEED OIL • HELIANTHUS ANNUUS SEED OIL / SUNFLOWER SEED OIL • PHENOXYETHANOL • SQUALANE • LAVANDULA ANGUSTIFOLIA OIL / LAVENDER OIL • ISOPROPYL LAUROYL SARCOSINATE • DICAPRYLYL ETHER • DICAPRYLYL CARBONATE • GERANIUM MACULATUM OIL • ROSMARINUS OFFICINALIS LEAF OIL / ROSEMARY LEAF OIL • LINALOOL • TOCOPHEROL • CITRONELLOL • GERANIOL • LIMONENE • GLYCINE SOJA OIL / SOYBEAN OIL • GLYCERYL STEARATE CITRATE;Geben Sie am Abend drei bis vier Pumpstöße in Ihre Handfläche und massieren Sie das Midnight Recovery Botanical Cleansing Oil von Kiehl’s sanft in die trockene Haut ein. Anschließend befeuchten Sie die Haut, sodass das Öl emulgiert und zur Reinigungsmilch wird. Danach spülen Sie Ihr Gesicht gründlich ab und tupfen Sie es mit einem sauberen, weichen Handtuch trocken. Zum Schluss tragen Sie Ihre übliche Nachtpflege auf.;True;true;False
Mario Badescu - Acne Facial Cleanser - Gesichtsreiniger - acne Gentle Foaming Facial Cleanser;https://media.sephora.eu/content/dam/digital/pim/published/M/MARIO_BADESCU/583737/270545-media_swatch.jpg?scaleWidth=500&scaleHeight=500&scaleMode=fit;Ein milder Reiniger, der Verunreinigungen entfernt und die Haut sauber sowie frisch hinterlässt, ohne einen Fettfilm zu hinterlassen. Das Produkt ist vegan und besteht aus natürlich gewonnenen Inhaltsstoffen.;10.45;Mario Badescu;Gesichtsreinigung;AQUA (WATER, EAU), COCO-BETAINE, SODIUM LAUROYL GLYCINATE, GLYCERIN, ACRYLATES COPOLYMER, ALOE BARBADENSIS LEAF JUICE, PHENOXYETHANOL, SODIUM HYDROXIDE, PROPYLENE GLYCOL, SACCHAROMYCES/XYLINUM/BLACK TEA FERMENT, BHT, ETHYLHEXYLGLYCERIN, CHAMOMILLA RECUTITA (MATRICARIA) EXTRACT, OENOTHERA BIENNIS (EVENING PRIMROSE) FLOWER EXTRACT, POTASSIUM SORBATE, SODIUM BENZOATE, CITRIC ACID;"An einem kühlen und trockenen Ort aufbewahren.
Mit kreisenden Bewegungen mit den Fingerspitzen vorsichtig in die feuchte Haut einmassieren, dann mit reichlich warmem Wasser abwaschen.
Bei Kontakt mit den Augen mit reichlich Wasser ausspülen.";True ;true;True
Beauty Of Joseon - Ginseng Cleansing Oil - Sanfter Make-up-entferner Mit Ginsengextrakt - ginseng Cleansing Oil;https://media.sephora.eu/content/dam/digital/pim/published/B/BEAUTY_OF_JOSEON/761483/365587-media_swatch.jpg?scaleWidth=500&scaleHeight=500&scaleMode=fit;"Ein Reinigungsöl, das Verunreinigungen sanft entfernt und für einen sauberen, erfrischten Teint sorgt. Sojaöl hilft, Unreinheiten und Make-up-Rückstände, die sich auf der Haut ansammeln, sanft zu lösen.
Das mit Ginsengsamenöl angereicherte Reinigungsöl hat einen dezenten, entspannenden Duft und verwandelt die Pflegeroutine in ein beruhigendes Ritual. Es verstopft die Poren nicht und belebt die Haut sanft.
";13.45;Beauty Of Joseon;Gesichtsreinigung;GLYCINE SOJA (SOYBEAN) OIL, CETYL ETHYLHEXANOATE, SORBETH-30 TETRAOLEATE, OLEA EUROPAEA (OLIVE) FRUIT OIL, SORBITAN SESQUIOLEATE, HELIANTHUS ANNUUS (SUNNFLOWER) SEED OIL, TOCOPHEROL, PANAX GINSENG SEED OIL, ETHYLHEXYLGLYCERIN, ECLIPTA PROSTRATA EXTRACT , PANAX GINSENG ROOT EXTRACT, MELIA AZADIRACHTA LEAF EXTRACT, MELIA AZADIRACHTA FLOWER EXTRACT, AMBER POWDER, MORINGA OLEIFERA SEED OIL , SOLANUM MELONGENA (EGGPLANT) FRUIT EXTRACT, CURCUMA LONGA (TURMERIC) ROOT EXTRACT, OCIMUM SANCTUM LEAF EXTRACT, CORALLINA OFFICINALIS EXTRACT, BIXA ORELLANA SEED OIL, PANAX GINSENG BERRY EXTRACT, BUTYLENE GLYCOL, WATER, 1,2-HEXANEDIOL;Ein bis zwei Pumpstöße sanft in die trockene Haut einmassieren. Anschließend mit lauwarmem Wasser vorsichtig abspülen und das Gesicht mit einem Reinigungsschaum waschen.;True ;True;True
Beauty Of Joseon - Green Plum Refreshing Cleanser - Reinigungsgel Mit Niedrigem Ph-wert - refreshing Green Plum Cleanser;https://media.sephora.eu/content/dam/digital/pim/published/B/BEAUTY_OF_JOSEON/761485/365589-media_swatch.jpg?scaleWidth=500&scaleHeight=500&scaleMode=fit;"Dieser Reiniger mit niedrigem pH-Wert hat eine cremige Geltextur. Mit 24,5 % Pflaumenwasser und 2,94 % Mungobohnen-Extrakt entfernt er sanft Unreinheiten und Rückstände und versorgt die Haut gleichzeitig mit Feuchtigkeit.




";8.95;Beauty Of Joseon;Gesichtsreinigung;Water, Prunus Mume Fruit Water, Cocamidopropyl Hydroxysultaine, Phaseolus Radiatus Seed Extract, Sodium Cocoyl Isethionate, Glycerin, Sodium Chloride, Camellia Sinensis Leaf Extract, Houttuynia Cordata Extract, Nelumbo Nucifera Flower Extract, Oryza Sativa (Rice) Extract, Prunus Mume Fruit Extract, Vaccinium Angustifolium (Blueberry) Fruit Extract, Guar Hydroxypropyltrimonium Chloride, Coconut Acid, Ethylhexylglycerin, Caprylyl Glycol, Sodium Isethionate, Citric Acid, Butylene Glycol, 1,2-hexanediol, Punica Granatum Extract, Clitoria Ternatea Flower Extract, Garcinia Mangostana Peel Extract, Propylene Glycol Laurate, Sodium Citrate, Disodium EDTA;Gib eine angemessene Menge Reinigungsmittel auf deine nassen Hände und massiere dein Gesicht sanft. Mit lauwarmem Wasser abspülen.Verwende einen Reiniger auf Ölbasis (Reinigungsöl, Balsam usw.), um das Make-up von deinem Gesicht zu entfernen.;True;True;True
Anua - Heartleaf Pore Control Cleansing Oil - Renigungsöl Für Make-up - heartleaf Pore Cleansing Oil 200ml;https://media.sephora.eu/content/dam/digital/pim/published/A/ANUA_THE_FOUNDERS/799296/399701-media_swatch-0.jpg?scaleWidth=500&scaleHeight=500&scaleMode=fit;"Ein sanftes und dennoch effektives Reinigungsöl mit Heartleaf-Extrakt. Es wurde speziell entwickelt, um Make-up, Sonnenschutzmittel und Unreinheiten zu lösen und gleichzeitig das natürliche Feuchtigkeitsgleichgewicht der Haut zu respektieren.
Es reinigt die Poren tiefenwirksam und entfernt überschüssigen Talg, ohne die Poren zu verstopfen oder die Haut zu irritieren. Der Heartleaf-Extrakt beruhigt Irritationen und unterstützt eine ruhige, ausgeglichene Haut. Die leichte, nicht komedogene Textur eignet sich ideal für empfindliche und zu Akne neigende Haut. 200ml
";17.95;Anua;Gesichtsreinigung;Ethylhexyl Palmitate, Sorbeth-30 Tetraoleate, Sorbitan Sesquioleate, Caprylic/Capric Triglyceride, Butyl Avocadate, Fragrance, Helianthus Annuus (Sunflower) Seed Oil, Macadamia Ternifolia Seed Oil, Olea Europaea (Olive) Fruit Oil, Simmondsia Chinensis (Jojoba) Seed Oil, Vitis Vinifera (Grape) Seed Oil, Caprylyl Glycol, Ethylhexylglycerin, Curcuma Longa (Turmeric) Root Extract, Melia Azadirachta Flower Extract, Tocopherol, Melia Azadirachta Leaf Extract, Houttuynia Cordata Extract, Corallina Officinalis Extract, Melia Azadirachta Bark Extract, Moringa Oleifera Seed Oil, Ocimum Sanctum Leaf Extract;Eine entsprechende Menge des Produkts sanft auf die trockene Haut massieren. Sorgfältig mit lauwarmem Wasser abwaschen.;True;True;false
Clinique - Rinse-off Foaming Reinigunsschaum - 150 Ml;https://media.sephora.eu/content/dam/digital/pim/published/C/CLINIQUE/18849/46232-media_swatch.jpg?scaleWidth=500&scaleHeight=500&scaleMode=fit;Ein wasserlöslicher Reinigungsschaum, der Make-up, Schmutz und Rückstände schnell und einfach entfernt. Botanische Extrakte beruhigen die Haut und hinterlassen sie porentief rein. Augenärztlich getestet. 150 ml;26.45;Clinique;Gesichtsreinigung;Water , Potassium Myristate , Glycerin , Potassium Behenate , Sodium Methyl Cocoyl Taurate , Potassium Palmitate , Potassium Laurate , Potassium Sterate , Peg-3 Distearate , Cholesteryl Hydroxystearate , Butylene Glycol , Sodium Hyaluronate , Trisodium Edta , Disodium Edta , Phenoxyethanol , Ext. Violet 2 (Ci 60730) , Red 4 (Ci 14700);"Auf das Gesicht auftragen, aufschäumen und einmassieren.
Danach gründlich mit Wasser abspülen.";True;true;true
The Inkey List - Pickel- & Porenreiniger Mit Salicylsäure - 150 Ml;https://media.sephora.eu/content/dam/digital/pim/published/T/THE_INKEY_LIST/471084/112512-media_swatch.jpg?scaleWidth=500&scaleHeight=500&scaleMode=fit;"Der beliebte Kult-Gesichtsreiniger mit Salicylsäure entfernt Make-up und Unreinheiten und hilft gleichzeitig, Mitesser und Pickel zu reduzieren.
Der 2%ige Salicylic Acid Cleanser reinigt effizient und enthält zusätzlich eine Zinkkomponente. Gemeinsam wirken sie fettregulierend, reduzieren Mitesser und Pickel und fördern ein ebenmäßigeres Erscheinungsbild des Teints.
Die Formel enthält 2 % Salicylsäure, die hilft, verstopfte Poren zu befreien und die Haut sanft zu exfolieren. Eine Zinkkomponente unterstützt die Reduzierung von überschüssigem Fett, während 0,5 % Allantoin hilft, Hautirritationen zu beruhigen.
150 ml
";11.95;THE INKEY LIST;Gesichtsreinigung;AQUA (WATER), PROPANEDIOL, GLYCERIN, SODIUM METHYL COCOYL TAURATE, COCAMIDOPROPYL BETAINE, PEG-120 METHYL GLUCOSE DIOLEATE, SALICYLIC ACID, PEG-150 PENTAERYTHRITYL TETRASTEARATE, PEG-6 CAPRYLIC/CAPRIC GLYCERIDES, BETAINE, ZINC PCA, PHENOXYETHANOL, SODIUM CHLORIDE, ALLANTOIN, SODIUM HYDROXIDE, COCO-GLUCOSIDE, GLYCERYL OLEATE, BENZYL ALCOHOL, COCONUT ACID, ETHYLHEXYLGLYCERIN, SODIUM BENZOATE, CITRIC ACID, DEHYDROACETIC ACID, TRISODIUM ETHYLENEDIAMINE DISUCCINATE, TOCOPHEROL, HYDROGENATED PALM GLYCERIDES CITRATE;"Der Salicylic Acid Cleanser kann morgens und abends angewendet werden.
Eine kleine Menge auftragen und mindestens 60 Sekunden sanft in das feuchte Gesicht und den Hals einmassieren.
Gründlich mit viel Wasser abspülen und mit Ihrem verbleibenden Hautpflege-Protokoll fortfahren.";True;False;True
The Inkey List - Hafer Reinigungsbalsam - Cleanser Oat Balm-;https://media.sephora.eu/content/dam/digital/pim/published/T/THE_INKEY_LIST/505911/163071-media_swatch.jpg?scaleWidth=500&scaleHeight=500&scaleMode=fit;"Der luxuriöse Reinigungsbalsam entfernt sanft Make-up, reinigt und pflegt die Haut. Er ist ideal für empfindliche Hauttypen geeignet.
Die Formel kombiniert hautberuhigende kolloidale Haferflocken mit Ceramiden, um die natürliche Schutzbarriere der Haut zu stärken. Haferkernöl unterstützt die Reinigung und Pflege der Haut.
Die Formel enthält 3 % Haferkernöl, das die Feuchtigkeitsbarriere der Haut sanft unterstützt, sowie 1 % kolloidale Haferflocken, die helfen, Rötungen zu reduzieren und Hautirritationen zu beruhigen.
";10.95;THE INKEY LIST;Gesichtsreinigung;PRUNUS AMYGDALUS DULCIS (SWEET ALMOND) OIL, CETEARYL ALCOHOL, PEG-6 CAPRYLIC/CAPRIC GLYCERIDES, AVENA SATIVA (OAT) KERNEL OIL, CANDELILLA CERA (CIRE DE CANDELILLA), SILICA, SORBITAN STEARATE, TRIBEHENIN, PEG-60 ALMOND GLYCERIDES, AVENA SATIVA (OAT) KERNEL FLOUR, AQUA (WATER/EAU), BENZYL ALCOHOL, PHENOXYETHANOL, LECITHIN, 1,2-HEXANEDIOL, ASCORBYL PALMITATE, TOCOPHEROL, BIOSACCHARIDE GUM-4, HELIANTHUS ANNUUS (SUNFLOWER) SEED OIL.;"Die ideale milde Reinigung für morgens und abends.
Eine kleine Menge sanft auf das feuchte Gesicht und den Hals auftragen, zum Einmassieren Wasser hinzufügen und dann gründlich abspülen.
Für einen Extra-Pflegeboost vor dem Abspülen 10 Minuten einwirken lassen.";True ;False ;True 
Drunk Elephant - Beste™ No. 9 Jelly Cleanser - Gesichtsreiniger - Beste N9 Jelly Clns150ml;https://media.sephora.eu/content/dam/digital/pim/published/D/DRUNK_ELEPHANT/453777/96421-media_swatch.jpg?scaleWidth=500&scaleHeight=500&scaleMode=fit;"Dieses Reinigungsgel entfernt Make-up, überschüssigen Talg, Verschmutzungen und andere Unreinheiten, die sich im Laufe des Tages auf der Haut ansammeln können. Der Gesichtsreiniger ist für alle Hauttypen geeignet.
Die sanfte Formel mit einer einzigartigen Mischung aus Make-up-lösenden und milden Tensiden entfernt Rückstände gründlich und hinterlässt die Haut zart, klar und gereinigt. Das parfümfreie Reinigungsgel hat einen hautfreundlichen pH-Wert von 5,5.
Die Formel enthält milde Tenside, die einen sanften Schaum bilden und selbst hartnäckiges Make-up, Sonnenschutzmittel und Öle effektiv lösen, während sie die Hautbarriere unterstützen. Natives Marula-Öl, reich an Antioxidantien sowie Omega-6- und Omega-9-Fettsäuren, unterstützt die Reinigung und Pflege der Haut. Glycerin hilft, den Feuchtigkeitsgehalt der Haut zu bewahren, während Cantaloupe-Fruchtextrakt die Haut beruhigt und mit Feuchtigkeit versorgt.
Das Produkt ist vegan und besteht aus natürlich gewonnenen Inhaltsstoffen.
150 ml
";31.95;Drunk Elephant;Gesichtsreinigung;WATER/AQUA/EAU, GLYCERIN, COCAMIDOPROPYL BETAINE, COCO-GLUCOSIDE, SODIUM LAUROYL METHYL ISETHIONATE, PROPANEDIOL, COCAMIDOPROPYL HYDROXYSULTAINE, SODIUM METHYL OLEOYL TAURATE, ALOE BARBADENSIS LEAF EXTRACT, GLYCOLIPIDS, LINOLEIC ACID, LINOLENIC ACID, LAURYL GLUCOSIDE, CUCUMIS MELO CANTALUPENSIS FRUIT EXTRACT, SCLEROCARYA BIRREA SEED OIL, DIPOTASSIUM GLYCYRRHIZATE, TOCOPHEROL, CITRIC ACID, PHENOXYETHANOL, POTASSIUM SORBATE, SODIUM HYDROXIDE, SODIUM BENZOATE, SODIUM CHLORIDE;"Gesicht richtig reinigen: 
Eine kleine Menge Beste™ No. 9 Reinigungsgel auf die Handfläche geben und sanft auf nasse oder trockene Haut einmassieren. Wasser hinzufügen und aufschäumen. Den Gesichtsreiniger gut abspülen und Haut trocken tupfen. Jeden Abend oder abwechselnd mit anderen Reinigungsprodukten von Drunk Elephant verwenden.
Beauty-Tipp: Wir empfehlen Dir, Dein Gesicht morgens nicht zu reinigen, wenn Du dies bereits am Vorabend getan haben.
";;;
La Mer - The Essence Foaming Cleanser - Reinigungsschaum - 30ml;https://media.sephora.eu/content/dam/digital/pim/published/L/LA_MER/721043/342874-media_swatch.jpg?scaleWidth=500&scaleHeight=500&scaleMode=fit;"Dieser sanfte Reinigungsschaum entfernt gründlich Unreinheiten sowie überschüssiges Öl und hinterlässt ein weiches, revitalisiertes Hautgefühl. Er sorgt für einen strahlenden, frischen und gesund aussehenden Teint.
30 ml
";28.45;La Mer;Gesichtsreinigung;WATER\\AQUA\\EAU, GLYCERIN, MYRISTIC ACID, BEHENIC ACID, PALMITIC ACID, SODIUM METHYL COCOYL TAURATE, POTASSIUM HYDROXIDE, LAURIC ACID, STEARIC ACID, PHENOXYETHANOL, ALGAE EXTRACT, SESAMUM INDICUM (SESAME) SEED POWDER, ZINC GLUCONATE, SESAMUM INDICUM (SESAME) SEED OIL, EUCALYPTUS GLOBULUS (EUCALYPTUS) LEAF OIL, MEDICAGO SATIVA (ALFALFA) SEED POWDER, SODIUM GLUCONATE, CALCIUM GLUCONATE, COPPER GLUCONATE, MAGNESIUM GLUCONATE, NIACIN, HELIANTHUS ANNUUS (SUNFLOWER) SEEDCAKE, PRUNUS AMYGDALUS DULCIS (SWEET ALMOND) SEED MEAL, TOCOPHERYL SUCCINATE, CITRUS AURANTIFOLIA (LIME) PEEL EXTRACT, SEA SALT\\MARIS SAL\\SEL MARIN, SPIRULINA PLATENSIS (ALGAE) POWDER, ASCOPHYLLUM NODOSUM EXTRACT, LACTOBACILLUS FERMENT, ASPARAGOPSIS ARMATA EXTRACT, ECKLONIA CAVA EXTRACT, TOURMALINE, CAFFEINE, BUTYLENE GLYCOL, SODIUM HYALURONATE, MACROCYSTIS PYRIFERA (KELP) EXTRACT, SODIUM COCO PG-DIMONIUM CHLORIDE PHOSPHATE, TREHALOSE, PEARL POWDER, SORBITOL, SODIUM PCA, NEPHRITE POWDER, HOMARINE HCL, ACETYL DIPEPTIDE-1 CETYL ESTER, SUCROSE, ERYTHRITOL, UREA, POLYQUATERNIUM-51, HYDROXYETHYLCELLULOSE, PEG-3 DISTEARATE, LAURETH-3, TRIACETIN, PROPANEDIOL, ALCOHOL DENAT., FRAGRANCE (PARFUM), LINALOOL, LIMONENE, BHT, CHLORPHENESIN, POTASSIUM SORBATE, SORBIC ACID, SODIUM BICARBONATE, TETRASODIUM EDTA, DISODIUM EDTA, BLUE 1 (CI 42090), YELLOW 6 (CI 15985), GREEN 5 (CI 61570), YELLOW 5 (CI 19140);Massieren Sie es über die feuchte Haut, um einen reichhaltigen, schäumenden Schaum zu erzeugen. Gründlich abspülen. Augenpartie aussparen.;;;
Dr Dennis Gross - Alpha Beta On The Spot Gel - Reinigungsgel - alpha Beta On The Spot Gel;https://media.sephora.eu/content/dam/digital/pim/published/D/DR_DENNIS_GROSS/728561/348427-media_swatch.jpg?scaleWidth=500&scaleHeight=500&scaleMode=fit;Dieses sanfte, aber effektive Gel reinigt die Haut gründlich und hilft, sie auszugleichen. Es befreit die Poren von Verstopfungen, reguliert den Talghaushalt bei zu Akne neigender Haut, spendet Feuchtigkeit und beruhigt die Haut.;45.95;Dr Dennis Gross;Gesichtsreinigung;Water/Aqua/Eau, Alcohol Denat. (SD Alcohol 40-B), Hamamelis Virginiana (Witch Hazel) Water, PVM/MA Decadiene Crosspolymer, Butylene Glycol, Salicylic Acid*, Dimethyl Isosorbide, Glycerin, Potassium Hydroxide, Polysorbate 20, Carnitine HCl, Gluconolactone, Phytic Acid, Glycolic Acid, Silybum Marianum Fruit Extract, Bisabolol, Vitex Agnus-Castus Extract, Ganoderma Lucidum (Mushroom) Extract, Vitis Vinifera (Grape) Seed Extract, Tetrahydrocurcumin, Glutathione, Potassium Azeloyl Diglycinate, Farnesol, Leuconostoc/Radish Root Ferment Filtrate, Sodium Pantothenate, Retinol, Niacinamide, Saccharide Isomerate, Ferulic Acid, Camellia Sinensis Leaf Extract, Glyceryl Stearate, Mannitol, sh-Oligopeptide-1, Methyl Glucose Sesquistearate, Neopentyl Glycol Diethylhexanoate, PEG-20 Methyl Glucose Sesquistearate, Aloe Barbadensis Leaf Juice, Centella Asiatica Extract, Phospholipids, Sodium Hyaluronate, Soy Isoflavones, Chamomilla Recutita (Matricaria) Flower Extract, Polyglyceryl-10 Laurate, Zinc PCA, Ethylhexylglycerin, Allantoin, Ethoxydiglycol, Stearic Acid, Citric Acid, Sodium Citrate, Calcium Gluconate, Potassium Gluconate, Cyclodextrin, Tetrasodium Glutamate Diacetate, Caprylic/Capric Triglyceride, Jasminum Officinale (Jasmine) Flower/Leaf Extract, Vitis Vinifera (Grape) Fruit Extract, Eugenia Caryophyllus (Clove) Flower Extract, Lavandula Angustifolia (Lavender) Flower/Leaf/Stem Extract, Phenoxyethanol, Benzoic Acid, Sodium Benzoate, Potassium Sorbate (*-exfoliant);Die Haut vor dem Auftragen gründlich reinigen. Nach der Flüssiglösung BHA Alpha Beta® 2 % auftragen, falls zusammen verwendet. Trage 1- bis 2-mal täglich eine dünne Schicht auf den gesamten betroffenen Bereich auf.;;;
Laneige - Water Bank - Mildes Reinigungsgel - water Bank - Gel Nettoyant Doux;https://media.sephora.eu/content/dam/digital/pim/published/L/LANEIGE/750988/362514-media_swatch.jpg?scaleWidth=500&scaleHeight=500&scaleMode=fit;"Das milde Reinigungsgel ist ideal für normale bis trockene Haut. Es entfernt Make-up effektiv und schützt gleichzeitig die Hautbarriere. Die leichte, nicht reizende Textur sorgt für eine saubere und erfrischte Haut, die sich angenehm anfühlt.
Die Formel enthält blaue Hyaluronsäure, die tiefenwirksam Feuchtigkeit spendet und die Hautbarriere stärkt. Allantoin hilft, die Haut zu beruhigen, Reizungen zu reduzieren und sie weich und geschmeidig zu machen. Ein Aminosäurekomplex pflegt die Haut intensiv und unterstützt ihre Gesundheit und Regeneration.




";28.95;Laneige;Gesichtsreinigung;"WATER / AQUA / EAU, GLYCERIN, LAURYL HYDROXYSULTAINE, SODIUM COCOYL ISETHIONATE, SODIUM METHYL COCOYL TAURATE, GLYCERYL STEARATE SE, CAPRYLYL/CAPRYL GLUCOSIDE, LAURYL BETAINE, SODIUM CHLORIDE, HYDROXYPROPYL STARCH PHOSPHATE, POLYGLYCERYL-6 CAPRYLATE, POLYGLYCERYL-4
CAPRATE, TRIHYDROXYSTEARIN, GLYCOL DISTEARATE, 1,2-HEXANEDIOL, POLYQUATERNIUM-7, CITRIC ACID, XANTHAN GUM, CETEARYL OLIVATE, SORBITAN OLIVATE, ALLANTOIN, HYDROLYZED HYALURONIC ACID, ARGININE, ASPARTIC ACID, GLUTAMIC ACID, SODIUM BENZOATE, PANTHENOL";"1. Als tägliche Reinigung: 1-2 Pumphübe auf die feuchte Haut auftragen, einmassieren und mit reichlich Wasser abspülen.
2. Als Make-up-Entferner: 2-3 Pumphübe des Produkts auf die trockene Haut auftragen, mit Wasser aufschäumen und gründlich abspülen.";;;
Anua Heartleaf Quercetinol Pore Deep Cleansing Foam 150 ml;https://www.mystationary.de/media/d3/0c/4b/1775884291/79e414f6c767edbbb26b310499cd8552b5680986_MS_0063296_image_1_570346_heartleaf_quercetinol_pore_deep_cleansing_foam_hydratacni_cistici_pena.jpg?ts=1775884293;Der Reinigungsschaum enthält Houttuynia-Cordata-Pulver, das hilft, abgestorbene Hautzellen und Rückstände in den Poren zu entfernen. Houttuynia-Cordata-Extrakt und Quercetin beruhigen Irritationen, die durch die Reinigung entstehen können.;19.95;Anua;Gesichtsreinigung;Houttuynia Cordata Flower/Leaf/Stem Water, Glycerin, Sodium Cocoyl Glycinate, Aqua(Water), Sodium Lauroyl Glutamate, Disodium Cocoamphodiacetate, Coco-Glucoside, Decyl Glucoside, Hectorite, Sodium Chloride, 1,2-Hexanediol, Betaine Salicylate, Potassium Benzoate, Houttuynia Cordata Powder, Polyquaternium-67, Acrylates/C10-30 Alkyl Acrylate Crosspolymer, Butylene Glycol, Gardenia Florida Fruit Extract, Dextrin, Disodium EDTA, Eucalyptus Globulus Leaf Oil, Ethylhexylglycerin, Sodium Acetate, Isopropyl Alcohol, Pinus Palustris Leaf Extract, Ulmus Davidiana Root Extract, Oenothera Biennis (Evening Primose) Flower Extract, Pueraria Lobata Root Extract, Pentylene Glycol, Capryloyl Salicylic Acid, Tocopherol, Hydrolyzed Hyaluronic Acid, Hyaluronic Acid, Hydrolyzed Sodium Hyaluronate, Sodium Hyaluronate, Potassium Hyaluronate, Hydroxypropyltrimonium Hyaluronate, Sodium Hyaluronate Crosspolymer, Sodium Acetylated Hyaluronate, Quercetin;"Nimm eine etwa münzgroße Menge des Produkts und schäume es mit angefeuchteten Händen auf. 
Massiere es sanft in dein Gesicht ein, bevor du es mit lauwarmem Wasser gründlich abspülst.
";;;
Toleriane Caring Wash - Cleansing cream;https://www.mystationary.de/media/67/cf/fb/1775836419/81f6cf6723bd22ddfb83ce56904af5d7af24b808_MS_0065691_image_1_499520_toleriane_caring_wash_cistici_krem.jpg?ts=1775836420;"Der La Roche-Posay Toleriane Dermo Cleanser ist ein sanfter Reiniger, der Schmutz und Make-up gründlich entfernt. Die Reinigungslotion eignet sich besonders für reife, feuchtigkeitsarme und trockene Haut und kann täglich verwendet werden.
Die nährende und feuchtigkeitsspendende Gel-Creme-Textur hilft, das Feuchtigkeitsgleichgewicht der Haut zu bewahren. Die parfümfreie Formel zieht schnell ein und hinterlässt die Haut optimal mit Feuchtigkeit versorgt.
Der Reiniger entfernt Make-up und Schmutz besonders sanft, ist dermatologisch getestet und auch für sehr empfindliche Hauttypen geeignet. Er beruhigt, regeneriert und macht die Haut weich.
";24.95;La Roche-Posay;Gesichtsreinigung;AQUA\WATER, GLYCERIN, PENTAERYTHRITYL TETRAETHYLHEXANOATE, PROPYLENE GLYCOL, AMMONIUM POLYACRYLOYLDIMETHYL TAURATE, POLYSORBATE 60, CERAMIDE NP, NIACINAMIDE, SODIUM CHLORIDE, COCO-BETAINE, DISODIUM EDTA, CAPRYLYL GLYCOL, PANTHENOL, T-BUTYL ALCOHOL, TOCOPHEROL;Mit den Fingerspitzen auftragen und mit leichten, kreisenden Bewegungen in die Haut einmassieren. Dann sanft trocken tupfen, ohne zu rubbeln. Ausspülen optional. ;;;
La Roche-Posay Effaclar Cleansing gel 200 ml;https://www.mystationary.de/media/07/56/45/1775836495/254d1b9b0ed31d0c7002e31b90a1a544c5abf440_MS_0065709_image_1_3337872411083.jpg?ts=1775836497;"Die Formel enthält die Hauptwirkstoffe Glycacil, Zink-PCA und Zitronensäure. Sie hilft, die Haut zu klären, überschüssiges Öl zu reduzieren und abgestorbene Hautzellen sanft zu lösen.
Die reinigende Gel-Formel entfernt Schmutz, Ablagerungen und Talg von der Hautoberfläche, ohne das empfindliche Gleichgewicht der Haut zu stören oder sie auszutrocknen. Die Haut fühlt sich sauber und beruhigt an und wird durch das Thermalwasser von La Roche-Posay gepflegt.
";20.95;La Roche-Posay;Gesichtsreinigung;Water, Decyl Glucoside, Sodium Laureth Sulfate, Peg-120 Methylglucose Dioleate, Polyglyceryl 3-Hydroxylauryl Ether, Peg-4 Dilaurate, Peg-4 Laurate, Zinc Pca, Disodium Edta, Citric Acid, Polyquaternium-7, Iodoproponyl Butylcarbamate, Peg-4, Methylparaben, Propylparaben, Fragrance.;Morgens und/oder abends anwenden. Eine kleine Menge des Gesichtsreinigers mit sanften, kreisenden Bewegungen auf Stirn, Nase, Kinn und Hals aufschäumen und sorgfältig abspülen. Nutze lauwarmes Wasser, um die Poren zu öffnen und zu reinigen.;;;
Clinique Liquid Facial Soap Oily Skin Formula 200 Ml;https://www.mystationary.de/media/3c/ef/6c/1775843401/03a703a6de3415278bbfcfb2d6631fca258be4e3_MS_0066244_image_1_0020714227685.jpg?ts=1775843404;Die Flüssige Reinigungsseife ist der 1. Schritt der Clinique 3-Phasen-Systempflege. Sie reinigt die Haut gründlich von Öl, Schmutz und Schweiß. Die Haut fühlt sich frisch, sauber, entspannt und geschmeidig an.;24.95;Clinique;Gesichtsreinigung;aqua, sodium laureth sulfate, lauramidopropyl betaine, cocamidopropyl hydroxysultaine, sodium chloride, sodium cocoyl sarcosinate, tea-cocoyl glutamate, butylene glycol, aloe barbadensis leaf juice, peg-120 methyl glucose dioleate, sucrose, menthol, hexylene glycol, polyquaternium-7, laureth-2, caprylyl glycol, sodium sulfate, edta, disodium edta, phenoxyethanol;"	Zweimal täglich, morgens und abends anwenden.
	Zwischen den Handflächen mit lauwarmem Wasser aufschäumen.
	Auf das ungeschminkte Gesicht und den Hals massieren.
	Gründlich abspülen; die Haut trocken tupfen.
	Mit Schritt 2 und 3 fortfahren: Clarifying Lotion und Dramatically Different Moisturizing Lotion+, Gel oder Hydrating Jelly.
";;;
Beauty Of Joseon Red Bean Water Gel 100 Ml;https://www.mystationary.de/media/39/fb/79/1775886089/5b6fb6e235fd9c0a6a822869be51c480d5929ce1_MS_0063839_image_1_553124_red_bean_water_gel_hydratacni_pletovy_gel.jpg?ts=1775886090;Dieses leichte Wassergel zieht leicht in die Haut ein, um sie zu erfrischen und mit Feuchtigkeit zu versorgen. Ideal für fettige Haut, hält es das Fett- und Feuchtigkeitsgleichgewicht der Haut aufrecht, indem es Talg mit 44% rotem Bohnenextrakt absorbiert. Auch mit Peptidkomplex angereichert, um Falten zu verbessern.;22.95;Beauty of Joseon;Gesichtsreinigung;Phaseolus Angularis Seed Extract, Water, Butylene Glycol, Glycerin, 1,2-Hexanediol, Methyl Trimethicone, Acrylates/C10-30 Alkyl Acrylate Crosspolymer, Tromethamine, Glyceryl Glucoside, C12-14 Alketh-12, Maltodextrin, Ammonium Acryloyldimethyltaurate/Vp Copolymer, Dimethicone/Vinyl Dimethicone Crosspolymer, Dimethicone Crosspolymer, Ethylhexylglycerin, Betaine, Panthenol, Allantoin, Dipotassium Glycyrrhizate, Polyquaternium-51, Xanthan Gum, Disodium Edta, Glyceryl Acrylate/Acrylic Acid Copolymer, Dioscorea Japonica Root Extract, Glucose, Sodium Citrate, Beta-Glucan, Hydrolyzed Corn Starch, Citric Acid, Sucrose, Caprylyl Glycol, Helianthus Annuus Seed Oil, Tocopherol, Cyanocobalamin, Glycine, Serine, Glutamic Acid, Magnesium Ascorbyl Phosphate, Aspartic Acid, Leucine, Acetyl Hexapeptide-8, Alanine, Lysine, Arginine, Tyrosine, Phenylalanine, Proline, Threonine, Valine, Isoleucine, Histidine, Cysteine, Methionine, Sh-Oligopeptide-1, Sh-Oligopeptide-2, Sh-Polypeptide-1;"Trage eine angemessene Menge dieser Creme als letzten Schritt deiner Hautpflege auf dein Gesicht auf und vermeide dabei die Augenpartie. 
Massiere sie mit deinen Fingern, damit sie besser einzieht.
";;;
Beauty of Joseon Apricot Blossom Peeling Gel 100 ml;https://www.mystationary.de/media/d0/1f/ee/1775869055/3d71bcac9ccedb37a113a13eb68242fbdf1e10e2_MS_0064081_image_1_543344_apricot_blossom_peeling_gel_peeling_pro_vyhlazeni_pleti_a_snizeni_nad.jpg?ts=1775869057;Dieses sanfte Peeling ist ein Upgrade des Aprikosen-Peeling-Gels von Beauty of Joseon und ein Muss, um abgestorbene Hautzellen zu entfernen sowie klare und strahlende Haut zu fördern. Die nicht reizende Formel enthält pflanzliche Zellulose, um die Haut von Unreinheiten zu befreien, und 19% Pflaumenblütenwasser, um Feuchtigkeit zu spenden. Ohne PEGs, ätherische Öle, Parabene sowie künstliche Farb- und Duftstoffe formuliert, ist dieses Produkt für empfindliche Haut geeignet.;18.95;Beauty of Joseon;Gesichtsreinigung;AQUA, PRUNUS MUME FLOWER WATER, CELLULOSE, METHYLPROPANEDIOL, 1,2-HEXANEDIOL, CARBOMER, ARGININE, ETHYLHEXYLGLYCERIN, ALLANTOIN, SORBITOL, DISODIUM EDTA, BUTYLENE GLYCOL, PYRUS MALUS (APPLE) FRUIT EXTRACT, CAMELLIA SINENSIS LEAF EXTRACT, HOUTTUYNIA CORDATA EXTRACT, NELUMBO NUCIFERA FLOWER EXTRACT, ORYZA SATIVA (RICE) EXTRACT, PRUNUS MUME FRUIT EXTRACT, VACCINIUM ANGUSTIFOLIUM (BLUEBERRY) FRUIT EXTRACT;Eine etwa münzgroße Menge nach der Reinigung auf die trockene Haut auftragen und die Augenpartie aussparen. 20 Sekunden lang sanft einmassieren und anschließend gründlich abspülen, um abgestorbene Hautzellen und Unreinheiten zu entfernen.;;;
Byoma - Melting Balm Cleanser - Gesichtsreinigungsbalsam - cleansing Melting Balm 70ml;https://media.sephora.eu/content/dam/digital/pim/published/B/BYOMA/666181/316899-media_swatch.jpg?scaleWidth=500&scaleHeight=500&scaleMode=fit;"Dieser tiefenwirksam feuchtigkeitsspendende Reinigungsbalsam enthält eine wichtige Lipidbarriere, reparierenden Olivenölextrakt und Traubenkernöl.
Die milde, cremige Mischung aus leichten Ölen entfernt selbst hartnäckiges Make-up, Sonnenschutz und Unreinheiten. Sie hinterlässt die Haut intensiv mit Feuchtigkeit versorgt, ohne die Poren zu verstopfen, die Hautschutzbarriere zu beeinträchtigen oder einen Fettfilm zu hinterlassen.
Der Reinigungsbalsam ist ideal für alle Hauttypen, stärkt die Hautschutzbarriere und unterstützt eine gesünder aussehende Haut. Das Produkt ist vegan und besteht aus natürlich gewonnenen Inhaltsstoffen.
70 ml
";19.95;Byoma;Gesichtsreinigung;Olea Europaea (Olive) Fruit Oil, Vitis Vinifera (Grape) Seed Oil, Sorbeth-30 Tetraoleate, Cetyl Ethylhexanoate, Synthetic Wax, Orbignya Oleifera Seed Oil, Niacinamide, 1,2-Hexanediol, Ceramide NP, Hippophae Rhamnoides Oil, Sphingolipids, Tocopheryl Acetate, Palmitic Acid, Rosmarinus Officinalis (Rosemary) Leaf Oil, Stearic Acid, Myristic Acid.;Eine erbsengroße Menge auf die trockene Haut geben, ein wenig lauwarmes Wasser zufügen und aufschäumen Als ersten Reinigungsschritt verwenden, um auch das hartnäckigste Make-up, Sonnenschutzmittel und Verunreinigungen zu lösen.;;;
Byoma - Gesichtsreinigung Gel Creme - cleansing Creamy Jelly 175ml;https://media.sephora.eu/content/dam/digital/pim/published/B/BYOMA/633706/281320-media_swatch.jpg?scaleWidth=500&scaleHeight=500&scaleMode=fit;"Dieses ultra-feuchtigkeitsspendende Reinigungsgelee entfernt sanft und gründlich Schmutz, überschüssigen Talg und Make-up, ohne die Hautbarriere zu schädigen. Es sorgt für eine tägliche Gesichtsreinigung in einem einzigen Schritt.
Die Formel ist mit einem Tri-Ceramid-Komplex aus Ceramiden, Cholesterin und Fettsäuren sowie antioxidativen Extrakten aus Süßholzwurzel und grünem Tee angereichert. Sie nährt, klärt und pflegt die Haut.
Die leichte Formel mit ausgeglichenem pH-Wert verwandelt sich bei Kontakt mit warmem Wasser in einen reichhaltigen, cremigen Schaum. Sie reinigt die Haut, ohne sie auszutrocknen, und hilft, Spannungsgefühle und Trockenheit zu vermeiden.
Das Produkt ist für alle Hauttypen geeignet, dermatologisch getestet, seifenfrei, nicht komedogen, alkohol- und parfümfrei, vegan und tierversuchsfrei.
175 ml
";14.45;Byoma;Gesichtsreinigung;Aqua, Cocamidopropyl Betaine, Disodium Laureth Sulfosuccinate, Cocamide Methyl MEA, Sodium Lauryl Sulfoacetate, Sodium Chloride, Sodium Methyl Cocoyl Taurate, Propylene Glycol, Glycerin, Camellia Sinensis Leaf Extract, Ceramide NP, Cholesterol, Phytosphingosine, Stearic Acid, Glycyrrhiza Glabra (Licorice) Root Extract, Oleic Acid, Caprylic/Capric Triglyceride, Hydrogenated Lecithin, Butylene Glycol, Allantoin, Decyl Glucoside, Lactic Acid, Tocopheryl Acetate, Caprylyl Glycol, Sodium Benzoate, Potassium Sorbate, Caprylhydroxamic Acid, Phenoxyethanol.;"1–2 Pumpstöße auf die feuchte Haut geben, in langsamen, kreisenden Bewegungen einmassieren und anschließend mit warmem Wasser abspülen.
Kann allein oder als zweiter Schritt einer Double-Cleansing-Routine verwendet werden.
";;;
Byoma - Foaming Rice Deep Cleanser - Reinigungsschaum Für Das Gesicht - foaming Rice Deep Cleanser;https://media.sephora.eu/content/dam/digital/pim/published/B/BYOMA/798149/393161-media_swatch-0.jpg?scaleWidth=500&scaleHeight=500&scaleMode=fit;"Dieser Reinigungsschaum wirkt bereits in der ersten Phase der Pflegeroutine und reinigt die Haut tiefenwirksam sowie effektiv. Er basiert auf einem Barrier Lipid Complex, der die Hautbarriere während der Reinigung schützt und intakt hält, sodass die Haut geschmeidig bleibt und nicht spannt.
Die leichte Schaumformel verwandelt sich bei Kontakt mit Wasser in eine geschmeidige, luftig-leichte Textur. Sie entfernt Unreinheiten an der Oberfläche sowie Bakterien in den Poren, ohne die Haut auszutrocknen.
Reisextrakt und Meeresalgen helfen, die Hautstruktur zu verbessern und Empfindlichkeit sowie Rötungen zu lindern. Die Haut erhält ein samtiges, strahlendes Finish.




";17.95;Byoma;Gesichtsreinigung;Aqua, Glycerin, Myristic Acid, Lauric Acid, Potassium Hydroxide, Butylene Glycol, Polyglyceryl-4 Caprate, Potassium Cocoyl Glycinate, Lauryl Hydroxysultaine, Glycol Distearate, Polyquaternium-7, Oryza Sativa (Rice) Extract, Glycol Stearate, Palmitic Acid, Prunus Amygdalus Dulcis (Sweet Almond) Fruit Extract, Saccharomyces/Rice Ferment Filtrate, Potassium Cocoate, Sodium PCA, Xanthan Gum, Hydroxyethylcellulose, Chondrus Crispus Extract, Stearic Acid, Sphingolipids, Sodium Chloride, Polyquaternium-67, 1,2-Hexanediol, Sodium Polyacrylate, Disodium EDTA, Ceramide NP, Fructooligosaccharides, Sodium Benzoate, Viola Odorata Flower/Leaf Extract, Barosma Betulina Leaf Extract.;In den Händen verreiben und anschließend auf die feuchte Haut auftragen. In langsamen, kreisenden Bewegungen einmassieren. Wasser hinzufügen, um die Textur zu emulgieren, und gründlich abspülen.;;;
Glow Recipe - Papaya Sorbet - Reinigungsbalsam Mit Enzymen -  100ml;https://media.sephora.eu/content/dam/digital/pim/published/G/GLOW_RECIPE/541440/241136-media_swatch.jpg?scaleWidth=500&scaleHeight=500&scaleMode=fit;"Dieser Reinigungsbalsam glättet das Hautbild mit natürlichen Papaya-Enzymen und entfernt dabei effektiv hartnäckiges Make-up, Unreinheiten, Öl und Sonnenschutzfilter.
Das Produkt ist vegan und besteht aus natürlich gewonnenen Inhaltsstoffen.
100 ml
";31.95;Glow Recipe;Gesichtsreinigung;Cetyl Ethylhexanoate, Sorbitan Oleate, Prunus Armeniaca (Apricot) Kernel Oil, Polyethylene, Aqua/Water/Eau, Camellia Japonica Seed Oil, Caprylic/Capric Triglyceride, Carica Papaya (Papaya) Seed Oil, Pentylene Glycol, Carica Papaya (Papaya) Fruit Extract, Papain, Vaccinium Angustifolium (Blueberry) Fruit Extract, Fragaria Ananassa (Strawberry) Fruit Extract, Alkanna Tinctoria Root Extract, Capsicum Annuum Fruit Extract, Maltodextrin, Levulinic Acid, Sodium Metabisulfite.;"Verteile die Formel sanft auf der trockenen Haut und mache mit trockenen Händen bis zu einer Minute lang kreisende Bewegungen. Konzentriere dich dabei auf die Bereiche mit dem meisten Make-up.
Gib Wasser hinzu, um eine Emulsion zu erzeugen, und massiere dann weiter.
Gründlich mit lauwarmem Wasser abspülen.
";;;
Dr.Althea Amino Acid Gentle Bubble Cleanser 140 ml;https://www.mystationary.de/media/f0/9b/cb/1775886763/8999fd30f9467d6a6091ca3693c712e6a557a37d_MS_0064084_image_1_MBW2cojfqcNrfFYKDZovvY.jpg?ts=1775886764;Dr. Althea - Amino Acid Gentle Bubble Cleanser - Gesichtsreinigungsschaum. Die weiche Textur des Schaums reinigt die Haut sanft, indem sie tief in die Poren eindringt und Make-up-Reste, Talg und andere Unreinheiten entfernt. Er hinterlässt kein Spannungsgefühl und kann auch von Menschen mit empfindlicher Haut verwendet werden. Sie enthält reinigendes und erfrischendes Neroliöl und siebzehn Aminosäuren, die die Hydrolipidbarriere der Haut stärken. Darüber hinaus tragen ceramide und Natriumhyaluronat dazu bei, die Weichheit und Geschmeidigkeit der Haut zu verbessern. Die Schaumformel ist vegan.;21.95;Dr.Althea;Gesichtsreinigung;Water, Coco-Glucoside, Glycerin, Disodium Cocoamphodiacetate, Butylene Glycol, 1,2-Hexanediol, Sodium Cocoyl Apple Amino Acids, Sodium Chloride, Potassium Cocoyl Glycinate, Sodium Cocoyl Glutamate, Hexylene Glycol, Potassium Cocoate, Polyglyceryl-10 Laurate, Ethylhexylglycerin, Disodium EDTA, Tetrasodium Glutamate Diacetate, Citrus Aurantium Dulcis (Orange) Peel Oil, Sodium Hyaluronate, Perilla Ocymoides Seed Extract, Glycine, Bambusa Vulgaris Water, Serine, Glutamic Acid, Aspartic Acid, Leucine, Alanine, Lysine, Arginine, Tyrosine, Phenylalanine, Proline, Valine, Threonine, Isoleucine, Histidine, Caprylic/Capric Triglyceride, Cysteine, Methionin, Bisabolol, Hydrogenated Lecithin, Phytosteryl/Octyldodecyl Lauroyl Glutamate, Ceramide NP, Limonene.;"Gesicht und Hände anfeuchten, anschließend eine geeignete Menge des Reinigers entnehmen und mit den Händen sanft aufschäumen.
Den Schaum sanft auf dem gesamten Gesicht einmassieren und anschließend gründlich mit lauwarmem Wasser abspülen.
";;;
Milk - Watermelon Jelly Glow - Aufhellendes Serum Mit Peptiden In Stick-form - watermelon Glow;https://media.sephora.eu/content/dam/digital/pim/published/M/MILK_MAKEUP/757721/364005-media_swatch.jpg?scaleWidth=500&scaleHeight=500&scaleMode=fit;"Ein gelartiges Serum in Stick-Form mit Peptiden und feuchtigkeitsspendenden Eigenschaften, das die Haut glättet, aufhellt und das Erscheinungsbild der Poren minimiert. Es sorgt für einen strahlenden, frischen Teint.
Das feuchtigkeitsspendende, aufhellende Serum setzt auf milde Alternativen zu aggressiven Wirkstoffen, ohne Kompromisse bei der Wirksamkeit einzugehen. Peptide und Pflanzenextrakte helfen, den Teint zu vereinheitlichen und Falten sowie Unregelmäßigkeiten zu mildern.
Das Produkt ist vegan und besteht aus natürlich gewonnenen Inhaltsstoffen.
";27.95;Milk;Serum;"AQUA/WATER/EAU, ALOE BARBADENSIS LEAF JUICE, GLYCERIN, 2,3-BUTANEDIOL, PROPANEDIOL,
SORBITOL, CITRULLUS LANATUS (WATERMELON) FRUIT EXTRACT, LEPIDIUM SATIVUM SPROUT
EXTRACT, LENS ESCULENTA (LENTIL) SEED EXTRACT, CHONDRUS CRISPUS EXTRACT, HIBISCUS
ROSA-SINENSIS FLOWER EXTRACT, OPUNTIA VULGARIS EXTRACT, TREMELLA FUCIFORMIS
POLYSACCHARIDE, CHLORELLA FERMENT, PALMITOYL TRIPEPTIDE-1, PALMITOYL TETRAPEPTIDE-7,
BUTYLENE GLYCOL, HYDROXYACETOPHENONE, TOCOPHEROL, SODIUM HYALURONATE, CITRULLINE,
CARRAGEENAN, 1,2-HEXANEDIOL, CAPRYLYL GLYCOL, ETHYLHEXYLGLYCERIN, CARBOMER, XANTHAN
GUM, GUAR HYDROXYPROPYLTRIMONIUM CHLORIDE, AGAROSE, POLYSORBATE 20, SODIUM
LACTATE, SODIUM PCA, ERYTHRITOL, SODIUM HYDROXIDE, PROPYLENE GLYCOL, CITRIC ACID,
SODIUM CARBONATE, SORBIC ACID, BENZOIC ACID, POTASSIUM SORBATE, SODIUM BENZOATE,
PHENOXYETHANOL, RED 40 (CI 16035)";"- Bei der ersten Anwendung den Schutzdeckel vorsichtig abnehmen und wegwerfen.
- Nach dem Reiniger und dem Tonikum direkt auf die saubere Haut auftragen und zum Einziehen mit den Fingerspitzen einklopfen.
- Kann morgens und abends angewendet werden.
- Gut verschließen, um die Frische der Formel zu erhalten.
Für zusätzliche Beruhigung im Kühlschrank aufbewahren.
- Profi-Tipp: Zuerst das Cooling Water Jelly Ice (separat erhältlich) auftragen, um gestresste Haut zu erfrischen, dann Watermelon Jelly Glow, um ihr neue Leuchtkraft zu verleihen.";True ;True ;True
Anua - Niacinamid 10% + Txa 4% Serum - Aufhellendes Anti-age-serum - anua Niacinamide 10 + Txa 4 Serum 30ml;https://media.sephora.eu/content/dam/digital/pim/published/A/ANUA_THE_FOUNDERS/803163/399710-media_swatch-0.jpg?scaleWidth=500&scaleHeight=500&scaleMode=fit;"Ein leichtes, nicht klebendes und aufhellendes Serum mit 10 % Niacinamid und 4 % Tranexamsäure (TXA). Es hilft, ein klares Hautbild zu fördern, Pigmentflecken zu mildern und einen strahlenden, ebenmäßigen Teint zum Vorschein zu bringen.
Die Kombination aus Niacinamid, TXA und Ceramiden sorgt für eine effektive aufhellende Wirkung und ist dabei sanft zur Haut. Das Serum trägt dazu bei, den Teint gleichmäßiger erscheinen zu lassen und die Leuchtkraft der Haut zu unterstützen.
Hyaluronsäure und Polyglutaminsäure spenden Feuchtigkeit und sorgen für eine glatte, hydratisierte Haut.
30 ml
";22.95;Anua;Serum;Water, Glycerin, Niacinamide, Tranexamic Acid, Butylene Glycol, Diethoxyethyl Succinate, 1,2-Hexanediol, Arbutin, Sodium Hyaluronate, Alpha-Arbutin, Coccinia Indica Fruit Extract, Eclipta Prostrata Extract, Macadamia Integrifolia Seed Oil, Olea Europaea (Olive) Fruit Oil, Simmondsia Chinensis (Jojoba) Seed Oil, Vitis Vinifera (Grape) Seed Oil, Theobroma Cacao (Cocoa) Extract, Hydrolyzed Hyaluronic Acid, Chamaecyparis Obtusa Leaf Extract, Prunus Persica (Peach) Flower Extract, Camellia Sinensis Seed Oil, Yeast Ferment Extract, Centella Asiatica Extract, Artemisia Princeps Leaf Extract, Candida Bombicola/Glucose/Methyl Rapeseedate Ferment, Hyaluronic Acid, Pentylene Glycol, Betaine Salicylate, Sucrose Palmitate, Hydrogenated Lecithin, Gellan Gum, Sodium Phytate, Cellulose, Caprylic/Capric Triglyceride, Panthenol, Cyanocobalamin, Polyglutamic Acid, 3-O-Ethyl Ascorbic Acid, Ceramide NP, Dextrin, Asiaticoside, Madecassic Acid, Asiatic Acid, Dimethylsilanol Hyaluronate, Hydrolyzed Sodium Hyaluronate, Potassium Hyaluronate, Hydroxypropyltrimonium Hyaluronate, Sodium Hyaluronate Crosspolymer, Sodium Hyaluronate Dimethylsilanol, Sodium Acetylated Hyaluronate, Xanthan Gum;"Trage einige Tropfen auf die gewünschten Bereiche auf und klopfe sie sanft mit den Fingerspitzen ein.
Erhöhe nach und nach entsprechend der Hautverträglichkeit die Anwendungshäufigkeit.
Morgens und abends vor den Ölen oder der Feuchtigkeitspflege verwenden.
Schließe deine Routine morgens mit einem Sonnenschutz mit LSF 30 oder höher ab.";True ;True ;True
Anua - Azelaic Acid 10 Hyaluron Redness Soothing Serum - Serum Gegen Unreinheiten - azelaic Acid 10 Soothing Serum 30ml;https://media.sephora.eu/content/dam/digital/pim/published/A/ANUA_THE_FOUNDERS/803164/399711-media_swatch-0.jpg?scaleWidth=500&scaleHeight=500&scaleMode=fit;"Ein beruhigendes Serum mit leichter Textur, formuliert mit 10 % Azelainsäure, Natriumhyaluronat und dem Anua Gentle Calming Complex™. Es hilft, Rötungen und Trockenheit zu lindern, spendet empfindlicher oder irritierter Haut Feuchtigkeit und beruhigt sie.
Das Serum wurde entwickelt, um das Wohlbefinden und die Klarheit der Haut zu fördern. Es sorgt für ein glattes, frisches Finish. Die beruhigenden Wirkstoffe verleihen dem Serum seinen natürlich grünen Farbton.
Die Formel enthält 10 % Azelainsäure, die Rötungen beruhigt und einen klaren Teint unterstützt. Natriumhyaluronat spendet langanhaltend Feuchtigkeit, während der Anua Gentle Calming Complex™ mit Aloe Vera und 7 Arten von Cica sichtbar beruhigende Ergebnisse fördert.
30 ml




";22.95;Anua;Serum;Water, Azelaic Acid, Propylene Glycol, Sodium Hydroxide, Dipropylene Glycol, 1,2-Hexanediol, Panthenol, Hydroxyethylcellulose, Betaine Salicylate, Glycerin, Biosaccharide Gum-1, Ethylhexylglycerin, Allantoin, Dipotassium Glycyrrhizate, Melia Azadirachta Leaf Extract, Camellia Sinensis Leaf Water, Sodium Hyaluronate, Melia Azadirachta Flower Extract, Niacinamide, Aloe Barbadensis Leaf Juice, Beta-Glucan, Centella Asiatica Extract, Centella Asiatica Leaf Extract, Centella Asiatica Root Extract, Madecassoside, Asiaticoside, Asiatic Acid, Madecassic Acid, Squalane, Zinc PCA, Butylene Glycol, Pentylene Glycol, Caprylyl/Capryl Glucoside, Hydrogenated Lecithin, Ceramide NP;Trage eine entsprechende Menge auf die Haut auf.;True ;True ;True
Byoma - Illuminator-serum - brightening Serum 30ml;https://media.sephora.eu/content/dam/digital/pim/published/B/BYOMA/633709/281323-media_swatch.jpg?scaleWidth=500&scaleHeight=500&scaleMode=fit;"Dieses leistungsstarke, aufhellende Gesichtsserum trägt dazu bei, den Hautton und die Hautstruktur sichtbar zu verbessern und sorgt für ein gleichmäßiges, strahlendes Ergebnis.
Das leichte Serum hellt die Haut sichtbar auf und hilft, Anzeichen von Hyperpigmentierung und einem ungleichmäßigen Teint zu mildern. Die Formel ist mit einem Tri-Ceramid-Komplex aus Ceramiden, Cholesterin und Fettsäuren, Niacinamid sowie Hyaluronsäure angereichert. Sie stärkt die Hautbarriere, spendet intensive Feuchtigkeit und unterstützt die Haut dabei, sich vor Umwelteinflüssen zu schützen.
Bei täglicher Anwendung wirkt die Haut strahlender, leuchtender und besser mit Feuchtigkeit versorgt. Das Produkt ist dermatologisch getestet, ölfrei, nicht komedogen, alkohol- und parfümfrei, vegan und tierversuchsfrei.
30 ml
";15.95;Byoma;Serum;AQUA (CARRIER), METHYLPROPANEDIOL (SOLVENTS), NIACINAMIDE (SKIN-CONDITIONER), 1,2-HEXANEDIOL (SOLVENTS), GLYCERIN (HUMECTANTS), POLYGLYCERYL-10 LAURATE (EMULSIFIER), SODIUM HYALURONATE (SKIN-CONDITIONER), CERAMIDE NP (SKIN-CONDITIONER), CHOLESTEROL (SKIN-CONDITIONER), CAPRYLIC/CAPRIC TRIGLYCERIDE (SKIN-CONDITIONER), PHYTOSPHINGOSINE (SKIN-CONDITIONER), SODIUM PHYTATE (CHELATING AGENTS), ASCORBIC ACID (SKIN-CONDITIONER), STEARIC ACID (SKIN-CONDITIONER), OLEIC ACID (SKIN-CONDITIONER), HYDROGENATED LECITHIN (EMULSIFIER), ETHYLHEXYLGLYCERIN (SKIN-CONDITIONER), XANTHAN GUM (VISCOSITY CONTROLLING), SQUALANE (SKIN-CONDITIONER), TOCOPHEROL (ANTIOXIDANTS), LACTIC ACID (PH ADJUSTERS), CARBOMER (VISCOSITY CONTROLLING), TROMETHAMINE (PH ADJUSTERS), CAPRYLYL GLYCOL (PRESERVATIVE), CAPRYLHYDROXAMIC ACID (CHELATING AGENTS);Anwendungsempfehlung: 4 bis 6 Tropfen auf die gereinigte Haut auftragen und sanft einmassieren, bis sie vollständig eingezogen sind. Anschließend ein Serum + eine Feuchtigkeitspflege auftragen.;True ;True ;True
Byoma - Phyto-mucin Glow Serum - Feuchtigkeitsserum - phyto Mucin Glow Serum 40ml;https://media.sephora.eu/content/dam/digital/pim/published/B/BYOMA/757636/365030-media_swatch.jpeg?scaleWidth=500&scaleHeight=500&scaleMode=fit;"Dieses Serum für die tägliche Anwendung ist eine Ein-Schritt-Lösung für Haut mit „Glass-Skin“-Effekt. Die Haut wirkt praller und gestärkter, während die Hautbarriere widerstandsfähiger erscheint.
Die leichte, nicht klebende Formel zieht schnell ein und kann vor dem Auftragen von flüssigem Make-up wie ein Primer wirken. Sie glättet die Haut, bringt sie zum Strahlen und verbessert ihre Elastizität.
Peptide, pflanzliches Phytomucin, feuchtigkeitsspendendes Panthenol und der Barrier Lipid Complex sorgen für ein strahlendes Ergebnis. Phytomucin spendet intensive Feuchtigkeit und unterstützt die Regeneration sowie Stärkung der Hautbarriere.
Bei täglicher Anwendung hilft das Serum, die Haut gezielt mit Feuchtigkeit zu versorgen, den Teint ebenmäßiger wirken zu lassen, die Hautstruktur zu verbessern und die Haut praller erscheinen zu lassen. Die Formel ist dermatologisch getestet, nicht komedogen, alkohol- und parfümfrei.
40 ml
";17.95;Byoma;Serum;Aqua (Carrier), Glycerin (Skin-Conditioner), Butylene Glycol (Humectant), Methylpropanediol (Solvent), 1,2-Hexanediol (Emollient), Propanediol (Skin-Conditioner), Glyceryl Polymethacrylate (Skin-Conditioner), Dioscorea Japonica Root Extract (Skin-Conditioner), Propylene Glycol (Humectant), Laminaria Japonica Extract (Skin-Conditioner), Hibiscus Esculentus Fruit Extract (Skin-Conditioner), Palmitoyl Tripeptide-1 (Skin-Conditioner), Corchorus Olitorius Leaf Extract (Skin-Conditioner), Arginine (Skin-Conditioner), Panthenol (Skin-Conditioner), Nelumbo Nucifera Root Extract (Skin-Conditioner), Hydroxyacetophenone (Antioxidant), Polyglutamic Acid (Humectant), Glycereth-25 PCA Isostearate (Emulsifier), Hyaluronic Acid (Skin-Conditioner), Hydrolyzed Hyaluronic Acid (Skin-Conditioner), Sodium Hyaluronate (Skin-Conditioner), Ceramide NP (Skin-Conditioner), Betaine (Humectant), Cholesterol (Skin Conditioner), Carbomer (Thickener), Caprylic/Capric Triglyceride (Skin Conditioner), Phytosphingosine (Skin Conditioner), Xanthan Gum (Thickener), Stearic Acid (Skin Conditioner), Oleic Acid (Skin Conditioner), Hydrogenated Lecithin (Emulsifier), Sodium Lactate (pH adjuster ), Sodium Polyacrylate (Thickener), Lactic Acid (pH Adjuster), Caprylyl Glycol (Skin-Conditioner), Ethylhexylglycerin (Skin-Conditioner), Caprylhydroxamic Acid (Chelating Agent);Trage einen Pumpstoß auf die gereinigte Haut auf und klopfe das Produkt sanft ein, bis es vollständig eingezogen ist. Danach ein Serum und eine Feuchtigkeitscreme + SPF auftragen.;True ;True ;True
Clinique - Moisture Surge Active Glow Serum Hydrating Facial Serum - moisture Surge Active Glow Serum 50ml;https://media.sephora.eu/content/dam/digital/pim/published/C/CLINIQUE/760912/364531-media_swatch.jpg?scaleWidth=500&scaleHeight=500&scaleMode=fit;"Ein Serum für tiefgreifende Feuchtigkeitszufuhr und einen strahlenden Teint. Es hilft, abgestorbene Hautzellen sanft zu entfernen und neue Hautzellen mit Feuchtigkeit zu versorgen und zu schützen. Die Haut wirkt prall, frisch und strahlend.
Das Serum eignet sich für alle Hauttöne und Hauttypen, auch für sensible Haut. Es ist allergiegetestet und 100 % parfumfrei.
50 ml
";52.45;Clinique;Serum;Water\\Aqua\\Eau, Glycerin, Lactic Acid, Octyldodecyl Myristate, Butylene Glycol, Bis/Peg/18 Methyl Ether Dimethyl Silane, Dimethicone, Ppg/24/Glycereth/24, Sodium Hydroxide, Hydrogenated Lecithin, Glycereth/26, Polysorbate 80, Sodium Hyaluronate, Caffeine, Aloe Barbadensis Leaf Water, C13/14 Isoparaffin, Sodium Polyaspartate, Trehalose, Sodium Stearoyl Glutamate, Glycyrrhetinic Acid, Sucrose, Laureth/7, Xanthan Gum, Dimethicone/Peg/10/15 Crosspolymer, Polyacrylamide, Tocopheryl Acetate, Magnesium Ascorbyl Phosphate, Bht, Disodium Edta, Phenoxyethanol, Potassium Sorbate, Mica, Titanium Dioxide (Ci 77891), Iron Oxides (Ci 77491);"Morgens und abends auf die gereinigte Haut auftragen. Mit 3 Tropfen beginnen, bei Bedarf mehr hinzufügen.
- Sonnenschutz auftragen und Sonnenexposition während der Anwendung und in der Woche danach vermeiden.";True;True;True
Clinique - Dark Spot Clearing Serum- Serum - even Better Serum Dark Spot;https://media.sephora.eu/content/dam/digital/pim/published/C/CLINIQUE/759797/367032-media_swatch.jpg?scaleWidth=500&scaleHeight=500&scaleMode=fit;"Dieses Serum wurde entwickelt, um dunkle Flecken in verschiedenen Hauttonen zu reduzieren. Klinische Studien haben eine sichtbare Verringerung von Unreinheiten und Fleckenintensität gezeigt und sorgen für einen gleichmäßigeren Farbton.
";67.45;Clinique;Serum;Water\\Aqua\\Eau, Dimethicone, Isododecane, Yeast Extract\\Faex\\Extrait De Levure, Butylene Glycol, Polysilicone-11, Niacinamide, Ascorbyl Glucoside, Peg-10 Dimethicone, Peg-6, Acetyl Glucosamine, Glycerin, Sodium Hyaluronate, Squalane, Cholesterol, Helianthus Annuus (Sunflower) Seed Extract, Trametes Versicolor Extract, Glycyrrhiza Glabra (Licorice) Root Extract, Hordeum Vulgare Extract\\Extrait D'Orge, Oryza Sativa (Rice) Bran Extract, Triticum Vulgare (Wheat) Germ Extract, Cucumis Sativus (Cucumber) Fruit Extract, Camellia Sinensis Leaf Extract, Caffeine, Salicylic Acid, Isohexadecane, Propylene Glycol Dicaprate, Glycyrrhetinic Acid, Dimethoxytolyl Propylresorcinol, Caprylyl Glycol, Stearamidopropyl Dimethylamine, Phosphatidylcholine, Sorbitan Oleate, Polysorbate 20, Polysorbate 80, Stearic Acid, Hexylene Glycol, Tromethamine, Citric Acid, Acrylamide/Sodium Acryloyldimethyltaurate Copolymer, Ammonium Acryloyldimethyltaurate/Vp Copolymer, Tocopheryl Acetate, Magnesium Ascorbyl Phosphate, Bht, Sodium Citrate, Disodium Edta, Nylon-12, Phenoxyethanol [ILN52877];"ANWENDUNG
• Verwenden Sie unser Serum gegen dunkle Flecken zweimal täglich, morgens und abends.
• 1 bis 2 Pumpstöße auf die Fingerspitzen geben.
• Serum auf das ganze Gesicht auftragen, die Augenpartie aussparen.
• Anschließend eine Feuchtigkeitscreme verwenden.
• Täglicher Sonnenschutz ist unerlässlich. Morgens nach der Feuchtigkeitscreme auftragen.";True;True;True
Glow Recipe - Pomegranate Peptide - Straffendes Serum - 30 Ml;https://media.sephora.eu/content/dam/digital/pim/published/G/GLOW_RECIPE/654156/318845-media_swatch.jpg?scaleWidth=500&scaleHeight=500&scaleMode=fit;"Ein Serum mit straffender und liftender Wirkung auf Basis von Polypeptiden, Granatapfelkernöl und Hyaluronsäure. Es hilft, feine Linien und Falten gezielt zu mildern und sorgt für ein hydratisiertes, geliftetes Hautbild.
Das Produkt ist vegan und besteht aus natürlich gewonnenen Inhaltsstoffen.
30 ml
";44.95;Glow Recipe;Serum;Water/Aqua/Eau, Propanediol, Glycerin, Acacia Senegal Gum, Pullulan, Squalane, Copper Tripeptide-1, sr-Hydrozoan Polypeptide-1, Punica Granatum (Pomegranate) Seed Oil, Punica Granatum (Pomegranate) Fruit Extract, Hyaluronic Acid, Sodium Hyaluronate, Ethylhexyl Palmitate, Tocopherol, Lactobacillus/Punica Granatum Fruit Ferment Extract, Elastin, Bidens Pilosa Extract, Linum Usitatissimum (Linseed) Seed Oil, Enteromorpha Compressa Extract, Engelhardtia Chrysolepis Leaf Extract, Ocimum Sanctum Leaf Extract, Silybum Marianum Fruit Extract, Leuconostoc/Radish Root Ferment Filtrate, Gossypium Herbaceum (Cotton) Seed Oil,Tetrasodium Glutamate Diacetate, Trihydroxystearin, 1,2-Hexanediol, Dilauryl Citrate, Polyglyceryl-4 Laurate, Polyacrylate Crosspolymer-6, Rhizobian Gum, Elaeis Guineensis Oil, Polymethylsilsesquioxane, Sorbitan Laurate, Glucomannan, Ethylhexylglycerin, Phenoxyethanol, Potassium Sorbate, Citric Acid, Sodium Hydroxide, Fragrance/Parfum*. *100% Naturally Derived.;"Nimm ein bis zwei Pumpstöße und klopfe sie sanft in die leicht angefeuchtete Haut von Gesicht und Hals ein, bis sie vollständig eingezogen sind.
Täglich, morgens und abends, auftragen und anschließend eine Feuchtigkeitscreme verwenden.
Vergiss nicht, tagsüber auch einen Sonnenschutz aufzutragen.";False;True;False
Glow Recipe - Guava Vitamin C - Serum Gegen Pigmentflecken - 30 Ml;https://media.sephora.eu/content/dam/digital/pim/published/G/GLOW_RECIPE/570833/268634-media_swatch.jpg?scaleWidth=500&scaleHeight=500&scaleMode=fit;"Dieses Serum mit aufhellender Wirkung wurde speziell entwickelt, um das Erscheinungsbild von Pigmentflecken zu reduzieren. Es enthält fünf Formen von Vitamin C, Guave, Tranexamsäure und Ferulasäure und sorgt für eine sichtbar strahlende, ebenmäßige Haut.
Das Produkt ist vegan und besteht aus natürlich gewonnenen Inhaltsstoffen.
30 ml
";44.95;Glow Recipe;Serum;Water/Aqua/Eau, Propanediol, C9-12 Alkane, Psidium Guajava Fruit Extract, Tetrahexyldecyl Ascorbate, Tranexamic Acid, Sodium Polyacryloyldimethyl Taurate, 3-O-Ethyl Ascorbic Acid, Ascorbyl Glucoside, Magnesium Ascorbyl Phosphate, Sodium Ascorbyl Phosphate, Psidium Guajava Seed Oil, Tocopherol, Tocopheryl Acetate, Sodium Hyaluronate, Ferulic Acid, Tremella Fuciformis Sporocarp Extract, Pyrus Malus (Apple) Fruit Extract, Musa Sapientum (Banana) Fruit Extract, Prunus Armeniaca (Apricot) Kernel Extract, Pyrus Communis (Pear) Fruit Extract, Rubus Idaeus (Raspberry) Fruit Extract, Melia Azadirachta Flower Extract, Melia Azadirachta Leaf Extract, Corallina Officinalis Extract, Coccinia Indica Fruit Extract, Hexanoyl Dipeptide-3 Norleucine Acetate, Polyglyceryl-10 Dioleate, Glycerin, 1,2-Hexanediol, Caprylic/Capric Triglyceride, Caprylyl Glycol, Hydroxyacetophenone, Sodium Stearoyl Glutamate, Coco-Caprylate/Caprate, Betaine, Lecithin, Polyglyceryl-10 Dipalmitate, Sodium Citrate, Sodium Phytate, Potassium Sorbate, Decyl Glucoside, Lauryl Glucoside, Ethylhexylglycerin, Citric Acid, Xanthan Gum, Phenoxyethanol.;"Anwendungstipp:
- Trage ein bis zwei Pumpstöße auf die gereinigte Haut auf und klopfe sie sanft in die Haut ein, damit das Produkt optimal einziehen kann.
- Täglich, morgens und abends, auftragen und anschließend eine Feuchtigkeitscreme verwenden.
-  Vergiss nicht, tagsüber auch einen Sonnenschutz aufzutragen.
- Verwende das Serum bei empfindlicher Haut drei- bis viermal pro Woche und steigere die Anwendung allmählich.
- Für eine maximale Wirksamkeit solltest du das Produkt an einem kühlen, trockenen Ort ohne direkte Sonneneinstrahlung aufbewahren.
";True;True;True
Glow Recipe - Strawberry Smooth - Klärendes Serum Mit Salicylsäure, Aha Und Bha - 30 Ml;https://media.sephora.eu/content/dam/digital/pim/published/G/GLOW_RECIPE/617800/278213-media_swatch.jpg?scaleWidth=500&scaleHeight=500&scaleMode=fit;"Ein beruhigendes Serum mit AHA- und BHA-Säuren, das das Erscheinungsbild der Haut sanft glättet, Unreinheiten mildert und die Poren sichtbar verfeinert. Es sorgt für eine klare, mit Feuchtigkeit versorgte Haut.
Das Produkt ist vegan und besteht aus natürlich gewonnenen Inhaltsstoffen.
30 ml
";41.95;Glow Recipe;Serum;"\Water/Aqua/Eau, Methylpropanediol, C9-12 Alkane, Fragaria Vesca (Strawberry) Fruit Extract, Hydroxypropyl Starch Phosphate, Pentylene Glycol, Salicylic Acid, Succinic Acid, Azelamidopropyl Dimethyl Amine, Mandelic Acid, Fragaria Vesca (Strawberry) Leaf Extract, Allantoin, Sodium Hyaluronate, Bisabolol, Opuntia Ficus-Indica (Prickly Pear) Flower Extract, Niacinamide, Zingiber Officinale (Ginger) Root Extract, Saccharomyces Ferment, Dextrin, Polydextrose, 1,2-Hexanediol, Caprylyl Glycol, Coco-Caprylate/Caprate, Hydroxyacetophenone, Amylopectin, Butylene Glycol, Succinoglycan, Leuconostoc/Radish Root Ferment Filtrate, Lauroyl Lysine, Sodium Phytate, Aminomethyl Propanol, Citric Acid, Fragrance/Parfum.*
*100% Naturally Derived.\";"- Nimm vor dem Auftragen der Feuchtigkeitscreme ein bis zwei Pumpstöße und klopfe das Produkt sanft auf das leicht feuchte Gesicht und den Hals, bis es vollständig eingezogen ist.
- Täglich morgens und abends verwenden.
- Trage nach der Feuchtigkeitspflege tagsüber einen Sonnenschutz auf.
";True;True;False
Glow Recipe - Strawberry Bha Pore-smooth Blur Drops - Porenverfeinerndes Serum - 30ml;https://media.sephora.eu/content/dam/digital/pim/published/G/GLOW_RECIPE/659581/313784-media_swatch.jpg?scaleWidth=500&scaleHeight=500&scaleMode=fit;"Ein pflegendes Serum und eine silikonfreie Base, die das Erscheinungsbild der Poren nach und nach verfeinert, optisch weichzeichnet und die Talgproduktion ausgleicht. Es sorgt für ein natürliches, sanftes und satiniertes Finish.
Das Produkt ist vegan und besteht aus natürlich gewonnenen Inhaltsstoffen.
30 ml
";31.95;Glow Recipe;Serum;"Water/Aqua/Eau, Tapioca Starch, Isopentyldiol, Nylon-12, C9-12 Alkane, Distarch Phosphate, Ammonium Acryloyldimethyltaurate/VP Copolymer, Saccharide Isomerate, Fragaria Vesca (Strawberry) Leaf Extract, Salicylic Acid, Salix Alba Bark Extract, Fragaria Vesca (Strawberry) Fruit Extract, Leuconostoc/Radish Root Ferment Filtrate, Sodium Hyaluronate, Bisabolol, Coco-Caprylate/Caprate, Triheptanoin, Butylene Glycol, Pentylene Glycol, Propanediol, Caprylyl Glycol, Polyglyceryl-10 Dioleate, Dilinoleic Acid/Butanediol Copolymer, Polyglyceryl-10 Dipalmitate, Ethylhexylglycerin, Sodium Hydroxide, 1,2-Hexanediol, Phenoxyethanol, Castor Oil/IPDI Copolymer, Citric Acid, Fragrance/Parfum*.
*100% Naturally Derived.";"Verteile mit den Fingern eine erbsengroße Menge gleichmäßig und klopfe sie sanft in die gereinigte und tonisierte Haut ein. Täglich morgens und abends anwenden. Trage anschließend deine gewohnte Feuchtigkeitspflege auf.

Als Base zum Verblenden:
Verwende das Produkt als letzten Schritt in deiner Hautpflegeroutine.
Lasse es vollständig einziehen, bevor du den ersten Schritt deiner Make-up-Routine durchführst. 
Trage das Produkt am besten mit den Fingern auf.
";;;
Kiehl's Since 1851 - Vital Skin-strengthening - Super Serum - super Serum Visibly Vibrant 50ml;https://media.sephora.eu/content/dam/digital/pim/published/K/KIEHLS/533881/225537-media_swatch.jpg?scaleWidth=500&scaleHeight=500&scaleMode=fit;"Das Vital Skin-Strengthening Super Serum dringt in acht oberflächliche Hautschichten ein und hilft, Anzeichen der Hautalterung sichtbar zu reduzieren. Feine Linien und Falten werden gemildert, während glanzlose, fahle und matte Haut revitalisiert wird und frischer wirkt.
Die Formel mit 11-kDa-Hyaluronsäure und einem adaptiven Kräuterkomplex unterstützt die Haut dabei, sich sichtbar zu erneuern und ihre Widerstandsfähigkeit zu stärken. Sie schützt vor äußeren Einflussfaktoren wie Sonneneinstrahlung, Umweltverschmutzung, Stress, Schlafmangel, Ernährung und Temperaturschwankungen, die zu frühen Anzeichen der Hautalterung beitragen können.
Das Serum verbessert die Ausstrahlung, stärkt die Haut und sorgt für ein strahlendes, gesund aussehendes Hautbild. Es ist für alle Hauttypen geeignet, auch für empfindliche Haut.
50 ml
";87.95;Kiehl's Since 1851;Serum;AQUA/WATER, DIMETHICONE, GLYCERIN, ALCOHOL DENAT., HAMAMELIS VIRGINIANA WATER/WITCH HAZEL WATER, PROPANEDIOL, PHENOXYETHANOL, TOCOPHEROL, AMMONIUM POLYACRYLOYLDIMETHYL TAURATE, SCHISANDRA CHINENSIS FRUIT EXTRACT, CAPRYLOYL SALICYLIC ACID, CAPRYLYL GLYCOL, XANTHAN GUM, PEG-60 HYDROGENATED CASTOR OIL, PANAX GINSENG ROOT EXTRACT, SODIUM ACETYLATED HYALURONATE, PEG-20 METHYL GLUCOSE SESQUISTEARATE, DISODIUM EDTA, OCIMUM SANCTUM LEAF EXTRACT, CITRUS AURANTIUM DULCIS PEEL OIL/ORANGE PEEL OIL, LIMONENE, ADENOSINE, SODIUM HYDROXIDE, METHYLDIHYDROJASMONATE, CITRIC ACID, EUGENOL, SODIUM BENZOATE, PELARGONIUM GRAVEOLENS FLOWER OIL, CITRAL, POTASSIUM SORBATE, LAVANDULA ANGUSTIFOLIA OIL/LAVENDER OIL, CYMBOPOGON SCHOENANTHUS OIL, CITRONELLOL, LINALOOL, GERANIOL, ROSMARINUS OFFICINALIS LEAF OIL/ROSEMARY LEAF OIL FMLA 685832 32 F.I.L. CODE D241983/2.;"Morgens und abends:
Reinigung: Reinige dein Gesicht und deinen Hals gründlich mit einem auf deinen Hauttyp abgestimmten Reinigungsprodukt.
Vorbereitung: Verwende ein Gesichtswasser, um den pH-Wert deiner Haut auszugleichen und sie optimal auf die nachfolgende Pflege vorzubereiten.
Serum: Gib zwei bis drei Pumphübe des Serums in deine Handflächen.
Anwendung: Verteile das Serum sanft mit den Fingerspitzen in kreisenden, aufwärtsgerichteten Bewegungen auf Gesicht und Hals. Vermeide dabei die Augenpartie. Sollte das Serum dennoch in die Augen gelangen, spüle sie gründlich mit Wasser aus.
Pflege: Trage nach dem Serum deine gewohnte Tages- oder Nachtpflege auf.
Tipp: Das Vital Skin-Strengthening Super Serum lässt sich hervorragend mit anderen Seren kombinieren.
";;;
Kiehl's Since 1851 - Retinol Micro-dose Treatment - Serum - super Serum Derm Rnl;https://media.sephora.eu/content/dam/digital/pim/published/K/KIEHL/570796/258621-media_swatch.jpg?scaleWidth=500&scaleHeight=500&scaleMode=fit;"Das Retinol Skin-Renewing Daily Micro-Dose Serum sorgt für ein jugendlicheres Hautbild. Es enthält Retinol, das hilft, Fältchen zu mildern und den Teint zu verfeinern.
Das Anti-Aging-Serum unterstützt eine straffere, glattere Haut und begünstigt die Hautregeneration. Peptide und Ceramide stärken die Hautbarriere und fördern die Zellerneuerung. So werden die positiven Effekte des Retinols unterstützt, während die Haut regeneriert wird und jugendlicher aussieht.
";52.95;Kiehl's Since 1851;Serum;AQUA / WATER • GLYCERIN • BUTYLENE GLYCOL • PENTYLENE GLYCOL • NIACINAMIDE • CETYL ALCOHOL • ISOHEXADECANE • ISONONYL ISONONANOATE • DIISOPROPYL SEBACATE • 2-OLEAMIDO-1,3-OCTADECANEDIOL • 4-T-BUTYLCYCLOHEXANOL • ACETYL DIPEPTIDE-1 CETYL ESTER • ADENOSINE • CERAMIDE NP • HYDROXYPALMITOYL SPHINGANINE • LAUROYL LYSINE • OCTYLDODECANOL • PENTAERYTHRITYL TETRA-DI-T-BUTYL HYDROXYHYDROCINNAMATE • SODIUM CHLORIDE • SODIUM HYALURONATE • SODIUM HYDROXIDE • TRISODIUM ETHYLENEDIAMINE DISUCCINATE • RETINOL • TOCOPHEROL • DICAPRYLYL ETHER • AMMONIUM POLYACRYLOYLDIMETHYL TAURATE • BEHENYL ALCOHOL • CAPRYLYL GLYCOL • CARBOMER • CETEARYL ALCOHOL • CETEARYL GLUCOSIDE • GLYCINE SOJA OIL / SOYBEAN OIL • HELIANTHUS ANNUUS SEED OIL / SUNFLOWER SEED OIL • HYDROXYETHYLCELLULOSE • LECITHIN • PHENETHYL ALCOHOL • POLOXAMER 188 • POLYCAPROLACTONE • SORBITAN LAURATE • STEARETH-100 • CI 40800 / BETA-CAROTENE • CHLORPHENESIN • PHENOXYETHANOL (F.I.L. D266621/1).;"Wann wende ich das Daily Micro-Dose Retinol-Serum an?
Unsere Formel mit Retinol ist genau so formuliert, dass sie sich gut in Deine tägliche Hautpflegeroutine integrieren lässt. So kannst Du das Retinol-Tagesserum von der ersten Anwendung an täglich verwenden, um hautregenerierende Ergebnisse zu erzielen. Dabei werden gleichzeitig unerwünschte Wirkungen gemildert, die während der Retinisierungsphase auftreten könnten. Unsere mikrodosierte Retinol-Formel kann morgens und abends nach der Gesichtsreinigung angewendet werden.
Hinweis: Retinol kann die Empfindlichkeit der Haut gegenüber Sonne erhöhen - daher ist es wichtig, tagsüber einen Sonnenschutz zu verwenden und direkte Sonneneinstrahlung zu meiden, wenn Du eine Formel mit Retinol in Deine Hautpflegeroutine aufnimmst
";;;
Kiehl's Since 1851 - Clearly Corrective - Dark Spot Solution - clearly Corrective Dark Spot Sol 50ml;https://media.sephora.eu/content/dam/digital/pim/published/K/KIEHL/533871/225527-media_swatch.jpg?scaleWidth=500&scaleHeight=500&scaleMode=fit;"Die Formel hilft bei kontinuierlicher täglicher Anwendung, der Bildung zukünftiger dunkler Hautflecken und anderer Hautverfärbungen vorzubeugen.
Sie ist silikonfrei, parabenfrei und frei von Duftstoffen. Außerdem enthält sie keine Farbstoffe und keine optischen Diffusoren.
50 ml";79.95;Kiehl's Since 1851;Serum;AQUA / WATER • PROPYLENE GLYCOL • GLYCERIN • ALCOHOL DENAT. • PEG/PPG/POLYBUTYLENE GLYCOL-8/5/3 GLYCERIN • HYDROXYPROPYL TETRAHYDROPYRANTRIOL • 3-O-ETHYL ASCORBIC ACID • PPG-6-DECYLTETRADECETH-30 • PHENOXYETHANOL • SALICYLIC ACID • XANTHAN GUM • HYDROXYETHYLCELLULOSE • POTASSIUM HYDROXIDE • CITRIC ACID • SODIUM CITRATE • TOCOPHERYL ACETATE • LAVANDULA ANGUSTIFOLIA OIL / LAVENDER OIL • DISODIUM EDTA • ADENOSINE • LINALOOL • BUTYLENE GLYCOL • TOCOPHEROL • CITRUS AURANTIUM TACHIBANA PEEL EXTRACT • PAEONIA SUFFRUTICOSA ROOT EXTRACT (F.I.L. D186619/1);"	Das Gesicht mit einem Mizellenwasser von Make-up-Resten und Schmutz befreien
	Anschließend 2-3 Tropfen des Serums auf die Fingerspitzen geben
	In sanft kreisenden Bewegungen von innen nach außen in die Gesichtshaut einmassieren oder punktuell auftragen
	Danach eine Feuchtigkeitspflege auf die Haut auftragen
	Zum Schluss die sensible Augenpartie mit der Creamy Eye Treatment Avocado Augencreme pflegen";;;
Roche-posay Hyalu B5 Serum-konzentrat;https://www.versandapo.de/images/product_images/popup_images/08102856_aktion.jpg;"Das La Roche-Posay Hyalu B5 Serum-Konzentrat ist ein Anti-Falten-Serum für empfindliche Haut. Es hilft, Anzeichen von Falten zu mildern, die Haut sichtbar aufzupolstern und sie geschmeidiger wirken zu lassen.
Die leichte, schnell einziehende Formel kombiniert vier Formen von Hyaluronsäure mit Vitamin B5. Sie unterstützt den natürlichen Regenerationsprozess der Hautschutzbarriere und sorgt für einen langanhaltenden Feuchtigkeitseffekt.
Das Serum ist für alle Hauttypen geeignet und nicht komedogen.
";70.19;La Roche Posay;Serum;Aqua/Water, Glycerin, Alcohol Denat, Propylene Glycol, Panthenol, Pentylene Glycol, Dimethicone, Peg-6 Caprylic/Capric Glycerides, Ppg-6-decyltetradeceth-3, Glyceryl Isostearate, Madecassoside, Sodium Hyaluronate, Ammonium Polyacryloyldimethyl Taurate, Disodium Edta, Hydrolyzed Hyaluronic Acid, Caprylyl Glycol, Citric Acid, Xanthan Gum, Butylene Glycol, Tocopherol, Phenoxyethanol, Parfum/Fragrance.;Morgens und abends nach der Gesichtsreinigung 3–4 Tropfen auf Gesicht und Hals auftragen, dabei die Augenpartie aussparen, das Serum sanft mit den Fingerspitzen einmassieren und anschließend allein, unter einer Feuchtigkeitspflege oder mit täglicher Feuchtigkeitspflege und SPF verwenden.;;;
La Roche Posay Effaclar Hochkonzentriertes Serum;https://www.versandapo.de/images/product_images/popup_images/16652236.jpg;"Das La Roche-Posay Effaclar Hochkonzentrierte Serum ist für fettige und zu Akne neigende Haut geeignet. Es hilft, Unreinheiten und Pickelmalen entgegenzuwirken und die Poren zu verfeinern.
Die klärende Formel kombiniert Salicylsäure, Glykolsäure und LHA, um verstopfte Poren zu öffnen, überschüssigen Talg zu reduzieren und selbst hartnäckige Unreinheiten zu mildern.
Das Serum hinterlässt ein ebenmäßiges, sichtbar geglättetes Hautbild.
";35.19;La Roche Posay;Serum;Aqua/Water, Alcohol Denat., Propanediol, Glycolic Acid, Niacinamide, Dimethyl Isosorbide, Pentylene Glycol, Salicylic Acid, Sodium Hydroxide, Peg-60 Hydrogenated Castor Oil, Hydroxyethylpiperazine Ethane Sulfonic Acid, Citric Acid, Peg-30 Glyceryl Cocoate, Capryloyl Salicylic Acid, Biosaccharide Gum-1, Maltodextrin, Phytic Acid, Polyquaternium-10, Parfum/Fragrance.;"Einmal täglich abends anwenden, die Pipette auf die Fingerspitzen geben und das Produkt sanft in die Haut drücken, dabei die Augenpartie aussparen; während der Anwendung direkte Sonneneinstrahlung vermeiden und täglich SPF auftragen.
";;;
La Roche-Posay Pure Vitamin C12 Serum antioxidatives Hautbild erneuerndes  Anti-Falten Serum-Konzentrat, 30 ml Lösung;https://nbg1.your-objectstorage.com/inspirax-image-server-bucket/45288778f227a5d7b618aa7644b3f138.jpg;Hochwertige medizinische Hautpflege für trockene Haut mit Falten. Die Lösung wird auf die Haut aufgetragen und eignet sich als Dermokosmetik aus der Apotheke.;45.58;La Roche-Posay;Serum;Aqua/Water/Eau, Ascorbic Acid, Dimethicone, Glycerin, Alcohol Denat., Potassium Hydroxide, Polysilicone-11, Silica, Pentaerythrityl Tetraethylhexanoate, Peg-20 Methyl Glucose Sesquistearate, Sodium Hyaluronate, Adenosine, Poloxamer 338, Ammonium Polyacryloyldimethyl Taurate, Hydrolyzed Hyaluronic Acid, Caprylic/Capric Triglyceride, Caprylyl Glycol, Citric Acid, Laureth-7, Trisodium Ethylenediamine Disuccinate, Bis-Peg/Ppg-16/16 Peg/Ppg-16/16 Dimethicone, Acetyl Dipeptide-1 Cetyl Ester, Xanthan Gum, Pentylene Glycol, Polyacrylamide, C13-14 Isoalkane, Tocopherol, Pentaerythrityl Tetra-Di-T-Butyl Hydroxyhydrocinnamate, Salicylic Acid, Parfum/Fragrance.;"Nach der Reinigung 3–4 Tropfen auf Gesicht, Hals und Dekolleté auftragen, dabei die Augenpartie aussparen; das Serum kann allein oder unter einer Feuchtigkeitspflege morgens oder abends verwendet werden.
";;;
Lancome Génifique Ultimate Serum 50 ml;https://cdn.perfumetrader.de/media/catalog/product/cache/1/image/400x400/602f0fa2c1f0d1ba5e241f914e856ff9/placeholder/default/product-placeholder_3.png;"Die Innovation in der Reparaturwissenschaft**: Neues Génifique Ultimate, stärkendes Serum für zweifache Hautreparatur.
Kombiniert mit Hyaluronsäure, Süssholz-Wurzel Extrakt und unseren ikonischen prä- und probiotischen Extrakten, bietet die neue Formel die ultimative Reparaturlösung, die Rötungen und feine Linien bekämpft und eine glatte Haut fördert. 
Bekämpft Hautschäden und verbessert die allgemeine Hautqualität ab der 1. Woche.";72.90;Lancome;Serum;AQUA / WATER / EAU • BIFIDA FERMENT LYSATE • GLYCERIN • PENTYLENE GLYCOL • POLYMNIA SONCHIFOLIA ROOT JUICE • DIMETHICONE • ALPHA-GLUCAN OLIGOSACCHARIDE • SODIUM CARBOXYMETHYL BETA-GLUCAN • SODIUM HYALURONATE • SALICYLOYL PHYTOSPHINGOSINE • ADENOSINE • MANNOSE • AMMONIUM POLYACRYLOYLDIMETHYL TAURATE • DIPOTASSIUM GLYCYRRHIZATE • HYDROXYACETOPHENONE • CAPRYLYL GLYCOL • TETRASODIUM GLUTAMATE DIACETATE • CITRIC ACID • LACTIC ACID • LACTOBACILLUS • ACETIC ACID • MALTODEXTRIN • XANTHAN GUM • FAEX EXTRACT / YEAST EXTRACT / EXTRAIT DE LEVURE • OCTYLDODECANOL • BUTYLENE GLYCOL • SODIUM BENZOATE • PARFUM / FRAGRANCE (F.I.L. N70038952/1).;1. SCHRAUBE DEN SELBSTLADENDEN UND HOCHPRÄZISEN TROPFER AB 2. INHALT DES TROPFERS IN DIE HAND GEBEN 3. MASSIERE DAS SERUM AUF DIE SAUBERE HAUT, NACH DEM TONER ODER DER GESICHTSESSENZ, MORGENS UND ABENDS.;;;
Medicube - Triple Collagen Serum 4.0 - Straffendes, Feuchtigkeitsspendendes Gesichtsserum - triple Collagen Serum 4.0 55ml;https://media.sephora.eu/content/dam/digital/pim/published/M/MEDICUBE/794151/386448-media_swatch-0.jpg?scaleWidth=500&scaleHeight=500&scaleMode=fit;"Dieses Serum pflegt fahle Haut und verleiht ihr einen strahlenden Glass-Glow-Effekt. Die Formel mit dreifachem Kollagenkomplex versorgt die Haut mit Kollagen und weiteren essenziellen Nährstoffen, um ihre Elastizität und Ausstrahlung langfristig zu unterstützen.
Das Serum sorgt sofort für mehr Straffheit und Glow, polstert fahle sowie müde Haut auf und verbessert ihre Elastizität. Gleichzeitig stärkt es die Hautbarriere und spendet langanhaltend Feuchtigkeit für ein glattes, gesund strahlendes Hautbild.
55 ml
";24.95;Medicube;Serum;Aqua, Glycerin, Butylene Glycol, Cetyl Ethylhexanoate, Niacinamide, Glycereth-26, Alcohol Denat., 1,2-Hexanediol, Cyclopentasiloxane, Cyclohexasiloxane, Trehalose, Dimethicone, Carbomer, Cetearyl Olivate, Tromethamine, Sorbitan Olivate, Ethylhexylglycerin, Collagen Extract, Perfume, Adenosine, Disodium EDTA, Benzyl Benzoate, Linalool, Limonene, Geraniol, Atelocollagen, Desamido Collagen, Citronellol, Hydrolyzed Collagen, Sodium Hyaluronate, Soluble Collagen, Hyaluronic Acid, Hydroxycitronellal, Sodium Hyaluronate Crosspolymer, Hydrolyzed Sodium Hyaluronate, Hydrolyzed Hyaluronic Acid, Collagen, Collagen Amino Acids, Sodium Acetylated Hyaluronate, Procollagen, Hydroxypropyltrimonium Hyaluronate, Citral, Benzyl Alcohol;Nach der Reinigung und dem Toner eine kleine Menge des MEDICUBE Triple Collagen Serum 4.0 auf Gesicht und Hals auftragen. Sanft einmassieren, bis es vollständig eingezogen ist. Für beste Ergebnisse morgens und abends verwenden;;;
Paula's Choice - Clinical - Serum Mit 0,3 % Retinol + 2 % Bakuchiol - clinical 0.3% Retinol+2% Bakuchiol Treat;https://media.sephora.eu/content/dam/digital/pim/published/P/PAULA/764088/367489-media_swatch.jpg?scaleWidth=500&scaleHeight=500&scaleMode=fit;"Ein leistungsstarkes Anti-Aging-Serum auf Basis von Retinol, Bakuchiol und Peptiden, das die Haut regeneriert und revitalisiert. Bakuchiol, ein pflanzlicher Wirkstoff, hilft, Hyperpigmentierung, Falten sowie den Verlust von Elastizität und Struktur zu mildern. Zudem unterstützt es die Stabilität von Retinol und kann dessen Wirksamkeit verbessern.
Peptide stimulieren die Kollagenproduktion, stärken die Haut und wirken dem Erschlaffen entgegen. Das Serum eignet sich für alle Hauttypen, insbesondere für Haut, die hohe Retinol-Konzentrationen nicht gut verträgt.
Die Formel enthält 0,3 % Retinol, das Falten und Hyperpigmentierung mildert, sowie 2 % Bakuchiol, das die Anti-Aging-Wirkung von Retinol ergänzt. Das Serum hilft, feine Linien, ausgeprägte Falten, Flecken und erweiterte Poren sichtbar zu reduzieren und die Hautstruktur zu verbessern.
Das Produkt ist vegan und besteht aus natürlich gewonnenen Inhaltsstoffen.";67.95;Paula's Choice;Serum;Aqua, Dimethicone (hydration/skin-softening), Pentaerythrityl Tetraisostearate (texture enhancer/stabilizer), Isononyl Isononanoate (emollient), Butylene Glycol (slip agent/hydration), Bakuchiol (skin-restoring/antioxidant), Arachidyl Alcohol (texture enhancer/stabilizer), Glyceryl Polymethacrylate (film-forming agent), Dimethicone Crosspolymer (texture enhancer), Behenyl Alcohol (texture enhancer), Glycerin (skin-replenishing), PEG-75 Shea Butter Glycerides (emollient), Glyceryl Stearate (texture enhancer), C12-15 Alkyl Benzoate (emollient), Polysorbate 20 (emulsifier), Tetrahexyldecyl Ascorbate (vitamin C/antioxidant), Retinol (vitamin A/skin-restoring), Ceramide NG (skin-replenishing), Palmitoyl Tetrapeptide-7 (skin-restoring), Palmitoyl Hexapeptide-12 (skin-restoring), muidoS etanorulayH (skin-replenishing), Dipotassium Glycyrrhizate (skin-soothing), Glycyrrhiza Glabra (Licorice) Root Extract (skin-soothing/antioxidant), Avena Sativa (Oat) Kernel Extract (skin-soothing/antioxidant), Arctium Lappa (Burdock) Root Extract (skin-soothing/antioxidant), xilaS Alba (Willow) Bark Extract (skin-soothing/antioxidant), Glycine Soja (Soybean) Sterols (skin-replenishing), Lecithin (skin-restoring), Allantoin (skin-soothing), Tocopheryl Acetate (vitamin E/antioxidant), Hydrolyzed Soy Protein (skin-softening), Palmitoyl Tripeptide-1 (skin-restoring), Sodium Hydroxide (pH adjuster), Tribehenin (emollient), Caprylyl Glycol (skin-softening), Dipeptide-2 (skin-restoring), Polygonum Cuspidatum Root Extract (antioxidant), PEG-10 Phytosterol (fatty acid-based emollient), PEG-8 (texture enhancer), Magnesium Aluminum Silicate (texture enhancer), Arachidyl Glucoside (texture enhancer), Chrysin (skin-softening), Pentylene Glycol (slip agent), Sodium Acrylates Copolymer (film-forming agent), Steareth-20 (emulsifier), Hydroxyethyl Acrylate/Sodium Acryloyldimethyl Taurate Copolymer (texture enhancer), Cetearyl Alcohol (emollient), Coco-Glucoside (surfactant), Hesperidin Methyl Chalcone (antioxidant), N-Hydroxysuccinimide (skin-softening), Disodium EDTA (chelating agent), Phenoxyethanol (preservative), Benzoic Acid (preservative), Ethylhexylglycerin (preservative), BHA (antioxidant), BHT (antioxidant), Biotin (skin conditioning agent), Chlorohexidine Digluconate (preservativ), Glucose (humectant), Potassium Bitartrate (humectant), Potassium Sorbate (preservative), Sodium Citrate (pH adjuster), Sorbitan Isostearate (surfactant), Tocopherol (Viscosity controling agent), Magnesium Aluminum Silicate (texture enhancer), Citric Acid (pH adjuster), Lactic Acid (skin conditioning agent);Trage eine kleine Menge auf die gereinigte Haut von Gesicht, Hals und Dekolleté auf. Spare dabei die empfindliche Haut der Augenpartie aus. Wende es anfangs an 3 Abenden pro Woche an, steigere dann die Häufigkeit schrittweise auf jeden Abend, damit sich deine Haut allmählich daran gewöhnen kann. Bei der ersten Anwendung wird davon abgeraten, gleichzeitig ein AHA- oder BHA-Peeling zu verwenden. Wenn du dennoch gleichzeitig ein Peeling verwenden möchtest, verwende es abwechselnd morgens und abends. Achte immer auf deine Haut, und wenn keine Empfindlichkeiten auftreten, kannst du die Anwendungshäufigkeit erhöhen.;;;
Shiseido White Lucent Illuminating Micro-Spot Serum 50 ml;https://cdn.perfumetrader.de/media/catalog/product/cache/1/image/400x400/602f0fa2c1f0d1ba5e241f914e856ff9/a/f/872328e473ce620f8f98780fd97c1657/shiseido-shiseido-white-lucent-illuminating-micro-spot-serum-50-ml-768614160441.png;"Erwecken Sie die Sinne Ihrer Haut. Erneuern Sie ihr inneres Strahlen. Im Fokus: neurowissenschaftliche Erkenntnisse über die Funktion der Sinne ihrer Haut.
Haben Sie das Gefühl, dass Ihre Haut an Reaktionsfähigkeit verliert oder durch äußere Einflüsse beeinträchtigt ist? Mit dieser multifunktionalen Gesichtspflege sendet die ReNeura Technology+TM sensorische Impulse über die Haut nach innen, um die Haut optimal auf die Anti-Aging Leistungen der Pflege reagieren zu lassen. In Verbindung mit dem SAKURABright System werden dunkle und lichtbedingte Pigmentflecken sowie eine matte Ausstrahlung sichtbar gemildert. Für einen ebenmäßigeren, glatteren und strahlenderen Teint.";108.90;Shiseido;Serum;aqua, butylene glycol, glycerin, dipropylene glycol, potassium methoxysalicylate, dimethicone, behenyl alcohol, triethylhexanoin, diphenylsiloxy phenyl trimethicone, talc, batyl alcohol, diisostearyl malate, phenoxyethanol, peg-6, peg-32, behenic acid, peg-60 glyceryl isostearate, peg-10 dimethicone, disodium edta, sodium metaphosphate, tocopheryl acetate, peg/ppg-17/4 dimethyl ether, phytosteryl/octyldodecyl lauroyl glutamate, silica, sodium citrate, alumina, potassium hydroxide, succinoglycan, peg/ppg-14/7 dimethyl ether, dipotassium glycyrrhizate, 2-o-ethyl ascorbic acid, xanthan gum, ci 77891, alcohol, parfum, caffeine, sodium metabisulfite, citric acid, linalool, tocopherol, citronellol, geraniol, angelica keiskei leaf/stem extract, crataegus monogyna flower extract, limonene, cellulose, pancratium maritimum extract, rehmannia chinensis root extract, artemisia princeps leaf extract, prunus yedoensis leaf extract, ziziphus jujuba fruit extract, pyrola incarnata extract, potentilla erecta root extract;Morgens und abends nach der Reinigung und vor der Feuchtigkeitspflege auftragen. Wenn Sie ULTIMUNE Power Infusing Concentrate verwenden, tragen Sie das Serum im Anschluss auf. Geben Sie zwei Pumpmengen des Serums auf die Handflächen und tragen Sie es auf Wangen, Stirn, Nase und Kinn auf. Tragen Sie das Serum sanft auf das Gesicht auf und beginnen Sie dabei mit größeren Gesichtspartien, wie Wangen oder Stirn. Von der Gesichtsmitte nach außen hin verstreichen, wie in der Abbildung unten dargestellt. Tragen Sie eine weitere Pumpmenge des Serums direkt auf Pigmentflecken oder unebenmäßige Hautpartien auf, um eine noch gezieltere Wirkung zu erreichen. Arbeiten Sie das Serum in kleinen kreisenden Bewegungen mit dem Mittel- und Ringfinger ein. Legen Sie nach der Anwendung beide Hände auf das Gesicht, um die Wirkung zu maximieren.;;;
The Inkey List - Talgregulierendes Niacinamid Serum - Serum Niacinamide 30ml;https://media.sephora.eu/content/dam/digital/pim/published/T/THE_INKEY_LIST/483460/117910-media_swatch.jpg?scaleWidth=500&scaleHeight=500&scaleMode=fit;"Niacinamid ist ein natürlich vorkommendes Vitamin B3, das häufig zur Regulierung von überschüssigem Fett verwendet wird.
Das leichte Serum ist mit 10 % Niacinamid angereichert und hilft, überschüssigen Talg, Pickel und Rötungen sichtbar zu reduzieren. Zusätzlich enthält die Formel 1 % Hyaluronsäure, die die Haut mit Feuchtigkeit versorgt und sie aufgepolstert wirken lässt.
30 ml";7.45;THE INKEY LIST;Serum;Water (Aqua / Eau), Niacinamide, Glycerin, Propanediol, Butylene Glycol, Phenoxyethanol, Hydroxyethyl Acrylate/Sodium Acryloyldimethyl Taurate Copolymer, Hydroxyethylcellulose, Phospholipids, Squalane, Xanthan Gum, Glycine Soja (Soybean) Oil, Allantoin, Sodium Phytate, Polysorbate 60, Panthenol, Glycolipids, Leuconostoc/Radish Root Ferment Filtrate, Sorbitan Isostearate, Glycine Soja (Soybean) Sterols, Citric Acid, Hyaluronic Acid, Disodium Phosphate, Sodium Phosphate.;"Nach der Reinigung und der Feuchtigkeitszufuhr mit Hyaluronic Acid Serum morgens und abends eine erbsengroße Menge sanft in das Gesicht und den Hals einklopfen.
Falls Sie es gemeinsam mit anderen Seren anwenden, in beliebiger Reihenfolge übereinander auftragen oder unsere Tipps zum Layering unten ansehen.";;;
The Inkey List - 15 % Vitamin C Und Egf Aufhellendes Serum - vitamin C 15% And Egf 30ml;https://media.sephora.eu/content/dam/digital/pim/published/T/THE_INKEY_LIST/555429/237799-media_swatch.jpg?scaleWidth=500&scaleHeight=500&scaleMode=fit;"Die Formel mit 15 % Vitamin C und EGF hilft, fahle Haut zum Strahlen zu bringen und sorgt für ein glattes, gesund aussehendes Hautbild.
Vitamin C in Kombination mit pflanzlichem EGF unterstützt die Regeneration der Haut und fördert die natürliche Kollagen- und Elastinproduktion. Ascorbylglucosid verwandelt sich auf der Hautoberfläche in reines Vitamin C und sorgt für einen strahlenden, ebenmäßiger aussehenden Teint.
Die Formel enthält 15 % Ascorbylglucosid, ein leistungsstarkes Antioxidans, das die Haut zum Strahlen bringt und sie vor Umweltstressoren schützt. Zusätzlich enthält sie 1 % Epitensive™, ein pflanzliches epidermales Wachstumsfaktorsystem, das die natürliche Elastizität und Gesundheit der Haut unterstützt.
Das Produkt ist vegan und besteht aus natürlich gewonnenen Inhaltsstoffen.
30 ml";12.95;THE INKEY LIST;Serum;AQUA (WATER/EAU), ASCORBYL GLUCOSIDE, SODIUM HYDROXIDE, PEG-40 HYDROGENATED CASTOR OIL, PHENOXYETHANOL, BENZYL ALCOHOL, BUTYLENE GLYCOL, XANTHAN GUM, ETHYLHEXYLGLYCERIN, SODIUM METABISULFITE, DEHYDROACETIC ACID, PHYTIC ACID, OLIGOPEPTIDE-1.;"Mild genug für eine tägliche Anwendung. Kann morgens und abends angewendet werden.
Bei einer Anwendung täglich, empfehlen wir morgens.
Nach der Reinigung und dem Hyaluronic Acid Serum, falls Sie es verwenden, eine erbsengroße Menge auf die gereinigte Haut von Gesicht und Hals auftragen.
Wenn Sie andere Kosmetikprodukte darüber auftragen möchten, sollten Sie ungefähr 10 Minuten vorher warten.
Das gibt den Hautzellen genug Zeit, auf die EGF zu reagieren, und so wird der Zellverjüngungsprozess nicht gestört.
Falls Sie das Produkt am Morgen anwenden, nicht in derselben Nacht Retinol- und AHA-Peelings benutzen.";;;
Anua - Rice 70 Glow Milky Toner - Aufhellender Toner Mit Niacinamid - anua Rice 70 Glow Milky Toner 250ml;https://media.sephora.eu/content/dam/digital/pim/published/A/ANUA_THE_FOUNDERS/799298/399703-media_swatch-0.jpg?scaleWidth=500&scaleHeight=500&scaleMode=fit;"Eine leichte, milchige Toner-Lotion mit 70 % Reiswasser, Niacinamid und Ceramiden, die die Haut intensiv mit Feuchtigkeit versorgt und zum Strahlen bringt.
Sie unterstützt einen glatten, ebenmäßigen Teint, stärkt die Hautbarriere und hinterlässt ein sanftes, strahlendes Finish. Die Formel hilft, Teintunregelmäßigkeiten aufzuhellen, überschüssige Talgproduktion auszugleichen und die Haut langanhaltend mit Feuchtigkeit zu versorgen.
250 ml";21.95;Anua;Toner;Oryza Sativa (Rice) Bran Water(71 %), Butylene Glycol, Glycerin. Dipropylene Glycol, Niacinamide, Propanediol, Water, 1,2-Hexanediol, Methyl Gluceth-20, Panthenol, Betaine, Oryza Sativa (Rice) Extract(3,753ppm), Hydroxyacetophenone, Diphenyl Dime thicone, Triethylhexanoin, Hydrogenated Lecithin, Adenosine. Ethylhexylglycerin, Carbomer, Tromethamine, Xanthan Gum. Glyceryl Acrylate/Acrylic Acid Copolymer, Theobroma Cacao (Cocoa) Seed Extract, Sodium Hyaluronate, Hydrolyzed Hyaluronic Acid, Hyaluronic Acid, Dextrin, Hydrolyzed Rice Protein (3,000ppb), Oryza Sativa (Rice) Seed Protein(3,000ppb), Ceramide NP, Sodium Lauroyi Lactylate, Arbutin, Ascorbic Acid, Allantoin, Ceramide AP, Phytosphingosine, Cholesterol, Ceramide EOP;"Nach einer gründlichen Reinigung des Gesichts, den Toner mit einem Wattepad oder den Fingern auftragen.
Sanft auf das ganze Gesicht einklopfen.
Kann morgens und abends verwendet werden.";true;true;true
Anua - Heartleaf 77% Clear Pad - Toner-pads Für Ein Verfeinertes Hautbild - heartleaf Niacinamide 10 + Txa 4 Serum;https://media.sephora.eu/content/dam/digital/pim/published/A/ANUA_THE_FOUNDERS/811473/401035-media_swatch-0.jpg?scaleWidth=500&scaleHeight=500&scaleMode=fit;"Die Toner-Pads peelen sanft, entfernen abgestorbene Hautzellen und bringen einen glatten, klaren Teint zum Vorschein.
Die Formel mit 77 % Heartleaf-Extrakt hilft, die Haut auszugleichen und mit Feuchtigkeit zu versorgen. Gleichzeitig verfeinert sie das Hautbild, beruhigt den Teint und lässt ihn leuchtender wirken.
PHA entfernt sanft Unreinheiten und überschüssigen Talg, ohne die Haut zu irritieren. Die Pads eignen sich ideal für empfindliche oder zu Akne neigende Haut, spenden intensive Feuchtigkeit und hinterlassen die Haut weich und erfrischt.";24.45;Anua;Toner;Houttuynia Cordata Extract (77%), Water, Gluconolactone, Propanediol, Tromethamine, Butylene Glycol, 1,2-Hexanediol, Betaine, Ammonium Acryloyldimethyltaurate/ VP Copolymer, Ulmus Davidiana Root Extract, Pueraria Lobata Root Extract, Pinus Palustris Leaf Extract, Oenothera Biennis (Evening Primrose) Flower Extract, Camellia Sinensis Leaf Extract, Coix Lacryma-Jobi Ma-Yuen Seed Extract, Portulaca Oleracea Extract, Centella Asiatica Extract, Madecassoside, Asiatic Acid, Asiaticoside, Madecassic Acid, Sodium Phytate;"Nach der Gesichtsreinigung ein Pad über das ganze Gesicht streichen, spare dabei die Augenpartie und den Mund aus.
Schließe den Deckel nach der Verwendung wieder sorgfältig.";true;true;true
Byoma - Brightening Toner - 150 Ml;https://media.sephora.eu/content/dam/digital/pim/published/B/BYOMA/661326/313888-media_swatch.jpg?scaleWidth=500&scaleHeight=500&scaleMode=fit;"Dieses aufhellende Gesichtswasser ist sanft genug für die tägliche Anwendung. Es befreit die Poren, kontrolliert überschüssigen Talg und sorgt für eine weichere, glattere Haut sowie einen strahlenderen Teint.
Die Formel mit peelender Milch- und Mandelsäure, Urea und Birkenextrakt unterstützt die Zellerneuerung, verbessert Hautton und Hautstruktur und hilft, Pigmentstörungen sowie dunkle Flecken zu mildern.
Der Barrier Lipid Complex stärkt die Hautbarriere, während Milch- und Mandelsäure für ein sanftes Peeling sorgen. Urea und Birkenextrakt verbessern den Teint und die Hauttextur.
Das Produkt ist dermatologisch getestet, alkoholfrei, parfümfrei und vegan.
150 ml";15.95;Byoma;Toner;HELIANTHUS ANNUUS (SUNFLOWER) SEED OIL ,MACADAMIA TERNIFOLIA SEED OIL,SIMMONDSIA CHINENSIS (JOJOBA) SEED OIL BHIPPOPHAE RHAMNOIDES OIL,DIPROPYLENE GLYCOL ,SQUALANE,SPHINGOLIPIDS ,HYDROXYACETOPHENONE ,OLEA EUROPAEA (OLIVE) FRUIT OIL ,ROSA CANINA FRUIT OIL ,PRUNUS AMYGDALUS DULCIS (SWEET ALMOND) OIL,CAPRYLYL GLYCOL ,CERAMIDE NP,ETHYLHEXYLGLYCERIN ,TOCOPHEROL ,DIPOTASSIUM GLYCYRRHIZATE ,TANACETUM ANNUUM FLOWER OIL ,LINALOOL ,LIMONENE.;"Mit den Händen auf die saubere, trockene Haut auftragen und sanft auf Gesicht, Hals und Dekolleté einklopfen.

Morgens und abends anwenden. Anschließend Serum und Feuchtigkeitscreme Ihrer Wahl auftragen.
";true;true;false
Byoma - Rednes Relief Soothing Toner - Beruhigendes Gesichtswasser Gegen Rötungen - blemish Blemish Toner 100ml;https://media.sephora.eu/content/dam/digital/pim/published/B/BYOMA/782209/382147-media_swatch.jpg?scaleWidth=500&scaleHeight=500&scaleMode=fit;"Dieses Gesichtswasser wirkt beruhigend auf die Hautbarriere. Der ultrafeine Nebel beruhigt gestresste und irritierte Haut und schenkt ihr intensive Feuchtigkeit.
Es bereitet die Haut optimal auf die nachfolgende Pflege vor und hinterlässt sie beruhigt, erfrischt und gepflegt.
100 ml";15.95;Byoma;Toner;Houttuynia Cordata Water, Water, Glycerin, Butylene Glycol, Ethyl Linoleate, Hydrogenated Poly(C6-14 Olefin), Propanediol, Hydrogenated Lecithin, Isostearic Acid, Panthenol, Pentylene Glycol, 1,2-Hexanediol, Chamomilla Recutita (Matricaria) Flower Extract, Hydroxyacetophenone, Octanediol, Ceramide NP, Phytosphingosine, Ethylhexylglycerin, Allantoin, Sodium Stearoyl Glutamate, Beta-Glucan, Hydroxycinnamic Acid, Rutin, Dipotassium Glycyrrhizate, Tocopherol;"1. Sprühe es auf die saubere und trockene Haut und lass es durch vorsichtiges Einklopfen in Gesicht, Hals und Dekolletee einziehen. Abends anwenden.
2. Trage anschließend die Seren und die Feuchtigkeitscreme von BYOMA deiner Wahl auf
3. Verwende es im Rahmen deiner täglichen Routine oder sobald sich deine Haut tagsüber nach einer Erfrischung sehnt.";true;true;true
HaruHaru Wonder® Black Rice Hyaluronic Toner Free Of Alcohol & Fragrance 150 ml;https://www.mystationary.de/media/68/48/03/1775868692/1b1a6d43d1264059d9ba106b9efd8931c7665307_MS_0063801_image_1_560761_black_rice_hyaluronic_toner_hydratacni_tonikum_pro_citlivou_plet.jpg?ts=1775868693;Diese Version des meistverkauften Black Rice Hyaluronic Toner von haruharu wonder ist frei von Alkohol und Duftstoffen, und besteht zu 95% aus natürlichen Inhaltsstoffen, darunter aus 2.000 ppm koreanischem schwarzem Reisextrakt sowie Hyaluronsäure und Beta-Glucan, um dir eine intensive Feuchtigkeitsversorgung zu gewährleisten und gleichzeitig deine Hautzellen zu fördern. Der Toner wurde entwickelt, um dir einfach ein erfrischendes Finish zu verleihen.;23.95;HaruHaru Wonder®;Toner;Water, Betaine, Glycerin, Sodium Phytate, Propanediol, Oryza Sativa (Rice) Extract, Phyllostachys Pubescens Shoot Bark Extract, Aspergillus Ferment, Panax Ginseng Root Extract, Cyclodextrin, Scutellaria Baicalensis Root Extract, Hyaluronic Acid, Beta-glucan, Cellulose Gum, Xanthan Gum, Butylene Glycol, Usnea Barbata (Lichen) Extract, Zanthoxylum Piperitum Fruit Extract, Pulsatilla Koreana Extract, Tamarindus Indica Seed Gum, Polyglyceryl-10 Laurate, Polyglyceryl-10 Myristate, Glucose, 1,2-Hexanediol, Alcohol, Lavandula Angustifolia (Lavender) Oil, Linalool;Verwende den HaruHaru Wonder Black Rice Hyaluronic Toner nach der Reinigung. Gib eine angemessene Menge auf ein Wattepad oder direkt in die Hände und klopfe den Toner sanft in die Haut ein, bis er vollständig eingezogen ist. Morgens und abends anwenden;true;false;false
Glow Recipe - Watermelon Glow - Straffender Toner Mit Pha + Bha - 150 Ml;https://media.sephora.eu/content/dam/digital/pim/published/G/GLOW_RECIPE/520797/241152-media_swatch.jpg?scaleWidth=500&scaleHeight=500&scaleMode=fit;"Das milde Wassermelonen-Tonic ist mit PHA und BHA angereichert und versorgt die Haut mit Feuchtigkeit. Es hilft, das Erscheinungsbild der Poren zu minimieren und sorgt für einen frischen, glatter wirkenden Teint.
Das Produkt ist vegan und besteht aus natürlich gewonnenen Inhaltsstoffen.
150 ml";33.95;Glow Recipe;Toner;Opuntia Ficus-Indica Extract, Citrullus Lanatus (Watermelon) Fruit Extract, Glycerin, Hyaluronic Acid, Water/Aqua/Eau, Gluconolactone, Sodium Polyglutamate, Betaine Salicylate, Salix Alba (Willow) Bark Extract, Melaleuca Alternifolia (Tea Tree) Extract, Hibiscus Sabdariffa Flower Extract, Lactobacillus/Watermelon Fruit Ferment Extract, Cucumis Sativus (Cucumber) Fruit Extract, Saccharum Officinarum (Sugarcane) Extract/Saccharum Officinarum/Extrait de canne à sucre, Glycyrrhiza Glabra (Licorice) Root Extract, Scutellaria Baicalensis Root Extract, Paeonia Suffruticosa Root Extract, Brassica Oleracea Capitata (Cabbage) Leaf Extract, Ipomoea Batatas Root Extract, Sorbitan Oleate, Levulinic Acid, Sodium Levulinate, Pyrus Communis (Pear) Fruit Extract, Rosa Damascena Flower Water, Fragaria Ananassa (Strawberry) Fruit Extract, Vaccinium Angustifolium (Blueberry) Fruit Extract, Cucumis Melo (Melon) Fruit Extract, Iris Florentina Root Extract, Vetiveria Zizanoides Root Extract.;"Verteile das Produkt nach der Reinigung am Morgen und am Abend in deinen Handflächen und trage es sanft auf Gesicht und Hals auf, bis es vollständig eingezogen ist.
Du kannst es auch mit einem Wattebausch auftragen.
Trage anschließend tagsüber einen Sonnenschutz auf.
Augenpartie aussparen.
";True;true;false
Kiehl's Since 1851 - Calendula Herbal - Extract Toner - calendula Af Toner 250ml;https://media.sephora.eu/content/dam/digital/pim/published/K/KIEHL/533951/225607-media_swatch.jpg?scaleWidth=500&scaleHeight=500&scaleMode=fit;"Reinigt und beruhigt normale bis fettige Haut sanft. Die Formel enthält keinen Alkohol und keine aggressiven synthetischen Austrocknungsmittel.
Das Gesichtswasser kann zur Pflege von Problemzonen verwendet werden und ist ein Kundenfavorit.
250 ml";44.95;Kiehl's Since 1851;Toner;AQUA / WATER / EAU • PROPYLENE GLYCOL • PROPANEDIOL • HEDERA HELIX LEAF/STEM EXTRACT - IVY LEAF/STEM EXTRACT • CALENDULA OFFICINALIS FLOWER • CALENDULA OFFICINALIS FLOWER EXTRACT • ALTHAEA OFFICINALIS ROOT EXTRACT • ALLANTOIN • GLYCERIN • HYDROGENATED STARCH HYDROLYSATE • HYDROLYZED YEAST • CAPRYLYL GLYCOL • CITRIC ACID • TRISODIUM ETHYLENEDIAMINE DISUCCINATE • 1,2-HEXANEDIOL • PHENOXYETHANOL • CHLORPHENESIN • CARAMEL (F.I.L. N70050253/1);"Toner auf einen Wattepad geben und sanft über das Gesicht streichen.
Die unmittelbaren Augenkonturen dabei auslassen.";true;true;true
Kiehl's Since 1851 - Ultra Facial - Oil Free Toner - ultra Facial Oil Free Toner 250ml;https://media.sephora.eu/content/dam/digital/pim/published/K/KIEHLS/533840/225496-media_swatch.jpg?scaleWidth=500&scaleHeight=500&scaleMode=fit;"Das Ultra Facial Oil-Free Toner Gesichtswasser befreit die Haut von Fett und Rückständen und sorgt für ein frisches Strahlen. Es entfernt Schmutz und überschüssiges Fett effektiv, ohne die Haut zu strapazieren oder auszutrocknen.
Die ölfreie, pH-neutrale Formel ist frei von Parabenen, Alkohol, Farb- und Duftstoffen und eignet sich besonders für schnell fettende Haut. Silberhaargraswurzel-Extrakt und Antarcticine beruhigen die Haut und unterstützen einen hydratisierten, gesund aussehenden Glow.
250 ml
";24.95;Kiehl's Since 1851;Toner;AQUA/WATER, GLYCERIN, PROPANEDIOL, PHENOXYETHANOL, PROPYLENE GLYCOL, POTASSIUM SORBATE, ACRYLATES/C10-30 ALKYL ACRYLATE CROSSPOLYMER, TRIETHANOLAMINE, CITRIC ACID, IMPERATA CYLINDRICA ROOT EXTRACT, PSEUDOALTEROMONAS FERMENT EXTRACT, SODIUM HYALURONATE, CUCUMIS SATIVUS JUICE/CUCUMBER FRUIT EXTRACT, CAPRYLYL GLYCOL, CARBOMER.;Als erstes die Gesichtshaut mit einem speziell auf die Bedürfnisse von fettiger Haut abgestimmten Waschgel gründlich reinigen. Anschließend das Gesichtswasser für fettige Haut auf ein Wattepad geben und damit das Gesicht sanft abtupfen. Dabei die direkte Augenpartie aussparen. Ein Abspülen ist nach der Anwendung nicht notwendig. Für eine intensive Reinigung kann das Gesichtswasser morgens sowie abends verwendet werden und optimal um ein Waschgel und eine Feuchtigkeitscreme ergänzt werden.;true;True;true
Medicube - Pdrn Pink Cica Soothing Toner - Glow Gesichtswasser - pdrn Pink Cica Soothing Toner 250ml;https://media.sephora.eu/content/dam/digital/pim/published/M/MEDICUBE/801616/391251-media_swatch-0.jpg?scaleWidth=500&scaleHeight=500&scaleMode=fit;"Ein aufhellendes Gesichtswasser mit Rosen-PDRN, das das Hautbild verbessert und für einen natürlichen Glow sorgt. Die Lotion unterstützt einen klaren, strahlenden Teint und bietet zahlreiche pflegende Vorteile für die Haut.
Die Formel verfeinert das Hautbild, fördert den natürlichen Glow und hilft, den Teint zu vereinheitlichen. Rosen-PDRN unterstützt die Vitalität der Haut und stärkt die Hautbarriere, während ein Komplex aus 5 Peptidarten die Strahlkraft und Straffheit der Haut fördert.
250 ml
";22.95;Medicube;Toner;Water, Butylene Glycol, Glycerin, Niacinamide, 1,2-hexanediol, Xylitol, Sodium Citrate, Ethylhexylglycerin, Allantoin, Caprylyl Glycol, Citric Acid, Adenosine, Polyglyceryl-10 Laurate, Disodium EDTA, Polyglyceryl-4 Laurate, Caprylyl/capryl Glucoside, Cyanocobalamin, Rosa Damascena Extract, Sodium DNA, Gluconolactone, Prunus Mume Fruit Extract, Pyrus Malus (apple) Fruit Extract, Carica Papaya (papaya) Fruit Extract, Vitis Vinifera (grape) Fruit Extract, Centella Asiatica Leaf Extract, Centella Asiatica Extract, Sodium Hyaluronate, Zea Mays (corn) Leaf Extract, Copper Tripeptide-1, Acetyl Hexapeptide-8, Palmitoyl Pentapeptide-4, Palmitoyl Tetrapeptide-7, Palmitoyl Tripeptide-1, Glycine, Glutamic Acid, Arginine;Trage eine passende Menge auf das Gesicht auf.;true;True;true
Medicube - Pdrn Pink Collagen Toning Gel Toner Pad - Straffende Glow Gesichtspads - pdrn Pink Collagen Toning Toner Pad;https://media.sephora.eu/content/dam/digital/pim/published/M/MEDICUBE/811492/401003-media_swatch-0.jpg?scaleWidth=500&scaleHeight=500&scaleMode=fit;"Innovative Gel-Pads mit Kollagen, die entwickelt wurden, um die Haut in einem einzigen Schritt mit Feuchtigkeit zu versorgen, zu straffen und aufzuhellen.
Die Gel-Pads mit praller Textur sind mit PDRN und ultraniedermolekularem Kollagen formuliert. Sie unterstützen die Elastizität der Haut und sorgen für einen strahlenden, ebenmäßigen Teint.
Die PDRN-Technologie hilft, Pigmentflecken, Aknenarben und Hautunregelmäßigkeiten sichtbar zu mildern und einen Glass-Skin-Effekt zu fördern. Niedermolekulares Kollagen polstert die Haut auf, glättet sie und verbessert ihre Festigkeit. Niacinamid und Madecassosid beruhigen Irritationen und stärken die Hautbarriere.
Die erfrischende Gel-Textur hinterlässt ein strahlendes, frisches Finish und eignet sich ideal für die tägliche Anwendung.
";28.95;Medicube;Toner;Water, Glycerin, Methylpropanediol, Niacinamide, Xylitol, Hydroxyacetophenone, Octyldodeceth-16, Diglycerin, Allantoin, Cellulose Gum, Ethylhexylglycerin, Hydroxyethylcellulose, Sodium Citrate, Sodium Gluconate, Dipropylene Glycol, Adenosine, Butylene Glycol, 1,2-Hexanediol, Citric Acid, Cyanocobalamin, Anthemis Nobilis Flower Oil, Pyrus Communis (Pear) Fruit Extract, Rosa Damascena Flower Water, Prunus Persica (Peach) Fruit Extract, Thuja Orientalis Extract, Jasminum Officinale (Jasmine) Flower Water, Citrus Aurantium Amara (Bitter Orange) Flower Extract, Centella Asiatica Extract, Allium Cepa (Onion) Bulb Extract, Chamomilla Recutita (Matricaria) Extract, Salvia Officinalis (Sage) Extract, Rosmarinus Officinalis (Rosemary) Leaf Oil, Hedera Helix (Ivy) Leaf/Stem Extract, Cucumis Melo (Melon) Fruit Extract, Hibiscus Esculentus Fruit Extract, Carum Petroselinum (Parsley) Extract, Corchorus Olitorius Leaf Extract, Polygonum Cuspidatum Root Extract, Collagen, Artemisia Annua Extract, Nelumbium Speciosum Flower Extract, Oryza Sativa (Rice) Extract, Saccharomyces Ferment, Sodium DNA, Capryloyl Salicylic Acid, Caprylic/Capric Triglyceride, Hydrogenated Phosphatidylcholine, Sucrose Stearate, Phaseolus Radiatus Seed Extract, Hydrogenated Lecithin, Cetearyl Alcohol, Retinol, Polyglyceryl-10 Myristate, Tocopheryl Acetate, Asiaticoside, Madecassic Acid, Madecassoside, Asiatic Acid;"1. Öffne das Tütchen mit der PDRN Lachs-DNA-Essenz.
2. Gib die PDRN-Essenz in den Behälter.
3. Warte 5 Sekunden, bis sich das Pad in ein aufpolsterndes Kollagen-Gel verwandelt.
4. Trage es für einen beruhigenden und erfrischenden Effekt auf die gewünschten Stellen auf.";false;true;false
The Inkey List - Mildes Pha Peeling-gesichtswasser - toner Pha 100ml;https://media.sephora.eu/content/dam/digital/pim/published/T/THE_INKEY_LIST/555425/237795-media_swatch.jpg?scaleWidth=500&scaleHeight=500&scaleMode=fit;"PHA ist ein mildes chemisches Peeling, das besonders für empfindliche Haut geeignet ist. Das Gesichtswasser entfernt abgestorbene Hautzellen von der Hautoberfläche und hilft gleichzeitig, Feuchtigkeit in der Haut zu bewahren.
Die Formel enthält 3 % PHA, um die Hautstruktur zu verbessern, sowie 3 % Niacinamid, das überschüssigen Talg reduziert und einen ungleichmäßigen Hautton ausgleicht. Aloe-Barbadensis-Blattsaft beruhigt die Haut.
Das Produkt ist vegan und besteht aus natürlich gewonnenen Inhaltsstoffen.
100 ml";9.95;THE INKEY LIST;Toner;WATER (AQUA / EAU), PROPANEDIOL, GLUCONOLACTONE, NIACINAMIDE, PENTYLENE GLYCOL, GLYCERIN, ALOE BARBADENSIS LEAF JUICE, POTASSIUM SORBATE, SODIUM BENZOATE, PPG-26-BUTETH-26, PEG-40 HYDROGENATED CASTOR OIL, 1,2-HEXANEDIOL, CAPRYLYL GLYCOL, ETHYLHEXYLGLYCERIN, CITRIC ACID, SODIUM HYDROXIDE.;"Das Produkt ist mild genug für eine Anwendung morgens und abends.
Nach der Reinigung und dem Hyaluronic Acid Serum, falls Sie es verwenden, ein Wattepad mit dem Produkt tränken und über Gesicht und Hals wischen.
Muss nicht abgespült werden.
Mit den bevorzugten Seren und Feuchtigkeitsspendern fortfahren.";;;
The Ordinary - Toner Mit 7 % Glykolsäure - Peeling-lotion - Direct Acids Toning Solution 240ml;https://media.sephora.eu/content/dam/digital/pim/published/T/THE_ORDINARY/502434/161697-media_swatch.jpg?scaleWidth=500&scaleHeight=500&scaleMode=fit;"Glykolsäure ist eine Alpha-Hydroxysäure (AHA), die die Haut exfoliert. Dieses vegane Tonic mit 7 % Glykolsäure bietet ein leichtes Peeling und lässt den Teint strahlender und klarer erscheinen.
Die Formel hilft langfristig, die Hauttextur zu verbessern. Ein Derivat aus tasmanischen Pfefferkörnern unterstützt dabei, Reizungen zu reduzieren, die häufig mit der Verwendung von Fruchtsäuren verbunden sind.
Das Produkt ist vegan und besteht aus natürlich gewonnenen Inhaltsstoffen.
240 ml
";15.95;The Ordinary;Toner;Aqua (Water). Glycolic Acid. Rosa damascena flower water. Centaurea cyanus flower water. Aloe Barbadensis Leaf Water. Propanediol. Glycerin. Triethanolamine. Aminomethyl Propanol. Panax Ginseng Root Extract. Tasmannia Lanceolata Fruit/Leaf Extract. Aspartic Acid. Alanine. Glycine. Serine. Valine. Isoleucine. Proline. Threonine. Histidine. Phenylalanine. Glutamic Acid. Arginine. PCA. Sodium PCA. Sodium Lactate. Fructose. Glucose. Sucrose. Urea. Hexyl Nicotinate. Dextrin. Citric Acid. Polysorbate 20. Gellan Gum. Trisodium Ethylenediamine Disuccinate. Sodium Chloride. Hexylene Glycol. Potassium Sorbate. Sodium Benzoate. 1.2-Hexanediol. Caprylyl Glycol.;"Einmal täglich anwenden, vorzugsweise abends. Tränke ein Wattepad mit der Lösung und streiche nach der Reinigung deiner Haut damit über das Gesicht und den Hals.
Diese Formel eignet sich nicht für empfindliche, verletzte oder eine sich schälende Haut. Kontakt mit den Augen und der Augenpartie vermeiden.

Nicht abwaschen. Trage anschließend deine anderen Pflegeprodukte auf.
Die Häufigkeit und Dauer der Benutzung muss limitiert werden. Bei Irritationen die Anwendung abbrechen und einen Arzt aufsuchen.

Nur gemäß der Gebrauchsanweisung auf intakter Haut anwenden. Ein Hauttest vor der Anwendung wird empfohlen. Eine ausführliche Anleitung für die Durchführung eines Hauttests findest du auf der DECIEM-Website.

Außerhalb der Reichweite von Kindern aufbewahren.";;;
Beauty Of Joseon - Green Plum Refreshing Toner: Aha + Bha - Peelinglotion - refreshing Green Plum Toner;https://media.sephora.eu/content/dam/digital/pim/published/B/BEAUTY_OF_JOSEON/761486/365590-media_swatch.jpg?scaleWidth=500&scaleHeight=500&scaleMode=fit;"Ein sanftes und leichtes Tonic, das abgestorbene Hautzellen und überschüssigen Talg entfernt, die nach der Reinigung zurückbleiben können.
Grünes Pflaumenwasser mit 25 % und Mungbohnenextrakt mit 2 % tragen dazu bei, die Haut zu glätten und mit Feuchtigkeit zu versorgen. Die Kombination aus 2 % Glykolsäure und 0,5 % Salicylsäure hilft, abgestorbene Hautzellen sanft zu entfernen, ohne die Haut zu reizen.
";11.95;Beauty Of Joseon;Toner;Water, Prunus Mume Fruit Water, Dipropylene Glycol, 1,2-Hexanediol, Tromethamine, Glycolic Acid, Phaseolus Radiatus Seed Extract, Panax Ginseng Root Extract, Oryza Sativa (Rice) Bran Water, Portulaca Oleracea Extract, Butylene Glycol, Glycerin, Salicylic Acid, Melia Azadirachta Leaf Extract, Melia Azadirachta Flower Extract, Fructose, Tocopherol, Glucose, Sodium PCA, Triethylhexanoin, Diphenyl Dimethicone, C12-14, Pareth-12, Ethylhexylglycerin, Hydrogenated Lecithin, Polyglyceryl-10 Oleate, Tetrasodium EDTA;"1. Morgens und abends nach der Reinigung eine großzügige Menge mit einem Wattepad auf die Haut auftragen.
2. Trage deine bevorzugte Gesichtscreme auf.";;;
Byoma - Hydrating Milky Toner - Soothing Toner - 150ml;https://media.sephora.eu/content/dam/digital/pim/published/B/BYOMA/719140/342128-media_swatch.jpg?scaleWidth=500&scaleHeight=500&scaleMode=fit;"Diese milde und ultraberuhigende tonisierende Lotion versorgt trockene Haut mit Feuchtigkeit und unterstützt die Reparatur der Hautschutzbarriere. Die milchige Formel wirkt bereits ab der ersten Anwendung feuchtigkeitsspendend, lindernd und beruhigend.
Die Formel enthält einen patentierten Barrier Lipid Complex sowie Polyglutaminsäure und Cica. Diese Inhaltsstoffe stärken die Hautschutzbarriere, binden Feuchtigkeit in mehreren Hautschichten und helfen, den transepidermalen Wasserverlust zu minimieren.
Die Haut wirkt sofort weicher, geschmeidiger und strahlender. Das Produkt ist dermatologisch getestet, nicht komedogen, alkohol- und parfümfrei, vegan und tierversuchsfrei.
150 ml
";15.95;Byoma;Toner;"Aqua
Butylene Glycol
Glycerin
Dipropylene Glycol
1,2-Hexanediol
Panthenol
Limnanthes Alba (Meadowfoam) Seed Oil
Polyglutamic Acid
Pullulan
Saccharide Isomerate
Xanthan Gum
Centella Asiatica Extract
Gluconolactone
Sphingolipids
Sodium Citrate
Beta-Glucan
Tocopherol
Ceramide NP
Citric Acid
Carbomer
Ethylhexylglycerin
Polyglyceryl-3 Methylglucose Distearate
Tromethamine
Symphytum Officinale Root Extract
Hydrogenated Lecithin
Sodium Phytate
Sodium Hyaluronate
Methyl Glucose Sesquistearate
Cetearyl Glucoside";"Auf saubere und trockene Haut mit den Händen auftragen und durch vorsichtiges Klopfen in das Gesicht, Hals und Dekolletee einziehen lassen. Morgens und abends anwenden. Anschließend die Seren und die Feuchtigkeitscreme von Byoma Deiner Wahl auftragen.

Wie man es recycelt: Schraube den Deckel ab, spüle die Flasche aus und werfe sie in den normalen Plastikmüll.";;;
Kiehl's Since 1851 - Daily Refining - Milk-peel Toner - milk Peel Toner 200ml;https://media.sephora.eu/content/dam/digital/pim/published/K/KIEHLS/533839/225495-media_swatch.jpg?scaleWidth=500&scaleHeight=500&scaleMode=fit;"Unser Milk-Peel Toner ist sanft genug für den täglichen Gebrauch und verwöhnt die Haut mit einem Peeling-Effekt, während die pflegende Milch-Textur sie regeneriert.
Der zweifach wirkende exfolierende Toner mit Lipo-Hydroxysäure, 23 % Mandelmilch, Squalan und Distelsamenöl peelt die Haut sanft und löst Unreinheiten. Gleichzeitig füllt er den Feuchtigkeitsgehalt der Haut wieder auf und sorgt für einen reinen Teint sowie ein glattes, angenehmes Hautgefühl.
Der Toner wurde klinisch getestet und hilft, Hautrückstände sanft zu entfernen, ohne Irritationen zu verursachen. Die Haut fühlt sich hydratisiert, gepflegt und angenehm an.
200 ml";77.45;Kiehl's Since 1851;Toner;Aqua / Water, Hydrogenated Polydecene, Caprylic/Capric Triglyceride, Squalane, Carthamus Tinctorius Seed Oil / Safflower Seed Oil, 1,2-Hexanediol, Peg-6 Caprylic/Capric Glycerides, Peg-40 Glyceryl Cocoate, Phenoxyethanol, Sodium Coceth Sulfate, Capryloyl Salicylic Acid, Tromethamine, Ethylhexylglycerin, Citrus Nobilis Peel Oil / Mandarin Orange Peel Oil, Adenosine, Limonene, Caprylyl Glycol, Anthemis Nobilis Flower Oil, Cupressus Sempervirens Leaf/Nut/Stem Oil, Prunus Amygdalus Dulcis Seed Extract / Sweet Almond Seed Extract, Benzyl Alcohol, Xanthan Gum, Silybum Marianum Extract, Tocopherol, Dehydroacetic Acid, Lactic Acid.;"Schüttle den Toner vor Gebrauch gut, damit sich die zwei Phasen Formel miteinander vermischt.
Befeuchte zweimal täglich ein Wattepad mit dem Milk-Peel Toner und streiche sanft über Dein sauberes und trockenes Gesicht. Spare dabei die Augenpartie aus.
Um optimale Ergebnisse zu erzielen, verwende unseren sanft exfolierenden Toner täglichen jeden Morgen und Abend nach der Reinigung und vor dem Auftragen eines Serums.
Kombiniere den Milk-Peel toner mit unserem Clearly Corrective Dark Spot Solution [LINK TO PDP] für einen strahlenden, klaren Teint.";;;
Restorative Sea Culture Hydrating Toner - Gesichtswasser;https://www.100percentpure.de/media/image/product/2402/lg/restorative-sea-culture-hydrating-toner-gesichtswasser.jpg;"Das feuchtigkeitsspendende Gesichtswasser macht die Haut weich, polstert sie auf und versorgt sie intensiv mit Feuchtigkeit. Die Formel basiert auf gelartigem Algin aus mineralstoffreichen Algen, die aus reinen, sauberen Gewässern gewonnen werden.
";40.5;100%pure;Toner;Salvia Hispanica (Chia) Water[1], Hamamelis Virginiana (Witch Hazel) Powder[1], Glycerin[1], Algae Extract[1], Yeast Ferment Extract, Macrocystis Pyrifera (Sea Kelp) Extract[1], Lonicera Japonica (Honeysuckle) Flower Extract[1], Xanthan Gum, Hyaluronic Acid, Citrus Bergamia Fruit Oil[2], Cedrus Atlantica (Cedarwood) Bark Oil[2], Vetiver[2], Citrus Sinensis (Orange) Oil[2], Salvia Officinalis (Sage) Oil[2], Lavandula Angustifolia Oil[2];"	Der Restorative Sea Culture Hydrating Toner ist optimal für die morgendliche und abendliche Gesichtspflege geeignet.
	Nach der Gesichtsreinigung ein weiches Wattepad mit dem Gesichtswasser tränken und sanft über Hals und Gesicht streichen.
	Kann auch für die empfindliche Augenpartie genutzt werden.
";;;
Bioderma Hydrabio Tonique Gesichtswasser;https://www.versandapo.de/images/product_images/popup_images/09732526.jpg;"Das Bioderma Hydrabio Tonique Gesichtswasser bereitet die Haut ideal auf die nachfolgende Feuchtigkeitspflege vor. Es klärt das Hautbild nach der Reinigung, entfernt Kalkrückstände und hilft, den pH-Wert der Haut zu regulieren.
Die Formel stärkt die Feuchtigkeitsversorgung der Haut nachhaltig und eignet sich besonders für feuchtigkeitsarme, empfindliche sowie trockene bis sehr trockene Haut. Der patentierte Wirkstoff Aquagenium™ mit Pyrus Malus und Vitamin B3 unterstützt die Feuchtigkeitsversorgung und aktiviert die hauteigene Lipidproduktion.
Die enthaltene D.A.F.-Zuckergrundlage spendet zusätzlich Feuchtigkeit, wirkt beruhigend und unterstützt die Hautverträglichkeit. Glycerin versorgt die Haut ebenfalls mit Feuchtigkeit und sorgt für ein gepflegtes Hautgefühl.
";14.79;Bioderma;Toner;Water (Aqua), Glycerin, Polysorbate 20, Allantoin, Pyrus Malus (Apple) Fruit Extract, Xylitol, Mannitol, Rhamnose, Fructooligosaccharides, Citric Acid, Niacinamide, Hexyldecanol, Sodium Hydroxide, Cetrimonium Bromide, Disodium Edta, Fragrance (Parfum).;"Morgens und abends
SCHRITT 1 Ein Wattepad tränken
SCHRITT 2 Nach der Reinigung auf Gesicht und Augen auftragen.
";;;
La Roche-Posay Effaclar Mizellen Reinigungsfluid, 200 ml Lotion;https://nbg1.your-objectstorage.com/inspirax-image-server-bucket/06609618_08.jpeg;Hochwertige medizinische Hautpflege für empfindliche Haut. Die Lotion wird auf die Haut aufgetragen und eignet sich als Dermokosmetik aus der Apotheke.;19.26;La Roche-Posay;Toner;AQUA / WATER • PEG-7 CAPRYLIC/CAPRIC GLYCERIDES • POLOXAMER 124 • POLOXAMER 184 • PEG-6 CAPRYLIC/CAPRIC GLYCERIDES • GLYCERIN • POLYSORBATE 80 • ZINC PCA • SODIUM HYDROXIDE • DISODIUM EDTA • BHT • MYRTRIMONIUM BROMIDE • PARFUM / FRAGRANCE;Morgens und/oder abends einen Wattebausch mit der Lotion tränken und Gesicht und Hals reinigen. Die Haut im Anschluss behutsam mit einem Handtuch oder sauberen Wattepad trocken tupfen.;;;
Laneige - Cream Skin Cerapeptide - Toner & Moisturizer - cream Skin Toner & Moisturizer;https://media.sephora.eu/content/dam/digital/pim/published/L/LANEIGE/731540/363953-media_swatch.jpg?scaleWidth=500&scaleHeight=500&scaleMode=fit;"Ein hybrides 2-in-1-Produkt mit innovativer, leichter Textur, das Creme und Gesichtswasser kombiniert und die Haut intensiv mit Feuchtigkeit versorgt.
Die Formel ist mit Cerapeptid angereichert, das die Haut intensiv nährt, sichtbar strafft und ihre Feuchtigkeitsbarriere stärkt.
";32.95;Laneige;Toner;WATER / AQUA / EAU, BUTYLENE GLYCOL, GLYCERIN, LIMNANTHESALBA (MEADOWFOAM) SEED OIL, ISOPENTYLDIOL, 1,2-HEXANEDIOL, SQUALANE, POLYGLYCERYL-10 STEARATE, GLYCERYL STEARATE CITRATE, SODIUM STEAROYL GLUTAMATE,INULIN LAURYL CARBAMATE, GLYCERYL CAPRYLATE, ETHYLHEXYLGLYCERIN,PROPANEDIOL, DISODIUM EDTA, CARBOMER,MANNITOL, ACRYLATES/STEARYL METHACRYLATE COPOLYMER,TREMELLA FUCIFORMIS SPOROCARP EXTRACT, HYALURONIC ACID, CAMELLIA SINENSIS LEAF EXTRACT, XANTHAN GUM, CERAMIDE NP, CAMELLIA JAPONICA FLOWER EXTRACT,TOCOPHEROL, ACETYL TETRAPEPTIDE-11;Nur zur äußerlichen Anwendung geeignet. Direkten Augenkontakt vermeiden. Bei Kontakt mit den Augen gründlich mit Wasser ausspülen. Bei Hautreizungen die Anwendung abbrechen und ärztlichen Rat einholen. Außerhalb der Reichweite von Kindern aufbewahren.;;;
NIVEA Pflegendes Gesichtswasser Trocken+Sens Haut, 200 ml Lösung;https://nbg1.your-objectstorage.com/inspirax-image-server-bucket/17624555_01.jpg;"Die sanfte Formel des NIVEA® Pflegendes Gesichtswassers ist angereichert mit Mandelöl und hautidentischem Hydramin. Sie reinigt sanft, ohne die Haut auszutrocknen, entfernt Rückstände und sorgt für geschmeidige Haut. Gleichzeitig ist das Gesichtswasser intensiv feuchtigkeitsspendend und pflegend.

Die vegane Formel (ohne Inhaltsstoffe tierischen Ursprungs) ist zu 95 % biologisch abbaubar und frei von festen Mikroplastikpartikeln gemäß UNEP-Definition. Die Verträglichkeit von NIVEA Pflegendes Gesichtswasser ist dermatologisch bestätigt.";5.45;NIVEA;Toner;Aqua, Glycerin, PEG-8, PEG-40 Hydrogenated Castor Oil, Prunus Amygdalus Dulcis Oil, Polyquaternium-10, Citric Acid, Phenoxyethanol, 1,2-Hexanediol, Trisodium EDTA, Geraniol, Benzyl Alcohol, Linalool, Alpha-Isomethyl Ionone, Limonene, Parfum;Mit einem Wattepad sanft auf die Haut einmassieren, dabei die Augenpartie aussparen.;;;
NIVEA Erfrischendes Gesichtswass Norm. Haut Mischh, 200 ml Lösung;https://nbg1.your-objectstorage.com/inspirax-image-server-bucket/17624549_01.jpg;"Das erfrischende Gesichtswasser von NIVEA reinigt die Haut sanft und entfernt letzte Rückstände von Make-up, Schmutz und Reinigungsprodukten. Es klärt die Haut, belebt den Teint und sorgt für ein angenehm frisches Hautgefühl.
Die Formel ist für normale Haut und Mischhaut geeignet und hilft, die Haut optimal auf die nachfolgende Pflege vorzubereiten.
200 ml
";5.45;NIVEA;Toner;Aqua, Alcohol Denat., Aloe Barbadensis Leaf Juice Powder, Sodium Hyaluronate, Glycerin, Cellulose Gum, Citric Acid, Polyglyceryl-4 Caprate, Caprylyl Glycol, Phenoxyethanol, ParfumAqua, Alcohol Denat., Aloe Barbadensis Leaf Juice Powder, Sodium Hyaluronate, Glycerin, Cellulose Gum, Citric Acid, Polyglyceryl-4 Caprate, Caprylyl Glycol, Phenoxyethanol, Parfum;Mit einem Wattepad sanft auf die Haut einmassieren, dabei die Augenpartie aussparen.;;;
Nuxe Very Rose Mizellenwasser;https://www.versandapo.de/images/product_images/popup_images/19498899.jpg;"Das Nuxe Very Rose Mizellenwasser entfernt Make-up und reinigt Gesicht und Augen sanft. Die frische Formel eignet sich für alle Hauttypen und hinterlässt die Haut weich, beruhigt und sofort mit Feuchtigkeit versorgt.
Angereichert mit Rosenextrakt besteht das Mizellenwasser zu 99 % aus Inhaltsstoffen natürlichen Ursprungs. Der zarte Rosenduft und die frische, nicht klebrige Textur sorgen für ein angenehmes Hautgefühl und sofortigen Komfort.
";14.79;Nuxe;Toner;AQUA/WATER, GLYCERIN, PENTYLENE GLYCOL, POLYGLYCERYL-6 CAPRYLATE, POLYGLYCERYL-4 CAPRATE, PARFUM/FRAGRANCE, SODIUM GLUCONATE, PHENOXYETHANOL,CETRIMONIUM BROMIDE, ROSE FLOWER OIL/EXTRACT [N5805/B];Ein Wattepad, vorzugsweise wiederverwendbar, mit dem Mizellen-Reinigungswasser tränken. Über das gesamte Gesicht und die Augen streichen, bis das Make-up vollständig entfernt ist. Wiederholen Sie den Vorgang, bis das Wattepad sauber bleibt. Muss nicht abgewaschen werden. Abends zum Abschminken und morgens zum Reinigen anwenden.;;;
"ROUND LAB
Soybean Nourishing Toner
";https://www.mystationary.de/media/52/e5/1d/1775877401/91665ce63300ce54460a0fc74ecae065a6cce7aa_MS_0063172_image_1_574862_soybean_toner_vyzivujici_pletove_tonikum_pro_suchou_a_dehydratovanou_.jpg?ts=1775877402;"Erlebe mit dem  Round Lab Soybean Nourishing Toner eine straffe und tief mit Feuchtigkeit versorgte Haut mit schwarzem Sojabohnenextrakt und Adenosin. Ideal geeignet, um trockene Haut zu lindern und das Auftreten feiner Linien zu reduzieren.
Yakkong-Sojabohnen sind viel reicher an Anthocyane und Isoflavone als gewöhnliche Sojabohnen. In der orientalischen Medizin wird es seit der Antike häufig zur Behandlung und Entgiftung verschiedener Krankheiten eingesetzt. Insbesondere schwarze Sojabohnen enthalten Glycitein und Langsanium, die viermal höher ist als die von gewöhnlichen Sojabohnen und daher wirksam gegen Alterung ist. Saponine wirken säurehemmend und entziehen dem Körper Schadstoffe. Es enthält außerdem ungesättigte Fettsäuren, die die Ansammlung von Cholesterin in Blutgefäßen verhindern. Die Yakkong-Schale enthält Glycerin und Genistin, wirkt säurehemmend und antioxidant.
Phosphat beugt der Hautalterung durch UV-Strahlen vor, enthält Vitamin E und hilft, Sonnenflecken und Sommersprossen zu beseitigen. Rektinsäure schützt zusätzlich geschädigte Haut durch die Aktivierung von Vitamin A.
Für welchen Hauttyp ist der Toner geeignet?
Der Round Lab Soybean Nourishing Toner ist für alle Hauttypen geeignet, aber besonders vorteilhaft für trockene und reife Haut. Selbstverständlich können auch andere Hauttypen von den Vorteilen dieses Toners profitieren. Er versorgt die Haut mit Feuchtigkeit, verbessert die Elastizität und verleiht ihr ein strahlendes Aussehen.
";21.95;ROUND LAB;Toner;"Water, Propanediol, Butylene Glycol, 1,2-Hexanediol, Glycerin, Glycine Max Seed Extract, Ceramide NP, Chondrus Crispus Extract, Saccharum Officinarum Extract, Sodium Hyaluronate, Sodium Hyaluronate, Panthenol, Pentylene Glycol, Diphenyl Dimethicone, Triethylhexanoin, Caprylyl Glycol, Hydrogenated Lecithin, Ethylhexylglycerin, Adenosine, Tromethamine, Caprylic/Capric Triglyceride, Dextrin, Dipotassium Glycyrrhizate, Carbomer, Disodium EDTA, Theobroma Cacao Seed Extract
";"Nimm nach der Reinigung eine angemessene Menge und trage sie auf die Haut auf. 
Massiere es sanft in die Haut ein, damit es einziehen kann.
";;;
ROUND LAB 1025 Dokdo Toner 100 ml;https://www.mystationary.de/media/84/49/9a/1775885409/3a5969da3bd581e42b881d34b50d840569ff9f9e_MS_0063176_image_1_574875_1025_dokdo_toner_exfoliacni_pletove_tonikum.jpg?ts=1775885412;"Der Round Lab 1025 Dokdo Toner ist ein hochwirksamer Toner, der entwickelt wurde, um deiner Haut intensive Feuchtigkeit und Pflege zu bieten. Dieser Toner wurde sorgfältig formuliert, um die Haut zu beruhigen, zu erfrischen und gleichzeitig ihre natürliche Schutzbarriere zu stärken. Ein herausragender Inhaltsstoff des Round Lab 1025 Dokdo Toners ist das Meerwasser aus der Dokdo-Insel. Dieses Meerwasser ist reich an wertvollen Mineralien und Spurenelementen, die dazu beitragen, die Haut zu nähren und mit essentieller Feuchtigkeit zu versorgen. Es hat eine erfrischende Wirkung und hinterlässt ein angenehmes, hydratisiertes Gefühl auf der Haut. Chondrus Crispus Extract, auch Irisch Moss Extrakt oder Carrageenan-Extrakt genannt, wirkt wegen der vielen Mineralien und Spurenelemente mineralisierend und antioxidativ auf die Haut. Es spendet der haut Feuchtigkeit und kann bei trockener und strapazierter Haut und Hautproblemen wie Eczema helfen. Der enthaltene Zuckerrohrextrakt, welcher auch unter der Bezeichnung Saccharum Officinarum bekannt ist, verringert die Talgproduktion und sorgt somit für ein schönes Hautbild. Des Weiteren fördert der Wirkstoff die Herstellung von Kollagen. Dies ist vor allem der Anti Aging Wirkung zuträglich und sorgt auf Dauer für ein gesundes, straffes Hautbild. 
Für welche Hauttypen ist der Round Lab 1025 Dokdo Toner geeignet?
Dieser Toner eignet sich hervorragend für alle Hauttypen, einschließlich empfindlicher Haut. Er kann in deine tägliche Hautpflege-Routine integriert werden und ist sowohl morgens als auch abends anwendbar. Mit kontinuierlicher Anwendung wird dein Teint sichtbar revitalisiert, erfrischt und mit intensiver Feuchtigkeit versorgt.
";15.95;ROUND LAB;Toner;AQUA, BUTYLENE GLYCOL, PENTYLENE GLYCOL, GLYCERIN, PROPANEDIOL, 1,2-HEXANEDIOL, CHONDRUS CRISPUS EXTRACT, SACCHARUM OFFICINARUM EXTRACT, PROTEASE, BETAINE, PANTHENOL, ETHYLHEXYLGLYCERIN, MARIS AQUA, XANTHAN GUM, DISODIUM EDTA, ALLANTOIN, TOCOPHEROL.;"So benutzt Du das Gesichtswasser:
Als Gesichtsmaske: Die entsprechende Menge auf ein Wattepad geben und über das gesamte Gesicht wischen, um die Haut zu klären.
Als Spot Relief Maske: Wattepads mit dem Produkt befeuchten und für 5-10 Minuten auf die betroffenen Stellen legen, um die gereizte Haut zu beruhigen.
";;;
Avene Hydrance Rich Hydrating Cream 40ml;https://www.mystationary.de/media/e4/54/9d/1775867691/ccf89cee8a0f0512c94318b38b36c304121771d2_MS_0065728_image_1_3282779390132.jpg?ts=1775867694;"Die Avène Hydrance Rich Hydrating Cream ist eine reichhaltige Feuchtigkeitscreme, die trockene bis sehr trockene Haut intensiv mit Feuchtigkeit versorgt. Sie hilft, die Haut geschmeidig zu machen, Spannungsgefühle zu lindern und den natürlichen Feuchtigkeitshaushalt der Haut zu unterstützen.
Die cremige Textur hinterlässt ein angenehmes, gepflegtes Hautgefühl und sorgt für einen frischen, strahlenden Teint.
40 ml
";26.95;AVENE;Feuchtigkeitspflege;THERMAL SPRING WATER ( AQUA), CAPRYLIC/CAPRIC TRIGLYCERIDE, GLYCERIN, BUTYROSPERMUM PARKII (SHEA) BUTTER (BUTYROSPERMUM PARKII BUTTER), CARTHAMUS TINCTORIUS (SAFFLOWER) SEED OIL (CARTHAMUS TINCTORIUS SEED OIL), BEHENYL ALCOHOL, SODIUM ACRYLATES/C10-30 ALKYL ACRYLATE CROSSPOLYMER, WATER (AQUA);Verteile morgens und abends (oder auch nur einmal täglich) eine kleine Menge der Creme auf den Fingerspitzen und trage sie sanft auf Gesicht und Hals auf. Für optimale Ergebnisse wird eine regelmäßige Anwendung empfohlen.;True;True;True
Beauty Of Joseon - Dynasty Cream - Pflegecreme Mit Anti-aging-effekt - dynasty Cream;https://media.sephora.eu/content/dam/digital/pim/published/B/BEAUTY_OF_JOSEON/761490/365594-media_swatch.jpg?scaleWidth=500&scaleHeight=500&scaleMode=fit;"Die Dynasty Cream von Beauty of Joseon ist eine reichhaltige Pflegecreme mit fester Textur, die intensive Feuchtigkeitsversorgung mit tiefenwirksamer Pflege kombiniert. Sie hilft, die Haut langanhaltend vor dem Austrocknen zu schützen.
Die vielseitige Formel mit Reiswasser, Ginsengwasser, Squalan und Niacinamid unterstützt die Hautgesundheit, spendet Feuchtigkeit und hilft, das Gleichgewicht zwischen Talgproduktion und Hydratation zu bewahren.
Die kräftige Textur nährt die Haut intensiv und hinterlässt sie geschmeidig, gepflegt und ausgeglichen.
";16.95;Beauty Of Joseon;Feuchtigkeitspflege;AQUA, GLYCERIN, HYDROGENATED POLYDECENE, 1,2-HEXANEDIOL, NIACINAMIDE, SQUALANE, BUTYLENE GLYCOL, PROPANEDIOL, BUTYLENE GLYCOL DICAPRYLATE/DICAPRATE, CETEARYL OLIVATE, SORBITAN OLIVATE, AMMONIUM ACRYLOYLDIMETHYLTAURATE/VP, COPOLYMER, XANTHAN GUM, PANAX GINSENG ROOT WATER, ACRYLATES/C10-30 ALKYL ACRYLATE CROSSPOLYMER, TROMETHAMINE, CARTHAMUS TINCTORIUS (SAFFLOWER) SEED OIL, HYDROGENATED COCONUT OIL, GLYCERYL ACRYLATE/ACRYLIC ACID COPOLYMER, ORYZA SATIVA (RICE) BRAN WATER, ETHYLHEXYLGLYCERIN, ADENOSINE, CAPRYLIC/CAPRIC TRIGLYCERIDE, DISODIUM EDTA, HYALURONIC ACID, HYDROLYZED HYALURONIC ACID, SODIUM HYALURONATE, HONEY EXTRACT, CERAMIDE NP, HYDROGENATED LECITHIN, COPTIS JAPONICA ROOT EXTRACT, RAPHANUS SATIVUS (RADISH) SEED EXTRACT, LYCIUM CHINENSE FRUIT EXTRACT, THEOBROMA CACAO (COCOA) SEED EXTRACT, PHELLINUS LINTEUS EXTRACT, DEXTRIN, SCUTELLARIA BAICALENSIS ROOT EXTRACT;Trage eine geeignete Menge dieser Creme am Ende deiner Hautpflegeroutine auf dein Gesicht auf. Klopfe sie mit den Fingern ein, um die Aufnahme zu erleichtern.;False;True;True
Byoma - Reichhaltige Feuchtigkeitscreme - moisturizing Rich Cream 50ml;https://media.sephora.eu/content/dam/digital/pim/published/B/BYOMA/633708/281322-media_swatch.jpg?scaleWidth=500&scaleHeight=500&scaleMode=fit;"Diese reichhaltige, tief feuchtigkeitsspendende Creme verschmilzt mit der Haut, versorgt sie intensiv mit Feuchtigkeit und verbessert die Hautstruktur. Sie sorgt für ein geschmeidiges, pralles Hautgefühl und stärkt die Hautbarriere.
Die Formel enthält einen Tri-Ceramid-Komplex aus Ceramiden, Cholesterin und Fettsäuren sowie beruhigende und reparierende Extrakte aus Bakuchiol und Shea. Sie hilft, Feuchtigkeit bis zu 24 Stunden zu bewahren, den Teint und die Hauttextur zu verbessern und das Erscheinungsbild von feinen Linien zu reduzieren.
Das Produkt ist dermatologisch getestet, ölfrei, nicht komedogen, alkohol- und parfümfrei, vegan und tierversuchsfrei.
50 ml
";15.95;Byoma;Feuchtigkeitspflege;AQUA (CARRIER), GLYCERIN (HUMECTANTS), CAPRYLIC/CAPRIC TRIGLYCERIDE (SKIN-CONDITIONER), CETEARYL ALCOHOL (EMULSION STABILIZERS), BUTYROSPERMUM PARKII (SHEA) BUTTER (SKIN-CONDITIONER), CETEARYL OLIVATE (SURFACTANTS), SORBITAN OLIVATE (SURFACTANTS), DIPROPYLENE GLYCOL (SOLVENTS), HYDROXYETHYL ACRYLATE/SODIUM ACRYLOYLDIMETHYL TAURATE COPOLYMER (VISCOSITY CONTROLLING), HYDROXYACETOPHENONE (ANTIOXIDANTS), CERAMIDE NP (SKIN-CONDITIONER), CHOLESTEROL (SKIN-CONDITIONER), PHYTOSPHINGOSINE (SKIN-CONDITIONER), CAPRYLYL GLYCOL (SKIN-CONDITIONER), BAKUCHIOL (ANTIOXIDANTS), PALMITIC ACID (EMOLLIENT), STEARIC ACID (SKIN-CONDITIONER), OLEIC ACID (SKIN-CONDITIONER), HYDROGENATED LECITHIN (EMULSIFIER), ACRYLATES/C10-30 ALKYL ACRYLATE CROSSPOLYMER (VISCOSITY CONTROLLING), TROMETHAMINE (PH ADJUSTERS), OLEA EUROPAEA (OLIVE) FRUIT OIL (ANTIOXIDANTS), ETHYLHEXYLGLYCERIN (SKIN-CONDITIONER), LACTIC ACID (PH ADJUSTERS), DISODIUM EDTA (CHELATING AGENTS), SORBITAN ISOSTEARATE (SURFACTANTS), DIPOTASSIUM GLYCYRRHIZATE (SKIN-CONDITIONER), CAPRYLHYDROXAMIC ACID (CHELATING AGENTS), TOCOPHEROL (ANTIOXIDANT);"Diese reichhaltige, tief feuchtigkeitsspendende Creme verschmilzt mit der Haut, versorgt sie intensiv mit Feuchtigkeit und verbessert die Hautstruktur. Das Ergebnis sind geschmeidige, pralle Ergebnisse und eine gestärkte Hautbarriere.

Unser einzigartiger Tri-Ceramid-Komplex (Ceramide, Cholesterin, Fettsäuren) stärkt die Hautbarriere und ist mit beruhigenden und reparierenden Extrakten aus Bakuchiol und Shea angereichert. Sie stärkt die Hautbarriere und bewahrt die Feuchtigkeit bis zu 24 Stunden. Wir haben den Hauptwirkstoff Bakuchiol aufgrund seiner Fähigkeit ausgewählt, den Teint und die Textur zu verbessern, das Erscheinungsbild von Fältchen zu reduzieren und die Haut aufzufüllen. Das ist die Lösung für eine weiche, glatte, tief mit Feuchtigkeit versorgte Haut.

Von Dermatologen getestete und zugelassene Pflegeprodukte, ölfrei, nicht komedogen, alkohol- und parfümfrei, vegan und frei von Tierquälerei.";True;True;True
Byoma - Feuchtigkeitscreme-gel - moisturizing Gel Cream 50ml;https://media.sephora.eu/content/dam/digital/pim/published/B/BYOMA/633707/281321-media_swatch.jpg?scaleWidth=500&scaleHeight=500&scaleMode=fit;"Diese leichte, ölfreie Feuchtigkeitscreme für die tägliche Anwendung versorgt die Haut effektiv und gezielt mit Feuchtigkeit. Die einzigartige Creme-Gel-Textur zieht schnell ein, macht die Haut weich und sorgt für langanhaltende Pflege.
Die Formel kombiniert einen Tri-Ceramid-Komplex aus Ceramiden, Cholesterin und Fettsäuren mit Niacinamid und grünem Tee. Sie stärkt die Hautbarriere, unterstützt die Feuchtigkeitsversorgung und hilft, Rötungen sowie Irritationen zu lindern.
Die erfrischende Geltextur verbindet die Leichtigkeit eines Gels mit der langanhaltenden Feuchtigkeitspflege einer Creme. Das Produkt ist für alle Hauttypen geeignet, dermatologisch getestet, ölfrei, nicht komedogen, alkohol- und parfümfrei, vegan und tierversuchsfrei.
50 ml
";15.95;Byoma;Feuchtigkeitspflege;AQUA (CARRIER), GLYCERIN (HUMECTANT), CAPRYLIC/CAPRIC TRIGLYCERIDE (SKIN-CONDITIONER), PENTAERYTHRITYL TETRAETHYLHEXANOATE (SKIN-CONDITIONER), POLYGLYCERYL-3 METHYLGLUCOSE DISTEARATE (EMOLLIENT), NIACINAMIDE (SKIN-CONDITIONER), CERAMIDE NP (SKIN-CONDITIONER), CHOLESTEROL (SKIN-CONDITIONER), PHYTOSPHINGOSINE (SKIN-CONDITIONER), CAMELLIA SINENSIS LEAF EXTRACT (ANTIOXIDANT), STEARIC ACID (SKIN-CONDITIONER), OLEIC ACID (SKIN-CONDITIONER), LACTIC ACID (PH ADJUSTER), HYDROGENATED LECITHIN (EMULSIFIER), CETEARYL ALCOHOL (EMULSION STABILIZER), PANTHENOL (SKIN-CONDITIONER), CARBOMER (VISCOSITY CONTROLLING), XANTHAN GUM (VISCOSITY CONTROLLING), TROMETHAMINE (PH ADJUSTER), 1,2-HEXANEDIOL (SOLVENT), CAPRYLYL GLYCOL (SKIN-CONDITIONER), HYDROXYACETOPHENONE (ANTIOXIDANT), CAPRYLHYDROXAMIC ACID (CHELATING AGENTS);Anwendungsempfehlung: Tragen Sie morgens und abends nach dem Serum 1 bis 2 Pumpstöße auf die gereinigte Haut auf. In die Haut einmassieren, bis sie vollständig eingezogen ist.;True;True;True
Clinique Dramatically Different Moisturizing Gel 50 ml;https://cdn.perfumetrader.de/media/catalog/product/cache/1/image/400x400/602f0fa2c1f0d1ba5e241f914e856ff9/a/f/90d15d0b4afdf4917674b53d96fa23e4/clinique-clinique-dramatically-diffrent-moisturizing-gel-50-ml-20714222864.png;"Die dermatologisch entwickelte, ölfreie Gesichtscreme spendet Feuchtigkeit, erfrischt die Haut und hilft, fettigere Hauttypen auszugleichen.
";24.90;Clinique;Feuchtigkeitspflege;"ater\\Aqua\\Eau, Dimethicone, Isododecane, Butylene Glycol, Bis-Peg-18 Methyl Ether Dimethyl Silane, Glycerin, Laminaria Saccharina Extract, Polygonum Cuspidatum Root Extract, Saccharomyces Lysate Extract, Cucumis Sativus (Cucumber) Fruit Extract, Hordeum Vulgare (Barley) Extract\\Extrait D'Orge, Helianthus Annuus (Sunflower) Seedcake, Caffeine, Trehalose, Sodium Hyaluronate, Tocopheryl Acetate, Polysilicone-11, Silica, Propylene Glycol Dicaprate, Oleth-10, Lactobacillus Ferment, Laureth-23, Laureth-4, Ammonium Acryloyldimethyltaurate/Vp Copolymer, Carbomer, Caprylyl Glycol, Hexylene Glycol, Tromethamine, Disodium Edta, Phenoxyethanol, Yellow 5 (Ci 19140), Red 4 (Ci 14700), Yellow 6 (Ci 15985) *
*Cette liste est susceptible d'évoluer avec le temps. Veuillez vous référer aux informations présentes sur l'emballage de votre produit pour recevoir la liste d'ingrédients la plus à jour.";"Zweimal täglich (morgens und abends) nach der Clarifying Lotion anwenden.
DDMG auf das gesamte Gesicht auftragen.
Danach die hauttypgerechte Feuchtigkeitspflege auftragen.";True;True;True
DUCRAY KERACNYL REPAIR Creme 48h Feuchtigkeit, 50 ml Creme;https://nbg1.your-objectstorage.com/inspirax-image-server-bucket/11857755_01.jpg;"Hochwertige medizinische Hautpflege für empfindliche Haut. Die Creme wird auf die Haut aufgetragen und eignet sich als Dermokosmetik aus der Apotheke.
";25.30;DUCRAY;Feuchtigkeitspflege;WATER (AQUA). GLYCERIN. CAPRYLIC/CAPRIC TRIGLYCERIDE. ISOCETYL STEAROYL STEARATE. CETEARYL ALCOHOL. BEHENYL ALCOHOL. NIACINAMIDE. C20-22 ALKYL PHOSPHATE. C20-22 ALCOHOLS. SIMMONDSIA CHINENSIS (JOJOBA) SEED OIL (SIMMONDSIA CHINENSIS SEED OIL). CAPRYLYL GLYCOL. CETEARYL GLUCOSIDE. HELIANTHUS ANNUUS (SUNFLOWER) SEED OIL (HELIANTHUS ANNUUS SEED OIL). SCLEROTIUM GUM. SODIUM BENZOATE. SODIUM HYDROXIDE. TOCOPHEROL;Die Ducray Keracnyl Repair Soothing Compensating Cream ein- bis zweimal täglich morgens und/oder abends auf das Gesicht und die gereinigte und trockene Haut auftragen.;True;True;True
Eucerin AtopiControl Gesichtscreme 50ml;https://www.versandapo.de/images/product_images/popup_images/08454746.jpg;"Die Eucerin AtopiControl Gesichtscreme pflegt trockene, rissige und zu Neurodermitis neigende Gesichtshaut in symptomfreien Phasen. Sie sorgt für ein spürbar weicheres, geschmeidigeres Hautgefühl und hilft, Juckreiz, Spannungsgefühle und Hautrötungen zu reduzieren.
Die Formel mit Omega-6-Fettsäuren, Licochalcone A und Ceramiden wirkt beruhigend, stärkt die Hautbarriere und glättet die Gesichtshaut. Die Creme zieht schnell ein und eignet sich auch gut als Make-up-Unterlage.
Die Pflege ist dermatologisch und klinisch getestet, mikroplastikfrei sowie frei von Parabenen, Duft- und Farbstoffen. Sie eignet sich für Babys ab vier Wochen, Kinder und Erwachsene.
";22.89;Eucerin;Feuchtigkeitspflege;Aqua, Glycerin, Helianthus Annuus Seed Oil, Butyrospermum Parkii Butter, Caprylic/Capric Triglyceride, Vitis Vinifera Seed Oil, Cetearyl Alcohol, Glyceryl Stearate Citrate, Hydroxypropyl Starch Phosphate, Hydrogenated Coco-Glycerides, Oenothera Biennis Oil, Glycyrrhiza Inflata Root Extract, Ceramide NP, Phytosphingosine, Oleic Acid, Glycine, Sodium PCA, Tocopherol, Ascorbyl Palmitate, Xanthan Gum, Sodium Hydroxide, Sodium Citrate, Citric Acid, 1,2-Hexanediol, Decylene Glycol, Phenoxyethanol, Ethylhexylglycerin, Hydroxyacetophenone;Die Gesichtspflege morgens und abends auf die gereinigte Haut von Gesicht und Hals auftragen und sanft einmassieren. Die Creme eignet sich perfekt als Make-up-Grundlage;True;True;True
Kiehl's Since 1851 - Ultra Facial - Cream - ultra Facial Cream 125ml;https://media.sephora.eu/content/dam/digital/pim/published/K/KIEHL/533862/225518-media_swatch.jpg?scaleWidth=500&scaleHeight=500&scaleMode=fit;Diese beliebte Gesichtscreme ist ein Bestseller und eignet sich für jeden Hauttyp. Sie versorgt die Haut bis zu 24 Stunden lang mit Feuchtigkeit, schützt vor dem Austrocknen und sorgt für ein geschmeidiges Hautgefühl.;57.95;Kiehl's Since 1851;Feuchtigkeitspflege;AQUA / WATER • GLYCERIN • DIMETHICONE • SQUALANE • BIS-PEG-18 METHYL ETHER DIMETHYL SILANE • SUCROSE STEARATE • STEARYL ALCOHOL • PEG-8 STEARATE • MYRISTYL MYRISTATE • PRUNUS ARMENIACA KERNEL OIL / APRICOT KERNEL OIL • PHENOXYETHANOL • PERSEA GRATISSIMA OIL / AVOCADO OIL • GLYCERYL STEARATE • CETYL ALCOHOL • ORYZA SATIVA BRAN OIL / RICE BRAN OIL • OLEA EUROPAEA FRUIT OIL / OLIVE FRUIT OIL • CHLORPHENESIN • STEARIC ACID • PALMITIC ACID • CARBOMER • ACRYLATES/C10-30 ALKYL ACRYLATE CROSSPOLYMER • TRISODIUM ETHYLENEDIAMINE DISUCCINATE • PRUNUS AMYGDALUS DULCIS OIL / SWEET ALMOND OIL • XANTHAN GUM • ETHYLHEXYLGLYCERIN • SODIUM HYDROXIDE • TOCOPHEROL • GLYCINE SOJA OIL / SOYBEAN OIL • PSEUDOALTEROMONAS FERMENT EXTRACT • MYRISTIC ACID • HYDROXYPALMITOYL SPHINGANINE • SALICYLIC ACID • HELIANTHUS ANNUUS SEED OIL / SUNFLOWER SEED OIL • ROSMARINUS OFFICINALIS LEAF EXTRACT / ROSEMARY LEAF EXTRACT • CITRIC ACID (F.I.L. Z293407/1).;"Nachdem die Haut gründlich gereinigt und mit einem Toner neutralisiert worden ist eine erbsengroße Menge der Gesichtscreme auf die Fingerspitzen geben. In kreisenden Bewegungen ebenmäßig auf dem Gesicht verteilen und leicht einmassieren. Kann am Morgen und / oder Abend sowie nach Bedarf angewendet werden; tagsüber empfehlen wir die ULTRA FACIAL CREAM SPF 30.

Die besondere Wirksamkeit der Ultra Facial Creme bei extremen Wetterbedingungen haben wir in einer Expedition unter Beweis gestellt. Mit der Ultra Facial Cream unterstützte Kiehl's das Team der ""Grönland First Ascent"" - Expedition bei der erstmaligen Besichtigung des vom grönländischen Eis bedeckten Gipfels am 30. Mai 2005.";True;True;True
Kiehl's Since 1851 - Super-multi Corrective Soft Cream - super Multi Correct Light;https://media.sephora.eu/content/dam/digital/pim/published/K/KIEHL/706192/329928-media_swatch.jpg?scaleWidth=500&scaleHeight=500&scaleMode=fit;"Die Kiehl’s Super Multi-Corrective Soft Cream ist eine vielseitige Anti-Aging-Creme, die Anzeichen der Hautalterung wie Falten, Trockenheit und vergrößerte Poren sichtbar mildert. Sie eignet sich für alle Hauttypen, auch für empfindliche Haut.
Die Formel enthält Proxylane, ein patentiertes Anti-Aging-Molekül, das die Haut festigt. Adenosin unterstützt die hauteigene Kollagenproduktion und lässt die Haut praller erscheinen. Capryloyl Glycine hilft, das Gleichgewicht der Haut zu bewahren und überschüssiges Öl zu reduzieren.
Die Creme eignet sich auch ideal für Mischhaut, die zu einer fettigen T-Zone und trockenen Hautstellen neigt.
";83.95;Kiehl's Since 1851;Feuchtigkeitspflege;AQUA / WATER , GLYCERIN , HYDROXYPROPYL TETRAHYDROPYRANTRIOL , NIACINAMIDE , ALCOHOL DENAT. , DIMETHICONE , BUTYLENE GLYCOL , PROPYLENE GLYCOL , BETAINE , COCO-CAPRYLATE/CAPRATE , SQUALANE , CAPRYLYL METHICONE , AMMONIUM ACRYLOYLDIMETHYLTAURATE/VP COPOLYMER , HYDROXYETHYLPIPERAZINE ETHANE SULFONIC ACID , INONOTUS OBLIQUUS (MUSHROOM) EXTRACT , ADENOSINE , CAPRYLOYL GLYCINE , MENTHOXYPROPANEDIOL , METHYLDIHYDROJASMONATE , PALMITOYL TETRAPEPTIDE-7 , PALMITOYL TRIPEPTIDE-1 , SODIUM HYDROXIDE , TETRASODIUM GLUTAMATE DIACETATE , TOCOPHERYL ACETATE , HYDROGENATED LECITHIN , ACRYLATES/C10-30 ALKYL ACRYLATE CROSSPOLYMER , ALUMINUM STARCH OCTENYLSUCCINATE , CARBOMER , CETEARYL ALCOHOL , CETEARYL GLUCOSIDE , POLYSORBATE 20 , SODIUM LACTATE , T-BUTYL ALCOHOL , DIMETHICONOL , STEARYL DIMETHICONE , CHLORPHENESIN , PHENOXYETHANOL (F.I.L. Z70017025/2).;Die Super Multi-Corrective Soft Cream von Kiehl's täglich am Morgen und Abend auf die gereinigte Haut auftragen. Dafür eine münzgroße Menge für Gesicht, Hals und Dekolleté sanft einmassieren, bis die Creme vollständig von der Haut aufgenommen wurde. Die Augen- und Lippenpartie dabei aussparen. Abschließend Sonnenschutz auftragen, um einer vorzeitigen Hautalterung durch UV-Strahlen vorzubeugen.;True;False;False
Laneige - Water Bank Cream Moisturizer - Feuchtigkeitscreme -  Water Bank Cream 50ml;https://media.sephora.eu/content/dam/digital/pim/published/L/LANEIGE/714973/345948-media_swatch.jpg?scaleWidth=500&scaleHeight=500&scaleMode=fit;"Die Water Bank Hyaluronic Blue Feuchtigkeitscreme versorgt die Haut intensiv mit Feuchtigkeit und stärkt die Hautbarriere. Sie schenkt den ganzen Tag und die ganze Nacht über ein angenehmes, gepflegtes Hautgefühl.
Die nicht klebrige, leicht einziehende Textur versorgt die Haut tiefenwirksam mit Feuchtigkeit und sorgt für ein gesundes, frisches Hautbild. Die Creme ist besonders für normale Haut geeignet.
Die Formel enthält blaue Hyaluronsäure, die durch ihre besonders kleinen Moleküle effektiv Feuchtigkeit spendet. Der Pepta-Panthenol-Komplex mit Peptiden und Panthenol hilft, die Haut zu straffen und die Hautbarriere zu stärken. Feuchtigkeitsspender, die hauteigene Lipide wie Ceramide, Cholesterin und Fettsäuren nachahmen, unterstützen eine optimale Feuchtigkeitsversorgung.
Die Haut wirkt beruhigt, glatt und natürlich strahlend. Die Formel ist nicht komedogen und dermatologisch getestet.
50 ml
";37.95;Laneige;Feuchtigkeitspflege;ATER / AQUA / EAU, GLYCERIN, BUTYLENE GLYCOL, SQUALANE, DICAPRYLYL ETHER, POLYGLYCERYL-3 METHYLGLUCOSE DISTEARATE, METHYL TRIMETHICONE, GLYCERYL STEARATE, PENTAERYTHRITYL TETRAETHYLHEXANOATE, 1,2-HEXANEDIOL, STEARYL DIMETHICONE, BIS-HYDROXYETHOXYPROPYL DIMETHICONE, CETYL ALCOHOL, LACTOBACILLUS FERMENT LYSATE, CAPRYLIC/ CAPRIC/MYRISTIC/STEARIC TRIGLYCERIDE, PALMITIC ACID, STEARIC ACID, PANTHENOL, HYDROXYETHYL ACRYLATE/SODIUM ACRYLOYLDIMETHYL TAURATE COPOLYMER, PROPANEDIOL, ACRYLATES/C10-30 ALKYL ACRYLATE CROSSPOLYMER, XANTHAN GUM, GLYCERYL CAPRYLATE, DEXTRIN, TROMETHAMINE, ETHYLHEXYLGLYCERIN, DISODIUM EDTA, SORBITAN ISOSTEARATE, ALLANTOIN, HYDROLYZED HYALURONIC ACID, CERAMIDE NP, FRAGRANCE / PARFUM, BETA-GLUCAN, CHOLESTEROL, MANNITOL, TOCOPHEROL, ACETYL TETRAPEPTIDE-11, UNDARIA PINNATIFIDA EXTRACT;Morgens und abends nach der Reinigung, dem Gesichtswasser und dem Serum gleichmäßig auf das Gesicht auftragen.;True;True;False
Laneige - Radian-c Cream - radianc-c Hydrating Cream 30ml;https://media.sephora.eu/content/dam/digital/pim/published/L/LANEIGE/544222/232335-media_swatch.jpg?scaleWidth=500&scaleHeight=500&scaleMode=fit;"Diese Creme versorgt die Haut intensiv mit Feuchtigkeit und verleiht ihr mehr Ausstrahlung. Sie hilft, das Erscheinungsbild von Unreinheiten, Flecken und sichtbaren Hautirritationen zu reduzieren, und sorgt für einen reinen, ebenmäßigen sowie strahlenden Teint.
Die Radian-C Super Blend Technology™ kombiniert Vitamin C und Vitamin E mit einer innovativen Formel, die ihre Wirksamkeit unterstützt. Die antioxidativen Vitamine helfen, den Hautton auszugleichen, die Haut glatter erscheinen zu lassen und sichtbare Unreinheiten zu mildern.
Das Produkt ist dermatologisch getestet, nicht komedogen, vegan und für alle Hauttypen geeignet.
30 ml
";24;Laneige;Feuchtigkeitspflege;Water / Aqua / Eau, 3-O-Ethyl Ascorbic Acid, Glycerin, Cetearyl Alcohol, Caprylic/Capric Triglyceride, Propanediol, Methyl Trimethicone, Hydrogenated Poly(C6-14 Olefin), Pentaerythrityl Tetraethylhexanoate, Cetearyl Olivate, Potassium Cetyl Phosphate, 1,2-Hexanediol, Sorbitan Olivate, Hydroxyethyl Acrylate/Sodium Acryloyldimethyl Taurate Copolymer, Limonene, Polymethyl Methacrylate, Ammonium Acryloyldimethyltaurate/Beheneth-25 Methacrylate Crosspolymer, Citric Acid, Fragrance / Parfum, Thymol Trimethoxycinnamate, Disodium EDTA, Ethylhexylglycerin, Sorbitan Isostearate, Sodium Citrate, Linalool, Tocopherol, Madecassoside, Citral, Geraniol;Abends einen Klecks des Produkts in die Hände geben und sanft in das Gesicht einmassieren, damit das Produkt besser einziehen kann.;;;
Neutrogena Hydro Boost Aqua Creme;https://www.versandapo.de/images/product_images/popup_images/16810913.jpg;"Die Neutrogena Hydro Boost Aqua Creme ist eine parfümfreie Feuchtigkeitspflege, die die Haut intensiv mit Feuchtigkeit versorgt.
Die Formel mit Hyaluron-Gel-Komplex und 100 % pflanzlicher Trehalose hilft, Feuchtigkeit zu speichern und kontinuierlich an die Haut abzugeben. So wird die Haut langanhaltend hydratisiert und fühlt sich frisch, geschmeidig und gepflegt an.
";10.19;Neutrogena;Feuchtigkeitspflege;Aqua, Glycerin, Isopropyl Palmitate, Cetyl Alcohol, Cetearyl Olivate, Sorbitan Olivate, Alanine, Maltose, Glycine, Allantoin, Lysine Hydrochloride, Arginine, Serine, Proline, Threonine, Ethylhexylglycerin, Pentylene Glycol, Ceramide NP, Tropolone, Sodium Hyaluronate, 1,2-Hexanediol, Caprylyl Glycol, Trehalose, Betaine, Urea, Fructose, Glucose, PCA, Sodium PCA, Glutamic Acid, Sodium Lactate, Palmitic Acid, Stearic Acid, Dimethicone, Sodium Chloride, Polyacrylate Crosspolymer-6, C10-30 Cholesterol/Lanosterol Esters, t-Butyl Alcohol, Sodium Hydroxide, Citric Acid, Tocopherol.;Täglich auf gereinigtes Gesicht und Hals auftragen. Kann unter dem Make-up oder über einem Serum aufgetragen werden.;;;
Neutrogena Glow Boost Revitalisierende Tagespflege, 50 ml Creme;https://nbg1.your-objectstorage.com/inspirax-image-server-bucket/17250468_01.jpg;"Die Neutrogena Glow Boost Revitalisierende Tagespflege ist eine Feuchtigkeitscreme, die fahle und müde wirkende Haut belebt und ihr neue Ausstrahlung verleiht.
Die leichte Creme versorgt die Haut mit Feuchtigkeit, sorgt für ein frisches Hautgefühl und unterstützt einen ebenmäßigen, strahlenden Teint. Sie eignet sich ideal für die tägliche Pflege.
50 ml
";12.86;Neutrogena;Feuchtigkeitspflege;aqua, dimethicone, glycerin, mandelic acid, gluconolactone, acetyl glucosamine, triethyl citrate, hydroxyethyl acrylate/sodium acryloyldimethyl taurate copolymer, polyacrylate crosspolymer-6, butylene glycol, ethylhexylglycerin, squalane, aluminum starch octenylsuccinate, dimethiconol, mica, silica, tin oxide, cetearyl olivate, sorbitan olivate, sorbitan isostearate, polysorbate 60, cetearyl alcohol, dimethicone crosspolymer, coco-glucoside, t-butyl alcohol, succinoglycan, disodium edta, sodium hydroxide, chlorphenesin, phenoxyethanol, parfum, benzyl salicylate, citronellol, ci 77891, ci 16035. [pr-0000816];Täglich auf das gereinigte Gesicht sowie den Hals auftragen und sanft einmassieren.  ;;;
NIVEA Hydra Skin Effect Regeneriere Gel-Cre Nacht, 50 ml Creme;https://nbg1.your-objectstorage.com/inspirax-image-server-bucket/17625141_01.jpg;"Die NIVEA Hydra Skin Effect Regenerierende Gel-Creme Nacht versorgt die Haut über Nacht intensiv mit Feuchtigkeit und unterstützt ihre natürliche Regeneration.
Die leichte Gel-Creme-Textur zieht angenehm ein und hinterlässt ein frisches, gepflegtes Hautgefühl. Am Morgen wirkt die Haut erholt, geschmeidig und mit Feuchtigkeit versorgt.
50 ml
";17.75;Nivea;Feuchtigkeitspflege;"Aqua, Glycerin, Alcohol Denat., Cetearyl Alcohol, Distarch Phosphate, Glyceryl Stearate Citrate, 1, 2-Hexanediol, Caprylic/Capric Triglyceride, Dibutyl Adipate, Myristyl Myristate, Octyldodecanol, Triisostearin, Sodium Hyaluronate, Tocopherol, Dicaprylyl Carbonate, Cetearyl Isononanoate, Carbomer, Ammonium Acryloyldimethyltaurate/VP Copolymer, Sodium Sulfate, Sodium Hydroxide, Phenoxyethanol, Parfum, CI 42090
";Tragen Sie die Nachtcreme Nivea Hydra Skin jeden Abend auf die gereinigte Haut auf. ;;;
NIVEA Rosenblüte Gel-Creme 24h Tagespflege, 150 ml Creme;https://nbg1.your-objectstorage.com/inspirax-image-server-bucket/17625075_01.jpg;"Die NIVEA Rosenblüte Gel-Creme 24h Tagespflege versorgt die Haut langanhaltend mit Feuchtigkeit und sorgt für ein frisches, gepflegtes Hautgefühl.
Die leichte Gel-Creme-Textur zieht schnell ein und hinterlässt die Haut weich, geschmeidig und erfrischt. Mit Rosenblütenwasser verleiht sie der Haut einen natürlichen Glow und eignet sich ideal für die tägliche Pflege.
150 ml
";10.22;Nivea;Feuchtigkeitspflege;Aqua, Glycerin, Distarch Phosphate, Alcohol Denat., Caprylic/Capric Triglyceride, Glyceryl Stearate Citrate, Hydroxypropyl Starch Phosphate, Butylene Glycol Dicaprylate/Dicaprate, Cetearyl Alcohol, Myristyl Myristate, 1,2-Hexanediol, Rosa Damascena Flower Water, Sodium Hyaluronate, Cetearyl Isononanoate, Caesalpinia Spinosa Gum, Cellulose Gum, Microcrystalline Cellulose, Sodium Hydroxide, Sodium Benzoate, Potassium Sorbate, Sorbic Acid, Phenoxyethanol, Linalool, Geraniol, Citronellol, Citrus Aurantium Peel Oil, Limonene, Linalyl Acetate, Methyl Benzoate, Parfum, CI 16035;Täglich auf das gereinigte Gesicht sowie den Hals auftragen und sanft einmassieren.  ;;;
NIVEA Hydra Skin Effect Wake-up Gel Tagespflege, 50 ml Creme;https://nbg1.your-objectstorage.com/inspirax-image-server-bucket/17625129_01.jpg;"Die NIVEA Hydra Skin Effect Wake-up Gel-Tagespflege versorgt die Haut intensiv mit Feuchtigkeit und sorgt für ein frisches, waches Hautgefühl.
Die leichte Gel-Textur zieht schnell ein, erfrischt die Haut und lässt sie glatter sowie strahlender wirken. Ideal für die tägliche Pflege am Morgen.
50 ml
";16.14;Nivea;Feuchtigkeitspflege;"Aqua, Glycerin, Alcohol Denat., Cetearyl Alcohol, Distarch Phosphate, Glyceryl Stearate Citrate, 1, 2-Hexanediol, Caprylic/Capric Triglyceride, Dibutyl Adipate, Myristyl Myristate, Octyldodecanol, Triisostearin, Sodium Hyaluronate, Tocopherol, Dicaprylyl Carbonate, Cetearyl Isononanoate, Carbomer, Ammonium Acryloyldimethyltaurate/VP Copolymer, Sodium Sulfate, Sodium Hydroxide, Phenoxyethanol, Parfum, CI 42090
";Täglich auf das gereinigte Gesicht sowie den Hals auftragen und sanft einmassieren.  ;;;
Paula's Choice - C5 Super Boost Moisturiser - C5 Super Boost Feuchtigkeitscreme - 50ml;https://media.sephora.eu/content/dam/digital/pim/published/P/PAULA/764089/367120-media_swatch.jpg?scaleWidth=500&scaleHeight=500&scaleMode=fit;"Diese Gel-Creme kombiniert die feuchtigkeitsspendenden Vorteile einer Creme mit der Anti-Aging-Wirkung von Vitamin C. Sie hilft, die Haut strahlender und fester wirken zu lassen, den Teint auszugleichen und langanhaltend Feuchtigkeit zu spenden.
Die Formel mit 5 % stabilisiertem Vitamin C verleiht der Haut Glow, schützt vor schädlichen Umwelteinflüssen und unterstützt ein strafferes Hautbild, ohne die Haut zu reizen. Hexapeptid-5 hilft, die Haut sichtbar zu straffen und Feuchtigkeit zu bewahren. Eine Lipidmischung macht die Haut geschmeidig, stärkt die Hautbarriere und unterstützt die Feuchtigkeitsspeicherung.
Die Creme bringt den Teint wieder zum Strahlen und hinterlässt die Haut weich, gepflegt und intensiv hydratisiert.
50 ml
";55.95;Paula's Choice;Feuchtigkeitspflege;Aqua (Solvent), Dicrapylyl Carbonate (Emollient), 3-O-Ethyl Ascorbic Acid (Antioxidant), Dimethicone (Emollient), Butylene Glycol (Humectant), Polyglyceryl-6 Distearate (Emulsifier), Ascorbyl Glucoside (Antioxidant), Hydroxyethyl Acrylate/Sodium Acryloyldimethyl Taurate Copolymer (Texture enhancer), Squalane (Emollient), Citrullus Lanatus (Watermelon) Seed Oil (Antioxidant), Hydrogenated Lecithin (Emulsifier), Theobroma Cacao (Cocoa) Seed Butter (Plant extract), Polyglyceryl-6 polyricinoleate (Emollient), Hydrogenated Phoshatidylcholine (Emollient), Pentaerythrityl Tetra-di-t-butyl Hydroxyhydrocinnamate (Antioxidant), etanorulayH muidoS (Humectant), Oryza Sativa (Rice) Bran Extract (Antioxidant), Propanediol (Solvent), Jojoba Esters (Emollient), Tocopherol (Antioxidant), Acetyl Zingerone (Antioxidant), Caprylyl Glycol (Preservative), Cetyl Alcohol (Emulsifier), Polyglyceryl-3 Beeswax (Cleansing agent), Helianthus Annuus (Sunflower) Seed Extract (Antioxidant), Ethylhexylglycerin (Preservative), Hexylene Glycol (Solvent), Acetyl sh-Hexapeptide-5 Amide Acetate (Peptides), Sodium Phytate (Chelating agent), Polysorbate 60 (Emulsifier), Sorbitan Isostearate (Cleansing agent), Lecithin (Emollient), Rosmarinus Officinalis (Rosemary) Leaf Extract (Antioxidant), Glycine Soja (Soybean) Oil (Antioxidant), Lysolecithin (Emulsifier), Bacillus Ferment (Humectant), Citric Acid (pH adjuster), Polyglutamic Acid (Humectant), Beta-Sitosterol (Emollient), Phytic Acid (Humectant), Squalene (Antioxidant), Phenoxyethanol (Preservative), Sodium Benzoate (Preservative), Potassium Sorbate (Preservative), Sodium Hydroxide (pH adjuster).;Ein- bis zweimal täglich auf Gesicht und Hals auftragen. Tagsüber im Anschluss immer einen Sonnenschutz mit mindestens LSF 30 verwenden.;;;
Paula's Choice - Resist - Fortschrittliche Repair-creme - 50ml;https://media.sephora.eu/content/dam/digital/pim/published/P/PAULA/763991/367121-media_swatch.jpg?scaleWidth=500&scaleHeight=500&scaleMode=fit;"Diese nährende Creme enthält eine kraftvolle Mischung aus 5 Ceramiden, die hilft, die Hautbarriere wiederherzustellen und zu stärken. Sie unterstützt die Haut dabei, Feuchtigkeit zu speichern, damit die Barriere optimal funktionieren kann.
Bei regelmäßiger Anwendung hilft die Creme, den natürlichen Kollagengehalt der Haut zu bewahren und sorgt so für ein glatteres, strafferes Hautbild. Die leichte, seidige Textur hinterlässt ein angenehmes, kaum spürbares Finish auf der Haut.
Ceramide speichern Feuchtigkeit und tragen zur Erhaltung einer gesunden, geschmeidigen Haut bei. Tripeptid-5 unterstützt ein festeres Hautbild, während Wassermelonenkernöl die Hautbarriere stärkt.
Die Creme eignet sich für alle Hauttypen, spendet Feuchtigkeit und hilft, feine Linien sichtbar zu mildern.
50 ml
";43.95;Paula's Choice;Feuchtigkeitspflege;Aqua (Solvent), 2,3-Butanediol (Humectant), Dicaprylyl Carbonate (Emollient), Glycerin (Humectant), Glycerin Stearate (Emollient), Cocoglycerides (Skin conditioning agent), Ceramide AG (Emollient), Ceramide NP (Emollient), Hydroxyacetophenone (Antioxidant), Sodium Hyaluronate (Emollient), Ceramide EOP (Emollient), Ceramide NG (Emollient), Ceramide AP (Emollient), Adenosine (Skin conditioning agent), Tocopherol (Antioxidant), Butyrospermum Parkii (Shea) Butter (Skin conditioning agent), Palmitoyl Tripeptide-5 (Skin conditioning agent), Hexylene Glycol (Solvent), Trehalose (Skin conditioning agent), Cholesterol (Emulsion stabilizer), Squalane (Skin conditioning agent), Sodium Phytate (Chelating agent), Urea (Humectant), Hydrogenated Lecithin (Skin conditioning agent), Citrullus Lanatus (Watermelon) Seed Oil (Emollient), Caprylyl Glycol (Emollient), Sodium PCA (Humectant), Polyquaternium-51 (Humectant), Triacetin (Solvent), Sodium Polyacrylate (Emulsion stabilizer), Xanthan Gum (Emulsion stabilizer), Ethylhexyl Stearate (Skin conditioning agent), Phenoxyethanol (Preservative), Sodium Stearoyl Glutamate (Surfactant), Ethylhexylglycerin (Skin conditioning agent);Ein- bis zweimal täglich auf Gesicht und Hals auftragen. Tagsüber im Anschluss immer einen Breitspektrum-Sonnenschutz mit mindestens LSF 30 verwenden.;;;
Shiseido Bio-Performance Advanced Super Revitalizing Cream 75 ml;https://www.mystationary.de/media/af/81/82/1775854310/ced0819cff7e6f4810165e68e22a361b6246d1cd_MS_0066073_image_1_0729238103214_1.jpg?ts=1775854312;"Die Shiseido Bio-Performance Advanced Super Revitalizing Cream ist eine reichhaltige Anti-Aging-Creme, die die Haut intensiv pflegt und ihr ein glatteres, strafferes Aussehen verleiht.
Die Formel hilft, sichtbare Zeichen der Hautalterung wie feine Linien, Trockenheit und einen fahlen Teint zu mildern. Sie versorgt die Haut langanhaltend mit Feuchtigkeit und unterstützt ein geschmeidiges, revitalisiertes Hautgefühl.
75 ml
";74.95;Shiseido;Feuchtigkeitspflege;WATER (AQUA)･GLYCERIN･BUTYLENE GLYCOL･ISODODECANE･ISOHEXADECANE･DIMETHICONE･CETYL ETHYLHEXANOATE･HYDROGENATED POLYDECENE･DISTEARDIMONIUM HECTORITE･PEG-9 POLYDIMETHYLSILOXYETHYL DIMETHICONE･PEG-150･PEG-8 DIISOSTEARATE･PHENOXYETHANOL･METHYLPARABEN･ETHYLPARABEN･PHYTOSTERYL MACADAMIATE･SODIUM CITRATE･FRAGRANCE (PARFUM)･DISODIUM EDTA･TOCOPHERYL ACETATE･STEARYL GLYCYRRHETINATE･HYDROXYPROLINE･CITRIC ACID･SODIUM METAPHOSPHATE･BENZYL BENZOATE･ALPHA-ISOMETHYL IONONE･BUTYLPHENYL METHYLPROPIONAL･HEXYL CINNAMAL･LINALOOL･LIMONENE･SODIUM ACETYLATED HYALURONATE･CITRONELLOL･GERANIOL･SACCHAROMYCES FERMENT LYSATE FILTRATE･RUBUS IDAEUS (RASPBERRY) FRUIT EXTRACT･IRON OXIDES (CI 77492)･SYZYGIUM JAMBOS LEAF EXTRACT･IRON OXIDES (CI 77491)･TOCOPHEROL;Morgens und abends nach der Reinigung und Ausgleichung gleichmäßig auf das Gesicht auftragen. Um die Produktreinheit zu gewährleisten, verwenden Sie beim Entnehmen von Sahne aus dem Glas immer den speziell mitgelieferten Spatel.;;;
The Inkey List - Feuchtigkeitslotion Mit Vitamin B, C Und E - Moisturiser Vitamin B, C And E-;https://media.sephora.eu/content/dam/digital/pim/published/T/THE_INKEY_LIST/505910/163070-media_swatch.jpg?scaleWidth=500&scaleHeight=500&scaleMode=fit;"Die Feuchtigkeitslotion mit Vitamin B, C und E spendet der Haut Feuchtigkeit und unterstützt ein gesund aussehendes Hautbild.
Die leichte Pflege versorgt die Haut mit wichtigen Vitaminen. Vitamin B3, auch Niacinamid genannt, hilft, überschüssigen Talg und Rötungen sichtbar zu reduzieren. Vitamin C lässt fahle Haut strahlender wirken und unterstützt einen frischen Teint, während Vitamin E die Haut beruhigt.
Die Lotion eignet sich besonders zur täglichen Pflege trockener Hauttypen.
";7.45;THE INKEY LIST;Feuchtigkeitspflege;AQUA (WATER/EAU), GLYCERIN, GLYCERYL STEARATE SE, CETEARYL ALCOHOL, CAPRYLIC/CAPRIC TRIGLYCERIDE, COCOS NUCIFERA (COCONUT) OIL, STEARIC ACID, PHENOXYETHANOL, BENZYL ALCOHOL, CARBOMER, SODIUM HYDROXIDE, NIACINAMIDE, PANTHENOL, SODIUM ASCORBYL PHOSPHATE, SODIUM HYALURONATE, TOCOPHERYL ACETATE, ETHYLHEXYLGLYCERIN, DEHYDROACETIC ACID, LECITHIN, TRISODIUM ETHYLENEDIAMINE DISUCCINATE, ASCORBYL PALMITATE, TOCOPHEROL, HELIANTHUS ANNUUS (SUNFLOWER) SEED OIL.;Morgens und abends nach der Reinigung und den Seren eine erbsengroße Menge auf Gesicht und Hals auftragen und einmassieren, falls gewünscht mit Öl fortfahren.;;;
The Ordinary - Natural Moisturizing Factors + Ha - Feuchtigkeitscreme - Hydrators And Oils Natmoist Fact Ha 30ml;https://media.sephora.eu/content/dam/digital/pim/published/T/THE_ORDINARY/502449/161705-media_swatch.jpg?scaleWidth=500&scaleHeight=500&scaleMode=fit;"Natural Moisturizing Factors (NMF) sind natürliche Bestandteile der Haut, die die Hautoberfläche schützen und mit Feuchtigkeit versorgen.
Die vegane Formel unterstützt eine nicht fettende Feuchtigkeitsversorgung und hilft, geschädigte NMF-Verbindungen zu ersetzen und zu stärken. Sie enthält unter anderem Aminosäuren, Fettsäuren, Triglyceride, Urea, Ceramide, Phospholipide, Glycerin, Saccharide, Natrium-PCA und Hyaluronsäure.
Das Produkt ist vegan und besteht aus natürlich gewonnenen Inhaltsstoffen.
30 ml
";8.45;The Ordinary;Feuchtigkeitspflege;Aqua (Water), Caprylic/Capric Triglyceride, Cetyl Alcohol, Propanediol, Stearyl Alcohol, Glycerin, Sodium Hyaluronate, Arginine, Aspartic Acid, Glycine, Alanine, Serine, Valine, Isoleucine, Proline, Threonine, Histidine, Phenylalanine, Glucose, Maltose, Fructose, Trehalose, Sodium PCA, PCA, Sodium Lactate, Urea, Allantoin, Linoleic Acid, Oleic Acid, Phytosteryl Canola Glycerides, Palmitic Acid, Stearic Acid, Lecithin, Triolein, Tocopherol, Carbomer, Isoceteth-20, Polysorbate 60, Sodium Chloride, Citric Acid, Trisodium Ethylenediamine Disuccinate, Pentylene Glycol, Triethanolamine, Sodium Hydroxide, Phenoxyethanol, Chlorphenesin.;Verwenden Sie die Feuchtigkeitscreme The Ordinary Natural Moisturizing Factors + HA morgens und abends als letzten Schritt Ihrer Hautpflege-Routine. Auf die Gesichtshaut auftragen und sanft einmassieren.;;;
Vichy Minéral 89 100H Moisture Boosting Cream 50ml;https://www.mystationary.de/media/42/ef/77/1775885668/000de0d74396102b5aaaf89f8b9c2afaf9b27556_MS_0063401_image_1_559962_mineral_89_100_h_moisture_boosting_cream_krem_pro_zvyseni_hydratace_p.jpg?ts=1775885669;"Die Vichy Minéral 89 100H Moisture Boosting Cream ist eine Feuchtigkeitscreme, die die Haut intensiv und langanhaltend mit Feuchtigkeit versorgt. Sie stärkt die Hautbarriere und hilft, die Haut vor dem Austrocknen zu schützen.
Die leichte, angenehme Textur hinterlässt die Haut frisch, geschmeidig und gepflegt. Ideal für die tägliche Feuchtigkeitspflege.
50 ml
";27.95;Vichy;Feuchtigkeitspflege;AQUA /WATER / EAU • GLYCERIN • SQUALANE • ISOCETYL STEARATE • BUTYROSPERMUM PARKII BUTTER / SHEA BUTTER • PENTYLENE GLYCOL • POLYGLYCERYL-6 DISTEARATE • NIACINAMIDE • BEHENYL ALCOHOL • PROPANEDIOL • CETYL ESTERS • JOJOBA ESTERS • BUTYLENE GLYCOL • ADENOSINE • CAPRYLOYL SALICYLIC ACID • HYDROXYACETOPHENONE •MINERAL SALTS • SODIUMHYALURONATE • TRISODIUMETHYLENEDIAMINE DISUCCINATE • VITREOSCILLA FERMENT • TOCOPHEROL • CITRIC ACID • ACACIA DECURRENS FLOWER CERA / ACACIA DECURRENS FLOWER WAX • ACRYLAMIDE/SODIUM ACRYLOYLDIMETHYLTAURATE COPOLYMER • CAPRYLYL GLYCOL • CETYL ALCOHOL • GLYCINE SOJA OIL / SOYBEAN OIL • HELIANTHUS ANNUUS SEED CERA / SUNFLOWER SEED WAX • HYDROXYPROPYL STARCH PHOSPHATE • ISOHEXADECANE • POLYGLYCERIN-3 • POLYGLYCERYL-3 BEESWAX • POLYSORBATE 80 • SODIUM STEAROYL GLUTAMATE • SORBITAN OLEATE;Morgens und abends nach der Reinigung zuerst das MINÉRAL 89 Hyaluron-Boost Serum und anschließend eine dünne Schicht der MINÉRAL 89 100H Feuchtigkeits-Boost Creme auf Gesicht und Hals auftragen. Dabei den Augenbereich aussparen.;;;
Vichy Liftactiv Supreme (dry to very dry skin) 50 ml;https://www.mystationary.de/media/de/58/02/1775899258/5845cb2e4e774f542c47c90a188bef5f6b661111_MS_0065712_image_1_3337871328801.jpg?ts=1775899260;"Die Vichy Liftactiv Supreme Creme für trockene bis sehr trockene Haut ist eine Anti-Aging-Pflege, die die Haut intensiv mit Feuchtigkeit versorgt und Anzeichen der Hautalterung sichtbar mildert.
Die reichhaltige Textur pflegt die Haut geschmeidig, hilft feine Linien und Falten zu reduzieren und unterstützt ein strafferes, glatteres Hautbild.
50 ml
";43.95;Vichy;Feuchtigkeitspflege;AQUA / WATER • GLYCERIN • RHAMNOSE • PRUNUS ARMENIACA KERNEL OIL /APRICOT KERNEL OIL • CAPRYLIC/CAPRIC TRIGLYCERIDE • PENTAERYTHRITYL TETRAETHYLHEXANOATE • CETYLALCOHOL • ZEA MAYS STARCH / CORN STARCH • BUTYROSPERMUM PARKII BUTTER / SHEA BUTTER • PETROLATUM GLYCERYL STEARATE • PENTYLENE GLYCOL • DIMETHICONE • PEG-40 STEARATE • CERA ALBA / BEESWAX / CIREDABEILLE • HYDROXYETHYLPIPERAZINE ETHANE SULFONIC ACID • ADENOSINE • PENTAERYTHRITYL TETRA-DI-T-BUTYLHYDROXYHYDROCINNAMATE • SODIUM HYALURONATE • TRIETHANOLAMINE • ASCORBYL GLUCOSIDE • MAGNESIUMASCORBYL PHOSPHATE • CAPRYLYL GLYCOL • CITRIC ACID • POLOXAMER 338 • SORBITAN TRISTEARATE XANTHAN GUM • DIMETHICONOL • PHENOXYETHANOL • PARFUM / FRAGRANCE;"Jeden Morgen auf gereinigte trockene Haut auftragen. Kann auch abends angewendet werden.
";;;
Vichy Normaderm Purifying Pore-Tightening Lotion 200 ml;https://www.mystationary.de/media/30/cd/11/1775899286/998dcc05810fae58cae6f48ee2868f80ef156e64_MS_0065716_image_1_442670_normaderm_lotion_assainissante_astringente_cistici_adstringentni_toni.jpg?ts=1775899288;"Die Vichy Normaderm Purifying Pore-Tightening Lotion ist ein klärendes Gesichtswasser für unreine und zu Unreinheiten neigende Haut. Sie hilft, die Haut zu reinigen, überschüssigen Talg zu reduzieren und das Erscheinungsbild der Poren zu verfeinern.
Die Formel sorgt für ein frisches, geklärtes Hautgefühl und bereitet die Haut optimal auf die nachfolgende Pflege vor.
200 ml
";20.95;Vichy;Feuchtigkeitspflege;AQUA • DIPROPYLENE GLYCOL • SODIUM LAURETH SULFATE • GLYCERIN • POLYSORBATE 20 • PEG-200 HYDROGENATED GLYCERYL PALMATE • PEG-30 GLYCERYL COCOATE • PEG-7 GLYCERYL COCOATE • POTASSIUM CHLORIDE • TRIETHANOLAMINE • SALICYLIC ACID • SODIUM CHLORIDE • PHENOXYETHANOL • COCO-BETAINE • POLOXAMER 184 • DISODIUM EDTA • PARFUM;Vor der Tagespflege mit einem Wattebausch auftragen. Nicht mit Wasser abspülen. Die Augenpartie aussparen. Bei Augenkontakt, sofort mit Wasser ausspülen.;;;
Weleda Sensitiv Feuchtigkeitscreme Mandel;https://www.versandapo.de/images/product_images/popup_images/19183061.jpg;"Die Weleda Sensitiv Feuchtigkeitscreme Mandel beruhigt sensible, trockene Haut und versorgt sie mit Feuchtigkeit. Die milde Rezeptur mit Bio-Mandelöl und Pflaumenkernöl stärkt den natürlichen Lipidmantel der Haut und unterstützt ihre Schutzfunktion.
Die Creme hilft, die Hautbarriere zu stärken, Irritationen zu lindern und die Haut widerstandsfähiger zu machen. Sie hinterlässt ein angenehmes, gepflegtes Hautgefühl und kann als Tages- und Nachtpflege verwendet werden.
";9.49;Weleda;Feuchtigkeitspflege;Water (Aqua), Prunus Amygdalus Dulcis (Sweet Almond) Oil+, Alcohol, Glyceryl Stearate SE, Hydrolyzed Beeswax, Prunus Domestica Seed Oil, Glycerin, Xanthan Gum, Lactic Acid. [808028000001] +from organic cultivation;Morgens und abends auf Gesicht, Hals und Dekolleté auftragen.;;;
Weleda Iris Tagespflege;https://www.versandapo.de/images/product_images/popup_images/19183078.jpg;"Die Weleda Iris Tagespflege hilft der Haut, den ganzen Tag über in Balance zu bleiben. Sie schützt die Hautbarriere und unterstützt die natürliche Fähigkeit der Haut, sich selbst zu regulieren.
Die Formel mit Bio-Iriswurzelextrakt und Jojobaöl spendet langanhaltend Feuchtigkeit und bewahrt die Haut vor dem Austrocknen. Die Haut fühlt sich erfrischt, geschmeidig und gepflegt an.
Die Tagespflege eignet sich auch gut als Make-up-Grundlage.
";8.49;Weleda;Feuchtigkeitspflege;Water (Aqua), Simmondsia Chinensis (Jojoba) Seed Oil+, Alcohol denat., Glycerin, Theobroma Cacao (Cocoa) Seed Butter+, Butyrospermum Parkii (Shea) Butter+, Hamamelis Virginiana (Witch Hazel) Water, Beeswax (Cera Alba), Glyceryl Stearate Citrate, Tapioca Starch, Cetearyl Alcohol, Lysolecithin, Iris Germanica Root+ Extract, Hectorite, Xanthan Gum, Glyceryl Stearate, Fragrance (Parfum)*, Limonene*, Linalool*, Citronellol*, Geraniol*, Citral*, Eugenol*. [8000610007] *from natural essential oils +from organic cultivation;Morgens nach der Reinigung auf Gesicht, Hals und Dekolleté auftragen. Eignet sich auch sehr gut als Make-up Grundlage. Falls die Pflege zu reichhaltig wirkt, teste unsere Iris Feuchtigkeitscreme.;;;
Weleda Skin Food Light;https://www.apodiscounter.de/images/product_images/popup_images/14026411.jpg;"Weleda Skin Food Light eignet sich optimal für die Pflege trockener Hautstellen im Gesicht und am Körper. Die leichtere Version der beliebten Skin-Food-Creme zieht schnell ein, spendet intensive Feuchtigkeit und hinterlässt ein angenehmes Hautgefühl.
Die reichhaltige Formel mit wertvollen Pflanzenextrakten aus Stiefmütterchen, Ringelblume und Kamillenblüten beruhigt die Haut. Bio-Sonnenblumenöl, Bio-Sheabutter und Bio-Kakaobutter schützen vor dem Austrocknen und versorgen die Haut langanhaltend mit Feuchtigkeit.
";8.29;Weleda;Feuchtigkeitspflege;Water (Aqua), Helianthus Annuus (Sunflower) Seed Oil+, Glycerin, Alcohol+, Glyceryl Stearate Citrate, Beeswax (Cera Alba)+, Theobroma Cacao (Cocoa) Seed Butter+, Cetearyl Alcohol, Butyrospermum Parkii (Shea) Butter+, Limonene*, Viola Tricolor Extract, Rosmarinus Officinalis (Rosemary) Leaf Extract+, Chamomilla Recutita (Matricaria) Flower Extract+, Calendula Officinalis Flower Extract+, Lanolin, Carrageenan, Xanthan Gum, Lactic Acid, Glyceryl Caprylate, Fragrance (Parfum)*, Linalool*, Geraniol*, Citral*. *from natural essential oils and/or plant extracts +organic ingredient;Morgens nach der Reinigung auf Gesicht, Hals und Dekolleté auftragen. Eignet sich auch sehr gut als Make-up Grundlage. Falls die Pflege zu reichhaltig wirkt, teste unsere Iris Feuchtigkeitscreme.;;;
WELEDA straffende Tagespflege Granatapfel & Maca-Peptide mindert Falten & strafft, 40 ml Creme;https://nbg1.your-objectstorage.com/inspirax-image-server-bucket/18075056_01.jpeg;"Die WELEDA Straffende Tagespflege Granatapfel & Maca-Peptide mindert sichtbar Falten und unterstützt ein strafferes Hautbild. Die Pflege versorgt die Haut mit Feuchtigkeit, verbessert ihre Elastizität und lässt sie glatter sowie vitaler wirken.
Die Formel mit Granatapfel und Maca-Peptiden stärkt die Haut und sorgt für einen gepflegten, frischen Teint. Ideal für die tägliche Pflege reifer Haut.
40 ml
";19.67;Weleda;Feuchtigkeitspflege;Water (Aqua), Sesamum Indicum (Sesame) Seed Oil+, Glycerin, Pentylene Glycol, Alcohol denat., Hectorite, Cetearyl Olivate, Punica Granatum Seed Oil+, Macadamia Ternifolia Seed Oil+, Tapioca Starch, Panicum Miliaceum (Millet) Seed+ Extract, Olea Europaea (Olive) Leaf+ Extract, Helianthus Annuus (Sunflower) Seed Oil+, Betaine, Xanthan Gum, Carrageenan, Citric Acid, Tocopherol, Hydrolyzed Lepidium Meyenii Root+, Sorbitan Stearate, Sorbitan Olivate, Glyceryl Caprylate, Sodium Stearoyl Glutamate, Sucrose Cocoate, Maltodextrin+, Fragrance (Parfum)*, Limonene*, Linalool*, Benzyl Benzoate*, Geraniol*, Citral*, Coumarin*. [8005330039] *from natural essential oils +from organic cultivation;Morgens nach der Reinigung auf Gesicht, Hals und Dekolleté auftragen. Auch als Make-up-Grundlage geeignet.;;;
Anua - Zero-cast Moisturizing Finish Sunscreen - Sonnencreme Mit Lsf 50 - zero-cast Moisturizing Finish Spf 50+pa+;https://media.sephora.eu/content/dam/digital/pim/published/A/ANUA_THE_FOUNDERS/799302/399707-media_swatch-0.jpg?scaleWidth=500&scaleHeight=500&scaleMode=fit;"Eine leichte und seidige Sonnencreme mit Heartleaf-Extrakt, Panthenol und 10 Arten von Hyaluronsäure. Sie schützt die Haut mit einem hohen Breitband-Lichtschutzfaktor 50+, beruhigt sie und spendet wohltuende Feuchtigkeit.
Die Formel sorgt für ein strahlendes Finish ohne Fettfilm und eignet sich ideal für die tägliche Anwendung sowie für alle Hauttypen, einschließlich empfindlicher Haut.
Heartleaf-Extrakt hilft, Irritationen und Rötungen zu lindern, während Hyaluronsäure intensive Feuchtigkeit spendet. Panthenol sorgt für ein angenehmes, nicht klebendes Finish. Die leichte Textur zieht schnell ein und eignet sich auch gut unter Make-up.
LSF 50+ PA+
";18.45;Anua;Sonnenschutz;Avobenzone, Homosalate, Octisalate, Octocrylene, Water (Aqua), Butyloctyl Salicylate, Glycerin, Dimethicone, Poly C10-30 Alkyl Acrylate, VP/Eicosene Copolymer, Cetearyl Alcohol, Niacinamide, Sodium Stearoyl Glutamate, Ammonium Polyacryloyldimethyl Taurate, Hydroxyacetophenone, Phenoxyethanol, Tocopheryl Acetate, Panthenol, Pentaerythritiyl Tetra-Di-T-Butyl Hydroxyhydrocinnamate, Xanthan Gum, 1,2-Hexanediol, Sodium Hyaluronate;"Trage den Sonnenschutz vor dem Aufenthalt in der Sonne auf.
Creme regelmäßig nach, um den Schutz aufrechtzuerhalten, insbesondere nach dem Schwimmen, Schwitzen oder Abtrocknen.";true;True;true
Hydrance Hydrating Cream SPF 30 - Hydratační ochannÍ½ krém;https://www.mystationary.de/media/c3/90/7e/1775885296/e1e1270fefbdff8cd75be405f6d692f2a22688eb_MS_0063142_image_1_576154_hydrance_hydrating_cream_spf_30_hydratacni_ochanny_krem.jpg?ts=1775885300;"Die Hydrance Hydrating Cream SPF 30 ist eine feuchtigkeitsspendende Schutzcreme, die die Haut intensiv mit Feuchtigkeit versorgt und gleichzeitig vor UV-Strahlung schützt.
Die cremige Textur hilft, die Haut geschmeidig zu machen, Spannungsgefühle zu lindern und den natürlichen Feuchtigkeitshaushalt zu unterstützen. Sie sorgt für ein angenehmes Hautgefühl und einen frischen, gepflegten Teint.
SPF 30
";29.95;AVENE;Sonnenschutz;Avène Thermalwasser, Hyaluronsäure, Aloe‑Polysaccharide, SPF 30, HEV Blue Light Filter.;Morgens nach der Reinigung gleichmäßig auf Gesicht, Hals und ggf. Dekolleté auftragen. Die Creme eignet sich ideal als tägliche Tagespflege und kann auch unter Make-up verwendet werden. Bei längerer Sonnenexposition regelmäßig nachcremen, insbesondere nach Schwitzen oder Abtrocknen.;true;True;true
Beauty of Joseon Rice + Probiotics : Relief Sun Cream SPF 50+ 50 ml;https://www.mystationary.de/media/5b/c8/a9/1775868715/54bfbc93ee95087593eec0c8be8e50328821b7e1_MS_0063838_image_1_111301.jpg?ts=1775868718;"Die Beauty of Joseon Rice + Probiotics Relief Sun Cream SPF 50+ ist eine leichte Sonnencreme, die die Haut zuverlässig vor UV-Strahlung schützt und gleichzeitig pflegt.
Die Formel mit Reisextrakt und Probiotika versorgt die Haut mit Feuchtigkeit, unterstützt die Hautbarriere und sorgt für ein angenehmes, geschmeidiges Hautgefühl. Die leichte Textur zieht gut ein und hinterlässt keinen schweren oder klebrigen Film.
SPF 50+ 50 ml
";22.95;Beauty of Joseon;Sonnenschutz;AQUA, DIBUTYL ADIPATE, PROPANEDIOL, DIETHYLAMINO HYDROXYBENZOYL HEXYL BENZOATE, POLYMETHYLSILSESQUIOXANE, ETHYLHEXYL TRIAZONE, NIACINAMIDE, METHYLENE BIS-BENZOTRIAZOLYL TETRAMETHYLBUTYLPHENOL, COCO-CAPRYLATE/CAPRATE, CAPRYLYL METHICONE, DIETHYLHEXYL BUTAMIDO TRIAZONE, GLYCERIN, 1,2-HEXANEDIOL, BUTYLENE GLYCOL, PENTYLENE GLYCOL, BEHENYL ALCOHOL, POLY C10-30 ALKYL ACRYLATE, POLYGLYCERYL-3 METHYLGLUCOSE DISTEARATE, DECYL GLUCOSIDE, ORYZA SATIVA (RICE) EXTRACT, TROMETHAMINE, CARBOMER, ACRYLATES/C10-30 ALKYL ACRYLATE CROSSPOLYMER, SODIUM STEAROYL GLUTAMATE, POLYACRYLATE CROSSPOLYMER-6, ETHYLHEXYLGLYCERIN, ADENOSINE, XANTHAN GUM, T-BUTYL ALCOHOL, TOCOPHEROL, ORYZA SATIVA (RICE) GERM EXTRACT, CAMELLIA SINENSIS LEAF EXTRACT, LACTOBACILLUS/RICE FERMENT, LACTOBACILLUS/PUMPKIN FERMENT EXTRACT, MONASCUS/RICE FERMENT, BACILLUS/SOYBEAN FERMENT EXTRACT, SACCHARUM OFFICINARUM (SUGARCANE) EXTRACT, ASPERGILLUS FERMENT, MACROCYSTIS PYRIFERA (KELP) EXTRACT, COCOS NUCIFERA (COCONUT) FRUIT EXTRACT, PANAX GINSENG ROOT EXTRACT, SACCHAROMYCES/RICE FERMENT FILTRATE;Trage eine geeignete Menge Sonnenschutzmittel auf, um die Bereiche zu schützen, die der UV-Strahlung ausgesetzt sind.;true;False;true
Byoma - Ultralight Face Fluid Spf 30 - Sonnenschutz - spf 30 Face Fluid 50ml;https://media.sephora.eu/content/dam/digital/pim/published/B/BYOMA/757718/364132-media_swatch.jpg?scaleWidth=500&scaleHeight=500&scaleMode=fit;Das ultraleichte fluid ist ein echter superstar unter den sonnenschutzmitteln und bietet in einem einzigen schritt die ultimative kombination aus feuchtigkeit, linderung und schutz vor schädlichen uva- und uvb-strahlen. Du bist komplett geschützt und hast keine nachteile wie fettflecken oder weiße rückstände. Verwende das fluid als letzten schritt deiner pflegeroutine für sofort strahlende haut und einen hohen lichtschutzfaktor von 30. die cera-sun-technologie regeneriert die hautschutzbarriere und lindert gleichzeitig durch uv-strahlung verursachte rötungen. Hyaluronsäure beruhigt und lindert irritationen, während asthaxanthin (das für die rosa färbung verantwortlich ist) einen antioxidativen schutz bietet, der 6000-mal stärker ist als vitamin c. die formel wurde dermatologisch getestet und bestätigt, ist nicht komedogen, vegan, alkohol- und parfümfrei.  Byoma - Ultralight face fluid spf 30 - sonnenschutz - -spf 30 face fluid 50ml;18.95;Byoma;Sonnenschutz;"Water/Aqua/Eau
Octocrylene
Homosalate
Octisalate
Butyloctyl Salicylate
Avobenzone
Glycerin
Dicaprylyl Carbonate
Diisopropyl Adipate
Sodium Stearoyl Glutamate
Cocoglycerides
Propanediol
Microcrystalline Cellulose
Tocopherol
Bisabolol
Caprylyl Glycol
Ethyl Ferulate
Sodium Hyaluronate
Glyceryl Stearate SE
Methylheptylglycerin
Sodium Gluconate
Caprylhydroxamic Acid
Xanthan Gum
Phospholipids
Cellulose Gum
Citric Acid
Glycolipids
Olea Europaea (Olive) Fruit Oil
Aloe Barbadensis Leaf Juice
Phosphatidylserine
Astaxanthin
Ceramide NP
Cholesterol
Hydrogenated Lecithin
Oleic Acid
Phytosphingosine
Haematococcus Pluvialis Extract
Caprylic/Capric Triglyceride
Stearic Acid
Sodium Benzoate
Potassium Sorbate
1,2-Hexanediol
Beta-Glucan
Lactic Acid";"Wie man es anwendet: 15 Minuten vor dem Sonnenbad großzügig und gleichmäßig auftragen.
Regelmäßig nachcremen, um den Schutz aufrechtzuerhalten, insbesondere nach dem Baden, Schwitzen oder Abtrocknen.";true;true;true
CeraVe Feuchtigkeitsspendende Gesichtscreme mit LSF 50;https://www.versandapo.de/images/product_images/popup_images/18029926.jpg;"Die CeraVe Feuchtigkeitsspendende Gesichtscreme mit LSF 50 stärkt die Hautschutzbarriere und schützt zuverlässig vor UVA- und UVB-Strahlung. Gleichzeitig spendet sie der Haut bis zu 24 Stunden Feuchtigkeit.
Die Formel eignet sich besonders für normale bis trockene Haut. Drei essenzielle Ceramide unterstützen die Erneuerung der Hautschutzbarriere, während die MVE-Technologie die Haut kontinuierlich mit Feuchtigkeit versorgt.
Vitamin E und Niacinamid wirken beruhigend und pflegend. Die leichte Formel ist angenehm aufzutragen, nicht komedogen sowie frei von Duftstoffen und Parabenen.
LSF 50
";16.29;CeraVe;Sonnenschutz;AQUA / WATER / EAU, GLYCERIN, ISOPROPYL PALMITATE, BIS-ETHYLHEXYLOXYPHENOL METHOXYPHENYL TRIAZINE, ETHYLHEXYL SALICYLATE, NIACINAMIDE, PENTYLENE GLYCOL, BUTYL METHOXYDIBENZOYLMETHANE, ETHYLHEXYL TRIAZONE, PROPANEDIOL, ZEA MAYS STARCH / CORN STARCH, POTASSIUM CETYL PHOSPHATE, DIISOPROPYL SEBACATE, ORYZA SATIVA CERA / RICE BRAN WAX, STEARIC ACID, CERAMIDE NP, CERAMIDE AP, CERAMIDE EOP, CARBOMER, GLYCERYL STEARATE, CETEARYL ALCOHOL, TRIETHANOLAMINE, BEHENTRIMONIUM METHOSULFATE, TRIETHYL CITRATE, SODIUM HYALURONATE, SODIUM POLYACRYLATE, SODIUM LAUROYL LACTYLATE, MYRISTIC ACID, CHOLESTEROL, PALMITIC ACID, TOCOPHEROL, CAPRYLYL GLYCOL, CITRIC ACID, TRISODIUM ETHYLENEDIAMINE DISUCCINATE, XANTHAN GUM, PHYTOSPHINGOSINE, ACRYLATES/C10-30 ALKYL ACRYLATE CROSSPOLYMER, BUTYROSPERMUM PARKII BUTTER / SHEA BUTTER, BENZOIC ACID, PEG-100 STEARATE (F.I.L. N292333/1).;Täglich morgens auf die gereinigte Gesichtshaut auftragen und sanft einmassieren. ;true;true;true
Clinique City Block Sheer Oil-Free Daily Face Protector SPF 25 40 ml;https://www.mystationary.de/media/9b/94/b4/1775821011/789a48c345fb8cbf8dd684b670bef68e17787746_MS_0064346_image_1_410051_city_block_sheer_spf25_denni_krem.jpg?ts=1775821012;"Der Clinique City Block Sheer Oil-Free Daily Face Protector SPF 25 ist ein leichter, ölfreier Gesichtsschutz für die tägliche Anwendung. Er schützt die Haut vor UV-Strahlung und unterstützt sie dabei, sich vor äußeren Umwelteinflüssen zu bewahren.
Die transparente, angenehme Formel eignet sich gut für die tägliche Pflege und kann auch unter Make-up getragen werden. Sie hinterlässt ein frisches, gepflegtes Hautgefühl, ohne die Haut fettig wirken zu lassen.
SPF 25 40 ml
";41.95;Clinique;Sonnenschutz;Titanium Dioxide 7.30%, Zinc Oxide 6.90%Ingredients: Water\Aqua\Eau, Trioctyldodecyl Citrate, Butylene Glycol, Cyclopentasiloxane, Dimethicone, C12-15 Alkyl Benzoate, Steareth-2, Stearyl Heptanoate, Silica, Lecithin, Ammonium Acryloyldimethyltaurate/Vp Copolymer, Gentiana Lutea (Gentian) Root Extract, Rosmarinus Officinalis (Rosemary) Leaf Extract, Hordeum Vulgare (Barley) Extract\Extrait D'Orge, Betula Alba (Birch) Bark Extract, Cucumis Sativus (Cucumber) Fruit Extract, Laminaria Saccharina Extract, Saccharomyces Lysate Extract, Helianthus Annuus (Sunflower) Seedcake, Sodium Hyaluronate, Sorbitan Tristearate, Linoleic Acid, Polyquaternium-51, Caprylyl Methicone, Sorbitol, Sodium Rna, Peg-40 Stearate, Caprylyl Glycol, Tocopheryl Acetate, Phytantriol, Stearic Acid, Hydrogenated Lecithin, Cellulose, Magnesium Ascorbyl Phosphate, Stearyl Dimethicone, Ascorbyl Tocopheryl Maleate, Nordihydroguaiaretic Acid, Linolenic Acid, Pantethine, Bisabolol, Ceteth-2, Peg/Ppg-18/18 Dimethicone, Polyglyceryl-6 Polyricinoleate, Steareth-20, Isopropyl Titanium Triisostearate, Propylene Glycol Dicaprate, Sodium Stearate, Nylon-12, Citric Acid, Aluminum Hydroxide, Nylon-6, Hexylene Glycol, Xanthan Gum, Disodium Edta, Bht, Phenoxyethanol, Titanium Dioxide (Ci 77891), Iron Oxides (Ci 77491, Ci 77492, Ci 77499);Nach der 3-Phasen-Systempflege und dem entsprechenden Pflegeprodukt anwenden. Mit den Fingerspitzen leicht im Gesicht verteilen, danach Makeup auftragen. Ideal für die Anwendung im Augenbereich.;true;true;true
DUCRAY Melascreen UV reichhaltige Creme LSF 50+, 40 ml Creme;https://nbg1.your-objectstorage.com/inspirax-image-server-bucket/13984771_01.jpg;"Die DUCRAY Melascreen UV Reichhaltige Creme LSF 50+ schützt die Haut zuverlässig vor UVA- und UVB-Strahlung und hilft, Pigmentflecken vorzubeugen.
Die reichhaltige Textur pflegt die Haut intensiv, spendet Feuchtigkeit und sorgt für ein angenehmes Hautgefühl. Sie eignet sich besonders für Haut, die zu Pigmentflecken neigt.
LSF 50+ 40 ml
";34.74;DUCRAY;Sonnenschutz;WATER (AQUA). C12-15 ALKYL BENZOATE. DIEHTYLAMINO HYDROXYBENZOYL HEXYL BENZOATE. ETHYLHEXYL TRIAZONE. ORYZA SATIVA (RICE) STARCH (ORYZA SATIVA STARCH). PHENYLENE BIS-DIPHENYLTRIAZINE. GLYCERIN. BIS-ETHYLHEXYLOXYPHENOL METHOXYPHENYL TRIAZINE. GLYCERYL STEARATE. POTASSIUM CETYL PHOSPHATE. STEARYL ALCOHOL. VP/EICOSENE COPOLYMER. AZELAIC ACID. BENZOIC ACID. CAPRYLYL GLYCOL. GLYCERYL BEHENATE. GLYCERYL DIBEHENATE. PPG-1-PEG-9 LAURYL GLYCOL ETHER. RED 33 (CI 17200). SODIUM HYDROXIDE. TRIBEHENIN. XANTHAN GUM.;Täglich anwenden, mindestens zweimal am Tag – morgens und abends. Creme auf Gesicht, Hals, Dekolleté und Hände auftragen. Bei starker Sonneneinstrahlung alle zwei Stunden oder nach Bedarf nachcremen. Vor dem Sonnenbad eine Fingerbreite des Produkts (2 mg/cm²) auf Gesicht, Hals, Dekolleté und Hände geben. Regelmäßig nachcremen, besonders nach dem Baden, Abtrocknen oder Schwitzen, um den Sonnenschutz aufrechtzuerhalten. Kontakt mit den Augen vermeiden.;true;true;true
DUCRAY KERACNYL UV LSF50+ - Fluid gegen Hautunreinheiten;https://www.versandapo.de/images/product_images/popup_images/17438373.jpg;"Das DUCRAY KERACNYL UV Fluid LSF 50+ ist eine unterstützende Gesichtspflege mit sehr hohem Sonnenschutz für fettige und zu Akne neigende Haut. Es hilft, Pickel und Hautunreinheiten zu reduzieren und den durch UV-Strahlung begünstigten Rebound-Effekt zu begrenzen.
Die Formel kombiniert einen UVA-/UVB-Breitbandfilter mit den Aktivstoffen Myrtacin® und Celastrol®. Sie wirkt gezielt gegen Unreinheiten, unterstützt die Beruhigung der Haut und hilft, Entzündungsanzeichen zu mildern.
Das nicht komedogene Fluid bietet sehr hohen Schutz vor UV-Strahlung und eignet sich ideal für die tägliche Pflege unreiner Haut.
LSF 50+
";20.59;Ducray;Sonnenschutz;Wasser (Aqua), C12-15 Alkyl Benzoate, Dicaprylyl Carbonate, Methylene Bis-Benzotriazolyl Tetramethylbutylphenol [Nano], Diisopropyl Adipate, Silica, Bis-Ethylhexyloxyphenol Methoxyphenyl Triazine, Diethylhexyl Butamido Triazone, Zea Mays (Mais) Starch (Zea Mays Starch), Butyl Methoxydibenzoylmethane, C10-18 Triglyceride, Decyl Glucoside, Glycerin, Glyceryl Stearate, PEG-100 Stearate, Kalium Cetyl Phosphat, Acrylate/C10-30 Alkyl Acrylate Crosspolymer, Benzoesäure, Caprylyl Glycol, Disodium EDTA, Parfüm (Parfum), Glyceryl Behenate, Glyceryl Dibehenate, Glyceryl Laurate, Myrtus Communis Leaf Extract, Niacinamide, Pentylene Glycol, Propylene Glycol, Sodium Hydroxide, Stearyl Alcohol, Tocopherol, Tribehenin, Tripterygium Wilfordii Callus Extract, Xanthan Gum.;Auf die gereinigte Haut auftragen und mit kreisförmigen Bewegungen einmassieren.;true;true;True
Eucerin Sun Photoaging Control Face Fluid LSF 50+;https://www.versandapo.de/images/product_images/popup_images/13827988_aktion.jpg;"Das Eucerin Sun Photoaging Control Face Fluid LSF 50+ bietet hohen Sonnenschutz und hilft, die Haut vor Photoaging zu schützen. Es eignet sich für alle Hauttypen, auch für empfindliche Haut, und kann täglich verwendet werden.
Die Advanced Spectral Technology kombiniert UVA- und UVB-Filter mit Licochalcone A, das freie Radikale neutralisiert. Glycyrrhetinsäure unterstützt die hauteigene DNA-Reparatur, während kurz- und langkettige Hyaluronsäure die Haut mit Feuchtigkeit versorgt und Falten sichtbar reduziert.
Die leichte Textur zieht schnell ein, fettet nicht und eignet sich auch als Make-up-Grundlage. Die Formel ist unparfümiert, nicht komedogen und dermatologisch getestet.
LSF 50+
";20.39;Eucerin;Sonnenschutz;Aqua, C12-15 Alkyl Benzoate, Glycerin, Alcohol Denat., Butyl Methoxydibenzoylmethane, Bis-Ethylhexyloxyphenol Methoxyphenyl Triazine, Butylene Glycol Dicaprylate/Dicaprate, Ethylhexyl Triazone, Dibutyl Adipate, Distarch Phosphate, Tapioca Starch, Diethylamino Hydroxybenzoyl Hexyl Benzoate, Glyceryl Stearate Citrate, Phenylbenzimidazole Sulfonic Acid, Behenyl Alcohol, Cetearyl Alcohol, Sodium Hyaluronate, Glycyrrhetinic Acid, Glycyrrhiza Inflata Root Extract, Copernicia Cerifera Cera, Carrageenan, Xanthan Gum, Hydroxypropyl Methylcellulose, Silica, Trisodium Ethylenediamine Disuccinate, Sodium Hydroxide, Hydroxyacetophenone, Ethylhexylglycerin, Benzyl Alcohol;"ragen Sie die Creme vor dem Sonnenbad großzügig und gleichmäßig auf und erneuern Sie sie häufig, um das Schutzniveau aufrechtzuerhalten, insbesondere nach dem Baden, Abtrocknen oder Schwitzen.

Eine Verringerung der aufgetragenen Menge an Sonnenschutzmittel verringert das Schutzniveau deutlich.";true;False;true
Kiehl's Since 1851 - Ultra Light - Daily Defense Spf 50 - uv Defense Antipolution Spf50 30ml;https://media.sephora.eu/content/dam/digital/pim/published/K/KIEHLS/533883/225539-media_swatch.jpg?scaleWidth=500&scaleHeight=500&scaleMode=fit;"Die Kiehl’s Ultra Light Daily UV Defense SPF 50 PA+++ ist eine leichte Anti-Aging-Sonnenpflege, die die Haut vor schädlicher UVA- und UVB-Strahlung sowie äußeren Umwelteinflüssen schützt.
Der hohe Lichtschutzfaktor 50 hilft, vorzeitiger Hautalterung vorzubeugen, während die Formel die Haut gleichzeitig mit Feuchtigkeit versorgt. Baikalwurzelextrakt und Zellulosekügelchen unterstützen die natürliche Hautbarriere und helfen, die Haut vor Umweltbelastungen zu schützen.
Bei regelmäßiger Anwendung wirkt die Haut glatter, strahlender und jugendlicher.
SPF 50 PA+++ 30 ml
";41.45;Kiehl's Since 1851;Sonnenschutz;AQUA/WATER,ETHYLHEXYL METHOXYCINNAMATE,DIMETHICONE, GLYCERIN, DROMETRIZOLETRISILOXANE, TEREPHTHALYLIDENEDICAMPHOR SULFONIC ACID, PROPYLENEGLYCOL, TITANIUM DIOXIDE, ALCOHOLDENAT., TRIETHANOLAMINE, STEARIC ACID,POTASSIUM CETYL PHOSPHATE,NYLON-12, PALMITIC ACID, PEG-100STEARATE, GLYCERYL STEARATE,PHENOXYETHANOL, CETYL ALCOHOL,CELLULOSE, BIS-ETHYLHEXYLOXYPHENOLMETHOXYPHENYL TRIAZINE,DIETHYLAMINO HYDROXYBENZOYLHEXYL BENZOATE, CITRIC ACID,ALUMINUM HYDROXIDE, CAPRYLYLGLYCOL, SODIUM COCOYLSARCOSINATE, CARBOMER,TOCOPHEROL, TROMETHAMINE,SCUTELLARIA BAICALENSISEXTRACT/SCUTELLARIA BAICALENSISROOT EXTRACT, ACRYLAMIDE/SODIUMACRYLOYLDIMETHYLTAURATE COPOLYMER,ISOHEXADECANE, XANTHAN GUM,MYRISTIC ACID, DISODIUM EDTA,ADENOSINE, POLYSORBATE 80, ARGININE,MANNITOL, DISODIUM ADENOSINETRIPHOSPHATE, RNA, PYRIDOXINE HCL,SORBITAN OLEATE, SORBITOL, PENTYLENEGLYCOL, BHT, HISTIDINE HCL, ZEAMAYS KERNEL EXTRACT/CORN KERNELEXTRACT, SODIUM CHLORIDE, FAEXEXTRACT/YEAST EXTRACT, PHENYLALANINE,MENTHA PIPERITA EXTRACT/PEPPERMINTEXTRACT, ROSA GALLICA FLOWER EXTRACT,TYROSINE, SORBIC ACID;Verwenden Sie die Kiehl's Ultra Light Daily UV Defense SPF50 Pa+++ Sonnenschutzcreme am besten morgens nach der Reinigung des Gesichts. Tragen Sie das Produkt großzügig auf und lassen Sie es vollständig einziehen. Wiederholen Sie die Anwendung nach Bedarf mehrmals im Laufe des Tages.;true;False;false
Anthelios Oil Control Gel-Creme UVMune 400 LSF 50+;https://www.versandapo.de/images/product_images/popup_images/18320165.jpg;"Die Anthelios Oil Control Gel-Creme UVMune 400 LSF 50+ bietet sehr hohen Schutz vor UVB- und langwelligen UVA-Strahlen. Sie wurde speziell für ölige Haut entwickelt und hilft, störenden Hautglanz zu reduzieren.
Die Formel mit AIRLICIUM-Technologie absorbiert überschüssigen Talg und sorgt für ein mattiertes Hautbild. Die leichte Gel-Textur zieht schnell ein, lässt sich angenehm verteilen und brennt nicht in den Augen.
Die Sonnencreme ist frei von Duftstoffen und eignet sich auch für empfindliche Haut.
LSF 50+
";20.19;La Roche Posay;Sonnenschutz;AQUA / WATER • DIISOPROPYL SEBACATE • SILICA • ALCOHOL DENAT. • ETHYLHEXYL SALICYLATE • ETHYLHEXYL TRIAZONE • BIS-ETHYLHEXYLOXYPHENOL METHOXYPHENYL TRIAZINE • DIISOPROPYL ADIPATE • PEG-8 • DIPROPYLENE GLYCOL • C12-22 ALKYL ACRYLATE/HYDROXYETHYLACRYLATE COPOLYMER • GLYCERIN • DROMETRIZOLE TRISILOXANE • ALUMINUM STARCH OCTENYLSUCCINATE • BUTYL METHOXYDIBENZOYLMETHANE • METHOXYPROPYLAMINO CYCLOHEXENYLIDENE ETHOXYETHYLCYANOACETATE • TOCOPHEROL • DIETHYLAMINO HYDROXYBENZOYL HEXYL BENZOATE • ACRYLATES COPOLYMER • ACRYLATES/C10-30 ALKYL ACRYLATE CROSSPOLYMER • BIXA ORELLANA SEED EXTRACT • CAPRYLYL GLYCOL • CITRIC ACID • HYDROXYACETOPHENONE • MALTODEXTRIN • PENTAERYTHRITYL TETRA-DI-T-BUTYL HYDROXYHYDROCINNAMATE • PENTYLENE GLYCOL • SILICA SILYLATE • SODIUM POLYACRYLATE • TEREPHTHALYLIDENE DICAMPHOR SULFONIC ACID • TRIETHANOLAMINE • TRISODIUM ETHYLENEDIAMINE DISUCCINATE • ZINC PCA;Die Roche Posay Anthelios UVMune 400 Oil Control Gel-Creme LSF 50+ bietet sehr hohen Schutz vor UVB- sowie langwelligen UVA-Strahlen dank des innovativen Filterystems Mexoryl 400.;;;
"HYALU B5 SURACTIVATED CREAM LSF 30

";https://www.apodiscounter.de/images/product_images/popup_images/19948517.jpg;"Die La Roche-Posay Hyalu B5 Suractivated Cream mit LSF 30 ist eine Anti-Aging-Pflege, die Falten sichtbar mildert, die Hautschutzbarriere stärkt und intensiv Feuchtigkeit spendet.
Die Formel mit Hyaluronsäure, Vitamin B5 und Ectoin beruhigt empfindliche Haut und sorgt für ein strafferes, glatteres und aufgepolstertes Hautbild. Der integrierte LSF 30 schützt zusätzlich vor UVA- und UVB-Strahlen.
Die reichhaltige, nicht komedogene Textur fühlt sich angenehm auf der Haut an und hinterlässt ein geschmeidiges Hautgefühl. Die Creme ist für alle Hauttypen geeignet, auch für empfindliche Haut.
LSF 30
";27.39;La Roche Posay;Sonnenschutz;AQUA / WATER / EAU • GLYCERIN • C12-15 ALKYL BENZOATE • DIISOPROPYL SEBACATE • PHENYLBENZIMIDAZOLE SULFONIC ACID • ALCOHOL DENAT. • BIS-ETHYLHEXYLOXYPHENOL METHOXYPHENYL TRIAZINE • TRIETHANOLAMINE • PANTHENOL • DIMETHICONE • ETHYLHEXYL TRIAZONE • BUTYL METHOXYDIBENZOYLMETHANE • OCTYLDODECANOL • CETYL ALCOHOL • BEHENYL ALCOHOL • ZEA MAYS STARCH / CORN STARCH • ALPINIA GALANGA LEAF EXTRACT • STEARIC ACID • SORBITAN ISOSTEARATE • CETEARYL ALCOHOL • CETEARYL GLUCOSIDE • PEG-100 STEARATE • SODIUM HYALURONATE • SODIUM HYDROXIDE • SODIUM POLYACRYLATE STARCH • SODIUM STEAROYL GLUTAMATE • MYRISTIC ACID • PALMITIC ACID • ADENOSINE • AMMONIUM POLYACRYLOYLDIMETHYL TAURATE • ECTOIN • HYDROXYACETOPHENONE • HYDROXYETHYL ACRYLATE/SODIUM ACRYLOYLDIMETHYL TAURATE COPOLYMER • CAPRYLIC/CAPRIC TRIGLYCERIDE • CAPRYLOYL SALICYLIC ACID • CITRIC ACID • TRISODIUM ETHYLENEDIAMINE DISUCCINATE • ACETYL GLUCOSAMINE • XANTHAN GUM • PENTYLENE GLYCOL • PHYTIC ACID • POLY C10-30 ALKYL ACRYLATE • POLYEPSILON-LYSINE • POLYSORBATE 60 • BUTYLENE GLYCOL • PHENOXYETHANOL • PARFUM / FRAGRANCE (F.I.L. N70056914/1).;Sanft mit den Fingerspitzen auf die gereinigte Haut einmassieren. Nach dem Hyalu B5 Suractivated Serum verwenden.nft mit den Fingerspitzen auf die gereinigte Haut einmassieren. Nach dem Hyalu B5 Suractivated Serum verwenden.;;;
Laneige - Water Bank Uv Barrier Sunscreen Spf50 - Ultraleichte Sonnencreme - water Bank Uv Barrier Sunscreen 50ml;https://media.sephora.eu/content/dam/digital/pim/published/L/LANEIGE/796958/392321-media_swatch-0.jpg?scaleWidth=500&scaleHeight=500&scaleMode=fit;"Diese ultraleichte Sonnencreme bietet hohen Schutz vor UVA- und UVB-Strahlen sowie vor schädlichen äußeren Einflüssen. Gleichzeitig spendet sie intensive Feuchtigkeit, stärkt die Hautbarriere und hilft, Anzeichen vorzeitiger Hautalterung vorzubeugen.
Die serumleichte Textur zieht angenehm ein, hinterlässt kein fettiges Finish und keine weißen Rückstände. Sie eignet sich ideal als Make-up-Basis oder als letzter Schritt der Pflegeroutine.
Die Formel mit Hyaluronsäure und Heidelbeerextrakt versorgt die Haut mit Feuchtigkeit und schützt sie zuverlässig vor UV-Strahlung.
SPF 50 PA++++ 50 ml
";29.95;Laneige;Sonnenschutz;Water / Aqua / Eau, Diethylhexyl Succinate, Propanediol, Drometrizole Trisiloxane, Ethylhexyl Triazone, Diethylamino Hydroxybenzoyl Hexyl Benzoate, Terephthalylidene Dicamphor Sulfonic Acid, 1,2-Hexanediol, Behenyl Alcohol, Methyl Trimethicone, Tromethamine, Sodium Polyacryloyldimethyl Taurate, Butylene Glycol, Polyacrylate Crosspolymer-6, C20-24 Alkyl Dimethicone, Arachidyl Alcohol, Caprylyl Glycol, Sodium Methyl Stearoyl Taurate, Ethylhexylglycerin, Arachidyl Glucoside, Fragrance / Parfum, Allantoin, Hydrolyzed Hyaluronic Acid, Sodium Metaphosphate, Bisabolol, Rubus Fruticosus (Blackberry) Fruit Extract, Fragaria Vesca (Strawberry) Leaf Extract, Tocopherol, Sodium Hyaluronate, Sodium Hyaluronate Crosspolymer, Hyaluronic Acid, Sodium Acetylated Hyaluronate.;"Trage jeden Morgen sowie vor jedem Sonnenbad, nach der Reinigung, dem Gesichtswasser, dem Serum und deiner Feuchtigkeitspflege eine gleichmäßige Schicht auf dein Gesicht auf.
Wiederhole die Anwendung alle zwei Stunden, um einen optimalen Schutz zu erhalten.";;;
Laneige - Hydro Uv Defense Ex Sunscreen - Sonnenschutz Spf 50 - hydro Uv Defense Ex 50ml;https://media.sephora.eu/content/dam/digital/pim/published/L/LANEIGE/757168/364636-media_swatch.jpg?scaleWidth=500&scaleHeight=500&scaleMode=fit;"Der Hydro UV Defense EX Sunscreen SPF 50 ist eine leichte Sonnencreme, die die Haut schützt, mit Feuchtigkeit versorgt und beruhigt. Die nicht fettende Textur zieht schnell ein und hinterlässt ein unsichtbares Finish, wodurch sie sich ideal für den täglichen Gebrauch eignet.
Die Formel mit Centella Asiatica unterstützt die Beruhigung und Regeneration der Haut. Ionisiertes Mineralwasser spendet intensive Feuchtigkeit und sorgt für ein frisches, strahlendes Hautgefühl. UV-Filter schützen vor UVA- und UVB-Strahlen und helfen, vorzeitiger Hautalterung sowie Sonnenbrand vorzubeugen.
Die Haut wirkt geschützt, hydratisiert und revitalisiert.
SPF 50 50 ml
";24;Laneige;Sonnenschutz;Water / Aqua / Eau, Propanediol, Octocrylene, Homosalate, Ethylhexyl Salicylate, Butyloctyl Salicylate, Glycerin, Butyl Methoxydibenzoylmethane, Diphenylsiloxy Phenyl Trimethicone, Silica, Phenyl Trimethicone, Caprylyl Methicone, Behenyl Alcohol, Vp/eicosene Copolymer, Trimethylsiloxysilicate, C14-22 Alcohols, Glyceryl Stearate, Peg-100 Stearate, 1,2-hexanediol, Cetyl Alcohol, Potassium Cetyl Phosphate, Polyacrylate-13, Polyisobutene, C12-20 Alkyl Glucoside, Ethylhexylglycerin, Fragrance / Parfum, Disodium Edta, Polysorbate 20, Sorbitan Isostearate, Lavandula Angustifolia (Lavender) Flower Water, Butylene Glycol, Aloe Barbadensis Leaf Extract, Pentylene Glycol, Centella Asiatica Flower/leaf/stem Extract, Brassica Oleracea Italica (Broccoli) Extract, Hibiscus Abelmoschus Extract, Tocopherol, Magnesium Sulfate, Calcium Chloride, Xanthan Gum, Citric Acid, Sodium Benzoate, Potassium Sorbate, Manganese Sulfate, Chenopodium Quinoa Seed Extract, Zinc Sulfate, Ascorbyl Glucoside;15 Minuten vor der Sonnenexposition großzügig auftragen. Regelmäßig nachcremen, um den Schutz aufrechtzuerhalten, insbesondere nach dem Baden, Schwitzen oder Abtrocknen. Trage beim Schwimmen oder wenn du schwitzt eine wasserfeste Sonnencreme auf. Sich in der Sonne aufzuhalten erhöht das Risiko für Hautkrebs und vorzeitige Hautalterung. Zur Verringerung dieses Risikos solltest du regelmäßig einen Sonnenschutz mit Lichtschutzfaktor 15 oder höher verwenden und andere Schutzmaßnahmen ergreifen, wie z. B. die Begrenzung der Sonnenexposition und das Tragen von langärmeligen Hemden, Hosen, Hüten und Sonnenbrillen.;;;
NIVEA SUN AA&ANTI PIGMENTFL LF30 50, 50 ml Creme;https://nbg1.your-objectstorage.com/inspirax-image-server-bucket/14368100_01.jpg;"Die NIVEA SUN Anti-Age & Anti-Pigmentflecken Creme LSF 30 schützt die Haut vor UVA- und UVB-Strahlen und hilft, sonnenbedingter Hautalterung sowie Pigmentflecken vorzubeugen.
Die pflegende Formel spendet Feuchtigkeit, unterstützt ein ebenmäßiges Hautbild und sorgt für ein angenehmes Hautgefühl. Sie eignet sich ideal für die tägliche Anwendung im Gesicht.
LSF 30 50 ml
";12.68;Nivea;Sonnenschutz;Aqua, Alcohol Denat., Butyl Methoxydibenzoylmethane, Ethylhexyl Triazone, C12-15 Alkyl Benzoate, Bis-Ethylhexyloxyphenol Methoxyphenyl Triazine, Isopropyl Palmitate, Butylene Glycol Dicaprylate/Dicaprate, Dibutyl Adipate, Cetearyl Alcohol, Distarch Phosphate, Phenylbenzimidazole Sulfonic Acid, Glyceryl Stearate, Tapioca Starch, Diethylamino Hydroxybenzoyl Hexyl Benzoate, Glycerin, Isobutylamido Thiazolyl Resorcinol (Thiamidol®), Glycyrrhiza Inflata Root Extract, Sodium Hyaluronate, Tocopheryl Acetate, Hydroxypropyl Starch Phosphate, Xanthan Gum, Sodium Stearoyl Glutamate, Cocoglycerides, Hydrogenated Coco-Glycerides, Hydrogenated Rapeseed Oil, Sodium Hydroxide, Sodium Chloride, Sodium Sulfate, Ethylhexylglycerin, Hydroxyacetophenone, Phenoxyethanol, Trisodium EDTA, Parfum, CI 15985, CI 16035;Auf das gereinigte Gesicht verteilen.;;;
Paula's Choice - Leichte Feuchtigkeitscreme Mit 5 % Vitamin C Und Lsf 50 - 60ml;https://media.sephora.eu/content/dam/digital/pim/published/P/PAULA/763976/367411-media_swatch.jpg?scaleWidth=500&scaleHeight=500&scaleMode=fit;"Eine leichte Gesichtscreme für die tägliche Anwendung mit Sonnenschutz. Sie ist mit Vitamin C und Aminosäuren angereichert, schützt die Haut, spendet Feuchtigkeit und bringt den Teint sichtbar zum Strahlen.
Die Formel mit 5 % Vitamin C hilft, Anzeichen der Hautalterung zu mildern, einen unregelmäßigen Teint aufzuhellen und die Haut zu beruhigen. Acetyl Zingerone, ein aus Ingwer gewonnenes Antioxidans, unterstützt den Schutz vor schädlichen Umwelteinflüssen. Porphyra-Umbilicalis-Extrakt schützt die Haut zusätzlich vor Umweltstressoren und wirkt synergetisch mit Vitamin C.
Die leichte, feuchtigkeitsspendende Textur verleiht sofort Glow, ist auf der Haut kaum wahrnehmbar und eignet sich für alle Hauttypen und Hauttöne.
LSF 50 60 ml
";53.95;Paula's Choice;Sonnenschutz;Water (Aqua/Eau), Ethylhexyl Methoxycinnamate, Ethylhexyl Salicylate, Glycerin, Silica, Butyl Methoxydibenzoylmethane, 3-O-Ethyl Ascorbic Acid, Ascorbyl Glucoside, Octocrylene, Dimethicone, Propanediol, Tetrahexyldecyl Ascorbate, Acetyl Zingerone, Acrylates/C10-30 Alkyl Acrylate Crosspolymer, Diethylhexyl Syringylidenemalonate, Dimethicone/Vinyl Dimethicone Crosspolymer, Porphyra Umbilicalis Extract, Hydrogenated Lecithin, Ricinus Communis (Castor) Seed Oil, Sodium Hydroxide, Tocopherol, Xanthan Gum, Ethylhexylglycerin, Laureth-4, Phenoxyethanol, Potassium Sorbate, Sodium Benzoate, Titanium Dioxide, Iron Oxides (CI 77492), Iron Oxides (CI 77491), Iron Oxides (CI 77499). [il411v2];Großzügig als letzten Schritt der Morgenroutine auftragen. Lasse das Produkt einen Moment einziehen, bevor du Make-up aufträgst.;;;
Shiseido Essential Energy Hydrating Day Cream SPF 20 50 ml;https://www.mystationary.de/media/16/b4/bb/1775854303/34ecb4598eeab2906acbdf7c5b8bf07829dfc210_MS_0066072_image_1_0729238182875.jpg?ts=1775854306;"Die Shiseido Essential Energy Hydrating Day Cream SPF 20 ist eine feuchtigkeitsspendende Tagescreme, die die Haut pflegt und ihr neue Energie verleiht.
Die Formel versorgt die Haut intensiv mit Feuchtigkeit, unterstützt ein frisches, strahlendes Hautbild und schützt gleichzeitig vor UV-Strahlung. Die angenehme Textur zieht gut ein und hinterlässt die Haut geschmeidig und gepflegt.
SPF 20 50 ml
";40.95;Shiseido;Sonnenschutz;WATER(AQUA/EAU)･ALCOHOL DENAT.･DIMETHICONE･GLYCERIN･HOMOSALATE･ETHYLHEXYL SALICYLATE･OCTOCRYLENE･DIPROPYLENE GLYCOL･ISODECYL NEOPENTANOATE･BUTYL METHOXYDIBENZOYLMETHANE･PEG-20･POLYSILICONE-15･BEHENYL ALCOHOL･DIGLYCERIN･SILICA･PHENOXYETHANOL･POLYSILICONE-11･AMMONIUM ACRYLOYLDIMETHYLTAURATE/BEHENETH-25 METHACRYLATE CROSSPOLYMER･BATYL ALCOHOL･BUTYLENE GLYCOL･BIS-BUTYLDIMETHICONE POLYGLYCERYL-3･CHLORPHENESIN･CARBOMER･POTASSIUM HYDROXIDE･ERYTHRITOL･PEG/PPG-14/7 DIMETHYL ETHER･PEG/PPG-17/4 DIMETHYL ETHER･FRAGRANCE (PARFUM)･PEG-60 GLYCERYL ISOSTEARATE･LAURYL BETAINE･ALCOHOL･TOCOPHEROL･BHT･ACRYLATES/C10-30 ALKYL ACRYLATE CROSSPOLYMER･2-O-ETHYL ASCORBIC ACID･XANTHAN GUM･SODIUM METABISULFITE･CAFFEINE･ISOSTEARIC ACID･SODIUM METAPHOSPHATE･DISODIUM EDTA･PPG-3 DIPIVALATE･PHYTOSTERYL MACADAMIATE･LINALOOL･IRON OXIDES (CI 77492)･LIMONENE･CITRUS UNSHIU PEEL EXTRACT･SODIUM HYALURONATE･ANGELICA KEISKEI LEAF/STEM EXTRACT･ZIZIPHUS JUJUBA FRUIT EXTRACT･PANAX GINSENG ROOT EXTRACT･SODIUM ACETYLATED HYALURONATE･IRON OXIDES (CI 77491)･SCUTELLARIA BAICALENSIS ROOT EXTRACT･SYZYGIUM JAMBOS LEAF EXTRACT･ALPINIA SPECIOSA LEAF EXTRACT･SODIUM BENZOATE･ROSMARINUS OFFICINALIS (ROSEMARY) LEAF EXTRACT (ROSMARINUS OFFICINALIS LEAF EXTRACT)･SANGUISORBA OFFICINALIS ROOT EXTRACT･PYROLA INCARNATA EXTRACT･;Jeden Morgen nach der Reinigung und dem Ultimune Serum auftragen. Creme mit den Fingerspitzen auf Wangen, Stirn, Nase und Kinn auftragen. Die Creme ausgehend von größeren Gesichtspartien, wie Wangen und Stirn, gleichmäßig von der Mitte nach außen hin Gesicht verteilen. ;;;
The Ordinary - Uv-filter Serum Spf 45 - Sonnenschutzserum - uv Filters Spf 45 Serum 60ml;https://media.sephora.eu/content/dam/digital/pim/published/T/THE_ORDINARY/757593/369868-media_swatch.jpg?scaleWidth=500&scaleHeight=500&scaleMode=fit;"Ein Serum für den täglichen Gebrauch mit Lichtschutzfaktor 45 und breitem Schutzspektrum. Es schützt die Haut vor UV-Strahlung und lässt sich angenehm in die tägliche Pflegeroutine integrieren.
SPF 45 60 ml
";20.45;The Ordinary;Sonnenschutz;Aqua/Water/Eau, Isododecane, Octocrylene, Dimethicone/Vinyl Dimethicone Crosspolymer, Homosalate, Butyloctyl Salicylate, Ethylhexyl Salicylate, Diethylhexyl 2,6-naphthalate, Tri(Polyglyceryl-3/Lauryl) Hydrogenated Trilinoleate, Butyl Methoxydibenzoylmethane, Poly C10-30 Alkyl Acrylate, Acetyl Carnosine, Biosaccharide Gum-2, Phospholipids, Sphingolipids, Glycerin, Propanediol, Pentylene Glycol, Magnesium Sulfate, p-Anisic acid, Sodium Citrate, Tocopherol, Trisodium Ethylenediamine Disuccinate, Phenoxyethanol, Chlorphenesin.;"Vor dem Gebrauch gut schütteln. 15 Minuten vor der Sonnenexposition großzügig und gleichmäßig auf das Gesicht
auftragen. Um den Schutz bei längerer Sonneneinstrahlung aufrechtzuerhalten, muss das Produkt alle zwei Stunden sowie nach dem Schwimmen, Schwitzen oder Abtrocknen erneut aufgetragen werden.
Eine wasserfeste Sonnenschutzcreme verwenden, wenn du schwimmen gehst oder schwitzt. Zu lange Sonnenaussetzung vermeiden, auch wenn Du ein Sonnenschutzmittel verwendest.";;;
Vichy LiftActiv B3 Anti - Dark Spots Cream SPF 50 50 ml;https://www.mystationary.de/media/5a/f9/73/1775899081/1e4d998c2dd2ddc5e047263d16a63d271dd69f80_MS_0065662_image_1_3337875832724.jpg?ts=1775899083;"Die Vichy LiftActiv B3 Anti-Dark Spots Cream SPF 50 ist eine Anti-Aging-Tagescreme, die hilft, dunkle Flecken und Pigmentflecken sichtbar zu mildern. Gleichzeitig schützt sie die Haut mit SPF 50 vor UV-Strahlung und beugt sonnenbedingter Hautalterung vor.
Die Formel unterstützt einen ebenmäßigeren, strahlenderen Teint und versorgt die Haut mit Feuchtigkeit. Die Haut wirkt glatter, gepflegter und frischer.
SPF 50 50 ml
";41.95;Vichy;Sonnenschutz;"AQUA / WATER • GLYCERIN • ETHYLHEXYL SALICYLATE • ETHYLHEXYL TRIAZONE • ALCOHOL DENAT. • BIS-ETHYLHEXYLOXYPHENOL METHOXYPHENYL TRIAZINE • DIMETHICONE • LAUROYL LYSINE • BUTYL METHOXYDIBENZOYLMETHANE • NIACINAMIDE • OCTYLDODECANOL • BEHENYL ALCOHOL • ISOPROPYL ISOSTEARATE • PERLITE • ALUMINUM STARCH OCTENYLSUCCINATE • CETYL ALCOHOL • ADENOSINE • CAPRYLOYL SALICYLIC ACID • CYSTOSEIRA TAMARISCIFOLIA EXTRACT • HYDROXYACETOPHENONE • SODIUM ACETYLATED HYALURONATE • SODIUM HYALURONATE • SODIUM HYDROXIDE • SODIUM THIOSULFATE • TRISODIUM ETHYLENEDIAMINE DISUCCINATE • 2-MERCAPTONICOTINOYL GLYCINE • TOCOPHEROL • ACRYLAMIDE/SODIUM ACRYLOYLDIMETHYLTAURATE COPOLYMER • AMMONIUM POLYACRYLOYLDIMETHYL TAURATE • CAPRYLYL GLYCOL • CETEARYL ALCOHOL • CETEARYL GLUCOSIDE • ISOHEXADECANE • MYRISTIC ACID • PALMITIC ACID • PEG-100 STEARATE • POLY C10-30 ALKYL ACRYLATE • POLYSORBATE 80 • SODIUM POLYACRYLATE STARCH • SODIUM STEAROYL GLUTAMATE • SORBITAN OLEATE • STEARIC ACID • CI16035 / RED 40 • PARFUM / FRAGRANCE.
";Vor der Anwendung die Haut gründlich reinigen und sanft abtrocknen. Für optimale Wirksamkeit nach der Reinigung das Liftactiv B3 Anti-Pigmentflecken Serum auftragen und anschließend die VICHY LIFTACTIV B3 Anti-Pigmentflecken LSF 50 Tagescreme verwenden.;;;
Weleda UV Glow Fluid LSF 30;https://www.apodiscounter.de/images/product_images/popup_images/19844491.jpg;"Das Weleda UV Glow Fluid LSF 30 bietet hohen, sofort wirksamen Schutz vor UVA- und UVB-Strahlen und verleiht der Haut ein natürlich strahlendes Finish.
Die leichte Textur zieht schnell ein, spendet bis zu 24 Stunden Feuchtigkeit und sorgt für ein angenehm geschmeidiges Hautgefühl. Wertvolles Moringaöl und fein abgestimmte Glow-Pigmente pflegen die Haut intensiv und lassen sie ebenmäßiger, frischer und gesünder wirken.
LSF 30
";12.39;Weleda;Sonnenschutz;Water (Aqua), Zinc Oxide, Helianthus Annuus (Sunflower) Seed Oil, Coco-Caprylate/Caprate, Titanium Dioxide (nano), Polyglyceryl-6 Stearate, Caprylic/Capric Triglyceride, Pentylene Glycol, Glycerin, Polyhydroxystearic Acid, Undecane, Polyglyceryl-10 Laurate, Moringa Oleifera Seed Oil, Cetearyl Alcohol, Simmondsia Chinensis (Jojoba) Seed Oil, Haematococcus Pluvialis Extract, Citric Acid, Acacia Senegal Gum, Tocopherol, Bisabolol, Lecithin, Polyglyceryl-3 Polyricinoleate, Tridecane, Caprylyl Glycol, Sodium Stearoyl Glutamate, Polyglyceryl-6 Behenate, Xanthan Gum, Isostearic Acid, Stearic Acid, Mica, Alumina, Titanium Dioxide. [8008830001];Sonnenschutzmittel vor dem Sonnen grosszügig auftragen. Nicht mit anderen Produkten mischen. Mehrfach auftragen, um den Schutz aufrechtzuerhalten, insbesondere nach dem Aufenthalt im Wasser, dem Abtrocknen und beim Schwitzen. Text auf der Faltschachtel beachten.;;;
VICHY Neovadiol straffende Anti-Pigmentflecken Creme LSF 50, 50 ml Creme;https://nbg1.your-objectstorage.com/inspirax-image-server-bucket/6978b56bc1fd11ae144a8d713c2476a7.jpeg;"Die Vichy Neovadiol Straffende Anti-Pigmentflecken Creme LSF 50 ist eine pflegende Tagescreme, die reife Haut strafft und Pigmentflecken sichtbar mildert.
Die Formel schützt mit LSF 50 vor UV-Strahlung und hilft, sonnenbedingter Hautalterung vorzubeugen. Sie versorgt die Haut mit Feuchtigkeit, unterstützt ein ebenmäßigeres Hautbild und sorgt für einen glatteren, strahlenderen Teint.
LSF 50 50 ml
";41.22;Vichy;Sonnenschutz;AQUA / WATER / EAU • GLYCERIN • ETHYLHEXYL SALICYLATE • ETHYLHEXYL TRIAZONE • ALCOHOL DENAT. • BIS-ETHYLHEXYLOXYPHENOL METHOXYPHENYL TRIAZINE • LAUROYL LYSINE • DIMETHICONE • BUTYL METHOXYDIBENZOYLMETHANE • OCTYLDODECANOL • BEHENYL ALCOHOL • ISOPROPYL ISOSTEARATE • NIACINAMIDE • PERLITE • ALUMINUM STARCH OCTENYLSUCCINATE • CETYL ALCOHOL • ADENOSINE • CAPRYLOYL SALICYLIC ACID • CASSIA ANGUSTIFOLIA SEED POLYSACCHARIDE • HYDROXYACETOPHENONE • HYDROXYPROPYL TETRAHYDROPYRANTRIOL • SODIUM ACETYLATED HYALURONATE • SODIUM HYALURONATE • TRISODIUM ETHYLENEDIAMINE DISUCCINATE • TOCOPHEROL • ORYZA SATIVA BRAN OIL / RICE BRAN OIL • ACRYLAMIDE/SODIUM ACRYLOYLDIMETHYLTAURATE COPOLYMER • AMMONIUM POLYACRYLOYLDIMETHYL TAURATE • CAPRYLYL GLYCOL • CETEARYL ALCOHOL • CETEARYL GLUCOSIDE • CI 77891 / TITANIUM DIOXIDE • ISOHEXADECANE • MICA • MYRISTIC ACID • PALMITIC ACID • PEG-100 STEARATE • POLY C10-30 ALKYL ACRYLATE • POLYSORBATE 80 • PROPYLENE GLYCOL • SODIUM POLYACRYLATE STARCH • SODIUM STEAROYL GLUTAMATE • SORBITAN OLEATE • STEARIC ACID • SYNTHETIC FLUORPHLOGOPITE • TIN OXIDE • CI 15985 / YELLOW 6 • CI 16035 / RED 40 • PARFUM / FRAGRANCE.;Die VICHY Neovadiol straffende Anti-Pigmentflecken Creme LSF 50 als letzten Schritt der Pflegeroutine nach der Reinigung des Gesichts anwenden. Dafür eine haselnussgroße Menge der Faltencreme auf Gesicht, Hals und Dekollete auftragen und sanft einmassieren;;;
VICHY Capital Soleil 3-in-1 mattierende Sonnenpflege LSF 50+, 50 ml Creme;https://nbg1.your-objectstorage.com/inspirax-image-server-bucket/15881495_05.jpeg;"Die VICHY Capital Soleil 3-in-1 Mattierende Sonnenpflege LSF 50+ bietet sehr hohen Schutz vor UVA- und UVB-Strahlen und eignet sich besonders für zu Glanz neigende Haut.
Die Formel hilft, die Haut zu schützen, überschüssigen Talg zu kontrollieren und ein mattiertes Hautbild zu unterstützen. Die leichte Textur zieht angenehm ein und hinterlässt ein frisches, gepflegtes Hautgefühl ohne fettigen Glanz.
LSF 50+ 50 ml
";24.73;Vichy;Sonnenschutz;AQUA / WATER • HOMOSALATE • SILICA • BIFIDA FERMENT LYSATE • ISONONYL ISONONANOATE • GLYCERIN • ETHYLHEXYL TRIAZONE • BUTYL METHOXYDIBENZOYLMETHANE • BIS-ETHYLHEXYLOXYPHENOL METHOXYPHENYL TRIAZINE • DIISOPROPYL SEBACATE • PHENYLBENZIMIDAZOLE SULFONIC ACID • OCTOCRYLENE • CAPRYLYL METHICONE • PENTYLENE GLYCOL • ALUMINUM STARCH OCTENYLSUCCINATE • TRIETHANOLAMINE • TITANIUM DIOXIDE • POTASSIUM CETYL PHOSPHATE • METHYLENE BIS-BENZOTRIAZOLYL TETRAMETHYLBUTYLPHENOL • ACRYLATES/C10-30 ALKYL ACRYLATE CROSSPOLYMER • ALUMINUM HYDROXIDE • AMMONIUM ACRYLOYLDIMETHYLTAURATE/VP COPOLYMER • BUTYLENE GLYCOL • CAPRYLYL GLYCOL • DISODIUM EDTA • GLYCERYL STEARATE • KAOLIN • LAURYL METHACRYLATE/GLYCOL DIMETHACRYLATE CROSSPOLYMER • MYRISTIC ACID • PALMITIC ACID • PEG-100 STEARATE • PHENOXYETHANOL • POLOXAMER 338 • POLYGLYCERYL-10 LAURATE • SILICA SILYLATE • SODIUM BENZOATE • SODIUM METHYL STEAROYL TAURATE • STEARIC ACID • STEARYL ALCOHOL • T-BUTYL ALCOHOL • TEREPHTHALYLIDENE DICAMPHOR SULFONIC ACID • TOCOPHEROL • PARFUM / FRAGRANCE;Die Vichy Capital Soleil 3-in-1 mattierende Sonnenpflege LSF 50+ auf das gereinigte Gesicht auftragen. Den nicht fettenden Sonnenschutz nach dem Baden oder starkem Schwitzen erneut verwenden.;;;
Shiseido Expert Sun Protector Cream SPF30 50 ml;https://cdn.perfumetrader.de/media/catalog/product/cache/1/image/400x400/602f0fa2c1f0d1ba5e241f914e856ff9/a/f/fbd98bf3435a7fddd1d105e5b4181878/shiseido-shiseido-expert-sun-protector-cream-spf30-50-ml-768614212355.png;"Diese hochwirksame Sonnenschutzcreme ist mit der innovativen SynchroShield™-Technologie ausgestattet, die den Schutzfilm bei Hitze sowie bei Kontakt mit Wasser oder Schweiß verstärkt.
Sie bietet unsichtbaren, umfassenden Schutz vor UVA- und UVB-Strahlen sowie vor dem Austrocknen der Haut. Die schnell einziehende Formel enthält pflegende Inhaltsstoffe, die helfen, lichtbedingten feinen Linien, Falten und Pigmentflecken vorzubeugen.
";28.50;Shiseido;Sonnenschutz;WATER(AQUA/EAU)･DIMETHICONE･BUTYLENE GLYCOL･DIISOPROPYL SEBACATE･OCTOCRYLENE･SILICA･ALCOHOL･ISOPROPYL MYRISTATE･CETYL PEG/PPG- 10/1 DIMETHICONE･PEG/PPG-9/2 DIMETHYL ETHER･TITANIUM DIOXIDE (nano)･ HYDROGENATED POLYDECENE･LAURYL PEG-9 POLYDIMETHYLSILOXYETHYL DIMETHICONE･GLYCERIN･TRIETHYLHEXANOIN･BUTYL METHOXYDIBENZOYLMETHANE･ DISTEARDIMONIUM HECTORITE･TRIMETHYLSILOXYSILICATE･ISODODECANE･PEG-10 HYDROGENATED CASTOR OIL･CETYL ETHYLHEXANOATE･SORBITAN SESQUIISOSTEARATE･DEXTRIN PALMITATE･DIPOTASSIUM GLYCYRRHIZATE･PEG/PPG- 14/7 DIMETHYL ETHER･AMINOETHANESULFINIC ACID･SAXIFRAGA SARMENTOSA EXTRACT･CAMELLIA SINENSIS LEAF EXTRACT･CARTHAMUS TINCTORIUS (SAFFLOWER) FLOWER EXTRACT･EUCHEUMA SERRA/GRATELOUPIA SPARSA/SACCHARINA ANGUSTATA/ULVA LINZA/UNDARIA PINNATIFIDA EXTRACT･SODIUM HYALURONATE･ SOPHORA ANGUSTIFOLIA ROOT EXTRACT･SACCHARINA ANGUSTATA/UNDARIA PINNATIFIDA EXTRACT･PPG-17･HYDRATED SILICA･PEG-10 DIMETHICONE･DISODIUM EDTA･HYDROGEN DIMETHICONE･BHT･LIMONENE･LINALOOL･STEARIC ACID･BISBUTYLDIMETHICONE POLYGLYCERYL-3･POLYGLYCERYL-6 POLYRICINOLEATE･PEG-6･ CITRONELLOL･HEXYL CINNAMAL･CITRAL･SODIUM METABISULFITE･GERANIOL･ SYZYGIUM JAMBOS LEAF EXTRACT･TOCOPHEROL･PHENOXYETHANOL･FRAGRANCE (PARFUM)･ ＜ M113605-712＞;"Nach der normalen Hautpflege auftragen.
Zum Entfernen des Sonnenschutzproduktes gründlich mit der gewohnten Reinigung und Wasser abspülen.
Kann als Make-up Basis verwendet werden.";;;
Shiseido Sports BB SPF50+ Dark 30 ml;https://cdn.perfumetrader.de/media/catalog/product/cache/1/image/400x400/602f0fa2c1f0d1ba5e241f914e856ff9/a/f/a6d71e10c9d1147c73ac27dd71003050/shiseido-shiseido-sports-bb-spf50-dark-30-ml-729238146600.png;"Diese innovative BB-Creme bietet dank Quick-Dry-Technologie selbst bei sportlichen Aktivitäten langanhaltenden Halt. Die WetForce-Technologie reagiert auf Mineralien in Wasser und Schweiß und verstärkt dadurch den Schutzfilm.
Die Formel ist nicht komedogen sowie dermatologisch und augenärztlich getestet, um eine optimale Verträglichkeit zu gewährleisten.
";29.95;Shiseido;Sonnenschutz;DIMETHICONE TITANIUM DIOXIDE･SILICA･BIS-PEG-18 METHYL ETHER DIMETHYL SILANE･ISODODECANE･TRIMETHYLSILOXYSILICATE･ETHYLHEXYL METHOXYCINNAMATE･TITANIUM DIOXIDE (CI 77891)･TRIMETHYLSILOXYSILICATE/DIMETHICONOL CROSSPOLYMER･ALCOHOL･IRON OXIDES (CI 77492)･ISOPROPYL MYRISTATE･ALUMINUM HYDROXIDE･PEG-9 POLYDIMETHYLSILOXYETHYL DIMETHICONE･STEARIC ACID･MICA･BIS-BUTYLDIMETHICONE POLYGLYCERYL-3･ISOSTEARIC ACID･DISTEARDIMONIUM HECTORITE･DEXTRIN PALMITATE･IRON OXIDES (CI 77491)･SUCROSE TETRASTEARATE TRIACETATE･FRAGRANCE (PARFUM)･POLYMETHYLSILSESQUIOXANE･ETHYLPARABEN･TALC･METHYL METHACRYLATE CROSSPOLYMER･ALUMINA･POLYSILICONE-2･TRIETHOXYCAPRYLYLSILANE･HYDROGEN DIMETHICONE･IRON OXIDES (CI 77499)･TOCOPHEROL･PCA DIMETHICONE･PEG/PPG-14/7 DIMETHYL ETHER･LAUROYL LYSINE･PHYTOSTERYL/OCTYLDODECYL LAUROYL GLUTAMATE･PHYTOSTERYL MACADAMIATE･BHT･LECITHIN･GLYCYRRHIZA GLABRA (LICORICE) ROOT EXTRACT･;Vor Gebrauch gut schütteln. Eine ausreichende Menge Creme mit den Fingern punktuell auf die Wangen auftragen und ;;;
Caudalie Vinosun Protect High Protection Cream SPF30 50 ml;https://www.mystationary.de/media/bc/71/ed/1775897521/bf21d5283c6d035fe89d61753aaf0477ca17d5ef_MS_0065125_image_1_3522930003755.jpg?ts=1775897523;"Die Caudalie Vinosun Protect High Protection Cream SPF 30 ist eine Sonnenschutzcreme, die die Haut zuverlässig vor UVA- und UVB-Strahlen schützt und gleichzeitig pflegt.
Die angenehme Textur versorgt die Haut mit Feuchtigkeit, zieht gut ein und hinterlässt ein gepflegtes Hautgefühl. Sie eignet sich ideal für die tägliche Anwendung im Gesicht.
SPF 30 50 ml
";24.95;Caudalie;Sonnenschutz;"Aqua/Water/Eau, Dibutyl Adipate, Diethylamino Hydroxybenzoyl Hexyl Benzoate, Glycerin, Propanediol, Crambe Abyssinica Seed Oil, Phenylbenzimidazole Sulfonic Acid, Arginine, Bis-Ethylhexyloxyphenol Methoxyphenyl Triazine, C13-15 Alkane, Ethylhexyl Triazone, Glyceryl Stearate, C20-22 Alkyl Phosphate, C20-22 Alcohols, Benzotriazolyl Dodecyl P-Cresol, Palmitoyl Grape Seed Extract, Butyrospermum Parkii (Shea) Butter Extract, Ethylhexylglycerin, Phytosterols, Polyacrylate Crosspolymer-6, O-Cymen-5-Ol, Sodium Benzoate, Tocopheryl Acetate, Xanthan Gum, Linalool, Picea Abies Wood Extract, Hexyl Cinnamal, Geraniol, Tocopherol, Parfum (Fragrance), Citronellol
";Verwenden Sie die Creme mit hohem Schutzfaktor IP30 vor jedem Sonnenbad. Tragen Sie sie großzügig auf Gesicht und Dekolleté auf.;;;