product_name,merchant_image_url,description,size,search_price,brand_name,category,ingredients,Anwendung,vegan,alcoholFree,fragranceFree
100% Pure - Restorative Sea Culture Hydrating Toner - Gesichtswasser,https://www.100percentpure.de/media/image/product/2402/lg/restorative-sea-culture-hydrating-toner-gesichtswasser.jpg,"Das feuchtigkeitsspendende Gesichtswasser macht die Haut weich, polstert sie auf und versorgt sie intensiv mit Feuchtigkeit. Die Formel basiert auf gelartigem Algin aus mineralstoffreichen Algen, die aus reinen, sauberen Gewässern gewonnen werden. --118ml",118 ml,40.5,100% Pure,Toner,"Salvia Hispanica (Chia) Water [1], Hamamelis Virginiana (Witch Hazel) Powder [1], Glycerin [1], Algae Extract [1], Yeast Ferment Extract, Macrocystis Pyrifera (Sea Kelp) Extract [1], Lonicera Japonica (Honeysuckle) Flower Extract [1], Xanthan Gum, Hyaluronic Acid, Citrus Bergamia Fruit Oil [2], Cedrus Atlantica (Cedarwood) Bark Oil [2], Vetiver [2], Citrus Sinensis (Orange) Oil [2], Salvia Officinalis (Sage) Oil [2], Lavandula Angustifolia Oil [2].

Die Liste der Inhaltsstoffe kann sich ändern. Bitte beachte die Verpackung des gekauften Produkts.
","Der Restorative Sea Culture Hydrating Toner ist optimal für die morgendliche und abendliche Gesichtspflege geeignet.
Nach der Gesichtsreinigung ein weiches Wattepad mit dem Gesichtswasser tränken und sanft über Hals und Gesicht streichen.
Kann auch für die empfindliche Augenpartie genutzt werden.",TRUE,TRUE,FALSE
Aestura - Atobarrier365 Cream - Hautbarriere Stärkende Feuchtigkeitscreme - atobarrier365 Cream 45ml,https://media.sephora.eu/content/dam/digital/pim/published/A/AESTURA/783255/386330-media_swatch-0.jpg?scaleWidth=500&scaleHeight=500&scaleMode=fit,"Feuchtigkeitscreme mit Ceramiden in hoher Dichte für empfindliche Haut

Die Atobarrier365 Cream ist intensiv feuchtigkeitsspendend und hilft, die Hautbarriere wiederherzustellen und zu stärken. Entwickelt für trockene und empfindliche Haut, spendet diese reichhaltige Creme mit leichter Textur langanhaltende Feuchtigkeit und lindert Irritationen, wodurch die Haut weich und glatt wird.  --45ml",45 ml,19.95,Aestura,Feuchtigkeitspflege,"Water / Aqua / Eau, Butylene Glycol, Glycerin, Butylene Glycol Dicaprylate/Dicaprate, Cetyl Ethylhexanoate, Squalane, Pentaerythrityl Tetraisostearate, Dicaprylyl Carbonate, Behenyl Alcohol, Dimethicone, Hydroxypropyl Bispalmitamide MEA, Stearic Acid, Betaine, Mannitol, C14-22 Alcohols, Palmitic Acid, Hydroxypropyl Bislauramide MEA, Arachidyl Alcohol, Cholesterol, Polyacrylate-13, C12-20 Alkyl Glucoside, Allantoin, Arachidyl Glucoside, Niacinamide, Ceramide NP, Glyceryl Caprylate, Ethylhexylglycerin, Hydrogenated Polyisobutene, Carbomer, Tromethamine, Dimethiconol, Polyglyceryl-10 Laurate, Hydrogenated Lecithin, Ethylhexyl Palmitate, Acrylates/Ammonium Methacrylate Copolymer, Sorbitan Isostearate, Silica, Phytosphingosine, Sphingolipids, Arachidic Acid, Tocopherol, Oleic Acid

Die Liste der Inhaltsstoffe kann sich ändern. Bitte beachte die Verpackung des gekauften Produkts.
","Morgens und abends nach dem Gesichtswasser und dem Serum gleichmäßig auf die saubere Haut auftragen. Die sichtbaren Ceramide-Kapseln schmelzen sanft bei der Anwendung. Verteile das Produkt mit einem
leichten Druck auf der Haut,
damit es besser einziehen kann.",FALSE,TRUE,TRUE
Aestura - ATOBARRIER365 Foaming Cleanser - pH-ausgleichender Reinigungsschaum,https://media.sephora.eu/content/dam/gdam/europe/digital/pim/published/A/AESTURA/783262/386319-media_swatch-0.jpg?scaleWidth=750&scaleHeight=750&scaleMode=fit,"Ein sanfter, pH-neutraler Reinigungsschaum für empfindliche Haut.

ATOBARRIER365 FOAMING CLEANSER ist ein sanfter, pH-neutraler Cleanser, der speziell für empfindliche Haut entwickelt wurde.

Was ist das?
Ein dermatologisch getesteter Cleanser mit Pumpspender, der sich in einen reichhaltigen, cremigen Schaum verwandelt, um die Reibung durch das Massieren zu minimieren und eine sanfte Reinigung der Haut bietet. Mit einem leicht sauren pH-Wert formuliert, hilft diese Formel, die pH-Balance der Haut aufrechtzuerhalten und ist ideal für empfindliche Haut geeignet.

Hauttyp: Normale Haut

Was ist in der Formel enthalten?
Sie enthält einen sanften, pH-ausgleichenden Komplex. Der leicht saure Cleanser entfernt effektiv Verunreinigungen, und bewahrt dabei die natürliche Schutzbarriere der Haut. Entwickelt für empfindliche Haut, reinigt sie, ohne Irritationen zu verursachen und hilft, den pH-Wert der Haut auszugleichen.

Das Ergebnis?
Verunreinigungen werden sanft entfernt, ohne die Haut auszutrocknen. Der Cleanser trägt gleichzeitig dazu bei, den gesunden pH-Wert der Haut aufrechtzuerhalten und ihre Feuchtigkeitsbarriere zu schützen. Hinterlässt die Haut weich, mit Feuchtigkeit versorgt und erfrischt – ideal für die tägliche Anwendung, auch bei empfindlicher Haut. --150ml",150 ml,18.95,Aestura,Gesichtsreinigung,"Water / Aqua / Eau, Glycerin, Sorbitol, Propanediol, Coco-Glucoside, Caprylyl / Capryl Glucoside, Disodium Cocoamphodiacetate, Disodium Cocoyl Glutamate, Sodium Chloride, Citric Acid, Glyceryl Caprylate, Disodium Edta, Ethylhexylglycerin, Butylene Glycol, Tocopherol, Camellia Sinensis Leaf Extract.  

Die Liste der Inhaltsstoffe kann sich ändern. Bitte beachten Sie die Verpackung des gekauften Produkts.","Massiere den Cleanser sanft auf das Gesicht,
wasche ihn anschließend mit lauwarmem Wasser ab. Verwende bei Bedarf ein Make-up-Entferneröl oder einen Make-up-Entferner für hartnäckiges Make-up.",TRUE,TRUE,TRUE
Aestura - Atobarrier365 Hydro Soothing Cream - Beruhigende Feuchtigkeitscreme - atobarrier365 Hydro Soothing Cream 60ml,https://media.sephora.eu/content/dam/digital/pim/published/A/AESTURA/783258/386317-media_swatch-0.jpg?scaleWidth=500&scaleHeight=500&scaleMode=fit,"Eine erfrischende und beruhigende Gel-Creme für fettige und empfindliche Haut.

ATOBARRIER365 Hydro Soothing Cream ist eine erfrischende Gel-Creme, die schnell einzieht und speziell für Mischhaut, fettige und empfindliche Haut entwickelt wurde. Sie spendet intensiv Feuchtigkeit, ohne einen Fettfilm zu hinterlassen und senkt sofort die Hauttemperatur um 5,5 °C* – für ein frisches und beruhigtes Aussehen der Haut. --60ml",60 ml,30.95,Aestura,Feuchtigkeitspflege,"Water / Aqua / Eau, Propanediol, Glycerin, Phenyl Trimethicone, Methyl Trimethicone, 1,2-Hexanediol, Trehalose, Dicaprylyl Carbonate, Ammonium Acryloyldimethyltaurate/VP Copolymer, Hydrogenated Lecithin, Hydrogenated Polyisobutene, Hydroxyethyl Acrylate/Sodium Acryloyldimethyl Taurate Copolymer, Cetearyl Alcohol, Acrylates/C10-30 Alkyl Acrylate Crosspolymer, Glyceryl Caprylate, Glyceryl Stearate, Tromethamine, Disodium EDTA, Ethylhexylglycerin, Stearic Acid, Palmitic Acid, Polyglyceryl-3 Methylglucose Distearate, Sorbitan Isostearate, Mannitol, Arginine, Serine, Sucrose, PCA, Citrulline, Glycogen, Histidine HCl, Alanine, Tocopherol, Hydroxypropyl Bispalmitamide MEA, Threonine, Glutamic Acid, Myristic Acid, Arachidic Acid, Lysine HCl, Acrylates/Ammonium Methacrylate Copolymer, Cholesterol, Silica

Die Liste der Inhaltsstoffe kann sich ändern. Bitte beachte die Verpackung des gekauften Produkts.
",Morgens und abends nach dem Gesichtswasser und dem Serum gleichmäßig auf die gereinigte Haut auftragen.,FALSE,TRUE,TRUE
Aime - The Simple Cleanser - Gesichtsreinigungsgel - the Simple Cleanser,https://media.sephora.eu/content/dam/digital/pim/published/A/AIME/571682/259068-media_swatch.jpg?scaleWidth=500&scaleHeight=500&scaleMode=fit,"Dieses nicht schäumende Reinigungsgel mit seidiger Textur reinigt die Haut, ohne sie zu reizen oder auszutrocknen.

Die Rinde der Silber-Weide (Salizylsäure) fördert die Zellerneuerung und trägt zu einer reinen Haut bei. Rosenwasser beruhigt die Haut und hat dabei eine erfrischende und belebende Wirkung.
Unser Komplex mit Prä- & Probiotika trägt zum Gleichgewicht der Hautflora bei. Für alle Hauttypen geeignet.


Vegan : Produkte aus natürlich gewonnenen Inhaltsstoffen. --100ml",100 ml,14.5,Aime,Gesichtsreinigung,"Aqua (Water), Rosa Damascena Flower Water, Glycerin, Propanediol, Cellulose Gum, Alpha-Glucan Oligosaccharide, Salix Alba (Willow) Bark Extract, Inulin, Polymnia Sonchifolia Root Juice, Fructose, Glucose, Centella Asiatica Leaf Extract, Lactobacillus, Anthemis Nobilis Flower Extract, Caprylyl/Capryl Glucoside, Xanthan Gum, Cellulose, Maltodextrin, Tetrasodium Glutamate Diacetate, Citric Acid, Sodium Hydroxide, Sodium Benzoate, Citronellol, Geraniol.

Die Liste der Inhaltsstoffe kann sich ändern. Bitte beachten Sie die Verpackung des gekauften Produkts.","Anwendung: Morgens und abends eine haselnussgroße Menge in die feuchte Haut einmassieren, dann mit dem dafür vorgesehenen AIME Baumwolltuch abwaschen.",TRUE,TRUE,TRUE
Anthelios - Oil Control Gel-Creme UVMune 400 LSF 50+,https://www.versandapo.de/images/product_images/popup_images/18320165.jpg,"Die Anthelios Oil Control Gel-Creme UVMune 400 LSF 50+ bietet sehr hohen Schutz vor UVB- und langwelligen UVA-Strahlen. Sie wurde speziell für ölige Haut entwickelt und hilft, störenden Hautglanz zu reduzieren.
 Die Formel mit AIRLICIUM-Technologie absorbiert überschüssigen Talg und sorgt für ein mattiertes Hautbild. Die leichte Gel-Textur zieht schnell ein, lässt sich angenehm verteilen und brennt nicht in den Augen.
 Die Sonnencreme ist frei von Duftstoffen und eignet sich auch für empfindliche Haut.
 LSF 50+ --50ml",50 ml,20.19,Anthelios,Sonnenschutz,"Aqua / Water, Diisopropyl Sebacate, Silica, Alcohol Denat., Ethylhexyl Salicylate, Ethylhexyl Triazone, Bis-Ethylhexyloxyphenol Methoxyphenyl Triazine, Diisopropyl Adipate, PEG-8, Dipropylene Glycol, C12-22 Alkyl Acrylate/Hydroxyethylacrylate Copolymer, Glycerin, Drometrizole Trisiloxane, Aluminum Starch Octenylsuccinate, Butyl Methoxydibenzoylmethane, Methoxypropylamino Cyclohexenylidene Ethoxyethylcyanoacetate, Tocopherol, Diethylamino Hydroxybenzoyl Hexyl Benzoate, Acrylates Copolymer, Acrylates/C10-30 Alkyl Acrylate Crosspolymer, Bixa Orellana Seed Extract, Caprylyl Glycol, Citric Acid, Hydroxyacetophenone, Maltodextrin, Pentaerythrityl Tetra-Di-t-Butyl Hydroxyhydrocinnamate, Pentylene Glycol, Silica Silylate, Sodium Polyacrylate, Terephthalylidene Dicamphor Sulfonic Acid, Triethanolamine, Trisodium Ethylenediamine Disuccinate, Zinc PCA

Die Liste der Inhaltsstoffe kann sich ändern. Bitte beachte die Verpackung des gekauften Produkts.
",Die Roche Posay Anthelios UVMune 400 Oil Control Gel-Creme LSF 50+ bietet sehr hohen Schutz vor UVB- sowie langwelligen UVA-Strahlen dank des innovativen Filterystems Mexoryl 400.,TRUE,FALSE,TRUE
Anua - 3 Ceramide Panthenol Moisture Barrier Cream - Nährende Creme Mit 3 Ceramiden - 3 Ceramide Moisture Barrier Cream 100ml,https://media.sephora.eu/content/dam/digital/pim/published/A/ANUA_THE_FOUNDERS/799304/399709-media_swatch-0.jpg?scaleWidth=500&scaleHeight=500&scaleMode=fit,"Eine nicht komedogene Feuchtigkeitscreme mit 3 Arten von eingekapselten Ceramiden und Panthenol. Sie stärkt die Hautbarriere, lindert Irritationen und versiegelt die Feuchtigkeit langanhaltend. --100ml",100 ml,20.95,Anua,Feuchtigkeitspflege,"Water, Panthenol, Butylene Glycol Propanediol, Caprylic/Capric Triglyceride, Glycerin, Cetyl Ethylhexanoate, Behenyl Alcohol, Octyldodecanol, Phenyl Trimethicone, Vinyl Dimethicone, 1,2-Hexanediol, Bis-Diglyceryl Polyacyladipate-2, Pentylene Glycol, Caprylyl Methicone, Centella Asiatica Extract, Polyglyceryl-3 Methylglucose Distearate, Betaine, C14-22 Alcohols, Ceramide NP, Phytosterols, Hydroxyethyl Acrylate/Sodium Acryloyldimethyl Taurate Copolymer, Hydrogenated Rice Bran Oil, C12-20 Alkyl Glucoside, Ammonium Acryloyldimethyltaurate/Vp Copolymer, Glyceryl Stearate, Dimethiconol, Glyceryl Caprylate, Sodium Stearoyl Glutamate, Hydrogenated Lecithin Glyceryl Glucoside, Acrylates/C10-30 Alkyl Acrylate Crosspolymer, Tromethamine, Sodium Phytate Polyglyceryl-10 Stearate Ethylhexylglycerin, Sodium Hyaluronate, Ethylhexyl Olivate, Dipropylene Glycol, Sodium Acrylates Copolymer, Polyglyceryl-4 Oleate, Linolenic Acid, Polyglyceryl-10 Laurate, Sphingolipids, Phosphatidylcholine, 4-Terpineol, Allantoin, Ectoin, Hyaluronic Acid, Squalane, Lecithin, Asiaticoside, Escin, Madecassic Acid, Asiatic Acid, Beta-Sitosterol, Tremella Fuciformis (Mushroom) Extract, Ceramide AP, Ceramide Eop, Glycine, Glutamic Acid, Serine, Alanine, Lysine, Arginine, Proline, Threonine

Die Liste der Inhaltsstoffe kann sich ändern. Bitte beachten Sie die Verpackung des gekauften Produkts.","Nach dem Serum oder einer Ampulle verwenden.
Mit den Fingern oder einem Spatel auf Gesicht und Hals auftragen.
Morgens und abends anwenden.",FALSE,TRUE,FALSE
Anua - Airy Sun Cream SPF50+ PA++++,https://korean-skincare.de/cdn/shop/files/Product-page-sizes_829010bd-5c8a-48a2-bfc3-45a4586007a2.jpg?v=1751279803,"Breitspektrum-Sonnenschutz erleben mit der Anua Airy Sun Cream SPF50+ PA++++, die für empfindliche Haut entwickelt wurde. Diese Sonnencreme nutzt die Puderdispersionstechnologie für eine geschmeidige, feuchte Textur, die keine weissen Rückstände hinterlässt und für ein geschmeidiges Finish sorgt. Mit Centella Asiatica-Extrakt, Houttuynia Cordata-Extrakt, Teebaumextrakt und Artemisia Capillaris-Extrakt beruhigt und schützt sie gereizte Haut und bildet gleichzeitig eine Schutzbarriere gegen UV-Strahlen. --50ml",50 ml,17.95,Anua,Sonnenschutz,"Water, Zinc Oxide, Cyclohexasiloxane, Butyloctyl Salicylate, Propanediol, Propylheptyl Caprylate, Isododecane, Polyglyceryl-3 Polydimethylsiloxyethyl Dimethicone, Caprylyl Methicone, Dicaprylyl Carbonate, Methyl Methacrylate Crosspolymer, Polymethylsilsesquioxane, Centella Asiatica Extract, Artemisia Capillaris Extract, Houttuynia Cordata Extract, Melaleuca Alternifolia Extract, Sodium Hyaluronate, Disteardimonium Hectorite, Magnesium Sulfate, Triethoxycaprylylsilane, 1,2-Hexanediol, Polyglyceryl-2 Dipolyhydroxystearate, Lauryl Polyglyceryl-3 Polydimethylsiloxyethyl Dimethicone, Phenyl Trimethicone, Acrylates/Dimethicone Copolymer, Glyceryl Caprylate, Caprylyl Glycol, Ethylhexylglycerin, Tocopherol, Butylene Glycol, Pentylene Glycol

Die Liste der Inhaltsstoffe kann sich ändern. Bitte beachte die Verpackung des gekauften Produkts.
","Als letzten Schritt der Hautpflege auftragen, 15 Minuten vor dem Aufenthalt in der Sonne.
Eine fingerdicke Menge auf die Haut auftragen, dabei die Augen- und Mundpartie aussparen.
Je nach Bedarf häufig nachcremen.",TRUE,TRUE,TRUE
Anua - Azelaic 10 Hyaluron Redness Soothing Pad - Pads gegen Rötungen,https://media.sephora.eu/content/dam/gdam/europe/digital/pim/published/A/ANUA_THE_FOUNDERS/803166/399712-media_swatch-0.jpg?scaleWidth=750&scaleHeight=750&scaleMode=fit,"Beruhigende Toner-Pads, die speziell für empfindliche Haut und zu Rötungen neigende Haut entwickelt wurden. Sie sind durchtränkt mit Azelainsäure, Hyaluronsäure und einem CICA 7-Komplex.
Ihr dehnbares Material haftet angenehm auf der Haut und schenkt Bereichen, die zu Irritationen neigen, eine gezielte Linderung, gleichzeitig verbessern sie den Feuchtigkeitshaushalt und das Gleichgewicht der Haut. --230 ml",230 ml,20.95,Anua,Toner,"Water, Butylene Glycol, Dipropylene Glycol, Propanediol, Glycerin, Betaine, Diglycerin, Methylpropanediol, Hydroxyethyl Urea, 1,2-Hexanediol, Hydroxyacetophenone, Glycereth-25 PCA Isostearate, Panthenol, Melia Azadirachta Leaf Extract, Xanthan Gum, Ethylhexylglycerin, Disodium EDTA, Melia Azadirachta Flower Extract, Allantoin, Sodium Polyacrylate, Glyceryl Acrylate/Acrylic Acid Copolymer, PVM/MA Copolymer, Theobroma Cacao (Cocoa) Seed Extract, Dextrin, Hydrolyzed Hyaluronic Acid, Hyaluronic Acid, Sodium Hyaluronate, Azelaic Acid, Bisabolol, Dipotassium Glycyrrhizate, Zea Mays (Corn) Kernel Extract, Centella Asiatica Extract, Centella Asiatica Leaf Extract, Centella Asiatica Root Extract, Asiatic Acid, Asiaticoside, Madecassic Acid, Madecassoside, Ceramide NP, Chlorella Vulgaris Extract, Melaleuca Alternifolia (Tea Tree) Leaf Water, Squalane, Dimethylsilanol Hyaluronate, Hydrolyzed Sodium Hyaluronate, Fructan, Pinus Pinaster Bark Extract, Potassium Hyaluronate, Hydroxypropyltrimonium Hyaluronate, Sodium Hyaluronate Crosspolymer, Glucose, Sodium Hyaluronate Dimethylsilanol, Sodium Acetylated Hyaluronate.

Die Liste der Inhaltsstoffe kann sich ändern. Bitte beachten Sie die Verpackung des gekauften Produkts.","Nach der Reinigung ein Pad auf die betroffenen Bereiche legen und 10 bis 20 Minuten lang wie eine Maske einwirken lassen.
Anschließend das Pad sanft über das ganze Gesicht streichen, um die Haut zu glätten und zu erfrischen.
Geeignet für die tägliche Anwendung morgens und abends.",TRUE,TRUE,TRUE
Anua - Azelaic Acid 10 Hyaluron Redness Soothing Serum - Serum Gegen Unreinheiten - azelaic Acid 10 Soothing Serum 30ml,https://media.sephora.eu/content/dam/digital/pim/published/A/ANUA_THE_FOUNDERS/803164/399711-media_swatch-0.jpg?scaleWidth=500&scaleHeight=500&scaleMode=fit,"Ein beruhigendes Serum mit leichter Textur, formuliert mit 10 % Azelainsäure, Natriumhyaluronat und dem Anua Gentle Calming Complex™. Es hilft, Rötungen und Trockenheit zu lindern, spendet empfindlicher oder irritierter Haut Feuchtigkeit und beruhigt sie.
 Das Serum wurde entwickelt, um das Wohlbefinden und die Klarheit der Haut zu fördern. Es sorgt für ein glattes, frisches Finish. Die beruhigenden Wirkstoffe verleihen dem Serum seinen natürlich grünen Farbton.
 Die Formel enthält 10 % Azelainsäure, die Rötungen beruhigt und einen klaren Teint unterstützt. Natriumhyaluronat spendet langanhaltend Feuchtigkeit, während der Anua Gentle Calming Complex™ mit Aloe Vera und 7 Arten von Cica sichtbar beruhigende Ergebnisse fördert.
 30 ml",30 ml,22.95,Anua,Serum,"Water, Azelaic Acid, Propylene Glycol, Sodium Hydroxide, Dipropylene Glycol, 1,2-Hexanediol, Panthenol, Hydroxyethylcellulose, Betaine Salicylate, Glycerin, Biosaccharide Gum-1, Ethylhexylglycerin, Allantoin, Dipotassium Glycyrrhizate, Melia Azadirachta Leaf Extract, Camellia Sinensis Leaf Water, Sodium Hyaluronate, Melia Azadirachta Flower Extract, Niacinamide, Aloe Barbadensis Leaf Juice, Beta-Glucan, Centella Asiatica Extract, Centella Asiatica Leaf Extract, Centella Asiatica Root Extract, Madecassoside, Asiaticoside, Asiatic Acid, Madecassic Acid, Squalane, Zinc PCA, Butylene Glycol, Pentylene Glycol, Caprylyl/Capryl Glucoside, Hydrogenated Lecithin, Ceramide NP

Die Liste der Inhaltsstoffe kann sich ändern. Bitte beachten Sie die Verpackung des gekauften Produkts.
",Trage eine entsprechende Menge auf die Haut auf.,TRUE,TRUE,TRUE
Anua - Heartleaf 70% Intense Calming Cream,https://korean-skincare.de/cdn/shop/files/Anua_Heartleaf70_IntenseCalmingCream_Packshot.jpg?v=1776251089,"Die Anua Heartleaf 70 % Intense Calming Cream ist eine reichhaltige und dennoch nicht fettende Feuchtigkeitscreme, die empfindliche Haut beruhigt und gleichzeitig langanhaltende Feuchtigkeit spendet. Mit 70 % Heartleaf-Extrakt hilft diese beruhigende Creme, sichtbare Rötungen und Hautirritationen zu mindern und sorgt für einen klareren, ausgeglicheneren Teint. Ihre pflegende Textur zieht sanft in die Haut ein und spendet Wohlbefinden, ohne zu beschweren. --50ml",50 ml,32.95,Anua,Feuchtigkeitspflege,"Houttuynia Cordata Extract, Cetearyl Alcohol, Glycerin, Cyclohexasiloxane, Butylene Glycol, 1,2-Hexanediol, Dicaprylyl Ether, Caprylic/Capric Triglyceride, Hydrogenated Poly(C6-14 Olefin), Hydrogenated Polydecene, Glyceryl Stearate SE, Cetearyl Olivate, Sorbitan Olivate, Vegetable Oil, Panthenol, Hydrogenated Lecithin, Dipropylene Glycol, Behenyl Alcohol, Ammonium Acryloyldimethyltaurate/VP Copolymer, Cetearyl Glucoside, Cholesterol, Xanthan Gum, Adenosine, Ceramide NP, Glucose, Water, Ethylhexylglycerin

Die Liste der Inhaltsstoffe kann sich ändern. Bitte beachte die Verpackung des gekauften Produkts.
","Trage als letzten Schritt deiner Hautpflege eine moderate Menge auf das Gesicht auf.
Verteile sie sanft und gleichmäßig auf der Haut.
Massiere sie sanft ein, damit sie besser einzieht.
Morgens und abends anwenden.",FALSE,TRUE,TRUE
Anua - Heartleaf 77% Clear Pad - Toner-pads Für Ein Verfeinertes Hautbild - heartleaf Niacinamide 10 + Txa 4 Serum,https://media.sephora.eu/content/dam/digital/pim/published/A/ANUA_THE_FOUNDERS/811473/401035-media_swatch-0.jpg?scaleWidth=500&scaleHeight=500&scaleMode=fit,"Die Toner-Pads peelen sanft, entfernen abgestorbene Hautzellen und bringen einen glatten, klaren Teint zum Vorschein.
 Die Formel mit 77 % Heartleaf-Extrakt hilft, die Haut auszugleichen und mit Feuchtigkeit zu versorgen. Gleichzeitig verfeinert sie das Hautbild, beruhigt den Teint und lässt ihn leuchtender wirken.
 PHA entfernt sanft Unreinheiten und überschüssigen Talg, ohne die Haut zu irritieren. Die Pads eignen sich ideal für empfindliche oder zu Akne neigende Haut, spenden intensive Feuchtigkeit und hinterlassen die Haut weich und erfrischt. --70 pads",70 pads,24.45,Anua,Toner,"Houttuynia Cordata Extract (77%), Water, Gluconolactone, Propanediol, Tromethamine, Butylene Glycol, 1,2-Hexanediol, Betaine, Ammonium Acryloyldimethyltaurate/VP Copolymer, Ulmus Davidiana Root Extract, Pueraria Lobata Root Extract, Pinus Palustris Leaf Extract, Oenothera Biennis (Evening Primrose) Flower Extract, Camellia Sinensis Leaf Extract, Coix Lacryma-Jobi Ma-Yuen Seed Extract, Portulaca Oleracea Extract, Centella Asiatica Extract, Madecassoside, Asiatic Acid, Asiaticoside, Madecassic Acid, Sodium Phytate.

Die Liste der Inhaltsstoffe kann sich ändern. Bitte beachte die Verpackung des gekauften Produkts.
","Nach der Gesichtsreinigung ein Pad über das ganze Gesicht streichen, spare dabei die Augenpartie und den Mund aus.
 Schließe den Deckel nach der Verwendung wieder sorgfältig.",TRUE,TRUE,TRUE
Anua - Heartleaf 77% Soothing Toner - Beruhigend Und Hydratisierend - anua Heartleaf 77 Soothing Toner 250ml,https://media.sephora.eu/content/dam/digital/pim/published/A/ANUA_THE_FOUNDERS/799295/399700-media_swatch-0.jpg?scaleWidth=500&scaleHeight=500&scaleMode=fit,"Eine beruhigende Toner-Lotion für die tägliche Anwendung, formuliert mit 77 % Heartleaf-Extrakt, um Irritationen zu beruhigen, überschüssigen Talg zu kontrollieren und die Haut zu hydratisieren.
Ihre sanfte, leicht saure Formel (pH 5,5) hilft, die Hautbarriere auszugleichen und hinterlässt die Haut glatt und erfrischt. --250ml",250 ml,21.95,Anua,Toner,"Houttuynia Cordata Flower/Leaf/Stem Water, Water, 1,2-Hexanediol, Glycerin, Betaine, Butylene Glycol, Isopentyldiol, Panthenol, Acrylates/C10-30 Alkyl Acrylate Crosspolymer, Disodium EDTA, Tromethamine, Centella Asiatica Extract, Arctium Lappa Root Extract, Phellinus Linteus Extract, Portulaca Oleracea Extract, Chamomilla Recutita (Matricaria) Flower Extract, Vitex Agnus-Castus Extract, Sodium Hyaluronate, Hydroxypropyltrimonium Hyaluronate, Hydrolyzed Hyaluronic Acid, Sodium Acetylated Hyaluronate, Hyaluronic Acid, Sodium Hyaluronate Crosspolymer, Potassium Hyaluronate

Die Liste der Inhaltsstoffe kann sich ändern. Bitte beachten Sie die Verpackung des gekauften Produkts.",Morgens und abends nach der Reinigung anwenden,TRUE,TRUE,TRUE
Anua - Heartleaf Pore Control Cleansing Oil,https://korean-skincare.de/cdn/shop/files/Korean-Skincare-Official_3ed50000-6f14-4d76-92c6-ecabaa1db5ef.jpg?v=1764003968,"Das Anua Heartleaf Pore Control Cleansing Oil ist ein außergewöhnlicher Ölreiniger, der speziell auf die Bedürfnisse deiner Haut abgestimmt ist. Mit einer nicht komedogenen Mischung aus pflegenden Pflanzenölen, darunter Jojoba-, Oliven- und Traubenkernöl, reinigt es deine Haut mühelos, entfernt Unreinheiten und hinterlässt einen vitalisierten, hydratisierten Teint. --200 ml",200 ml,19.95,Anua,Feuchtigkeitspflege,"Ethylhexyl Palmitate, Sorbeth-30 Tetraoleate, Sorbitan Sesquioleate, Caprylic/Capric Triglyceride, Butyl Avocadate, Fragrance, Helianthus Annuus Seed Oil, Macadamia Ternifolia Seed Oil, Olea Europaea Fruit Oil, Simmondsia Chinensis Seed Oil, Vitis Vinifera Seed Oil, Caprylyl Glycol, Ethylhexylglycerin, Curcuma Longa Root Extract, Melia Azadirachta Flower Extract, Tocopherol, Melia Azadirachta Leaf Extract, Houttuynia Cordata Extract, Corallina Officinalis Extract, Melia Azadirachta Bark Extract, Moringa Oleifera Seed Oil, Ocimum Sanctum Leaf Extract

Die Liste der Inhaltsstoffe kann sich ändern. Bitte beachte die Verpackung des gekauften Produkts.


","2-3 Pumpstöße in die trockenen Hände geben und sanft über das trockene Gesicht massieren.
Gib ein paar Tropfen lauwarmes Wasser hinzu.
Eine weitere Minute lang leicht einmassieren, oder bis sich das Öl in eine Milch verwandelt hat.
Gründlich mit lauwarmem Wasser abspülen",TRUE,TRUE,FALSE
Anua - Heartleaf Pore Control Cleansing Oil - Renigungsöl Für Make-up - heartleaf Pore Cleansing Oil 200ml,https://media.sephora.eu/content/dam/digital/pim/published/A/ANUA_THE_FOUNDERS/799296/399701-media_swatch-0.jpg?scaleWidth=500&scaleHeight=500&scaleMode=fit,"Ein sanftes und dennoch effektives Reinigungsöl mit Heartleaf-Extrakt. Es wurde speziell entwickelt, um Make-up, Sonnenschutzmittel und Unreinheiten zu lösen und gleichzeitig das natürliche Feuchtigkeitsgleichgewicht der Haut zu respektieren.
 Es reinigt die Poren tiefenwirksam und entfernt überschüssigen Talg, ohne die Poren zu verstopfen oder die Haut zu irritieren. Der Heartleaf-Extrakt beruhigt Irritationen und unterstützt eine ruhige, ausgeglichene Haut. Die leichte, nicht komedogene Textur eignet sich ideal für empfindliche und zu Akne neigende Haut. --200ml",200 ml,17.95,Anua,Gesichtsreinigung,"Ethylhexyl Palmitate, Sorbeth-30 Tetraoleate, Sorbitan Sesquioleate, Caprylic/Capric Triglyceride, Butyl Avocadate, Fragrance, Helianthus Annuus (Sunflower) Seed Oil, Macadamia Ternifolia Seed Oil, Olea Europaea (Olive) Fruit Oil, Simmondsia Chinensis (Jojoba) Seed Oil, Vitis Vinifera (Grape) Seed Oil, Caprylyl Glycol, Ethylhexylglycerin, Curcuma Longa (Turmeric) Root Extract, Melia Azadirachta Flower Extract, Tocopherol, Melia Azadirachta Leaf Extract, Houttuynia Cordata Extract, Corallina Officinalis Extract, Melia Azadirachta Bark Extract, Moringa Oleifera Seed Oil, Ocimum Sanctum Leaf Extract.

Die Liste der Inhaltsstoffe kann sich ändern. Bitte beachten Sie die Verpackung des gekauften Produkts.",Eine entsprechende Menge des Produkts sanft auf die trockene Haut massieren. Sorgfältig mit lauwarmem Wasser abwaschen.,TRUE,TRUE,FALSE
Anua - Heartleaf Silky Moisture Sun Cream,https://korean-skincare.de/cdn/shop/files/Product-page-sizes_118dd55c-ed86-487a-80c9-359be47c143c.jpg?v=1751283354,"Die Anua Heartleaf Silky Moisture Sun Cream ist eine bemerkenswerte Sonnencreme, die nicht nur einen hervorragenden Breitspektrum-Sonnenschutz mit SPF 50+ PA++++ bietet, sondern auch die Prinzipien veganer und grausam-freier Hautpflege verkörpert. Diese außergewöhnliche Sonnencreme nutzt chemische Filter, um deine Haut vor schädlichen UV-Strahlen zu schützen und sorgt dafür, dass dein zarter Teint in der Sonne bewahrt bleibt. --50ml",50ml,22.95,Anua,Sonnenschutz,"Water, Houttuynia Cordata Extract (300,000 ppm), Dibutyl Adipate, Propanediol, Ethylhexyl Triazone, Terephthalylidene Dicamphor Sulfonic Acid, Glycerin, Niacinamide, Caprylyl Methicone, Polymethylsilsesquioxane, Tromethamine, Polyglyceryl-3 Distearate, Cetearyl Alcohol, 1,2-Hexanediol, Pentylene Glycol, Diethylamino Hydroxybenzoyl Hexyl Benzoate, Polysilicone-15, Diospyros Kaki Leaf Extract, Anastatica Hierochuntica Extract, Vitis Vinifera Fruit Extract, Carthamus Tinctorius Flower Extract, Coffea Arabica Seed Extract, Polygonum Cuspidatum Root Extract, Polygonum Cuspidatum Root Extract, Camellia Sinensis Leaf Extract, Castanea Crenata Shell Extract, Zanthoxylum Piperitum Fruit Extract, Panthenol, Glyceryl Stearate, Bis-Ethylhexyloxyphenol Methoxyphenyl Triazine, Potassium Cetyl Phosphate, Methylpropanediol, Carbomer, Butylene Glycol, Glyceryl Stearate Citrate, Acrylates/C10-30 Alkyl Acrylate Crosspolymer, Ethylhexylglycerin, Ammonium Acryloyldimethyltaurate/VP Copolymer, Adenosine, Polyether-1, Biosaccharide Gum-1

Die Liste der Inhaltsstoffe kann sich ändern. Bitte beachte die Verpackung des gekauften Produkts.
","Als letzten Schritt der Hautpflege auftragen, 15 Minuten vor dem Sonnenbaden.
Trage eine fingergroße Menge in 2 bis 3 Portionen auf.
Je nach Bedarf häufig nachcremen.",TRUE,TRUE,TRUE
Anua - Niacinamid 10% + Txa 4% Serum - Aufhellendes Anti-age-serum - anua Niacinamide 10 + Txa 4 Serum 30ml,https://media.sephora.eu/content/dam/digital/pim/published/A/ANUA_THE_FOUNDERS/803163/399710-media_swatch-0.jpg?scaleWidth=500&scaleHeight=500&scaleMode=fit,"Ein leichtes, nicht klebendes und aufhellendes Serum mit 10 % Niacinamid und 4 % Tranexamsäure (TXA). Es hilft, ein klares Hautbild zu fördern, Pigmentflecken zu mildern und einen strahlenden, ebenmäßigen Teint zum Vorschein zu bringen.
 Die Kombination aus Niacinamid, TXA und Ceramiden sorgt für eine effektive aufhellende Wirkung und ist dabei sanft zur Haut. Das Serum trägt dazu bei, den Teint gleichmäßiger erscheinen zu lassen und die Leuchtkraft der Haut zu unterstützen.
 Hyaluronsäure und Polyglutaminsäure spenden Feuchtigkeit und sorgen für eine glatte, hydratisierte Haut. --30 ml",30 ml,22.95,Anua,Serum,"Water, Glycerin, Niacinamide, Tranexamic Acid, Butylene Glycol, Diethoxyethyl Succinate, 1,2-Hexanediol, Arbutin, Sodium Hyaluronate, Alpha-Arbutin, Coccinia Indica Fruit Extract, Eclipta Prostrata Extract, Macadamia Integrifolia Seed Oil, Olea Europaea (Olive) Fruit Oil, Simmondsia Chinensis (Jojoba) Seed Oil, Vitis Vinifera (Grape) Seed Oil, Theobroma Cacao (Cocoa) Extract, Hydrolyzed Hyaluronic Acid, Chamaecyparis Obtusa Leaf Extract, Prunus Persica (Peach) Flower Extract, Camellia Sinensis Seed Oil, Yeast Ferment Extract, Centella Asiatica Extract, Artemisia Princeps Leaf Extract, Candida Bombicola/Glucose/Methyl Rapeseedate Ferment, Hyaluronic Acid, Pentylene Glycol, Betaine Salicylate, Sucrose Palmitate, Hydrogenated Lecithin, Gellan Gum, Sodium Phytate, Cellulose, Caprylic/Capric Triglyceride, Panthenol, Cyanocobalamin, Polyglutamic Acid, 3-O-Ethyl Ascorbic Acid, Ceramide NP, Dextrin, Asiaticoside, Madecassic Acid, Asiatic Acid, Dimethylsilanol Hyaluronate, Hydrolyzed Sodium Hyaluronate, Potassium Hyaluronate, Hydroxypropyltrimonium Hyaluronate, Sodium Hyaluronate Crosspolymer, Sodium Hyaluronate Dimethylsilanol, Sodium Acetylated Hyaluronate, Xanthan Gum

Die Liste der Inhaltsstoffe kann sich ändern. Bitte beachten Sie die Verpackung des gekauften Produkts.
","Trage einige Tropfen auf die gewünschten Bereiche auf und klopfe sie sanft mit den Fingerspitzen ein.
 Erhöhe nach und nach entsprechend der Hautverträglichkeit die Anwendungshäufigkeit.
 Morgens und abends vor den Ölen oder der Feuchtigkeitspflege verwenden.
 Schließe deine Routine morgens mit einem Sonnenschutz mit LSF 30 oder höher ab.",TRUE,TRUE,TRUE
Anua - Rice 70 Glow Milky Toner - Aufhellender Toner Mit Niacinamid - anua Rice 70 Glow Milky Toner 250ml,https://media.sephora.eu/content/dam/digital/pim/published/A/ANUA_THE_FOUNDERS/799298/399703-media_swatch-0.jpg?scaleWidth=500&scaleHeight=500&scaleMode=fit,"Eine leichte, milchige Toner-Lotion mit 70 % Reiswasser, Niacinamid und Ceramiden, die die Haut intensiv mit Feuchtigkeit versorgt und zum Strahlen bringt.
 Sie unterstützt einen glatten, ebenmäßigen Teint, stärkt die Hautbarriere und hinterlässt ein sanftes, strahlendes Finish. Die Formel hilft, Teintunregelmäßigkeiten aufzuhellen, überschüssige Talgproduktion auszugleichen und die Haut langanhaltend mit Feuchtigkeit zu versorgen. --250 ml",250 ml,21.95,Anua,Toner,"Oryza Sativa (Rice) Bran Water (71%), Butylene Glycol, Glycerin, Dipropylene Glycol, Niacinamide, Propanediol, Water, 1,2-Hexanediol, Methyl Gluceth-20, Panthenol, Betaine, Oryza Sativa (Rice) Extract (3,753 ppm), Hydroxyacetophenone, Diphenyl Dimethicone, Triethylhexanoin, Hydrogenated Lecithin, Adenosine, Ethylhexylglycerin, Carbomer, Tromethamine, Xanthan Gum, Glyceryl Acrylate/Acrylic Acid Copolymer, Theobroma Cacao (Cocoa) Seed Extract, Sodium Hyaluronate, Hydrolyzed Hyaluronic Acid, Hyaluronic Acid, Dextrin, Hydrolyzed Rice Protein (3,000 ppb), Oryza Sativa (Rice) Seed Protein (3,000 ppb), Ceramide NP, Sodium Lauroyl Lactylate, Arbutin, Ascorbic Acid, Allantoin, Ceramide AP, Phytosphingosine, Cholesterol, Ceramide EOP.

Die Liste der Inhaltsstoffe kann sich ändern. Bitte beachte die Verpackung des gekauften Produkts.
","Nach einer gründlichen Reinigung des Gesichts, den Toner mit einem Wattepad oder den Fingern auftragen.
 Sanft auf das ganze Gesicht einklopfen.
 Kann morgens und abends verwendet werden.",TRUE,TRUE,TRUE
Anua - Vita 10 Porestrix Brightening Serum - Aufhellendes Serum - anua Vita 10 Porestrix Brightening Serum,https://media.sephora.eu/content/dam/digital/pim/published/A/ANUA_THE_FOUNDERS/799303/399708-media_swatch-0.jpg?scaleWidth=500&scaleHeight=500&scaleMode=fit,"Ein Serum mit Vitaminen der nächsten Generation. Es ist angereichert mit VITA 10™ und enthält die intelligente Liposomen-Technologie von ANUA, die die Haut sichtbar aufhellt, die Poren verfeinert und Irritationen minimiert, wodurch ein ebenmäßiger und strahlender Teint erzielt wird.

WARUM WIR DAS PRODUKT LIEBEN
• Angereichert mit 10 essenziellen Vitaminen, die müde und fahle Haut revitalisieren.
• Bietet eine pralle und feuchtigkeitsspendende Textur, die kein klebriges Gefühl hinterlässt.
• Verstärkt die aufhellende Wirkung von Vitamin C durch vier synergetisch wirkende Inhaltsstoffe: Tocopherol, Glutathion, Ferulasäure und Niacinamid.
• Verbessert die Elastizität der Poren mithilfe des exklusiven Wirkstoffs von ANUA: Porestrix™. --20ml",20ml,29.45,Anua,Serum,"Aqua/Water/Eau, Glycereth-26, Propanediol, Ascorbic Acid, Alcohol Denat., Dipropylene Glycol, Pentylene Glycol, Sodium Ascorbyl Phosphate, 3-O-Ethyl Ascorbic Acid, Glycerin, Ascorbyl Glucoside, Octyldodeceth-16, Butylene Glycol, Panthenol, Glutathione, C12-14 Alketh-12, 1,2-Hexanediol, Coptis Japonica Root Extract, Tocopherol, Sodium Citrate, Xanthan Gum, Ferulic Acid, Ethylhexylglycerin, Adenosine, Hydrogenated Lecithin, Dipotassium Glycyrrhizate, Sodium Phytate, Arginine, Coco-Caprylate/Caprate, Litsea Cubeba Fruit Oil, Centella Asiatica Extract, Ficus Carica (Fig) Fruit Extract, Lactic Acid, Glycolic Acid, Sodium Surfactin, Pullulan, Gluconolactone, Polyglyceryl-10 Oleate, Citrus Aurantium Dulcis (Orange) Peel Oil, Lavandula Angustifolia (Lavender) Oil, Pueraria Lobata Root Extract, Pinus Palustris Leaf Extract, Ulmus Davidiana Root Extract, Oenothera Biennis (Evening Primrose) Flower Extract, Ceramide NP, Pelargonium Graveolens Oil, Hydroxypropyl Cyclodextrin, Acetyl Hexapeptide-1, Canarium Luzonicum Gum Nonvolatiles, Rosmarinus Officinalis (Rosemary) Leaf Oil, Eucalyptus Globulus Leaf Oil, Anthemis Nobilis Flower Oil, Citrus Aurantium Amara (Bitter Orange) Flower Oil, Diospyros Kaki Leaf Extract, Collagen, Vitis Vinifera (Grape) Fruit Extract, Dipeptide-15, Tannic Acid, Carthamus Tinctorius (Safflower) Flower Extract, Polygonum Cuspidatum Root Extract, Coffea Arabica (Coffee) Seed Extract, Camellia Sinensis Leaf Extract, Castanea Crenata (Chestnut) Shell Extract, Zanthoxylum Piperitum Fruit Extract, Cysteine, Thioctic Acid, Polysorbate 20, Niacinamide, Tripeptide-1, Magnesium Ascorbyl Phosphate, Ascorbyl Tetraisopalmitate, Anemarrhena Asphodeloides Root Extract, Microcrystalline Cellulose, Citric Acid, Sphingomonas Ferment Extract, Palmitoyl Tetrapeptide-7, Palmitoyl Pentapeptide-4, Palmitoyl Tripeptide-5, Hexapeptide-9, Sodium Acetyl sh-Oligopeptide-195 SP Lysine N6-(Succinimidopropionyl Thioethyl Dipalmitoyl Glycero phosphate), Sodium Phenylbutyroyl Histidiny 4-t-Butyl D-Phenylalanyl Arginyl Lysine N6-(Succinimidopropionyl Thioethyl Dipalmitoyl Glycero phosphate), Cellulose Gum, Trisodium Ascorbyl Palmitate Phosphate, Citral, Limonene, Linalool

Die Liste der Inhaltsstoffe kann sich ändern. Bitte beachten Sie die Verpackung des gekauften Produkts.
","Trage einige Tropfen auf die gewünschten Stellen auf und klopfe sie sanft mit den Fingerspitzen ein.
Morgens und abends vor der Anwendung von Ölen oder Feuchtigkeitspflege verwenden.",FALSE,FALSE,FALSE
Anua - Zero-cast Moisturizing Finish Sunscreen - Sonnencreme Mit Lsf 50 - zero-cast Moisturizing Finish Spf 50+pa+,https://media.sephora.eu/content/dam/digital/pim/published/A/ANUA_THE_FOUNDERS/799302/399707-media_swatch-0.jpg?scaleWidth=500&scaleHeight=500&scaleMode=fit,"Eine leichte und seidige Sonnencreme mit Heartleaf-Extrakt, Panthenol und 10 Arten von Hyaluronsäure. Sie schützt die Haut mit einem hohen Breitband-Lichtschutzfaktor 50+, beruhigt sie und spendet wohltuende Feuchtigkeit.
 Die Formel sorgt für ein strahlendes Finish ohne Fettfilm und eignet sich ideal für die tägliche Anwendung sowie für alle Hauttypen, einschließlich empfindlicher Haut.
 Heartleaf-Extrakt hilft, Irritationen und Rötungen zu lindern, während Hyaluronsäure intensive Feuchtigkeit spendet. Panthenol sorgt für ein angenehmes, nicht klebendes Finish. Die leichte Textur zieht schnell ein und eignet sich auch gut unter Make-up.
 LSF 50+ PA+ --50ml",50ml,18.45,Anua,Sonnenschutz,"Avobenzone, Homosalate, Octisalate, Octocrylene, Water (Aqua), Butyloctyl Salicylate, Glycerin, Dimethicone, Poly C10-30 Alkyl Acrylate, VP/Eicosene Copolymer, Cetearyl Alcohol, Niacinamide, Sodium Stearoyl Glutamate, Ammonium Polyacryloyldimethyl Taurate, Hydroxyacetophenone, Phenoxyethanol, Tocopheryl Acetate, Panthenol, Pentaerythrityl Tetra-Di-t-Butyl Hydroxyhydrocinnamate, Xanthan Gum, 1,2-Hexanediol, Sodium Hyaluronate

Die Liste der Inhaltsstoffe kann sich ändern. Bitte beachte die Verpackung des gekauften Produkts.
","Trage den Sonnenschutz vor dem Aufenthalt in der Sonne auf.
 Creme regelmäßig nach, um den Schutz aufrechtzuerhalten, insbesondere nach dem Schwimmen, Schwitzen oder Abtrocknen.",TRUE,TRUE,TRUE
Anua Heartleaf Quercetinol Pore Deep Cleansing Foam 150 ml,https://www.mystationary.de/media/d3/0c/4b/1775884291/79e414f6c767edbbb26b310499cd8552b5680986_MS_0063296_image_1_570346_heartleaf_quercetinol_pore_deep_cleansing_foam_hydratacni_cistici_pena.jpg?ts=1775884293,"Der Reinigungsschaum enthält Houttuynia-Cordata-Pulver, das hilft, abgestorbene Hautzellen und Rückstände in den Poren zu entfernen. Houttuynia-Cordata-Extrakt und Quercetin beruhigen Irritationen, die durch die Reinigung entstehen können. --150ml",150ml,19.95,Anua,Gesichtsreinigung,"Houttuynia Cordata Flower/Leaf/Stem Water, Glycerin, Sodium Cocoyl Glycinate, Aqua(Water), Sodium Lauroyl Glutamate, Disodium Cocoamphodiacetate, Coco-Glucoside, Decyl Glucoside, Hectorite, Sodium Chloride, 1,2-Hexanediol, Betaine Salicylate, Potassium Benzoate, Houttuynia Cordata Powder, Polyquaternium-67, Acrylates/C10-30 Alkyl Acrylate Crosspolymer, Butylene Glycol, Gardenia Florida Fruit Extract, Dextrin, Disodium Edta, Eucalyptus Globulus Leaf Oil, Ethylhexylglycerin, Sodium Acetate, Isopropyl Alcohol, Pinus Palustris Leaf Extract, Ulmus Davidiana Root Extract, Oenothera Biennis (Evening Primose) Flower Extract, Pueraria Lobata Root Extract, Pentylene Glycol, Capryloyl Salicylic Acid, Tocopherol, Hydrolyzed Hyaluronic Acid, Hyaluronic Acid, Hydrolyzed Sodium Hyaluronate, Sodium Hyaluronate, Potassium Hyaluronate, Hydroxypropyltrimonium Hyaluronate, Sodium Hyaluronate Crosspolymer, Sodium Acetylated Hyaluronate, Quercetin.

Die Liste der Inhaltsstoffe kann sich ändern. Bitte beachten Sie die Verpackung des gekauften Produkts.","Nimm eine etwa münzgroße Menge des Produkts und schäume es mit angefeuchteten Händen auf.
 
 Massiere es sanft in dein Gesicht ein, bevor du es mit lauwarmem Wasser gründlich abspülst.",TRUE,FALSE,FALSE
APLB - Glutathione Niacinamide Facial Toner,https://korean-skincare.de/cdn/shop/files/Product-page-sizes_c3cfaaa3-a213-4267-81a6-8046e2012bca.jpg?v=1751290535,"Verbessere deine Hautpflegeroutine mit dem APLB Glutathione Niacinamide Facial Toner, einer tief feuchtigkeitsspendenden und aufhellenden Lösung, die stumpfe Haut revitalisiert und gleichzeitig Reizungen lindert. Angereichert mit 20.000 ppm Niacinamid und 13,1 % Centella Asiatica-Extrakt, liefert dieser leichte, essenzartige Toner einen starken Schub an Feuchtigkeit und Elastizität und fördert einen glatteren, strahlenderen Teint.

Die Formel mit Reisextrakt und Glutathion dringt tief in die Haut ein, um sie zu nähren und den Hautton auszugleichen, während Beta-Glucan und Hyaluronsäure die Feuchtigkeit für eine lang anhaltende Geschmeidigkeit einschließen. Dieses EWG-zertifizierte, umweltfreundliche Gesichtswasser wurde klinisch getestet und ist für empfindliche Haut geeignet. Es ist die erste Wahl für strahlende, gesunde Haut. --160ml",160ml,9.79,APLB,Toner,"Water, Centella Asiatica Extract, Butylene Glycol, Glycerin, Dipropylene Glycol, Hydroxyethyl Urea, Allantoin, Panthenol, Sodium Hyaluronate, Hydrolyzed Collagen, sh-Oligopeptide-1, Nelumbo Nucifera Germ Extract, Artemisia Annua Extract, Oryza Sativa Extract, Saccharomyces Ferment, Solanum Melongena Fruit Extract, Melaleuca Alternifolia Leaf Extract, Hydrolyzed Collagen, Squalane, Beta-Glucan, Hippophae Rhamnoides Fruit Extract, Madecassic Acid, Asiaticoside, Asiatic Acid, Trideceth-10, Propanediol, Hydroxyacetophenone, 1,2-Hexanediol, Ethylhexylglycerin, Dipotassium Glycyrrhizate, Citric Acid, Sodium Citrate

Die Liste der Inhaltsstoffe kann sich ändern. Bitte beachte die Verpackung des gekauften Produkts.
","Beginne mit der Reinigung der Haut.
Verteile eine angemessene Menge gleichmäßig mit den Händen oder einem Wattebausch auf der Haut und vermeide dabei die Augen- und Mundpartie.
Massiere die Haut leicht, damit die Feuchtigkeit optimal aufgenommen werden kann.",FALSE,TRUE,TRUE
APLB - Glutathione Niacinamide Sunscreen,https://korean-skincare.de/cdn/shop/files/Product-page-sizes_97b2c9ca-54ed-4e31-8808-67717137e0b5.jpg?v=1751279807,"Der APLB Glutathion-Niacinamid-Sonnenschutz bietet mit LSF 50+ PA++++ einen Breitbandschutz vor schädlichen UV-Strahlen und sorgt gleichzeitig für ein glattes, nicht fettendes Finish ohne weißen Schimmer. Dieser chemische Sonnenschutz ist mit Glutathion und Niacinamid angereichert, um die Elastizität und Ausstrahlung der Haut zu fördern, während Centella-Asiatica-Extrakt Irritationen beruhigt und lindert.

Die cremige Formel spendet mit Hyaluronsäure und Beta-Glucan tiefenwirksam Feuchtigkeit und ist daher ideal für trockene Haut. Sie haftet nahtlos auf der Haut und sorgt für ein erfrischendes und dennoch feuchtigkeitsspendendes Gefühl, das den ganzen Tag über angenehm zu tragen ist. Perfekt, um die Haut täglich zu schützen und zu pflegen. --40ml",40ml,9.79,APLB,Sonnenschutz,"Water, Ethylhexyl Methoxycinnamate, Butylene Glycol, Ethylhexyl Salicylate, Octocrylene, Bis-Ethylhexyloxyphenol Methoxyphenyl Triazine, Butyl Methoxydibenzoylmethane, Dipropylene Glycol, Niacinamide, Squalane, C14-22 Alcohols, 1,2-Hexanediol, Polyglyceryl-2 Stearate, Propanediol, Hydroxyacetophenone, Glyceryl Stearate, Stearyl Alcohol, C12-20 Alkyl Glucoside, Tromethamine, Centella Asiatica Extract, Carbomer, Melaleuca Alternifolia Extract, Hippophae Rhamnoides Fruit Extract, Vitis Vinifera Fruit Extract, Acrylates/C10-30 Alkyl Acrylate Crosspolymer, Uncaria Sinensis Extract, Glycerin, Adenosine, Disodium EDTA, Oryza Sativa Bran Extract, Hydrogenated Phosphatidylcholine, Caprylic/Capric Triglyceride, Sodium Hyaluronate, Glucose, Hydrolyzed Collagen, Sucrose Stearate, Glutathione, Cyclodextrin, Cetearyl Alcohol, Caprylyl Glycol, Beta-Glucan, Caprylhydroxamic Acid, Ethylhexylglycerin, Asiatic Acid, Asiaticoside, Madecassic Acid, Madecassoside, Tropolone, Hyaluronic Acid, Potassium Hyaluronate

Die Liste der Inhaltsstoffe kann sich ändern. Bitte beachte die Verpackung des gekauften Produkts.
","Eine angemessene Menge auf das Gesicht auftragen und dabei die Augen- und Mundpartie aussparen.
Sanft einmassieren, um die Aufnahme zu unterstützen",FALSE,TRUE,TRUE
Artemis - Night Force Regenerating Concentrate Men,https://cdn2.parfumdreams.de/image/product/72907-0-0-0.webp?box=528,"Während der Nacht durchläuft die Haut natürliche Erneuerungsprozesse. Das Artemis Men Night Force Regenerating Concentrate ist darauf ausgelegt, die Hautpflege in dieser Phase zu unterstützen. Die Formulierung in der 75-ml-Flasche mit praktischem Spenderaufsatz zieht schnell ein und hinterlässt ein angenehmes Hautgefühl. Das Konzentrat wurde entwickelt, um die Haut über Nacht zu begleiten und ihre natürliche Schutzbarriere zu festigen. Bei regelmäßiger Anwendung kann das Hautbild verfeinert und die Widerstandsfähigkeit der Haut unterstützt werden. So startet die Haut erfrischt in den neuen Tag. Das moderne, schwarze Design der Flasche mit den stilisierten Mondphasen spiegelt den nächtlichen Anwendungsfokus des Produkts wider.--75ml",75ml,48.00,Artemis,Serum,"Aqua (Water), Dimethicone, Dicaprylyl Ether, Glycerin, Polyacrylate Crosspolymer-6, Leontopodium Alpinum Extract, Sapindus Mukurossi Fruit Extract, Caesalpinia Spinosa Gum, Hydrolyzed Candida Saitoana Extract, Pinus Sylvestris Leaf Oil, Lavandula Angustifolia (Lavender) Oil, Allantoin, Taurine, Tocopherol, Ppg-26-Buteth-26, Isononyl Isononanoate, Peg-40 Hydrogenated Castor Oil, Dimethicone Crosspolymer, Propylene Glycol, Dehydroacetic Acid, Ethylhexylglycerin, Parfum (Fragrance), Linalool, Sodium Hydroxide, Citric Acid, Phenoxyethanol, Benzoic Acid, Potassium Sorbate, Sodium Benzoate, Sorbic Acid, Silica, Titanium Dioxide, Quartz, i71

Die Liste der Inhaltsstoffe kann sich ändern. Bitte beachten Sie die Verpackung des gekauften Produkts.
","Morgens und abends nach der Reinigung einige Tropfen Serum auf das leicht feuchte Gesicht auftragen und sanft einklopfen. Nach einer kurzen Einwirkzeit die gewohnte Tages- oder Nachtpflege darübergeben, um die Wirkstoffe in der Haut einzuschließen.",TRUE,TRUE,FALSE
Artemis - Oxygen Facial Booster Men,https://cdn2.parfumdreams.de/image/product/72908-0-0-0.webp?box=528,"Der Artemis Men Oxygen Facial Booster ist ein Gesichtsgel, das als zusätzlicher Energieschub für die Haut dient. Seine Formulierung enthält die Cerasome™-O2-Energy-Technologie, eine Kombination aus hautidentischen Ceramiden und dem Wirkstoff Perfluorodecalin. Bei müde erscheinender Haut kann es auch gezielt als SOS-Anwendung für einen sofortigen Frische-Effekt zum Einsatz kommen. Der Booster ergänzt die weiteren Produkte der ARTEMIS MEN-Linie und ist für die tägliche Anwendung geeignet.

Gesichtsgel für einen Energieschub
Formulierung mit Cerasome™-O2-Energy-Technologie
Enthält hautidentische Ceramide und Perfluorodecalin
Als tägliche Basis oder gezielte SOS-Anwendung nutzbar --75ml",75ml,45.00,Artemis,Serum,"Aqua (Water), Cyclopentasiloxane, Glycerin, Dicaprylyl Ether, Caprylic/Capric Triglyceride, Simmondsia Chinensis (Jojoba) Seed Oil, Chondrus Crispus Powder, Leontopodium Alpinum Extract, Arginine, Taurine, Glycosphingolipids, Perfluorodecalin, Isononyl Isononanoate, Polysilicone-11, Ethylhexylglycerin, Ppg-26-Buteth-26, Ammonium Acryloyldimethyltaurate/Vp Copolymer, Peg-40 Hydrogenated Castor Oil, Propylene Glycol, Acrylates/C10-30 Alkyl Acrylate Crosspolymer, Sucrose Palmitate, Xanthan Gum, Quartz, Parfum (Fragrance), Phenoxyethanol, Potassium Sorbate, Sodium Benzoate, Citric Acid, Sorbic Acid, i73

Die Liste der Inhaltsstoffe kann sich ändern. Bitte beachten Sie die Verpackung des gekauften Produkts.
","Morgens und abends nach der Reinigung aufgetragen, dient es als Basis für die anschließende Tages- oder Nachtcreme",FALSE,TRUE,FALSE
Augustinus Bader - Das Vitamin C Serum - Gesichtsserum - the Vitamine C Serum,https://media.sephora.eu/content/dam/digital/pim/published/A/AUGUSTINUS_BADER/788316/385694-media_swatch.jpg?scaleWidth=500&scaleHeight=500&scaleMode=fit,"Ein optimiertes und nicht reizendes Serum, das einem fahlen und müden Teint schnell Vitalität verleiht, den Teint und das Hautbild vereinheitlicht und vor Schäden durch freie Radikale schützt.
Formuliert mit einer synergetischen Mischung aus Vitamin C und Ergothionein, die außergewöhnliche und klinisch nachgewiesene Ergebnisse liefert. --30ml ",30ml,344.95,Augustinus Bader,Serum,"Aqua/Water/Eau, Ascorbyl Glucoside, Propanediol, Methylpropanediol, Pentylene Glycol, Niacinamide, Cellulose, Sodium Polyacryloyldimethyl Taurate, Potassium Hydroxide, Sodium Citrate, Hydroxyacetophenone, Glycerin, Tocopheryl Acetate, Citric Acid, Sodium Phytate, Tropaeolum Majus Flower/Leaf/Stem Extract, Ceramide NP, Ergothioneine, Maltodextrin, Trehalose, Xanthophylls, Polyglyceryl-10 Stearate, Lecithin, 1,2-Hexanediol, Caprylyl Glycol, Sucrose Stearate, Epigallocatechin Gallatyl Glucoside, Tocopherol, Adenosine, Cyclodextrin, Helianthus Annuus (Sunflower) Seed Oil, Hydrolyzed Rice Bran Protein, Xanthan Gum, Hydrogenated Lecithin, Ananas Sativus (Pineapple) Fruit Extract, Arginine, Brassica Alba Seed Extract, Camellia Sinensis Leaf Extract, Oligopeptide-195, Oligopeptide-196, Oligopeptide-197, Oligopeptide-198, Oligopeptide-199, Oligopeptide-6.

Die Liste der Inhaltsstoffe kann sich ändern. Bitte beachten Sie die Verpackung des gekauften Produkts.","In sanften Aufwärtsbewegungen auf Gesicht, Hals und Dekolleté auftragen. Auf eine saubere und trockene Haut auftragen.",TRUE,TRUE,TRUE
Augustinus Bader - The Cream - La Crème - 50 Ml,https://media.sephora.eu/content/dam/digital/pim/published/A/AUGUSTINUS_BADER/525344/217174-media_swatch.jpg?scaleWidth=500&scaleHeight=500&scaleMode=fit,"Eine leichte, erfrischende und intensiv feuchtigkeitsspendende Tagescreme. Stimuliert die Zellerneuerung, um das Aussehen der Haut drastisch zu verbessern. Das Ergebnis von 30 Jahren Forschung und Innovation im Dienste Ihrer Haut. Pflege mit dem TFC8®-Komplex. --50 ml",50 ml,289.95,Augustinus Bader,Feuchtigkeitspflege,"Aqua/Water/Eau, Caprylic/Capric Triglyceride, Pentylene Glycol, Propylene Glycol, Glycerin, Hydrogenated Phosphatidylcholine, Sorbitol, Tocopheryl Acetate, Butylene Glycol, Butyrospermum Parkii (Shea) Butter, Xanthan Gum, Panthenol, Sodium Carbomer, Alcohol, Aloe Barbadensis Leaf Juice, Hydrolyzed Rice Protein, Retinyl Palmitate, Helianthus Annuus (Sunflower) Seed Oil, Squalane, Phenoxyethanol, Cholesterol, Hydrogenated Lecithin, Ascorbyl Palmitate, Carbomer, Ceramide NP, Lecithin, Glycine Soja (Soybean) Protein, Superoxide Dismutase, Sodium Hydroxide, Alanyl Glutamine, Arginine, Ceramide NG, Citric Acid, Dextran, Glycine, Lysine, Oleic Acid, Palmitic Acid, Palmitoyl Tripeptide-8, Phenylalanine, Proline, Scenedesmus Rubescens Extract, Ascorbic Acid, Ethylhexylglycerin, Sodium Benzoate, Tocopherol, Brassica Alba Seed Extract, Disodium EDTA, Oligopeptide-177, Sodium Ascorbate, Sodium Dextran Sulfate, Potassium Sorbate.

Die Liste der Inhaltsstoffe kann sich ändern. Bitte beachte die Verpackung des gekauften Produkts.","Trage morgens und abends die gewünschte Menge auf die saubere und trockene Haut von Gesicht und Dekolleté auf. Trage die Creme auf, indem Sie den Kiefer von unten nach oben massieren, vom Kinn bis zu den Ohren. Glätten Sie das Produkt von der Nase bis zu den Ohren, auf der Stirn und auf den Wangen zu den Schläfen. ",FALSE,FALSE,TRUE
Augustinus Bader - The Cream Cleansing Gel - Das Reinigungsgel Creme - the Cream Cleansing Gel 100 Ml,https://media.sephora.eu/content/dam/digital/pim/published/A/AUGUSTINUS_BADER/533753/225441-media_swatch.jpg?scaleWidth=500&scaleHeight=500&scaleMode=fit,"Inspiriert von 30 Jahren Forschung und Innovation spendet dieses erfrischende und leicht schäumende Reinigungsgel Feuchtigkeit und reinigt gleichzeitig. Das Gel wird aus unserem exklusiven TFC8®-Komplex formuliert, der natürliche Aminosäuren, hochwertige Vitamine und synthetische Moleküle vereint, um die natürlichen Reparaturprozesse der Haut zu unterstützen und die Feuchtigkeit zu erhalten. Es enthält auch eine beruhigende Kräutermischung mit Rosenwasser, Gurkenextrakt und Aloe-Blattsaft, die beruhigend und mit Feuchtigkeit versorgen, ohne das Gleichgewicht der Haut zu stören. Die Haut ist genährt und bereit für die Augustinus Bader Pflege. Geeignet für alle Hauttypen. --100 ml",100 ml,81.95,Augustinus Bader,Gesichtsreinigung,"Aqua (Water), Glycerin, Prunus Amygdalus Dulcis (Sweet Almond) Oil, Rosa Damascena Flower Water, Disodium Cocoyl Glutamate, Coco Glucoside, 1, 2– Hexanediol, Xanthan Gum, Citric Acid, Sodium Chloride, Carrageenan, Coconut Acid, Alcohol, Tocopheryl Acetate, O–Cymen–5–Ol, Cholesterol, Cucumis Sativus (Cucumber) Fruit Extract, Helianthus Annuus (Sunflower) Seed Oil, Hydrogenated Lecithin, Tocopherol, Alanyl Glutamine, Aloe Barbadensis Leaf Juice Powder, Arginine, Ceramide Ng, Ceramide Np, Glycine, Lysine, Oleic Acid, Palmitic Acid, Phenylalanine, Proline, Scenedesmus Rubescens Extract, Brassica Alba Oil, Disodium Edta, Oligopeptide–177, Phenoxyethanol, Sodium Ascorbate, Sodium Hydroxide.

Die Liste der Inhaltsstoffe kann sich ändern. Bitte beachten Sie die Verpackung des gekauften Produkts.","Auf die feuchte Haut auftragen. Massiere sanft in kreisenden Bewegungen, um Schaum zu erzeugen. Mit lauwarmem Wasser abspülen, dann mit der Augustinus-Bader-Pflege-Routine fortfahren.",FALSE,FALSE,FALSE
Augustinus Bader - The Essence - Belebende Gesichtspflege,https://media.sephora.eu/content/dam/gdam/europe/digital/pim/published/A/AUGUSTINUS_BADER/546502/283202-media_swatch.jpg?scaleWidth=750&scaleHeight=750&scaleMode=fit,"Die revolutionäre 3-in-1-Formel ist von 30 Jahren Forschung und Innovation geprägt und bietet die Vorteile eines sanften chemischen Peelings, eines Gesichtswassers und einer Essenz, um die Haut mit mehr Feuchtigkeit zu versorgen und sie weicher und geschmeidiger zu machen.
Die Lotion enthält unseren exklusiven TFC8®-Komplex, der natürliche Aminosäuren, hochwertige Vitamine und synthetische Moleküle kombiniert, um die natürlichen Regenerations- und Reparaturprozesse der Haut zu unterstützen. Außerdem beinhaltet sie eine Mischung aus Hydroxysäuren, einschließlich Phytinsäure (AHA), Salicylsäure (BHA) und Gluconolacton (PHA), die sanft peelen und gleichzeitig das Wasserbindungsvermögen der Haut stärken. Antioxidative Wasabi-Fermente schützen die Haut vor schädlichen Umwelteinflüssen, während die Blüte der weißen Pfingstrose Feuchtigkeit spendet, beruhigt und die Haut vor Umweltbelastungen schützt. Der Teint wirkt heller und sonnenverwöhnt und strahlt vor Gesundheit. --100ml",100ml,99.95,Augustinus Bader,Toner,"Aqua (Water), Glycerin, Gluconolactone, Lactobacillus/Wasabia Japonica Root Ferment Extract, Phytic Acid, Sodium Hydroxide, Potassium Sorbate, Xanthan Gum, Sodium Benzoate, Salicylic Acid, Caesalpinia Spinosa Gum, Paeonia Lactiflora Root Extract, Papain, Citric Acid, Sodium Hyaluronate, Hydrolyzed Rice Protein, Maltodextrin, 1,2-Hexanediol, Caprylyl Glycol, Carbomer, N-Hydroxysuccinimide, Camellia Sinensis Leaf Extract, Hydrogenated Lecithin, Tocopheryl Acetate, Algin, Alanyl Glutamine, Arginine, Oligopeptide-177, Phenylalanine, Sisymbrium Irio Seed Oil, Sodium Chloride.

Die Liste der Inhaltsstoffe kann sich ändern. Bitte beachte die Verpackung des gekauften Produkts.
","Ein Wattepad tränken oder mit den Fingern auf die trockene Haut von Gesicht, Hals und Dekolleté auftragen und einklopfen. Die Lotion kurz einziehen lassen, bevor du die Feuchtigkeitspflege von Augustinus Bader aufträgst.",TRUE,TRUE,TRUE
Augustinus Bader - The Foaming Cleanser - Schäumende Reinigung - the Foaming Cleanser,https://media.sephora.eu/content/dam/digital/pim/published/A/AUGUSTINUS_BADER/763045/365028-media_swatch.jpg?scaleWidth=500&scaleHeight=500&scaleMode=fit,"Eine tägliche klärende Reinigung, die sanft Unreinheiten, Make-up und überschüssigen Talg entfernt, während sie die Haut mit Feuchtigkeit versorgt, sie ebenmäßiger macht und den Teint zum Strahlen bringt.
Angereichert mit TFC8® bzw. Trigger Factor Complex (Komplex mit Trigger-Faktoren).

• Eine leichte Cremetextur, die sich in einen Schaum verwandelt.
• Sauber. Ohne reizende Inhaltsstoffe,
Allergene oder synthetische Duftstoffe formuliert. Vegan.
• Geeignet für normale und fettige Haut. --100ml",100ml,81.95,Augustinus Bader,Gesichtsreinigung,"Aqua/Water/Eau, Glycerin, Sodium Cocoyl Isethionate, Behenyl Alcohol, Sodium Cocoyl Glycinate, Glycol Distearate, Sodium Lauryl Sulfoacetate, Arachidyl Alcohol, Cetearyl Alcohol, Leuconostoc/Radish Root Ferment Filtrate, Citric Acid, Arachidyl Glucoside, Hydroxyacetophenone, Lactobacillus, Niacinamide, Xanthan Gum, Sodium Citrate, Cocos Nucifera (Coconut) Fruit Extract, Ascorbyl Tetraisopalmitate, Galactoarabinan, Quillaja Saponaria Wood Extract, Lansium Domesticum Leaf Extract, Maltodextrin, Hydrolyzed Rice Protein, Moringa Oleifera Seed Oil, Camellia Sinensis Leaf Extract, Hydrogenated Lecithin, Hydrolyzed Linseed Extract, Sodium Benzoate, Tocopheryl Acetate, Sodium Hydroxide, Ascorbic Acid, Alanyl Glutamine, Arginine, Oligopeptide-177, Phenylalanine, Potassium Sorbate, Sisymbrium Irio Seed Oil, Sodium Chloride.

Die Liste der Inhaltsstoffe kann sich ändern. Bitte beachten Sie die Verpackung des gekauften Produkts.","• Trage eine haselnussgroße Menge des Produkts auf die feuchte Haut auf.
• Massiere es sanft mit kreisenden Bewegungen ein, um einen cremigen Schaum zu erzeugen.
• Gründlich abspülen.
• Anschließend mit der Augustinus-Bader-Pflegeroutine fortfahren.
• Kann als zweiter Schritt einer doppelten Reinigung
mit dem Reinigungsbalsam verwendet werden. ",TRUE,TRUE,TRUE
Augustinus Bader - The Retinol Serum - Gesichtsserum Mit Retinol - 15 Ml,https://media.sephora.eu/content/dam/digital/pim/published/A/AUGUSTINUS_BADER/669485/319587-media_swatch.jpg?scaleWidth=500&scaleHeight=500&scaleMode=fit,"Es wurde formuliert, um die Sichtbarkeit von tiefen Falten und Fältchen, Unreinheiten und Pigmentierung zu reduzieren und gegen die vorzeitige Hautalterung und neuen Hautausschlag vorzugehen. Angereichert mit TFC8® bzw. Trigger Factor Complex (Komplex mit Trigger-Faktoren).

Vorteile des Produkts:
- Leichte und feuchtigkeitsspendende Serum-Textur
- Formel ohne reizende Inhaltsstoffe, Allergene oder synthetische Duftstoffe. Vegan.
- Empfohlen für zu Unreinheiten neigende Haut und reife Haut.
Vegan : Produkte aus natürlich gewonnenen Inhaltsstoffen.--15 ml",15 ml,179.95,Augustinus Bader,Serum,"Aqua (Water), Caprylic/Capric Triglyceride, Glycerin, Octyldodecanol, C12-16 Alcohols, Squalane, Propanediol, Glycine Soja (Soybean) Oil, Butyrospermum Parkii (Shea) Butter, Ectoin, Helianthus Annuus (Sunflower) Hybrid Oil, Palmitic Acid, Myristyl Alcohol, PCA, Hydrogenated Lecithin, Xanthan Gum, Potassium Sorbate, Carbomer, Sodium Stearoyl Glutamate, Sodium Benzoate, Helianthus Annuus (Sunflower) Seed Oil, Tocopherol, Citric Acid, Zinc PCA, Maltodextrin, Retinol, Hydrolyzed Rice Protein, Panthenol, Totarol, Leptospermum Scoparium Branch/Leaf Oil, Niacinamide, Sodium Hydroxide, Calcium Pantothenate, Sodium Starch Octenylsuccinate, Magnolia Officinalis Bark Extract, Piper Nigrum (Pepper) Seed Extract, Tocopheryl Acetate, Camellia Sinensis Leaf Extract, Polygonum Cuspidatum Root Extract, Sodium Ascorbyl Phosphate, Pyridoxine HCl, Alanyl Glutamine, Arginine, Oligopeptide-177, Phenylalanine, Sisymbrium Irio Seed Oil, Sodium Chloride, Silica

Die Liste der Inhaltsstoffe kann sich ändern. Bitte beachten Sie die Verpackung des gekauften Produkts.
","Das Retinol-Serum nach der Reinigungsroutine von Augustinus Bader auftragen und vorsichtig ins Gesicht, Hals und Dekolletee einmassieren.
Das Produkt entlang des Kiefers mit Bewegungen von unten nach oben einziehen lassen.
Von der Nase zu den Ohren streichen und dann die Stirn massieren. Anschließend von den Wangen zu den Schläfen massieren.
Zum Schluss streichende Bewegungen vom Halsansatz zur Kinnspitze ausführen, dass die Reste des Serums auf das Dekolletee einmassieren.",TRUE,TRUE,FALSE
Augustinus Bader - The Serum - Extrem Feuchtigkeitsspendendes Serum - face Care Le Sérum 15ml,https://media.sephora.eu/content/dam/digital/pim/published/A/AUGUSTINUS_BADER/728218/350205-media_swatch.jpg?scaleWidth=500&scaleHeight=500&scaleMode=fit,"Als Ergebnis einer 30 Jahre langen wissenschaftlichen Innovation stellt The Serum ein Feuchtigkeitskonzentrat dar, das formuliert wurde, um die hartnäckigsten Hautprobleme zu bewältigen (von der Deshydrierung der Haut bis zu den sichtbaren Zeichen der Hautalterung und
Umweltschäden) und um häufige Probleme des Teints zu behandeln, um deiner Haut Gesundheit, Leuchtkraft und Widerstandsfähigkeit zu gewähren. Die Formel enthält TFC8® (unseren exklusiven Komplex aus Aminosäuren, hochwertigen Vitaminen und synthetischen Molekülen,
der die Haut mit wichtigen Nährstoffen versorgt und die körpereigenen Regenerationsprozesse ankurbelt. Die Formel wurde sorgfältig ausgearbeitet, um die Wirkung unserer Feuchtigkeitscremes fürs Gesicht zu optimieren und einmalige Ergebnisse
sowie einen unnachahmlichen Glow zu gewährleisten.

Diese kraftvolle Formel kombiniert extrem feuchtigkeitsspendende Wirkstoffe mit leistungsstarken natürlichen Lösungen (energiespendendes Vitamin C, nährendes Reiskleieöl, das reich an Ferulasäure ist, Granatapfelkernkonzentrat
und Resveratrol, die reich an Antioxidantien sind, und Edelweiss-Extrakt, der gegen die Umweltverschmutzung vorgeht) für einen revitalisierten Teint, der vor Gesundheit strahlt.--15ml",15ml,179.95,Augustinus Bader,Serum,"Aqua/Water/Eau, Glycerin, 1,2-Hexanediol, Cellulose, Ethylhexyl Polyhydroxystearate, Resveratrol, Squalane, Sodium Acrylates Copolymer, Ascorbyl Tetraisopalmitate, Oryza Sativa (Rice) Bran Oil, Maltitol, Leontopodium Alpinum Callus Culture Extract, Xylitylglucoside, Lecithin, Anhydroxylitol, Citric Acid, Xylitol, Hydrolyzed Rice Protein, Maltodextrin, Sodium Hyaluronate, Sodium Hydroxide, O-Cymen-5-Ol, Punica Granatum Extract, Sodium Phytate, Glucose, Xanthan Gum, Camellia Sinensis Leaf Extract, Hydrogenated Lecithin, Tocopheryl Acetate, Alanyl Glutamine, Arginine, Oligopeptide-177, Potassium Sorbate, Sodium Chloride, Phenylalanine, Sisymbrium Irio Seed Oil.

Die Liste der Inhaltsstoffe kann sich ändern. Bitte beachte die Verpackung des gekauften Produkts.","Das Serum mit streichenden Bewegungen von unten nach oben auf Gesicht, Hals und Dekolletee auftragen.
Auf saubere und trockene Haut auftragen. Anschließend mit der Augustinus-Bader-Pflegeroutine fortfahren.",TRUE,TRUE,TRUE
Augustinus Bader - The Sunscreen Spf 50 - Sonnenschutz - the Face Care The Sunscreen 30ml,https://media.sephora.eu/content/dam/digital/pim/published/A/AUGUSTINUS_BADER/761579/367239-media_swatch.jpg?scaleWidth=500&scaleHeight=500&scaleMode=fit,"Diese leichte, hochwirksame Sonnencreme vereint Sonnenschutz und Hautpflege.
Die schnell einziehende Formel ist mit TFC8®,
Trigger Factor Complex TM, angereichert, schützt vor UVA- und UVB-Strahlen und erneuert die Haut, wodurch sichtbare Zeichen der Hautalterung vorgebeugt und reduziert werden. Dein täglicher SPF 50. --30ml",30ml,129.95,Augustinus Bader,Sonnenschutz,"Aqua/Water/Eau, Diethylamino Hydroxybenzoyl Hexyl Benzoate, Dicaprylyl Carbonate, Butyloctyl Salicylate, Diethylhexyl Carbonate, Ethylhexyl Triazone, Isopropyl Lauroyl Sarcosinate, Propanediol, Bis-Ethylhexyloxyphenol Methoxyphenyl Triazine, Phenylbenzimidazole Sulfonic Acid, Silica, Cetearyl Alcohol, Behenyl Alcohol, Bisabolol, Rubus Idaeus (Raspberry) Seed Oil, Glycerin, Glyceryl Stearate, Jojoba Esters, Caprylyl Glycol, Hydroxyacetophenone, Glyceryl Caprylate, Sodium Hydroxide, Helianthus Annuus (Sunflower) Seed Wax, Sodium Stearoyl Glutamate, Xanthan Gum, Caprylhydroxamic Acid, Gossypium Herbaceum (Cotton) Seed Extract, Mauritia Flexuosa Fruit Oil, Sodium Phytate, Polyglycerin-3, Hydrolyzed Rice Protein, Maltodextrin, Plankton Extract, Perilla Frutescens Leaf Extract, Punica Granatum Flower Extract, Citric Acid, Camellia Sinensis Leaf Extract, Hydrogenated Lecithin, Tocopheryl Acetate, Tocopherol, Terminalia Ferdinandiana Fruit Extract, Lecithin, Alanyl Glutamine, Arginine, Oligopeptide-177, Phenylalanine, Potassium Sorbate, Sisymbrium Irio Seed Oil, Sodium Chloride

Die Liste der Inhaltsstoffe kann sich ändern. Bitte beachte die Verpackung des gekauften Produkts.
","Jeden Morgen als letzten Schritt deiner Augustinus Bader-Pflegeroutine auftragen.
Mit Aufwärtsbewegungen auf Gesicht, Hals und Dekolleté auftragen. 
15 Minuten vor dem Sonnenbad großzügig auftragen. 

Trage beim Schwimmen oder wenn du schwitzt ein wasserfestes Sonnenschutzmittel auf. 
Mindestens alle 2 Stunden nachcremen.",TRUE,TRUE,TRUE
Avene - Hydrance Rich Hydrating Cream 40ml,https://www.mystationary.de/media/e4/54/9d/1775867691/ccf89cee8a0f0512c94318b38b36c304121771d2_MS_0065728_image_1_3282779390132.jpg?ts=1775867694,"Die Avène Hydrance Rich Hydrating Cream ist eine reichhaltige Feuchtigkeitscreme, die trockene bis sehr trockene Haut intensiv mit Feuchtigkeit versorgt. Sie hilft, die Haut geschmeidig zu machen, Spannungsgefühle zu lindern und den natürlichen Feuchtigkeitshaushalt der Haut zu unterstützen.
 Die cremige Textur hinterlässt ein angenehmes, gepflegtes Hautgefühl und sorgt für einen frischen, strahlenden Teint. --40 ml",40 ml,26.95,Avene,Feuchtigkeitspflege,"Thermal Spring Water (Aqua), Caprylic/Capric Triglyceride, Glycerin, Butyrospermum Parkii (Shea) Butter, Carthamus Tinctorius (Safflower) Seed Oil, Behenyl Alcohol, Sodium Acrylates/C10-30 Alkyl Acrylate Crosspolymer, Water (Aqua)

Die Liste der Inhaltsstoffe kann sich ändern. Bitte beachte die Verpackung des gekauften Produkts.
",Verteile morgens und abends (oder auch nur einmal täglich) eine kleine Menge der Creme auf den Fingerspitzen und trage sie sanft auf Gesicht und Hals auf. Für optimale Ergebnisse wird eine regelmäßige Anwendung empfohlen.,TRUE,TRUE,TRUE
Babor - Barrier Protect Ampoule Serum Concentrate - Ampulle - ampoule Concentrates Barrier Protect Amp,https://media.sephora.eu/content/dam/digital/pim/published/B/BABOR/755413/361853-media_swatch.jpeg?scaleWidth=500&scaleHeight=500&scaleMode=fit,"Das innovative Skincare Upgrade zur Unterstützung der natürlichen Hautschutzbarriere in nur 7 Tagen: Niacinamide, hautidentische Ceramide und multimolekulare Hyaluronsäuren legen sich schützend und beruhigend auf die durch Rötungen und Juckreiz gezeichnete, beschädigte Hautschutzbarriere, fördern die Hautregeneration und spenden intensive Feuchtigkeit. Durch den enthaltenen Wirkkomplex wird die Haut vor äußeren Einflüssen und Feuchtigkeitsverlust geschützt.

Das Herzstück jeder BABOR Formel sind sichtbare Ergebnisse. Der globale Pionier in der Kategorie Ampullen revolutioniert das Ceramide Power Serum Concentrate und schafft durch die Hinzugabe effektiver und innovativer Wirkstoffe eine neue, noch leistungsstärkere Generation der barrierestärkenden, hochwirksamen Hautregenerationskur – das DOCTOR BABOR Barrier Protect Ampoule Serum Concentrate. Eingefangen in den ikonischen Ampullen aus medizinischem Glas, die jede Formel vor äußeren Bedingungen schützen und erst beim Öffnen frisch aktivieren, vereint diese 7-Tages-Kur einen 10% Komplex aus Niacinamide und Ceramiden mit dem kraftvollen Biogen Plant Extrakt für eine regenerierte und ausgeglichenere Haut voller Strahlkraft. --14ml",14ml,36.45,Babor,Serum,"Aqua (Water), Niacinamide, Fucus Vesiculosus Extract, Fumaria Officinalis Extract, Nasturtium Officinale Extract, Panax Ginseng Root Extract, Rosmarinus Officinalis (Rosemary) Leaf Extract, Scrophularia Nodosa Extract, Urtica Dioica (Nettle) Leaf Extract, Agrimonia Eupatoria Extract, Panthenol, Pentylene Glycol, Sodium Hyaluronate, Hydrolyzed Lupine Protein, Sphingolipids, Sorbitol, P-Anisic Acid, Tocopherol, Xanthan Gum, Phospholipids, Alcohol Denat., Ethylhexylglycerin, Citric Acid, Pantolactone, Sodium Citrate, Phenoxyethanol, Sodium Benzoate

Die Liste der Inhaltsstoffe kann sich ändern. Bitte beachten Sie die Verpackung des gekauften Produkts.
","Einmal täglich innerhalb von 7 Tagen die 2ml Ampulle nach der Reinigung auf Gesicht, Hals und Dekolleté auftragen und mit leichtem Druck der Fingerspitzen in die Haut einmassieren. Dazu Ampulle schütteln und den Ampullenhals mit dem beiliegenden Ampullenöffner bedecken. Ampulle am Öffner anfassen und mit einer ruckartigen Bewegung am schwarzen Ring aufbrechen. Danach vorzugsweise mit der DOCTOR BABOR REGENERATION The Cure Cream oder jeder anderen BABOR Pflege fortfahren. Zur Erfüllung weiterer Hautbedürfnisse innerhalb von 7 Tagen wird die Kombination mit anderen Ampoule Serum Concentrates empfohlen.",FALSE,FALSE,TRUE
Babor - Daily Blemish Control Cleansing Gel - Reinigungsgel - doctor Babor Blemish Control Cleanser,https://media.sephora.eu/content/dam/digital/pim/published/B/BABOR/740985/356902-media_swatch.jpeg?scaleWidth=500&scaleHeight=500&scaleMode=fit,"Das Herzstück jeder BABOR Formel sind sichtbare Ergebnisse. Das DOCTOR BABOR CLARIFYING Daily Blemish Control Cleansing Gel hilft mit 0,5% Salizylsäure, die Haut porentief zu reinigen. Panthenol und Glycerin helfen dabei die Haut mit Feuchtigkeit zu versorgen und diese perfekt auf die darauffolgende Pflege vorzubereiten. Bei täglicher Anwendung unterstützt dieses Reinigungsgel dabei, den Teufelskreis unreiner Haut zu durchbrechen ohne die Hautschutzbarriere anzugreifen. Angereichert mit dem DOCTOR BABOR exklusiven BIOGEN PLANT EXTRAKT, die Krönung der Babor Forschung, werden die hauteigenen Prozesse angeregt und somit die jugendliche Agilität der Haut gefördert.

100% vegan und frei von Silikonen, Parabenen, Mineralölen, PEGs, Mikroplastik und anderen unnötigen Inhaltsstoffen wurde das Daily Blemish Control Cleansing Gel nach den ambitionierten BABOR Richtlinien für „cleane“ Formeln von den BABOR Experten in den unternehmenseigenen Laboratorien in Aachen, Deutschland, entwickelt und perfektioniert. Made in Germany ist ein Qualitätssiegel, welches für dieses Produkt und das ganze Unternehmen steht.
Die leichte Gel-Textur ohne Duft- und Farbstoffe transformiert in einen zarten Schaum und hinterlässt ein angenehm gereinigtes Hautgefühl, ohne die Haut auszutrocknen. --150ml",150ml,25.95,Babor,Gesichtsreinigung,"Aqua/Water/Eau, Alcohol Denat., Cocamidopropyl Betaine, Coco-Glucoside, Pentylene Glycol, Glycerin, Butylene Glycol, Sodium Chloride, Xanthan Gum, Agrimonia Eupatoria Extract, Fucus Vesiculosus Extract, Fumaria Officinalis Extract, Nasturtium Officinale Extract, Panax Ginseng Root Extract, Rosmarinus Officinalis (Rosemary) Leaf Extract, Scrophularia Nodosa Extract, Urtica Dioica (Nettle) Leaf Extract, Panthenol, Sorbitol, Carrageenan, Ethylhexylglycerin, Pantolactone, Citric Acid, Phenoxyethanol, Salicyl Acid.  

Die Liste der Inhaltsstoffe kann sich ändern. Bitte beachten Sie die Verpackung des gekauften Produkts.

","Morgens und/oder abends Gel in den Handteller geben und mit etwas Wasser aufschäumen. Schaum auf der trockenen Haut von Gesicht, Hals und Dekolleté verteilen. Fingerspitzen anfeuchten und Reinigung in kreisenden Bewegungen aufarbeiten. Augen dabei aussparen. Mit reichlich Wasser gründlich abspülen. Danach das DOCTOR BABOR Clarifying Complexion Perfecting Serum und als Abschlusspflege die DOCTOR BABOR Clarifying Blemish Reducing Cream verwenden. Zur Behandlung ausbrechender Unreinheiten wird das DOCTOR BABOR Impurity Spot Treatment empfohlen.",TRUE,FALSE,TRUE
Babor - Ecm Repair Serum - Serum - doctor Babor Ecm Repair Serum,https://media.sephora.eu/content/dam/digital/pim/published/B/BABOR/740977/356894-media_swatch.jpeg?scaleWidth=500&scaleHeight=500&scaleMode=fit,"Das DOCTOR BABOR REGENERATION ECM Repair Serum ist ein aufbauendes Hochleistungsserum, das die Hautregeneration auf Zellebene fördert. Mit fermentierten Sojabohnen, Lupinenproteinen, natürlichen Feuchtigkeitsfaktoren und dem exklusiven BIOGEN PLANT EXTRAKT stärkt es die extrazelluläre Matrix (ECM) und aktiviert die Bildung von Kollagen, Elastin und Hyaluronsäure. Für eine sichtbar glattere, festere und widerstandsfähigere Haut – Tag für Tag. --30ml",30ml,38.95,Babor,Serum,"Aqua (Water), Aloe Barbadensis Leaf Juice*, Betaine, Lactobacillus/Soybean Ferment Extract, Alcohol Denat., Agrimonia Eupatoria Extract, Fucus Vesiculosus Extract, Fumaria Officinalis Extract, Nasturtium Officinale Extract, Panax Ginseng Root Extract, Rosmarinus Officinalis (Rosemary) Leaf Extract, Scrophularia Nodosa Extract, Urtica Dioica (Nettle) Leaf Extract, Panthenol, Sodium Lactate, Sodium PCA, Sorbitol, Hydrolyzed Lupine Protein, Pentylene Glycol, Caprylyl Glycol, Fructose, Glycine, Inositol, Lactic Acid, Niacinamide, Urea, Xanthan Gum, Ethylhexylglycerin, Pantolactone, Citric Acid, Phenoxyethanol, Sodium Benzoate

Die Liste der Inhaltsstoffe kann sich ändern. Bitte beachten Sie die Verpackung des gekauften Produkts.
","Morgens und/oder abends nach der Reinigung mit dem DOCTOR BABOR REGENERATION Barrier Balance Lotion Cleanser auf Gesicht, Hals und Dekolleté auftragen.
Anschließend die DOCTOR BABOR The Cure Cream oder die DOCTOR BABOR Collagen-Peptide Booster Cream verwenden.",TRUE,FALSE,TRUE
Babor - Gel And Tonic Cleanser - Reinigungsgel - cleansing Gel & Tonic 200ml,https://media.sephora.eu/content/dam/digital/pim/published/B/BABOR/661141/313822-media_swatch.jpg?scaleWidth=500&scaleHeight=500&scaleMode=fit,"Die Haut wird zuverlässig gereinigt und von überschüssigem Talg befreit. Durch die antibakterielle Wirkung werden vorhandene Hautunreinheiten geklärt und der Entstehung neuer Unreinheiten vorgebeugt. Zink hat Sebum-regulierende Eigenschaften, während Glycerin die Feuchtigkeitsbalance der Haut unterstützt. Extrakte aus Trauben, Ingwer und Weihrauch wirken adstringierend. Ein Proteinextrakt aus dem Moringa Samen schützt die Haut vor negativen urbanen Umwelteinflüssen. Perfekt gereinigt zeigt sich die Haut aufnahmefähiger für die nachfolgende Pflege. --200ml",200ml,14.45,Babor,Gesichtsreinigung,"Aqua, Coco-Glucoside, Glycerin, Alcohol Denat., Cocamidopropyl Betaine, Caprylyl/Capryl Glucoside, Phenoxyethanol, Vitis Vinifera Fruit Extract, Xanthan Gum, Sodium Chloride, Boswellia Serrata Resin Extract, Sodium Citrate, Zinc Pca, Zingiber Officinale Root Extract, Parfum, Ethylhexylglycerin, Sodium Hydroxide, Citric Acid, Maltodextrin, Moringa Oleifera Seed Extract.

Die Liste der Inhaltsstoffe kann sich ändern. Bitte beachten Sie die Verpackung des gekauften Produkts.","BABOR Gel & Tonic Cleanser morgens und abends mit etwas Wasser im Handteller aufschäumen. Schaum auf der trockenen Haut von Gesicht, Hals und Dekolleté verteilen. Augenbereich aussparen. Fingerspitzen mit kühlem Wasser anfeuchten und Reinigung in kreisenden Bewegungen aufemulgieren. Mit reichlich Wasser gründlich abspülen.",TRUE,FALSE,FALSE
Babor - Hsr Lifting Cream Rich - Gesichtscreme Für Trockene Haut - 30 Ml,https://media.sephora.eu/content/dam/digital/pim/published/B/BABOR/633919/281565-media_swatch.jpg?scaleWidth=500&scaleHeight=500&scaleMode=fit,"Diese luxuriöse HSR lifting Creme setzt, auf Basis von aktuellsten Forschungsergebnissen, neue Maßstäbe im Bereich des kosmetischen Liftings bei BABOR: Der innovative Wirkstoffkomplex, reduziert sichtbar alle Faltenarten und wirkt den Ursachen der Faltenentstehung gezielt entgegen. Die besonders geschmeidige, nährende Textur ist reich an wertvollen Lipiden und zieht optimal ein. Für intensive Feuchtigkeit und ein luxuriöses Pflegegefühl. --30 ml",30 ml,80.45,Babor,Feuchtigkeitspflege,"Aqua, Prunus Amygdalus Dulcis Oil, Glycerin, Butyrospermum Parkii Butter, Decyl Oleate, Coco-Caprylate/Caprate, Cetyl Alcohol, Hydrogenated Vegetable Glycerides, Helianthus Annuus Seed Oil, Mangifera Indica Seed Oil, Potassium Cetyl Phosphate, Tocopheryl Acetate, Phenoxyethanol, Panthenol, Hydrogenated Palm Glycerides, Xanthan Gum, Glyceryl Glucoside, Brassica Campestris Sterols, Parfum, Tocopherol, Carnosine, Panicum Miliaceum Seed Extract, Glycine Soja Protein, Gellan Gum, Citric Acid, Ethylhexylglycerin, Lupinus Albus Seed Extract, Pisum Sativum Extract, Caprylyl Glycol, Lecithin, Sodium Citrate, Hydrolyzed Pinus Sibirica Seedcake Extract, Sodium Cocoyl Glutamate, Biosaccharide Gum-1, Potassium Sorbate, Tannic Acid, Sodium Benzoate, Acanthopanax Senticosus Root Extract, Stevioside, Pentylene Glycol, Pantolactone, Acetyl Hexapeptide-8, Sodium Hydroxide

Die Liste der Inhaltsstoffe kann sich ändern. Bitte beachte die Verpackung des gekauften Produkts.
","Morgens und abends nach der Reinigung auf Gesicht, Hals und Dekolleté auftragen und sanft einmassieren. Für maximale Ergebnisse verwenden Sie zuvor das HSR lifting Serum.",TRUE,TRUE,FALSE
Babor - Hydro Replenishing Gel Cream - Gesichtscreme - doctor Babor Hydro Replenishing Cream,https://media.sephora.eu/content/dam/digital/pim/published/B/BABOR/740982/356899-media_swatch.jpeg?scaleWidth=500&scaleHeight=500&scaleMode=fit,"Die leichte, angenehm duftende Formel verschmilzt mit der Haut und versorgt sie intensiv und langanhaltend mit Feuchtigkeit. Die dreifache Wirksymbiose aus potentem Tripeptid, innovativer Polyglutaminsäure und einem leistungsstarken Komplex aus multidimensionalen Hyaluronsäuren bindet Feuchtigkeit in der Haut und schützt sie so vor dem Austrocknen. Die Haut wirkt sichtbar durchfeuchtet, aufgepolstert und ausgeglichen. --50ml

",50ml,50.95,Babor,Feuchtigkeitspflege,"Aqua / Water / Eau, Glycerin, Alcohol Denat., Coco-Caprylate/Caprate, Xylitol, Xylitylglucoside, Squalane, Fucus Vesiculosus Extract, Fumaria Officinalis Extract, Nasturtium Officinale Extract, Panax Ginseng Root Extract, Rosmarinus Officinalis (Rosemary) Leaf Extract, Scrophularia Nodosa Extract, Urtica Dioica (Nettle) Leaf Extract, Agrimonia Eupatoria Extract, Helianthus Annuus (Sunflower) Seed Oil, Anhydroxylitol, Sodium Hyaluronate, Sodium Polyglutamate, Glucose, Tocopherol, Menthyl Lactate, Biosaccharide Gum-1, Sorbitol, Caprylyl Glycol, Tetradecyl Aminobutyroylvalylaminobutyric Urea Trifluoroacetate, Ketoglutaric Acid, Cetearyl Alcohol, Hydrogenated Vegetable Glycerides, Potassium Cetyl Phosphate, Xanthan Gum, Hydrogenated Palm Glycerides, Sclerotium Gum, Parfum (Fragrance), Magnesium Chloride, Ethylhexylglycerin, Citric Acid, Phenoxyethanol, Benzyl Salicylate, Citrus Aurantium Bergamia (Bergamot) Peel Oil, Citrus Aurantium Peel Oil, Citrus Limon (Lemon) Peel Oil, Juniperus Virginiana Oil, Limonene, Linalool, Linalyl Acetate, Pinene, Tetramethyl Acetyloctahydronaphthalenes

Die Liste der Inhaltsstoffe kann sich ändern. Bitte beachte die Verpackung des gekauften Produkts.
","Morgens und abends nach der Reinigung und vorzugsweise nach dem DOCTOR BABOR Hydro Filler Serum oder dem 10D Hyaluronic Acid Ampoule Serum Concentrate auf Gesicht, Hals und Dekolleté auftragen und leicht einmassieren.",TRUE,FALSE,FALSE
Babor - Instant Exfoliating Toner - Gesichtstoner - doctor Babor Instant Exfoliating Toner,https://media.sephora.eu/content/dam/digital/pim/published/B/BABOR/740994/356911-media_swatch.jpeg?scaleWidth=500&scaleHeight=500&scaleMode=fit,"Das Herzstück jeder BABOR Formel sind sichtbare Ergebnisse. Der DOCTOR BABOR CLARIFYING Exfoliating Toner, der Nachfolger des AHA BHA Toners, unterstützt die Hauterneuerung und verfeinert das Hautbild mit einer effektiven Säurekombination aus 9% AHA (Mandelsäure), BHA (Salizylsäure) und PAD (Azelainsäure-Derivat). Zusätzlich versorgt pflegendes Panthenol die Haut mit Feuchtigkeit und stärkt die natürliche Schutzbarriere der Haut. Angereichert mit dem DOCTOR BABOR exklusiven BIOGEN PLANT EXTRAKT, die Krönung der Babor Forschung, werden die hauteigenen Prozesse angeregt und somit die jugendliche Agilität der Haut gefördert.

100% vegan und frei von Silikonen, Parabenen, Mineralölen, PEGs, Mikroplastik und anderen unnötigen Inhaltsstoffen wurde der Exfoliating Toner nach den ambitionierten BABOR Richtlinien für „cleane“ Formeln von den BABOR Experten in den unternehmenseigenen Laboratorien in Aachen, Deutschland, entwickelt und perfektioniert. Made in Germany ist ein Qualitätssiegel, welches für dieses Produkt und das ganze Unternehmen steht.
Die erfrischende Formel verzichtet auf zusätzliche Farb- und Duftstoffe und lässt sich somit ideal bei in die bestehende Pflegeroutine integrieren. --200ml",200ml,25.95,Babor,Toner,"Aqua/Water/Eau, Alcohol Denat., Mandelic Acid, Potassium Azeloyl Diglycinate, Salicylic Acid, Sodium Hydroxide, Fucus Vesiculosus Extract, Fumaria Officinalis Extract, Nasturtium Officinale Extract, Panax Ginseng Root Extract, Rosmarinus Officinalis (Rosemary) Leaf Extract, Scrophularia Nodosa Extract, Urtica Dioica (Nettle) Leaf Extract, Agrimonia Eupatoria Extract, Glycerin, Panthenol, Sorbitol, Sodium Sulfite, Xanthan Gum, Ethylhexylglycerin, Citric Acid, Phenoxyethanol.

Die Liste der Inhaltsstoffe kann sich ändern. Bitte beachte die Verpackung des gekauften Produkts.
","Alle 2 Tage nach der Reinigung auf ein Wattepad geben und auf Gesicht, Hals und Dekolleté verteilen, so dass sich die Haut gut benetzt anfühlt. Einwirken lassen und im Anschluss gewohnte Pflege auftragen. Bei guter Verträglichkeit kann der Toner auch täglich verwendet werden.",TRUE,FALSE,TRUE
Babor - Instant Relief Lotion - Gesichtslotion - doctor Babor Instant Relief Lotion,https://media.sephora.eu/content/dam/digital/pim/published/B/BABOR/740989/356906-media_swatch.jpeg?scaleWidth=500&scaleHeight=500&scaleMode=fit,"Das Herzstück jeder BABOR Formel sind sichtbare Ergebnisse. Die DOCTOR BABOR SENSITIVE Instant Relief Lotion, unterstützt mit einem 9,2%igen Komplex aus beruhigenden Pflanzenextrakten, hautidentischen Ceramiden und Mikrosilber die Hautbarriere und hilft die Hautrauigkeit und Spannungsgefühle zu reduzieren. Mit größtem Respekt ohne Farb- und Duftstoffe für die selbst empfindlichsten Häute entwickelt, binden wertvolle Lipide Feuchtigkeit und schützen vor transepidermalem Wasserverlust. Morgens und abends angewendet, wirkt die kosmetisch-antibakterielle Formel besonders bei zu Akne neigenden Häuten unterstützend Hautempfindlichkeiten zu mildern und die Hautbarriere zu stärken für ein ausgeglichenes, beruhigtes Hautbild.
Angereichert mit dem DOCTOR BABOR exklusiven BIOGEN PLANT EXTRAKT, die Krönung der Babor Forschung, werden die hauteigenen Prozesse angeregt und somit die jugendliche Agilität der Haut gefördert. --150ml",150ml,31.45,Babor,Feuchtigkeitspflege,"Aqua / Water / Eau, Glycerin, Pentylene Glycol, Hydrogenated Vegetable Glycerides, Polyglyceryl-3 Methylglucose Distearate, Coco-Caprylate/Caprate, Hydrogenated Ethylhexyl Olivate, Prunus Amygdalus Dulcis (Sweet Almond) Oil, Castanea Sativa (Chestnut) Leaf Extract, Achillea Millefolium Extract, Agrimonia Eupatoria Extract, Fucus Vesiculosus Extract, Fumaria Officinalis Extract, Nasturtium Officinale Extract, Panax Ginseng Root Extract, Rosmarinus Officinalis (Rosemary) Leaf Extract, Scrophularia Nodosa Extract, Urtica Dioica (Nettle) Leaf Extract, Panthenol, Ethylhexylglycerin, Allantoin, Sodium Lactate, Triethyl Citrate, Ceramide NP, Tocopherol, Silver (Silver), Ceramide AP, Cholesterol, Phytosphingosine, Ceramide EOP, Xanthan Gum, Hydrogenated Olive Oil Unsaponifiables, Polyglyceryl-10 Stearate, Helianthus Annuus (Sunflower) Seed Oil, Butylene Glycol, Polyglyceryl-6 Behenate, Behenic Acid, Cetearyl Alcohol, Glyceryl Stearate, Sodium Levulinate, Sodium Cetearyl Sulfate, Citric Acid, Pantolactone, Potassium Sorbate

Die Liste der Inhaltsstoffe kann sich ändern. Bitte beachte die Verpackung des gekauften Produkts.
","Morgens und abends nach der Reinigung und vorzugsweise nach dem DOCTOR BABOR Itch Relief Serum oder dem DOCTOR BABOR Instant Soothing Ampoule Serum Concentrate auf Gesicht, Hals und Dekolleté auftragen und leicht einmassieren.",FALSE,TRUE,TRUE
Babor - Itch Relief Serum - Serum - doctor Babor Itch Relief Serum,https://media.sephora.eu/content/dam/digital/pim/published/B/BABOR/763367/365446-media_swatch.jpeg?scaleWidth=500&scaleHeight=500&scaleMode=fit,"Das Herzstück jeder BABOR Formel sind sichtbare Ergebnisse. Das DOCTOR BABOR SENSITIVE Itch Relief Serum, unterstützt mit einem 3%igen Komplex aus beruhigenden Pflanzenextrakten, feuchtigkeitsspendenden Wirkstoffen und Mikrosilber unangenehmen Juckreiz, Rötungen und Spannungsgefühle dermakosmetisch zu behandeln. Mit größtem Respekt für die empfindlichen, gereizten Häute entwickelt, binden wertvolle Lipide Feuchtigkeit und schützen vor transepidermalem Wasserverlust. Bei regelmäßiger Anwendung wirkt dieses lindernde Serum als kosmetische Ergänzung bei der Behandlung von atopischer Dermatitis und zu Akne neigender Haut, indem die Hautbarriere gestärkt und Hautempfindlichkeiten gemildert werden. Für ein ausgeglichenes, beruhigtes und gestärktes Hautbild.
100% vegan und frei von Silikonen, Parabenen, Mineralölen, PEGs, Mikroplastik und anderen unnötigen Inhaltsstoffen wurde das Itch Relief Serum nach den ambitionierten BABOR Richtlinien für „cleane“ Formeln von den BABOR Experten in den unternehmenseigenen Laboratorien in Aachen, Deutschland, entwickelt und perfektioniert. Made in Germany ist ein Qualitätssiegel, welches für dieses Produkt und das ganze Unternehmen steht.
Die leichte, schnell einziehende Formel verzichtet auf zusätzliche Farb- und Duftstoffe und verleiht ein entspanntes, optimal gepflegtes Hautgefühl. Somit lässt sie sich ideal bei trockener, lipidarmer Haut in die bestehende Pflegeroutine integrieren, um die Haut nachhaltig zu beruhigen und mit Feuchtigkeit zu versorgen. --30ml",30ml,56.45,Babor,Serum,"Aqua (Water), Glycerin, Prunus Amygdalus Dulcis (Sweet Almond) Oil, Polyglyceryl-10 Stearate, Pentylene Glycol, Hydrogenated Vegetable Glycerides, Macadamia Integrifolia Seed Oil, Achillea Millefolium Extract, Agrimonia Eupatoria Extract, Fucus Vesiculosus Extract, Fumaria Officinalis Extract, Nasturtium Officinale Extract, Panax Ginseng Root Extract, Rosmarinus Officinalis (Rosemary) Leaf Extract, Scrophularia Nodosa Extract, Urtica Dioica (Nettle) Leaf Extract, Helianthus Annuus (Sunflower) Seed Oil, Panthenol, Allantoin, Sodium Lactate, Tocopherol, Silver, Coco-Caprylate/Caprate, Oenothera Biennis (Evening Primrose) Oil, Xanthan Gum, Sclerotium Gum, Butylene Glycol, Citric Acid, Pantolactone, Hydroxyacetophenone

Die Liste der Inhaltsstoffe kann sich ändern. Bitte beachten Sie die Verpackung des gekauften Produkts.
","Morgens und abends nach der Reinigung mit dem DOCTOR BABOR Soothing Cream Cleanser auf Gesicht, Hals und Dekolleté auftragen und einarbeiten. Anschließend vorzugsweise DOCTOR BABOR Soothing Cream (Rich) oder Instant Relief Lotion auftragen und leicht einmassieren.",TRUE,TRUE,TRUE
Babor - Moisture Glow Serum - Serum - doctor Babor Moisture Glow Serum,https://media.sephora.eu/content/dam/digital/pim/published/B/BABOR/763371/365450-media_swatch.jpeg?scaleWidth=500&scaleHeight=500&scaleMode=fit,"Dieses schnell einziehende Serum mit 6 % Aloe Postbiotic Complex spendet intensiv und unmittelbar Feuchtigkeit und verleiht einen ebenmäßigen Teint mit einem natürlichen Glow. Hydratisierende Wirkstoffe wie Aloe Vera und Hyaluronsäure sorgen im Zusammenspiel mit biotechnologisch gewonnenen, fermentierten Postbiotika für ein glatteres Hautbild und balancieren die Hautflora in ihr natürliches Gleichgewicht. Die Haut wirkt nach nur einer Anwendung aufgepolstert, strahlender und frischer. 

100% vegan und frei von Silikonen, Parabenen, Mineralölen, PEGs, Mikroplastik und anderen unnötigen Inhaltsstoffen wurde das Moisture Glow Serum nach den ambitionierten BABOR Richtlinien für „cleane“ Formeln von den BABOR Experten in den unternehmenseigenen Laboratorien in Aachen, Deutschland, entwickelt und perfektioniert. Made in Germany ist ein Qualitätssiegel, welches für dieses Produkt und das ganze Unternehmen steht.
Die seidig leichte Formel mit 98 % natürlich gewonnenen Inhaltsstoffen zieht gut in die Haut ein und hinterlässt ein intensiv durchfeuchtetes, elastischeres Hautgefühl sowie eine sichtbar glattere Haut und einen ausgeglichenen Teint mit einem gesund aussehenden Glow.

Das Dufterlebnis kombiniert blumig-holzige Noten mit einer leichten zitrischen Frische. Diese florale und zugleich grüne Duftkombination vermittelt Natürlichkeit und einen Hauch von Leichtigkeit. --30ml",30ml,24.45,Babor,Serum,"Aqua (Water), Lactococcus Ferment Lysate, Glycerin, Hydrolyzed Yeast Protein, Prunus Amygdalus Dulcis (Sweet Almond) Oil, Coco-Caprylate/Caprate, Glyceryl Stearate, Aloe Barbadensis Leaf Juice, Acer Rubrum Bark Extract, Helianthus Annuus (Sunflower) Seed Oil, Pentylene Glycol, Tocopherol, Sodium Hyaluronate, Lactic Acid, Cetearyl Alcohol, Stearic Acid, Butylene Glycol, Parfum (Fragrance), Sodium Lauroyl Glutamate, Xanthan Gum, Sclerotium Gum, Sodium Chloride, Ethylhexylglycerin, Phenoxyethanol, Sodium Benzoate, Mica, CI 77891 (Titanium Dioxide), Benzyl Salicylate, Geraniol, Linalool, Linalyl Acetate

Die Liste der Inhaltsstoffe kann sich ändern. Bitte beachten Sie die Verpackung des gekauften Produkts.
","Morgens und/oder abends nach der Reinigung eine Pipettenlänge auf Gesicht, Hals und Dekolleté auftragen und in die Haut einarbeiten. Anschließend Moisture Glow Cream auftragen.",TRUE,TRUE,FALSE
Babor - Protecting Balm Spf50 - Balm - doctor Babor Protecting Balm Spf50,https://media.sephora.eu/content/dam/digital/pim/published/B/BABOR/774738/372291-media_swatch.jpeg?scaleWidth=500&scaleHeight=500&scaleMode=fit,"Leichter Balsam mit SPF 50+ und 5 % AMINO TRANEXAMIC ACID COMPLEX mit chemischen UV-Filtern, Vitamin E und Pro-Vitamin B5 zum Schutz vor UVA- und UVB-Strahlung, der gleichzeitig die sichtbare Reduzierung und Vorbeugung von Pigmentverfärbungen unterstützt und für geschützte und ebenmäßige Haut sorgt. --50ml",50ml,12.95,Babor,Sonnenschutz,"Aqua/Water/Eau, Dibutyl Adipate, Diethylamino Hydroxybenzoyl Hexyl Benzoate, C12-15 Alkyl Benzoate, Ethylhexyl Triazone, Phenylbenzimidazole Sulfonic Acid, Bis-Ethylhexyloxyphenol Methoxyphenyl Triazine, Dicaprylyl Carbonate, Glycerin, Arginine, Tranexamic Acid, Tocopheryl Acetate, Panthenol, Ethylhexylglycerin, Betaine, Sphingomonas Ferment Extract, Caprylyl Glycol, Superoxide Dismutase, Sodium PCA, Sodium Hyaluronate, Sodium Lactate, PCA, Serine, Alanine, Glycine, Glutamic Acid, Lysine HCl, Threonine, Tocopherol, Epigallocatechin Gallatyl Glucoside, Proline, Ergothioneine, Sodium Stearoyl Glutamate, Xanthan Gum, Microcrystalline Cellulose, Sclerotium Gum, Cellulose Gum, Silica, Maltodextrin, Citric Acid, Phenoxyethanol, Mica

Die Liste der Inhaltsstoffe kann sich ändern. Bitte beachte die Verpackung des gekauften Produkts.
","Als letzten Schritt der morgendlichen Hautpflege auf die saubere, trockene Haut auftragen. Sanft einklopfen, bis das Produkt vollständig eingezogen ist. Für eine bessere Pflege und einen besseren Schutz regelmäßig erneut auftragen.
Ideal als schützende Pflege nach Behandlungen während der Regenerationsphase der Haut.",TRUE,TRUE,TRUE
Babor - Renewal Cream - Gesichtscreme - doctor Babor Renewal Cream,https://media.sephora.eu/content/dam/digital/pim/published/B/BABOR/740980/356897-media_swatch.jpeg?scaleWidth=500&scaleHeight=500&scaleMode=fit,"Das Herzstück jeder BABOR Formel sind sichtbare Ergebnisse. Die DOCTOR BABOR RESURFACE Renewal Cream, der Nachfolger der Triple Pro-Retinol Renewal Cream, unterstützt mit einem leistungsstarken 4,2% Triple Pro-Retinol Komplex die Hauterneuerungsprozesse und verbessert die Hautelastizität und -festigkeit. Wertvolle Aminosäuren, Niacinamid und Vitamin F pflegen die Haut umfangreich und stärken die natürliche Hautschutzbarriere. Das Hautbild erscheint sichtbar glatter und ebenmäßiger. --50ml

",50ml,68.45,Babor,Feuchtigkeitspflege,"Aqua / Water / Eau, Niacinamide, Glycerin, Macadamia Integrifolia Seed Oil, Sesamum Indicum (Sesame) Seed Oil, Cetyl Alcohol, Hydrogenated Vegetable Glycerides, Prunus Amygdalus Dulcis (Sweet Almond) Oil, Hydrogenated Ethylhexyl Olivate, Potassium Cetyl Phosphate, Bakuchiol, Hippophae Rhamnoides Fruit Extract, Rosmarinus Officinalis (Rosemary) Leaf Extract, Fucus Vesiculosus Extract, Fumaria Officinalis Extract, Nasturtium Officinale Extract, Panax Ginseng Root Extract, Scrophularia Nodosa Extract, Urtica Dioica (Nettle) Leaf Extract, Agrimonia Eupatoria Extract, Brassica Campestris (Rapeseed) Sterols, Helianthus Annuus (Sunflower) Seed Oil, Panthenol, Betaine, Retinyl Palmitate, Sodium PCA, Tocopherol, Sodium Lactate, Retinol, PCA, Serine, Alanine, Glycine, Glutamic Acid, Sorbitol, Lysine HCl, Threonine, Caprylyl Glycol, Arginine, Proline, Glycine Soja (Soybean) Oil, Hydrogenated Palm Glycerides, Parfum (Fragrance), Glyceryl Linoleate, Glyceryl Oleate, Hydrogenated Olive Oil Unsaponifiables, Xanthan Gum, Propanediol, Glyceryl Palmitate, Cetyl Palmitate, Glyceryl Linolenate, Lauryl Glucoside, Glyceryl Stearate, Alcohol Denat., Sorbitan Stearate, Ethylhexylglycerin, Hydrogenated Lecithin, Citric Acid, Phenoxyethanol, Tetramethyl Acetyloctahydronaphthalenes

Die Liste der Inhaltsstoffe kann sich ändern. Bitte beachte die Verpackung des gekauften Produkts.
","Bevorzugt abends nach der Reinigung mit dem DOCTOR BABOR Refining Cleansing Oil Balm auf Gesicht, Hals und Dekolleté verteilen und leicht einmassieren. Augen- und Lippenbereich aussparen.
Bei Erstverwendung: Creme innerhalb der ersten 2 Wochen 2x wöchentlich verwenden. Bei guter Verträglichkeit Anwendungshäufigkeit steigern.",TRUE,FALSE,FALSE
Babor - Soothing Cream Cleanser - Reinigungscreme - doctor Babor Soothing Cream Cleanser,https://media.sephora.eu/content/dam/digital/pim/published/B/BABOR/740987/356904-media_swatch.jpeg?scaleWidth=500&scaleHeight=500&scaleMode=fit,"Das Herzstück jeder BABOR Formel sind sichtbare Ergebnisse. Die DOCTOR BABOR SENSITIVE Soothing Cream Cleanser unterstützt mit einem 2,8%igen Komplex aus Neuroxyl, Panthenol, Nachtkerzenöl und Mikrosilber die Hautbarriere und steigert die Widerstandskraft der Haut bereits während der morgendlichen und abendlichen Reinigung für ein tiefenreines Hautgefühl ohne Irritationen oder Spannungen. Mit größtem Respekt ohne Farb- und Duftstoffe für die selbst empfindlichsten Häute entwickelt, binden wertvolle Lipide Feuchtigkeit und schützen vor transepidermalem Wasserverlust.

Angereichert mit dem DOCTOR BABOR exklusiven BIOGEN PLANT EXTRAKT, die Krönung der Babor Forschung, werden die hauteigenen Schutz- und Regenerationsprozesse sanft angeregt. Tag für Tag wird die Hautresilienz verbessert für ein noch widerstandsfähigeres, geschützteres und ausgeglicheneres Hautbild.

100% vegan und frei von Silikonen, Parabenen, Mineralölen, PEGs, Mikroplastik und anderen unnötigen Inhaltsstoffen wurde der Soothing Cream Cleanser nach den ambitionierten BABOR Richtlinien für „cleane“ Formeln von den BABOR Experten in den unternehmenseigenen Laboratorien in Aachen, Deutschland, entwickelt und perfektioniert. Made in Germany ist ein Qualitätssiegel, welches für dieses Produkt und das ganze Unternehmen steht.

Die milde Textur des Soothing Cream Cleansers lässt sich angenehm auf der Haut verteilen, emulgiert durch Hinzunahme von Wasser leicht auf und schützt die besonders empfindliche Haut bereits während der Reinigung. --150ml",150ml,20.45,Babor,Gesichtsreinigung,"Aqua/Water/Eau, Helianthus Annuus (Sunflower) Seed Oil, Pentylene Glycol, Glycerin, Decyl Oleate, Tocopherol, Hydrogenated Palm Glycerides Citrate, Glyceryl Stearate Citrate, Octyldodecanol, Zea Mays (Corn) Germ Oil, Cetearyl Alcohol, Achillea Millefolium Extract, Agrimonia Eupatoria Extract, Fucus Vesiculosus Extract, Fumaria Officinalis Extract, Nasturtium Officinale Extract, Panax Ginseng Root Extract, Rosmarinus Officinalis (Rosemary) Leaf Extract, Scrophularia Nodosa Extract, Urtica Dioica (Nettle) Leaf Extract, Panthenol, Sodium Lactate, Tocopherol, Silver (Silver), Oenothera Biennis (Evening Primrose) Oil, Xanthan Gum, Coco-Glucoside, Glyceryl Oleate, Sclerotium Gum, Butylene Glycol, Sodium Stearoyl Glutamate, Citric Acid, Pantolactone.

Die Liste der Inhaltsstoffe kann sich ändern. Bitte beachten Sie die Verpackung des gekauften Produkts.","Morgens und abends mit angefeuchteten Fingern auf die Haut und dem Augenbereich auftragen, in kreisenden Bewegungen die Haut reinigen und dann gründlich mit Wasser abwaschen. Danach das DOCTOR BABOR Itch Relief Serum oder das DOCTOR BABOR Soothing Ampoule Serum Concentrate auf Gesicht, Hals und Dekolleté auftragen und leicht einmassieren. Als Abschlusspflege entweder die DOCTOR BABOR Soothing Cream oder die DOCTOR BABOR Instant Relief Lotion nutzen.",TRUE,TRUE,TRUE
Babor - Stress Defense Mushroom Cream - Gesichtscreme - stress Defense Mushroom Cream,https://media.sephora.eu/content/dam/digital/pim/published/B/BABOR/775083/372301-media_swatch.jpeg?scaleWidth=500&scaleHeight=500&scaleMode=fit,"Diese angenehm leichte Gesichtscreme mit 12% Adaptogen Postbiotic Complex hilft, die natürliche Widerstandskraft der Haut gegen Umweltstress zu erhöhen und verleiht einen ebenmäßigeren und sichtbar belebten Teint. Von der traditionellen chinesischen Medizin inspirierte Extrakte aus Reishi-, Chaga- und Shiitakepilzen helfen in Kombination mit biotechnologisch gewonnenen, fermentierten Postbiotika die Haut in Balance zu halten, ihre Barrierefunktion zu stärken und sie vor Stresserscheinungen zu schützen. Nach nur einer Anwendung sieht die Haut vitalisiert, verfeinert und ausgeglichen aus und fühlt sich rundum frisch an. --50ml",50ml,31.45,Babor,Feuchtigkeitspflege,"Aqua / Water / Eau, Glycerin, Coco-Caprylate/Caprate, Lactococcus Ferment Lysate, Prunus Amygdalus Dulcis (Sweet Almond) Oil, Propanediol, Hydroxypropyl Starch Phosphate, Cetearyl Alcohol, Hydrolyzed Yeast Protein, Potassium Cetyl Phosphate, Tocopheryl Acetate, Lentinus Edodes Extract, Panax Ginseng Root Extract, Ganoderma Lucidum (Mushroom) Stem Extract, Acer Rubrum Bark Extract, Inonotus Obliquus (Mushroom) Extract, Helianthus Annuus (Sunflower) Seed Oil, Pentylene Glycol, Biosaccharide Gum-1, Tocopherol, Lactic Acid, Hydrogenated Palm Glycerides, Butylene Glycol, Xanthan Gum, Microcrystalline Cellulose, Parfum (Fragrance), Cellulose Gum, Sodium Chloride, Ethylhexylglycerin, Citric Acid, Sodium Hydroxide, Phenoxyethanol, Sodium Benzoate, Potassium Sorbate, Geraniol, Geranyl Acetate, Juniperus Virginiana Oil, Limonene, Linalool, Linalyl Acetate, Terpineol

Die Liste der Inhaltsstoffe kann sich ändern. Bitte beachte die Verpackung des gekauften Produkts.
","Morgens und abends nach der Reinigung auf Gesicht, Hals und Dekolleté auftragen und leicht in die Haut einmassieren.",TRUE,TRUE,FALSE
Beauty Of Joseon - Calming Serum: Grüner Tee + Panthenol - Beruhigung Und Hydratation - calming Serum: Green Tea + Panthenol,https://media.sephora.eu/content/dam/digital/pim/published/B/BEAUTY_OF_JOSEON/761494/365598-media_swatch.jpg?scaleWidth=500&scaleHeight=500&scaleMode=fit,"ieses Serum wurde entwickelt, um die durch UV-Strahlen und andere äußere Einflüsse gereizte Haut zu beruhigen.
Die Formel enthält 50 % grünen Tee und 30 % Beifuß, um die Haut mit Feuchtigkeit zu versorgen und zu beruhigen. 5 % Panthenol wirken als Feuchtigkeitsbarriere, um die Haut vor Irritationen zu schützen. --30ml",30ml,14.45,Beauty Of Joseon,Serum,"Panax Ginseng Root Water, Aqua (Water), Butylene Glycol, Snail Secretion Filtrate, Dipropylene Glycol, 1,2-Hexanediol, Glycerin, Niacinamide, Propanediol, Trehalose, Carbomer, Tromethamine, Xanthan Gum, Centella Asiatica Extract, Ganoderma Lucidum (Mushroom) Extract, Panax Ginseng Root Extract, Malt Extract, Sodium Polyacrylate, Adenosine, Glyceryl Acrylate/Acrylic Acid Copolymer, Disodium EDTA, Phellinus Linteus Extract, Sodium Hyaluronate, Hydrolyzed Hyaluronic Acid, Forsythia Suspensa Fruit Extract, Lonicera Japonica (Honeysuckle) Flower Extract, Scutellaria Baicalensis Root Extract, Sodium Acetylated Hyaluronate

Die Liste der Inhaltsstoffe kann sich ändern. Bitte beachten Sie die Verpackung des gekauften Produkts.
","Nach der morgendlichen und abendlichen Gesichtswasseranwendung 2-3 Tropfen auftragen und sanft im Gesicht verteilen. Anschließend leicht abtupfen, um die Aufnahme zu fördern.
Denke daran, bei der morgendlichen Anwendung Sonnenschutzmittel aufzutragen.",FALSE,TRUE,TRUE
Beauty Of Joseon - Dayscreen Moisturizer Spf 30 Green Tea-ha + Ceramide - Feuchtigkeitspflege - dayscreen Moisturizer Spf30 50ml,https://media.sephora.eu/content/dam/digital/pim/published/B/BEAUTY_OF_JOSEON/814131/402514-media_swatch-0.jpg?scaleWidth=500&scaleHeight=500&scaleMode=fit,"Eine Feuchtigkeitspflege für jeden Tag mit integriertem LSF, formuliert auf Basis von Grüntee-Hyaluronsäure und Grüntee-Ceramiden, die intensive Feuchtigkeit spenden und die Hautbarriere stärken. Sie schützt vor UVA/UVB-Strahlen sowie blauem Licht und sorgt für eine beruhigte, glatte Haut, die perfekt für das Auftragen von Make-up vorbereitet ist.
Leicht, kompatibel mit dem Skin Streaming und ideal für eine einfache, intelligente Pflegeroutine, die auf empfindliche Haut abgestimmt ist. Ein Hybrid der neuen Generation, der moderne Wissenschaft mit der von Hanbang inspirierten Ausgewogenheit kombiniert. --50ml",50ml,21.95,Beauty Of Joseon,Sonnenschutz,"Water, Homosalate, Ethylhexyl Salicylate, Octocrylene, Propanediol, Butyloctyl Salicylate, Butyl Methoxydibenzoylmethane, Polymethylsilsesquioxane, Polyglyceryl-6 Stearate, 1,2-Hexanediol, Pentylene Glycol, Methyl Trimethicone, Caprylyl Methicone, Tromethamine, Acrylates/C10-30 Alkyl Acrylate Crosspolymer, Ammonium Acryloyldimethyltaurate/VP Copolymer, Polyacrylate Crosspolymer-6, Polyglyceryl-6 Behenate, Hippophae Rhamnoides Fruit Oil, Ethylhexylglycerin, Xanthan Gum, Sodium Stearoyl Glutamate, Camellia Sinensis Leaf Water, Sodium Hyaluronate, Macadamia Ternifolia Seed Oil, Glyceryl Stearate, Ceramide NP, Tocopherol

Die Liste der Inhaltsstoffe kann sich ändern. Bitte beachten Sie die Verpackung des gekauften Produkts.","Trage als letzten Schritt deiner Beauty-Routine und mindestens 30 Minuten vor dem Sonnenbad eine Sonnencreme großzügig auf dein Gesicht auf. Trage das Produkt regelmäßig neu auf, um einen optimalen Schutz aufrechtzuerhalten, insbesondere nach dem Schwitzen oder Schwimmen.",TRUE,TRUE,TRUE
Beauty Of Joseon - Dynasty Cream - Pflegecreme Mit Anti-aging-effekt - dynasty Cream,https://media.sephora.eu/content/dam/digital/pim/published/B/BEAUTY_OF_JOSEON/761490/365594-media_swatch.jpg?scaleWidth=500&scaleHeight=500&scaleMode=fit,"Die Dynasty Cream von Beauty of Joseon ist eine reichhaltige Pflegecreme mit fester Textur, die intensive Feuchtigkeitsversorgung mit tiefenwirksamer Pflege kombiniert. Sie hilft, die Haut langanhaltend vor dem Austrocknen zu schützen.
 Die vielseitige Formel mit Reiswasser, Ginsengwasser, Squalan und Niacinamid unterstützt die Hautgesundheit, spendet Feuchtigkeit und hilft, das Gleichgewicht zwischen Talgproduktion und Hydratation zu bewahren.
 Die kräftige Textur nährt die Haut intensiv und hinterlässt sie geschmeidig, gepflegt und ausgeglichen. --50ml",50ml,16.95,Beauty Of Joseon,Feuchtigkeitspflege,"Aqua, Glycerin, Hydrogenated Polydecene, 1,2-Hexanediol, Niacinamide, Squalane, Butylene Glycol, Propanediol, Butylene Glycol Dicaprylate/Dicaprate, Cetearyl Olivate, Sorbitan Olivate, Ammonium Acryloyldimethyltaurate/VP Copolymer, Xanthan Gum, Panax Ginseng Root Water, Acrylates/C10-30 Alkyl Acrylate Crosspolymer, Tromethamine, Carthamus Tinctorius (Safflower) Seed Oil, Hydrogenated Coconut Oil, Glyceryl Acrylate/Acrylic Acid Copolymer, Oryza Sativa (Rice) Bran Water, Ethylhexylglycerin, Adenosine, Caprylic/Capric Triglyceride, Disodium EDTA, Hyaluronic Acid, Hydrolyzed Hyaluronic Acid, Sodium Hyaluronate, Honey Extract, Ceramide NP, Hydrogenated Lecithin, Coptis Japonica Root Extract, Raphanus Sativus (Radish) Seed Extract, Lycium Chinense Fruit Extract, Theobroma Cacao (Cocoa) Seed Extract, Phellinus Linteus Extract, Dextrin, Scutellaria Baicalensis Root Extract

Die Liste der Inhaltsstoffe kann sich ändern. Bitte beachte die Verpackung des gekauften Produkts.
","Trage eine geeignete Menge dieser Creme am Ende deiner Hautpflegeroutine auf dein Gesicht auf. Klopfe sie mit den Fingern ein, um die Aufnahme zu erleichtern.",FALSE,TRUE,TRUE
Beauty Of Joseon - Ginseng Cleansing Oil - Sanfter Make-up-entferner Mit Ginsengextrakt - ginseng Cleansing Oil,https://media.sephora.eu/content/dam/digital/pim/published/B/BEAUTY_OF_JOSEON/761483/365587-media_swatch.jpg?scaleWidth=500&scaleHeight=500&scaleMode=fit,"Ein Reinigungsöl, das Verunreinigungen sanft entfernt und für einen sauberen, erfrischten Teint sorgt. Sojaöl hilft, Unreinheiten und Make-up-Rückstände, die sich auf der Haut ansammeln, sanft zu lösen.
 Das mit Ginsengsamenöl angereicherte Reinigungsöl hat einen dezenten, entspannenden Duft und verwandelt die Pflegeroutine in ein beruhigendes Ritual. Es verstopft die Poren nicht und belebt die Haut sanft. --210ml",210ml,13.45,Beauty Of Joseon,Gesichtsreinigung,"Glycine Soja (Soybean) Oil, Cetyl Ethylhexanoate, Sorbeth-30 Tetraoleate, Olea Europaea (Olive) Fruit Oil, Sorbitan Sesquioleate, Helianthus Annuus (Sunflower) Seed Oil, Tocopherol, Panax Ginseng Seed Oil, Ethylhexylglycerin, Eclipta Prostrata Extract, Panax Ginseng Root Extract, Melia Azadirachta Leaf Extract, Melia Azadirachta Flower Extract, Amber Powder, Moringa Oleifera Seed Oil, Solanum Melongena (Eggplant) Fruit Extract, Curcuma Longa (Turmeric) Root Extract, Ocimum Sanctum Leaf Extract, Corallina Officinalis Extract, Bixa Orellana Seed Oil, Panax Ginseng Berry Extract, Butylene Glycol, Water, 1,2-Hexanediol.

Die Liste der Inhaltsstoffe kann sich ändern. Bitte beachten Sie die Verpackung des gekauften Produkts.",Ein bis zwei Pumpstöße sanft in die trockene Haut einmassieren. Anschließend mit lauwarmem Wasser vorsichtig abspülen und das Gesicht mit einem Reinigungsschaum waschen.,TRUE,TRUE,TRUE
Beauty of Joseon - Ginseng Essence Water - Feuchtigkeitsspendende Ginseng-Essenz,https://media.sephora.eu/content/dam/gdam/europe/digital/pim/published/B/BEAUTY_OF_JOSEON/761487/365591-media_swatch.jpg?scaleWidth=750&scaleHeight=750&scaleMode=fit,"Ginseng-Essenz enthält 80 % Ginseng-Wasser, damit du von allen positiven Wirkungen des Ginsengs profitierst und deine Haut mit Feuchtigkeit und Nährstoffen versorgt wird. Die Haut wird tiefenwirksam und langanhaltend mit Feuchtigkeit versorgt und gepflegt.
Die Essenz ist für Haut geeignet, die außen fettig, innen aber trocken ist, sowie für empfindliche Haut, die aggressiven Umwelteinflüssen ausgesetzt ist.
Sie enthält außerdem 2 % Niacinamid und 0,04 % Adenosin, um die Talgproduktion zu regulieren und Falten zu mildern. --150ml",150ml,14.45,Beauty of Joseon,Toner,"Panax Ginseng Root Water, Butylene Glycol, Glycerin, Propanediol, Niacinamide, 1,2-Hexanediol, Aqua, Hydroxyacetophenone, Glyceryl Glucoside, Panthenol, Xanthan Gum, Allantoin, Dipotassium Glycyrrhizate, Adenosine, Panax Ginseng Callus Culture Extract, Dextrin, Theobroma Cacao (Cocoa) Extract, Disodium EDTA, Glucose, Panax Ginseng Berry Extract, Panax Ginseng Root Extract, Lactobacillus/Panax Ginseng Root Ferment Filtrate, Ethylhexylglycerin, Sodium Hyaluronate.

Die Liste der Inhaltsstoffe kann sich ändern. Bitte beachte die Verpackung des gekauften Produkts.
","1. Verwendung als Gesichtswasser: Tränke einen Wattebausch und streich damit sanft von innen nach außen über dein Gesicht, um die Hautstruktur zu glätten.
2. Verwendung als Reinigungswasser: Nachdem du dein Gesicht mit einem Reinigungsschaum gewaschen hast, mische das Gesichtswasser im Verhältnis 9:1 mit Wasser, um die Reinigung abzuschließen.
3. Verwendung als feuchtigkeitsspendende Essenz: Gib das Produkt in deine Hände und trage es auf deine Haut auf, um ihr Feuchtigkeit zu spenden.
4. Verwendung als feuchtigkeitsspendende Sprühpflege: Fülle den Toner in einen Zerstäuber und sprühe ihn regelmäßig auf die Haut, um sie mit Feuchtigkeit zu versorgen.",TRUE,TRUE,TRUE
"Beauty Of Joseon - Glow Deep Serum: Reis + Alpha-arbutin - Strahlender, Gleichmäßiger Teint - glow Deep Serum: Rice + Alpha Arbutin",https://media.sephora.eu/content/dam/digital/pim/published/B/BEAUTY_OF_JOSEON/761491/365595-media_swatch.jpg?scaleWidth=500&scaleHeight=500&scaleMode=fit,Dieses Serum wurde für Haut mit Pigmentstörungen und ungleichmäßigem Teint entwickelt. Mit 68 % Reis-Kleie-Wasser und 2 % Alpha-Arbutin verbessert es den Teint und sorgt für eine strahlendere und vitalere Gesichtshaut. Es wirkt der durch UV-Strahlung verursachten Melaninbildung entgegen und verbessert sichtbar bereits vorhandene Pigmentierungen. --30ml,30ml,10.45,Beauty Of Joseon,Serum,"Oryza Sativa (Rice) Bran Water, Aqua (Water), Glycerin, Butylene Glycol, 1,2-Hexanediol, Dipropylene Glycol, Alpha-Arbutin, Niacinamide, Methyl Gluceth-20, Panthenol, Polyglycerin-3, Trehalose, Glyceryl Glucoside, Hydrolyzed Jojoba Esters, Hydroxyethyl Acrylate/Sodium Acryloyldimethyl Taurate Copolymer, Ethylhexylglycerin, Hydroxyethylcellulose, Xanthan Gum, Acrylates/C10-30 Alkyl Acrylate Crosspolymer, Arginine, Disodium EDTA, Sorbitan Isostearate, Glucose, Coix Lacryma-Jobi Ma-yuen Seed Extract, Coptis Japonica Root Extract, Glycine Soja (Soybean) Seed Extract, Hordeum Distichon (Barley) Extract, Oryza Sativa (Rice) Extract, Sesamum Indicum (Sesame) Seed Extract, Triticum Vulgare (Wheat) Seed Extract, Vigna Radiata Seed Extract, Zea Mays (Corn) Kernel Extract

Die Liste der Inhaltsstoffe kann sich ändern. Bitte beachten Sie die Verpackung des gekauften Produkts.
","Nach der morgendlichen und abendlichen Gesichtswasseranwendung 2-3 Tropfen auftragen und sanft im Gesicht verteilen. Anschließend leicht abtupfen, um die Aufnahme zu fördern.
Denke daran, bei der morgendlichen Anwendung Sonnenschutzmittel aufzutragen.",TRUE,TRUE,TRUE
Beauty of Joseon - Glow Replenishing Rice Milk – Feuchtigkeitsspendende Lotion,https://media.sephora.eu/content/dam/gdam/europe/digital/pim/published/B/BEAUTY_OF_JOSEON/761488/365592-media_swatch.jpg?scaleWidth=750&scaleHeight=750&scaleMode=fit,"Das erfrischende Gesichtswasser mit nährstoffreichem Reis-Extrakt und Aminosäuren dringt tief ein, um trockene und raue Haut mit Feuchtigkeit zu versorgen und zu glätten. Das Gesichtswasser hat eine einzigartige Zweischichtformel: eine feuchtigkeitsspendende Schicht mit hohem Reisextraktanteil für die Feuchtigkeitsversorgung und eine Puderschicht zur Regulierung der Talgproduktion. Es beruhigt empfindliche Haut und sorgt für eine glattere Textur. --150ml",150ml,15.45,Beauty of Joseon,Toner,"Water, Methylpropanediol, Propanediol, 1,2-Hexanediol, Glycerin, Glycereth-26, Polymethyl Methacrylate, Oryza Sativa (Rice) Extract, Coptis Japonica Root Extract, Ulmus Davidiana Root Extract, Amaranthus Caudatus Seed Extract, Ficus Carica (Fig) Fruit Extract, Centella Asiatica Extract, Theobroma Cacao (Cocoa) Seed Extract, Hydrogenated Lecithin, Sodium Hyaluronate, Panthenol, Hydroxyethyl Urea, Aluminum Chlorohydrate, Butylene Glycol, Microcrystalline Cellulose, Sodium Citrate, Kaolin, Ethylhexylglycerin, Dipotassium Glycyrrhizate, Citric Acid, Dextrin, Ceramide NP, Tocopherol, Rice Amino Acids

Die Liste der Inhaltsstoffe kann sich ändern. Bitte beachte die Verpackung des gekauften Produkts.","Vor dem Gebrauch schütteln.
1. Bereite deine Haut auf den „Glashaut-Effekt“ vor: Tränke Wattepads mit Gesichtswasser und lege sie 5 Minuten lang auf dein Gesicht. Entferne sie anschließend und klopfe das Produkt leicht ein, um die Aufnahme zu erleichtern.
2. Talgkontrolle: Gib eine großzügige Menge Gesichtswasser auf ein Wattepad und streich damit sanft von der Mitte nach außen über dein Gesicht. Trage zum Abschluss eine weitere Schicht auf und fahre mit dem nächsten Schritt deiner Hautpflege-Routine fort.",TRUE,TRUE,TRUE
Beauty Of Joseon - Glow Replenishing Rice Milk – Feuchtigkeitsspendende Lotion - glow Replenishing Rice Milk,https://media.sephora.eu/content/dam/digital/pim/published/B/BEAUTY_OF_JOSEON/761488/365592-media_swatch.jpg?scaleWidth=500&scaleHeight=500&scaleMode=fit,"Das erfrischende Gesichtswasser mit nährstoffreichem Reis-Extrakt und Aminosäuren dringt tief ein, um trockene und raue Haut mit Feuchtigkeit zu versorgen und zu glätten. Das Gesichtswasser hat eine einzigartige Zweischichtformel: eine feuchtigkeitsspendende Schicht mit hohem Reisextraktanteil für die Feuchtigkeitsversorgung und eine Puderschicht zur Regulierung der Talgproduktion. Es beruhigt empfindliche Haut und sorgt für eine glattere Textur. --150ml",150ml,11.45,Beauty Of Joseon,Feuchtigkeitspflege,"Water, Methylpropanediol, Propanediol, 1,2-Hexanediol, Glycerin, Glycereth-26, Polymethyl Methacrylate, Oryza Sativa (Rice) Extract, Coptis Japonica Root Extract, Ulmus Davidiana Root Extract, Amaranthus Caudatus Seed Extract, Ficus Carica (Fig) Fruit Extract, Centella Asiatica Extract, Theobroma Cacao (Cocoa) Seed Extract, Hydrogenated Lecithin, Sodium Hyaluronate, Panthenol, Hydroxyethyl Urea, Aluminum Chlorohydrate, Butylene Glycol, Microcrystalline Cellulose, Sodium Citrate, Kaolin, Ethylhexylglycerin, Dipotassium Glycyrrhizate, Citric Acid, Dextrin, Ceramide NP, Tocopherol, Rice Amino Acids

Die Liste der Inhaltsstoffe kann sich ändern. Bitte beachte die Verpackung des gekauften Produkts.","Vor dem Gebrauch schütteln.
1. Bereite deine Haut auf den „Glashaut-Effekt“ vor: Tränke Wattepads mit Gesichtswasser und lege sie 5 Minuten lang auf dein Gesicht. Entferne sie anschließend und klopfe das Produkt leicht ein, um die Aufnahme zu erleichtern.
2. Talgkontrolle: Gib eine großzügige Menge Gesichtswasser auf ein Wattepad und streich damit sanft von der Mitte nach außen über dein Gesicht. Trage zum Abschluss eine weitere Schicht auf und fahre mit dem nächsten Schritt deiner Hautpflege-Routine fort.",TRUE,TRUE,TRUE
Beauty Of Joseon - Glow Serum: Propolis + Niacinamid - Beruhigend Und Porenverfeinernd - glow Serum: Propolis + Niacinamide,https://media.sephora.eu/content/dam/digital/pim/published/B/BEAUTY_OF_JOSEON/761492/365596-media_swatch.jpg?scaleWidth=500&scaleHeight=500&scaleMode=fit,"Dieses Serum wurde für Haut mit erweiterten Poren und für entzündete Haut entwickelt.
Mit 60 % Propolis-Extrakt und 2 % Niacinamid reguliert es die Talgproduktion und erhält den Feuchtigkeitsgehalt der Haut. --30ml",30ml,13.45,Beauty Of Joseon,Serum,"Propolis Extract, Dipropylene Glycol, Glycerin, Butylene Glycol, Aqua (Water), Niacinamide, 1,2-Hexanediol, Betaine Salicylate, Sodium Polyacryloyldimethyl Taurate, Tromethamine, Polyglyceryl-10 Laurate, Xanthan Gum, Caprylyl Glycol, Carbomer, Ethylhexylglycerin, Melia Azadirachta Flower Extract, Melia Azadirachta Leaf Extract, Sodium Hyaluronate, Curcuma Longa (Turmeric) Root Extract, Ocimum Sanctum Leaf Extract, Dextrin, Theobroma Cacao (Cocoa) Seed Extract, Melaleuca Alternifolia (Tea Tree) Extract, Centella Asiatica Extract, Corallina Officinalis Extract, Lotus Corniculatus Seed Extract, Pentylene Glycol, Octanediol, Calophyllum Inophyllum Seed Oil, Tocopherol

Die Liste der Inhaltsstoffe kann sich ändern. Bitte beachten Sie die Verpackung des gekauften Produkts.
","Nach der morgendlichen und abendlichen Gesichtswasseranwendung 2-3 Tropfen auftragen und sanft im Gesicht verteilen. Anschließend leicht abtupfen, um die Aufnahme zu fördern.
Denke daran, bei der morgendlichen Anwendung Sonnenschutzmittel aufzutragen.",FALSE,TRUE,TRUE
Beauty Of Joseon - Green Plum Refreshing Cleanser - Reinigungsgel Mit Niedrigem Ph-wert - refreshing Green Plum Cleanser,https://media.sephora.eu/content/dam/digital/pim/published/B/BEAUTY_OF_JOSEON/761485/365589-media_swatch.jpg?scaleWidth=500&scaleHeight=500&scaleMode=fit,"Dieser Reiniger mit niedrigem pH-Wert hat eine cremige Geltextur. Mit 24,5 % Pflaumenwasser und 2,94 % Mungobohnen-Extrakt entfernt er sanft Unreinheiten und Rückstände und versorgt die Haut gleichzeitig mit Feuchtigkeit. --100ml",100ml,8.95,Beauty Of Joseon,Gesichtsreinigung,"Water, Prunus Mume Fruit Water, Cocamidopropyl Hydroxysultaine, Phaseolus Radiatus Seed Extract, Sodium Cocoyl Isethionate, Glycerin, Sodium Chloride, Camellia Sinensis Leaf Extract, Houttuynia Cordata Extract, Nelumbo Nucifera Flower Extract, Oryza Sativa (Rice) Extract, Prunus Mume Fruit Extract, Vaccinium Angustifolium (Blueberry) Fruit Extract, Guar Hydroxypropyltrimonium Chloride, Coconut Acid, Ethylhexylglycerin, Caprylyl Glycol, Sodium Isethionate, Citric Acid, Butylene Glycol, 1,2-Hexanediol, Punica Granatum Extract, Clitoria Ternatea Flower Extract, Garcinia Mangostana Peel Extract, Propylene Glycol Laurate, Sodium Citrate, Disodium Edta.

Die Liste der Inhaltsstoffe kann sich ändern. Bitte beachten Sie die Verpackung des gekauften Produkts.","Gib eine angemessene Menge Reinigungsmittel auf deine nassen Hände und massiere dein Gesicht sanft. Mit lauwarmem Wasser abspülen.Verwende einen Reiniger auf Ölbasis (Reinigungsöl, Balsam usw.), um das Make-up von deinem Gesicht zu entfernen.",TRUE,TRUE,TRUE
Beauty Of Joseon - Green Plum Refreshing Toner: Aha + Bha - Peelinglotion - refreshing Green Plum Toner,https://media.sephora.eu/content/dam/digital/pim/published/B/BEAUTY_OF_JOSEON/761486/365590-media_swatch.jpg?scaleWidth=500&scaleHeight=500&scaleMode=fit,"Ein sanftes und leichtes Tonic, das abgestorbene Hautzellen und überschüssigen Talg entfernt, die nach der Reinigung zurückbleiben können.
Grünes Pflaumenwasser mit 25 % und Mungbohnenextrakt mit 2 % tragen dazu bei, die Haut zu glätten und mit Feuchtigkeit zu versorgen. Die Kombination aus 2 % Glykolsäure und 0,5 % Salicylsäure hilft, abgestorbene Hautzellen sanft zu entfernen, ohne die Haut zu reizen. --150ml",150ml,11.95,Beauty Of Joseon,Toner,"Water, Prunus Mume Fruit Water, Dipropylene Glycol, 1,2-Hexanediol, Tromethamine, Glycolic Acid, Phaseolus Radiatus Seed Extract, Panax Ginseng Root Extract, Oryza Sativa (Rice) Bran Water, Portulaca Oleracea Extract, Butylene Glycol, Glycerin, Salicylic Acid, Melia Azadirachta Leaf Extract, Melia Azadirachta Flower Extract, Fructose, Tocopherol, Glucose, Sodium PCA, Triethylhexanoin, Diphenyl Dimethicone, C12-14 Pareth-12, Ethylhexylglycerin, Hydrogenated Lecithin, Polyglyceryl-10 Oleate, Tetrasodium EDTA.

Die Liste der Inhaltsstoffe kann sich ändern. Bitte beachte die Verpackung des gekauften Produkts.
","1. Morgens und abends nach der Reinigung eine großzügige Menge mit einem Wattepad auf die Haut auftragen.
 2. Trage deine bevorzugte Gesichtscreme auf.",TRUE,TRUE,TRUE
Beauty of Joseon - Matte sun stick : Mugwort+Camelia SPF50 PA++++,https://korean-skincare.de/cdn/shop/files/800x800_d8f60093-9f00-47ee-b493-bbb2eb40bddf.jpg?v=1751270780,"Der Beauty of Joseon Matte sun stick : Mugwort+Camelia SPF50 PA++++ ist die ultimative, unkomplizierte Lösung für deine tägliche Sonnenschutzroutine. Mit seinem hohen SPF50 PA++++ ist dieser Sonnenstift perfekt für alle, die ein einfaches, leicht zu handhabendes Format bevorzugen, ohne Kompromisse beim Schutz einzugehen. --18g",18g,14.95,Beauty of Joseon,Sonnenschutz,"Methyl Methacrylate Crosspolymer, Synthetic Wax, Dibutyl Adipate, Coco-Caprylate/Caprate, Isopropyl Palmitate, Caprylyl Methicone, Caprylyl Trimethicone, Ethylhexyl Palmitate, Silica, Vinyl Dimethicone/Methicone Silsesquioxane Crosspolymer, Diethylamino Hydroxybenzoyl Hexyl Benzoate, Bis-Ethylhexyloxyphenol Methoxyphenyl Triazine, Boron Nitride, Butyloctyl Salicylate, Ethylhexyl Triazone, Microcrystalline Wax, Polysilicone-15, Vinyl Dimethicone, Camellia Japonica Seed Oil, Polyglyceryl-4 Diisostearate/Polyhydroxystearate/Sebacate, Curcuma Longa (Turmeric) Root Extract, Melia Azadirachta Flower Extract, Melia Azadirachta Leaf Extract, Corallina Officinalis Extract, Melia Azadirachta Bark Extract, Ocimum Sanctum Leaf Extract, Moringa Oleifera Seed Oil, Coccinia Indica Fruit Extract, Solanum Melongena (Eggplant) Fruit Extract, Amber Powder, Water, Aloe Barbadensis Flower Extract, Simmondsia Chinensis (Jojoba) Seed Oil, 1,2-Hexanediol, Artemisia Capillaris Extract, Camellia Sinensis Seed Oil, Hyaluronic Acid, Panthenol, Butylene Glycol, Propanediol, Bambusa Vulgaris Extract, Camellia Sinensis Leaf Extract, Glycerin, Methylpropanediol, Centella Asiatica Extract, Morinda Citrifolia Extract, Vigna Radiata Seed Extract, Ethylhexylglycerin

Die Liste der Inhaltsstoffe kann sich ändern. Bitte beachte die Verpackung des gekauften Produkts.
","In der letzten Phase der Hautpflege leicht auf die der Sonne ausgesetzten Stellen auftragen.
Trage es mit dir herum und trage es regelmäßig auf die Stellen auf, die Sonnenschutz brauchen.",TRUE,TRUE,TRUE
Beauty Of Joseon - Relief Sun Aqua-fresh: Rice + B5 Spf50+ - Sonnencreme Reis & B5 - sun Relief Aqua Fresh,https://media.sephora.eu/content/dam/digital/pim/published/B/BEAUTY_OF_JOSEON/761496/365600-media_swatch.jpg?scaleWidth=500&scaleHeight=500&scaleMode=fit,"Ein feuchtigkeitsspendender und kühlender Sonnenschutz auf Basis von Reiskleie-Wasser und Panthenol zum Schutz deiner Haut vor schädlichen UV-Strahlen und Umwelteinflüssen. Schnelle Aufnahme, strahlendes Ergebnis.
Enthält Reissamenwasser (30 %), das reich an Vitaminen, Mineralien und Antioxidantien ist, und die natürliche Gesundheit der Haut wiederherstellt, sodass sie klar und strahlend aussieht.
Panthenol (Vitamin B5), das für seine feuchtigkeitsspendenden und beruhigenden Eigenschaften bekannt ist, stärkt die Feuchtigkeitsbarriere der Haut und beruhigt die durch UV-Strahlen und Umwelteinflüsse gereizte Haut.
Entdecke die perfekte Balance zwischen Feuchtigkeit und Schutz mit Relief Sun Aqua-Fresh, das für alle entwickelt wurde, die ein leichtes und strahlendes Ergebnis ohne Kompromisse beim Sonnenschutz suchen. --50ml",50ml,11.95,Beauty Of Joseon,Sonnenschutz,"Water, Oryza Sativa (Rice) Seed Water, Dibutyl Adipate, Butyloctyl Salicylate, Ethylhexyl Triazone, 1,2-Hexanediol, Drometrizole Trisiloxane, Polyglyceryl-3 Distearate, Terephthalidene Dicamphor Sulfonic Acid, Diethylamino Hydroxybenzoyl Hexyl Benzoate, Polymethylsilsesquioxane, Tromethamine, Panthenol, Pentylene Glycol, Glyceryl Stearate, Silica, Caprylyl Methicone, Avena Sativa (Oat) Kernel Extract, Cynara Scolymus (Artichoke) Leaf Extract, Camellia Sinensis Leaf Water, Hydrogenated Lecithin, Oryza Sativa (Rice) Bran Oil, Sodium Hyaluronate, Bis-Ethylhexyloxyphenol Methoxyphenyl Triazine, Propanediol, Potassium Cetyl Phosphate, Poly C10-30 Alkyl Acrylate, Methylpropanediol, Carbomer, Acrylates/C10-30 Alkyl Acrylate Crosspolymer, Ethylhexylglycerin, Xanthan Gum, Glycerin, Polyether-1, Polyquaternium-51, Beta-Glucan, Biosaccharide Gum-1, Inositol, Tocopherol, Ferulic Acid, Citric Acid, Ceramide NP, Phytosphingosine, Rice Amino Acids, Rice sh-Oligopeptide-1

Die Liste der Inhaltsstoffe kann sich ändern. Bitte beachte die Verpackung des gekauften Produkts.
","Trage eine geeignete Menge Sonnenschutzmittel auf, um die Bereiche zu schützen, die der UV-Strahlung ausgesetzt sind.",TRUE,TRUE,TRUE
Beauty Of Joseon - Revive Serum: Ginseng + Snail Mucin - Reparierendes Anti-aging-serum - revive Serum: Ginseng + Snail Mucin,https://media.sephora.eu/content/dam/digital/pim/published/B/BEAUTY_OF_JOSEON/761493/365597-media_swatch.jpg?scaleWidth=500&scaleHeight=500&scaleMode=fit,"Dieses Serum richtet sich an Haut, die ihre Vitalität verloren hat.
Es enthält Ginseng, das wirksam gegen UV-bedingte Pigmentierung und Faltenbildung wirkt.
Das Serum enthält 3 % „gefilterte Schneckensekretion“ zur Unterstützung der Hautzellregeneration. Geschädigte Haut wird regeneriert und der Hautalterung vorgebeugt. Es enthält auch Kollagen und Elastin, die zur Aufrechterhaltung der Hautelastizität beitragen und so zusammen mit Ginseng das Erscheinungsbild von Falten reduzieren. --30ml",30ml,10.95,Beauty Of Joseon,Serum,"Panax Ginseng Root Water, Aqua (Water), Butylene Glycol, Snail Secretion Filtrate, Dipropylene Glycol, 1,2-Hexanediol, Glycerin, Niacinamide, Propanediol, Trehalose, Carbomer, Tromethamine, Xanthan Gum, Centella Asiatica Extract, Ganoderma Lucidum (Mushroom) Extract, Panax Ginseng Root Extract, Malt Extract, Sodium Polyacrylate, Adenosine, Glyceryl Acrylate/Acrylic Acid Copolymer, Disodium EDTA, Phellinus Linteus Extract, Sodium Hyaluronate, Hydrolyzed Hyaluronic Acid, Forsythia Suspensa Fruit Extract, Lonicera Japonica (Honeysuckle) Flower Extract, Scutellaria Baicalensis Root Extract, Sodium Acetylated Hyaluronate

Die Liste der Inhaltsstoffe kann sich ändern. Bitte beachten Sie die Verpackung des gekauften Produkts.
","Nach der morgendlichen und abendlichen Gesichtswasseranwendung 2-3 Tropfen auftragen und sanft im Gesicht verteilen. Anschließend leicht abtupfen, um die Aufnahme zu fördern.
Denke daran, bei der morgendlichen Anwendung Sonnenschutzmittel aufzutragen.",FALSE,FALSE,TRUE
Beauty of Joseon - Rice + Probiotics : Relief Sun Cream SPF 50+ 50 ml,https://www.mystationary.de/media/5b/c8/a9/1775868715/54bfbc93ee95087593eec0c8be8e50328821b7e1_MS_0063838_image_1_111301.jpg?ts=1775868718,"Die Beauty of Joseon Rice + Probiotics Relief Sun Cream SPF 50+ ist eine leichte Sonnencreme, die die Haut zuverlässig vor UV-Strahlung schützt und gleichzeitig pflegt.
 Die Formel mit Reisextrakt und Probiotika versorgt die Haut mit Feuchtigkeit, unterstützt die Hautbarriere und sorgt für ein angenehmes, geschmeidiges Hautgefühl. Die leichte Textur zieht gut ein und hinterlässt keinen schweren oder klebrigen Film.
 SPF 50+
 -- 50 ml",50 ml,22.95,Beauty of Joseon,Sonnenschutz,"Aqua, Dibutyl Adipate, Propanediol, Diethylamino Hydroxybenzoyl Hexyl Benzoate, Polymethylsilsesquioxane, Ethylhexyl Triazone, Niacinamide, Methylene Bis-Benzotriazolyl Tetramethylbutylphenol, Coco-Caprylate/Caprate, Caprylyl Methicone, Diethylhexyl Butamido Triazone, Glycerin, 1,2-Hexanediol, Butylene Glycol, Pentylene Glycol, Behenyl Alcohol, Poly C10-30 Alkyl Acrylate, Polyglyceryl-3 Methylglucose Distearate, Decyl Glucoside, Oryza Sativa (Rice) Extract, Tromethamine, Carbomer, Acrylates/C10-30 Alkyl Acrylate Crosspolymer, Sodium Stearoyl Glutamate, Polyacrylate Crosspolymer-6, Ethylhexylglycerin, Adenosine, Xanthan Gum, t-Butyl Alcohol, Tocopherol, Oryza Sativa (Rice) Germ Extract, Camellia Sinensis Leaf Extract, Lactobacillus/Rice Ferment, Lactobacillus/Pumpkin Ferment Extract, Monascus/Rice Ferment, Bacillus/Soybean Ferment Extract, Saccharum Officinarum (Sugarcane) Extract, Aspergillus Ferment, Macrocystis Pyrifera (Kelp) Extract, Cocos Nucifera (Coconut) Fruit Extract, Panax Ginseng Root Extract, Saccharomyces/Rice Ferment Filtrate

Die Liste der Inhaltsstoffe kann sich ändern. Bitte beachte die Verpackung des gekauften Produkts.
","Trage eine geeignete Menge Sonnenschutzmittel auf, um die Bereiche zu schützen, die der UV-Strahlung ausgesetzt sind.",TRUE,TRUE,TRUE
Beauty of Joseon Apricot Blossom Peeling Gel 100 ml,https://www.mystationary.de/media/d0/1f/ee/1775869055/3d71bcac9ccedb37a113a13eb68242fbdf1e10e2_MS_0064081_image_1_543344_apricot_blossom_peeling_gel_peeling_pro_vyhlazeni_pleti_a_snizeni_nad.jpg?ts=1775869057,"Dieses sanfte Peeling ist ein Upgrade des Aprikosen-Peeling-Gels von Beauty of Joseon und ein Muss, um abgestorbene Hautzellen zu entfernen sowie klare und strahlende Haut zu fördern. Die nicht reizende Formel enthält pflanzliche Zellulose, um die Haut von Unreinheiten zu befreien, und 19% Pflaumenblütenwasser, um Feuchtigkeit zu spenden. Ohne PEGs, ätherische Öle, Parabene sowie künstliche Farb- und Duftstoffe formuliert, ist dieses Produkt für empfindliche Haut geeignet. --100ml",100ml,18.95,Beauty of Joseon,Gesichtsreinigung,"Aqua, Prunus Mume Flower Water, Cellulose, Methylpropanediol, 1,2-Hexanediol, Carbomer, Arginine, Ethylhexylglycerin, Allantoin, Sorbitol, Disodium Edta, Butylene Glycol, Pyrus Malus (Apple) Fruit Extract, Camellia Sinensis Leaf Extract, Houttuynia Cordata Extract, Nelumbo Nucifera Flower Extract, Oryza Sativa (Rice) Extract, Prunus Mume Fruit Extract, Vaccinium Angustifolium (Blueberry) Fruit Extract.

Die Liste der Inhaltsstoffe kann sich ändern. Bitte beachten Sie die Verpackung des gekauften Produkts.","Eine etwa münzgroße Menge nach der Reinigung auf die trockene Haut auftragen und die Augenpartie aussparen. 20 Sekunden lang sanft einmassieren und anschließend gründlich abspülen, um abgestorbene Hautzellen und Unreinheiten zu entfernen.",TRUE,TRUE,TRUE
Beauty Of Joseon Red Bean Water Gel 100 Ml,https://www.mystationary.de/media/39/fb/79/1775886089/5b6fb6e235fd9c0a6a822869be51c480d5929ce1_MS_0063839_image_1_553124_red_bean_water_gel_hydratacni_pletovy_gel.jpg?ts=1775886090,"Dieses leichte Wassergel zieht leicht in die Haut ein, um sie zu erfrischen und mit Feuchtigkeit zu versorgen. Ideal für fettige Haut, hält es das Fett- und Feuchtigkeitsgleichgewicht der Haut aufrecht, indem es Talg mit 44% rotem Bohnenextrakt absorbiert. Auch mit Peptidkomplex angereichert, um Falten zu verbessern. --100ml",100ml,22.95,Beauty of Joseon,Gesichtsreinigung,"Phaseolus Angularis Seed Extract, Water, Butylene Glycol, Glycerin, 1,2-Hexanediol, Methyl Trimethicone, Acrylates/C10-30 Alkyl Acrylate Crosspolymer, Tromethamine, Glyceryl Glucoside, C12-14 Alketh-12, Maltodextrin, Ammonium Acryloyldimethyltaurate/Vp Copolymer, Dimethicone/Vinyl Dimethicone Crosspolymer, Dimethicone Crosspolymer, Ethylhexylglycerin, Betaine, Panthenol, Allantoin, Dipotassium Glycyrrhizate, Polyquaternium-51, Xanthan Gum, Disodium Edta, Glyceryl Acrylate/Acrylic Acid Copolymer, Dioscorea Japonica Root Extract, Glucose, Sodium Citrate, Beta-Glucan, Hydrolyzed Corn Starch, Citric Acid, Sucrose, Caprylyl Glycol, Helianthus Annuus Seed Oil, Tocopherol, Cyanocobalamin, Glycine, Serine, Glutamic Acid, Magnesium Ascorbyl Phosphate, Aspartic Acid, Leucine, Acetyl Hexapeptide-8, Alanine, Lysine, Arginine, Tyrosine, Phenylalanine, Proline, Threonine, Valine, Isoleucine, Histidine, Cysteine, Methionine, Sh-Oligopeptide-1, Sh-Oligopeptide-2, Sh-Polypeptide-1.

Die Liste der Inhaltsstoffe kann sich ändern. Bitte beachten Sie die Verpackung des gekauften Produkts.","Trage eine angemessene Menge dieser Creme als letzten Schritt deiner Hautpflege auf dein Gesicht auf und vermeide dabei die Augenpartie.
 
 Massiere sie mit deinen Fingern, damit sie besser einzieht.",TRUE,TRUE,TRUE
Benefit Cosmetics - The POREfessional Good Cleanup - Poren klärender Reinigungsschaum,https://media.sephora.eu/content/dam/gdam/europe/digital/pim/published/B/BENEFIT_COSMETICS/652361/313262-media_swatch-1.jpg?scaleWidth=750&scaleHeight=750&scaleMode=fit,"Der Reinigungsschaum The POREfessional Good Cleanup von Benefit Cosmetics entfernt Schmutz, Talg & Rückstände und lässt die Poren sichtbar kleiner und verfeinert wirken. Ein Gesichtsreiniger, der so gut ist, dass deine Haut sich frisch und glatt anfühlen wird. Keine Spur von Spannungsgefühlen & Trockenheit!
--45ml",45ml,13.95,Benefit,Gesichtsreinigung,"Aqua (Water), Coco-Betaine, Glycerin, Butylene Glycol, Peg-120 Methyl Glucose Dioleate, Sodium Lauroyl Sarcosinate, Maltitol, Sodium Methyl Cocoyl Taurate, Sodium Cocoyl Isethionate, Polyacrylate Crosspolymer-6, Sodium Benzoate, Caprylyl Glycol, Citric Acid, Hydroxyacetophenone, Parfum (Fragrance), Polyquaternium-22, Bisabolol, Isopropyl Alcohol, Sodium Citrate, Pentylene Glycol, Citrus Limon (Lemon) Fruit Extract, Sphingolipids, Sphingomonas Ferment Extract, Tocopherol, Citrus Junos Fruit Extract, Pentaerythrityl Tetra-Di-T-Butyl Hydroxyhydrocinnamate, N° 20092.

Die Liste der Inhaltsstoffe kann sich ändern. Bitte beachten Sie die Verpackung des gekauften Produkts.","Hautporen mimieren und das Gesicht richtig reinigen:

Step 1: Enterne dein Make-up mit dem Get Unblocked Gesichtsöl
Step 2: Verwende dann The POREfessional Good Cleanup, um dein Gesicht zu reinigen
Step 3: Schenke deiner Haut dann Feuchtigkeit mit der Smooth Sip Gesichtscreme

Für die richtige Anwendung:
The POREfessional Good Cleanup auf dem Gesicht auftragen und in sanften, kreisenden Bewegungen gründlich einmassieren. Anschließend abspülen. Wende den Reinigungsschaum täglich morgens, und abends nach dem The POREfessional Get Unblocked Gesichtsöl an.",FALSE,FALSE,FALSE
Benton - Air Fit UV Defense Sun Cream,https://korean-skincare.de/cdn/shop/files/Product-page-sizes_7443dc28-f74a-4711-87d5-1200a1b0e8e0.jpg?v=1751279790,"Die Benton Air Fit UV-Defense Sun Cream ist ein chemischer Sonnenschutz mit 4 weitreichenden chemischen photostabilen Filtern mit SPF50 + PA ++++. Er hat eine leichte Textur und zieht schnell ein, schützt die Haut und hilft, überschüssiges Öl mit einem matten Finish zu kontrollieren. Er hinterlässt ein leichtes Gefühl ohne zu kleben und zieht schnell in die Haut ein. Mit Centella Asiatica-Extrakt, Panthenol, Dipotassium Glycyrrhizate und Tocopherol, die die Haut mit Feuchtigkeit versorgen und die Hautbarriere stärken.
Die feuchtigkeitsspendende Formel hat eine cremige Textur, die keine weissen Rückstände hinterlässt. --50ml",50ml,15.75,Benton,Sonnenschutz,"Water, Dibutyl Adipate, Propanediol, Diethylamino Hydroxybenzoyl Hexyl Benzoate, Polymethylsilsesquioxane, Ethylhexyl Triazone, Niacinamide, Methylene Bis-Benzotriazolyl Tetramethylbutylphenol, Coco-Caprylate/Caprate, Caprylyl Methicone, Diethylhexyl Butamido Triazone, Glycerin, 1,2-Hexanediol, Butylene Glycol, Pentylene Glycol, Centella Asiatica Extract, Behenyl Alcohol, Poly C10-30 Alkyl Acrylate, Polyglyceryl-3 Methylglucose Distearate, Decyl Glucoside, Melia Azadirachta Leaf Extract, Melia Azadirachta Flower Extract, Acrylates/C10-30 Alkyl Acrylate Crosspolymer, Panthenol, Tocopherol, Dipotassium Glycyrrhizate, Madecassoside, Madecassic Acid, Asiaticoside, Asiatic Acid, Tromethamine, Carbomer, Sodium Stearoyl Glutamate, Polyacrylate Crosspolymer-6, Ethylhexylglycerin, Adenosine, Rosmarinus Officinalis (Rosemary) Leaf Oil, Xanthan Gum, T-Butyl Alcohol

Die Liste der Inhaltsstoffe kann sich ändern. Bitte beachte die Verpackung des gekauften Produkts.
","Als letzten Tipp der Hautpflegeroutine verwenden.
30 Minuten vor dem Aufenthalt in der Sonne auf die der Sonne ausgesetzten Bereiche des Gesichts/Körpers auftragen.
Alle zwei Stunden erneut auftragen, um den perfekten Sonnenschutz für den ganzen Tag zu gewährleisten.",TRUE,FALSE,FALSE
Benton - Snail Bee High Content Skin Toner,https://korean-skincare.de/cdn/shop/files/2df936371d1e1ec8f33b29c9de74d8ab_df63ba72-0d4c-4d3a-91d4-048660f85c12.jpg?v=1752080730,"Verbessere deine Hautpflegeroutine mit dem Benton Snail Bee High Content Skin Toner. Dieser Toner wurde mit einer Mischung aus Natur und Wissenschaft entwickelt und enthält Schneckensekret-Filtrat für die Hautreparatur, Kamelienblatt-Wasser und Aloe-Barbadensis-Blattextrakt für tiefe Hydratation und Niacinamid für die Aufhellung. Peptide wie Copper Tripeptide-1 und Hexapeptide bekämpfen feine Linien, während botanische Extrakte wie Diospyros Kaki Leaf und Salix Alba Bark zu einem ausgeglichenen, gesunden Teint beitragen. Dieses Gesichtswasser ist frei von schädlichen Zusatzstoffen und für alle Hauttypen geeignet. Nach der Reinigung auftragen und sanft massieren, um eine verjüngte, strahlende Haut zu erhalten. Verbessere dein Hautpflegeritual mit Benton.
--150ml",150ml,15.95,Benton,Toner,"Snail Secretion Filtrate, Aqua, Camellia Sinensis Leaf Water, Glycerin, Butylene Glycol, 1,2-Hexanediol, Pentylene Glycol, Niacinamide, Betaine, Panthenol, Diospyros Kaki Leaf Extract, Laminaria Digitata Extract, Plantago Asiatica Extract, Salix Alba Bark Extract, Ulmus Campestris Bark Extract, Aloe Barbadensis Leaf Extract, Althaea Rosea Root Extract, Polyglyceryl-10 Laurate, Beta-Glucan, Copper Tripeptide-1, Hexapeptide-11, Hexapeptide-9, Tripeptide-1, Palmitoyl Pentapeptide-4, Palmitoyl Tripeptide-1, Caprylyl Glycol, Allantoin, Adenosine, Citric Acid, Bee Venom.

Die Liste der Inhaltsstoffe kann sich ändern. Bitte beachte die Verpackung des gekauften Produkts.
",Mit den Fingerspitzen sanft in die Haut einmassieren. Verwende anschließend die übrigen Produkte deiner Hautpflege-Routine.,FALSE,TRUE,TRUE
Beplain - Greenful Balancing Toner,https://korean-skincare.de/cdn/shop/files/7ccc50d640d34604d10ab8f53682a994.jpg?v=1752122112,"Der Be Plain Greenful balancing Toner ist ein mildes, pH-ausgleichendes Gesichtswasser, das gereizte, empfindliche Haut beruhigt und ausgleicht und die Haut weich und verfeinert macht. Die leichte, wässrige Textur entfernt Rückstände nach dem Waschen des Gesichts und hinterlässt ein angenehmes und erfrischendes Hautgefühl. Die leicht saure, pH-balancierende Formel stellt das gesunde pH-Gleichgewicht der Haut wieder her und hinterlässt ein nicht klebriges, taufrisches Finish. --200ml

",200ml,19.95,Beplain,Toner,"Phaseolus Radiatus Seed Extract (426,000 ppm), Purified Water, Butylene Glycol, Dipropylene Glycol, Glycereth-26, 1,2-Hexanediol, Hydroxyacetophenone, Glyceryl Glucoside, Xylitylglucoside, Anhydroxylitol, Allantoin, Panthenol, Glycerin, Xylitol, Sodium Hyaluronate, Dipotassium Glycyrrhizate, Gluconolactone, Glucose, Xanthan Gum, Magnolia Kobus Bark Extract, Disodium EDTA, Sodium Citrate

Die Liste der Inhaltsstoffe kann sich ändern. Bitte beachte die Verpackung des gekauften Produkts.
","Eine angemessene Menge auf ein Wattepad auftragen
Trage es sanft auf und folge dabei den Linien deiner Haut
Drehe das Wattepad um und massiere es sanft, um den Inhalt aufzunehmen.",TRUE,TRUE,TRUE
Biodance - Cera-nol Gel Toner Pads – Straffende Und Glättende Maske - hydro Cera-nol Gel Toner Pads 60pads,https://media.sephora.eu/content/dam/digital/pim/published/B/BIODANCE/771011/386519-media_swatch-1.jpg?scaleWidth=500&scaleHeight=500&scaleMode=fit,"Erlebe eine Extraportion beruhigender Feuchtigkeit mit den erfrischenden Cera-Nol-Pads von Biodance, die speziell für trockene und empfindliche Haut entwickelt wurden. Jedes Pad ist mit der einzigartigen CERA-NOL-Formel durchtränkt, die D-Panthenol, 10-lagige Hyaluronsäure und 5-lagige Ceramide kombiniert, um tiefenwirksam Feuchtigkeit zu spenden und die Hautbarriere wiederherzustellen.

Angereichert mit 10 % Gletscherwasser fördern diese Pads nicht nur die Aufnahme aktiver Inhaltsstoffe, sondern kreieren auch eine erfrischende Feuchtigkeitsbarriere, damit die Haut glatt und geschützt bleibt.

Diese nicht irritierenden Gel-Pads erfrischen und besänftigen, gleichzeitig beleben sie den Teint wohltuend und gleichen ihn aus. Im klinischen Test wiesen sie einen Hautreizungsindex von 0,00 auf und sind somit sicher für die tägliche Anwendung, selbst bei empfindlicher Haut. --60ml",60ml,17.95,Biodance,Toner,"Water, Butylene Glycol, 1,2-Hexanediol, Allantoin, Polyglyceryl-10 Laurate, Pentylene Glycol, Arginine, Acrylates/C10-30 Alkyl Acrylate Crosspolymer, Ethylhexylglycerin, Caprylyl Glycol, Disodium EDTA, Ammonium Acryloyldimethyltaurate/VP Copolymer, Maltodextrin, Hydrolyzed Gardenia Florida Extract, Hydrolyzed Hyaluronic Acid, Panthenol, Ceramide NP, 2,3-Butanediol, Hydrogenated Lecithin, Glyceryl Stearate, Sodium Hyaluronate, Cholesterol, Ceramide AS, Ceramide AP, Ceramide NS, Hydroxypropyltrimonium Hyaluronate, Sodium Acetylated Hyaluronate, Hyaluronic Acid, Hydrolyzed Sodium Hyaluronate, Sodium Hyaluronate Crosspolymer, Potassium Hyaluronate, Ceramide EOP

Die Liste der Inhaltsstoffe kann sich ändern. Bitte beachten Sie die Verpackung des gekauften Produkts.","Nach der Reinigung das Toner-Pad sanft von der Mitte nach außen über das Gesicht streichen, die Augenpartie dabei aussparen.",FALSE,TRUE,TRUE
Biodance - Collagen Gel Toner Pads – Feuchtigkeitsspendende Und Beruhigende Maske - bio-collagen Gel Toner Pads 60pads,https://media.sephora.eu/content/dam/digital/pim/published/B/BIODANCE/771012/386520-media_swatch-1.jpg?scaleWidth=500&scaleHeight=500&scaleMode=fit,"Diese tonisierenden Pads sind durchtränkt mit 243DAL Kollagen mit niedrigem Molekulargewicht, das tief in die Haut eindringt, ihre Elastizität verbessert und erweiterte Poren bereits ab der ersten Anwendung sichtbar verfeinert.

Die Formulierung enthält 10 % Kollagenwasser, wodurch die Essenz schnell einzieht und die Haut effektiver mit Feuchtigkeit versorgt als klassische Kollagenextrakte.

Die Gel-Pads irritieren nicht, spenden beruhigende und erfrischende Feuchtigkeit und gleichen den Teint aus, ohne ein klebriges oder beschwerendes Gefühl zu hinterlassen.

Im klinischen Test wiesen sie einen Reizungsindex von 0,00 auf und sind somit sicher für die tägliche Anwendung, selbst bei empfindlicher Haut. --60pads",60pads,21.45,Biodance,Toner,"Water (Aqua), Collagen Water, Butylene Glycol, 1,2-Hexanediol, Polyglyceryl-10 Laurate, Glycerin, Ethylhexylglycerin, Arginine, Allantoin, Carbomer, Xanthan Gum, Disodium EDTA, Sodium Polyacrylate, Cyanocobalamin, Palmitoyl Tripeptide-5, Hydrolyzed Hyaluronic Acid, Collagen Extract, Hydrolyzed Elastin, Galactomyces Ferment Filtrate, Hyaluronic Acid, sh-Polypeptide-22, sh-Oligopeptide-1, sh-Polypeptide-1, sh-Oligopeptide-2, sh-Polypeptide-3.

Die Liste der Inhaltsstoffe kann sich ändern. Bitte beachte die Verpackung des gekauften Produkts.
","Nach der Reinigung das Toner-Pad sanft von der Mitte nach außen über das Gesicht streichen, die Augenpartie dabei aussparen.",FALSE,TRUE,TRUE
Biodance - Hydro Cera-nol Serum - Intensiv Feuchtigkeitsspendendes Und Schützendes Serum - biodance Hydro Cera-nol Serum,https://media.sephora.eu/content/dam/digital/pim/published/B/BIODANCE/805208/399831-media_swatch-1.jpg?scaleWidth=500&scaleHeight=500&scaleMode=fit,"Ein intensiv feuchtigkeitsspendendes Serum, formuliert mit der exklusiven Hydro Cera-Nol-Technologie, die entwickelt wurde, um tiefenwirksam und langanhaltend Feuchtigkeit zu spenden und die Haut zu beruhigen.

Die leichte Textur zieht schnell ein, ohne ein fettiges Finish zu hinterlassen, polstert die Haut auf, macht sie glatt und lässt sie natürlich strahlen – Tag und Nacht! --30ml",30ml,25.95,Biodance,Serum,"Water(Aqua), Propanediol, Glycerin, Panthenol, Butylene Glycol, Niacinamide, 1,2-Hexanediol, Pentylene Glycol, Caprylic/Capric Triglyceride, Vinyl Dimethicone, Cetearyl Olivate, Sodium Polyacryloyldimethyl Taurate, Sorbitan Olivate, Diphenylsiloxy Phenyl Trimethicone, Ammonium Polyacryloyldimethyl Taurate, Xanthan Gum, Ethylhexylglycerin, Octyldodecanol, Adenosine, Disodium EDTA, Citric Acid, Allantoin, Echium Plantagineum Seed Oil, Hydrogenated Lecithin, Cetearyl Alcohol, t-Butyl Alcohol, Stearic Acid, Perilla Ocymoides Seed Extract, Helianthus Annuus (Sunflower) Seed Oil Unsaponifiables, Cardiospermum Halicacabum Flower/Leaf/Vine Extract, Sodium Hyaluronate, Ceramide NP, Tocopherol, Ceramide NS, Cholesterol, Hydroxypropyltrimonium Hyaluronate, Phytosphingosine, Ceramide AP, Ceramide AS, Hydrolyzed Hyaluronic Acid, Sodium Acetylated Hyaluronate, Hyaluronic Acid, Hydrolyzed Sodium Hyaluronate, Sodium Hyaluronate Crosspolymer, Potassium Hyaluronate, Ceramide EOP

Die Liste der Inhaltsstoffe kann sich ändern. Bitte beachten Sie die Verpackung des gekauften Produkts.",Trage eine ausreichende Menge auf die Haut auf und verteile sie gleichmäßig.,FALSE,FALSE,TRUE
Biodance - Pore Perfecting Collagen Peptide Cream - Straffende Feuchtigkeitscreme - biodance Pore Perfecting Cream,https://media.sephora.eu/content/dam/digital/pim/published/B/BIODANCE/805203/399826-media_swatch-1.jpg?scaleWidth=500&scaleHeight=500&scaleMode=fit,"Eine kollagenstimulierende Creme, die mit 10 Peptiden und patentiertem Kollagenwasser formuliert ist, um tiefenwirksam Feuchtigkeit zu spenden und die Haut zu straffen und zu glätten.

Sie trägt dazu bei, das Kollagen gegenüber äußeren Einflüssen zu stärken und sorgt gleichzeitig für eine langanhaltende Feuchtigkeit sowie einen aufgepolsterten, strahlenden und natürlich leuchtenden Teint. --50ml",50ml,30.95,Biodance,Feuchtigkeitspflege,"Collagen Water(641,849ppm), Glycerin, Methylpropanediol, Diphenyl Dimethicone, Neopentyl Glycol Diheptanoate, Triethylhexanoin, 1,2-Hexanediol, Cetearyl Alcohol, Niacinamide, Hydrogenated Polydecene, Simethicone, Cetearyl Olivate, Hydrogenated Poly(C6-14 Olefin), Glyceryl Stearate, Sorbitan Olivate, Dimer Dilinoleyl Dimer Dilinoleate, Water(Aqua), Sodium Acrylate/Sodium Acryloyldimethyl Taurate Copolymer, Polyisobutene, Sodium Polyacrylate, Ethylhexylglycerin, Adenosine, Caprylyl/Capryl Glucoside, Sorbitan Oleate, Disodium EDTA, Panthenol, Cyanocobalamin, Tocopherol, Propanediol, Butylene Glycol, Collagen Extract(1,000ppb), Sodium Hyaluronate, Alginic Acid, Pentylene Glycol, Silanetriol, Caprylyl Glycol, Elastin, Hydroxypropyltrimonium Hyaluronate, Hydrolyzed Elastin, Soluble Elastin, Sodium Acetylated Hyaluronate, Hydrolyzed Hyaluronic Acid, Hyaluronic Acid, Hydrolyzed Sodium Hyaluronate, Sodium Hyaluronate Crosspolymer, Potassium Hyaluronate, sh-Oligopeptide-1(0.01ppb), Tripeptide-1(0.01ppb), Hexapeptide-12(0.01ppb), Hexapeptide-9(0.01ppb), Palmitoyl Tripeptide-5(0.01ppb), Pentapeptide-4(0.01ppb), Palmitoyl Tripeptide-38(0.01ppb), Palmitoyl Pentapeptide-4(0.01ppb), Acetyl Hexapeptide-8(0.01ppb), Copper Tripeptide-1(0.01ppb)

Die Liste der Inhaltsstoffe kann sich ändern. Bitte beachten Sie die Verpackung des gekauften Produkts.",Trage eine ausreichende Menge auf die Haut auf und verteile sie gleichmäßig.,FALSE,TRUE,TRUE
Biodance - Pore Perfecting Collagen Peptide Serum - Porenverfeinerndes Serum - biodance Pore Perfecting Serum,https://media.sephora.eu/content/dam/digital/pim/published/B/BIODANCE/805333/399832-media_swatch-1.jpg?scaleWidth=500&scaleHeight=500&scaleMode=fit,"Ein leichtes Serum, das für eine intensive Wirkung auf die Poren entwickelt wurde und mit 10 Arten von Peptiden sowie patentiertes Kollagenwasser formuliert ist.

Seine wohltuende samtige Textur zieht sanft ein, ohne einen Fettfilm zu hinterlassen und trägt dazu bei, die Haut zu straffen, die Poren zu verfeinern und einen glatten, gleichmäßigen Teint zum Vorschein zu bringen. --30ml",30ml,25.95,Biodance,Serum,"Collagen Water(781,963ppm), Water(Aqua), Glycerin, Tripropylene Glycol, 1,2-Hexanediol, Niacinamide, Trehalose, Sodium Polyacryloyldimethyl Taurate, Butylene Glycol, Allantoin, Polyglyceryl-10 Laurate, Sodium Polyacrylate, Ethylhexylglycerin, Hydrolyzed Hyaluronic Acid, Adenosine, Xanthan Gum, Polyquaternium-51, Disodium EDTA, Glyceryl Acrylate/Acrylic Acid Copolymer, Caprylyl Glycol, PVM/MA Copolymer, Cyanocobalamin,Coptis Japonica Root Extract,So
dium Hyaluronate, Hydroxypropyltrimonium Hyaluronate, Tocopherol, Propanediol, Saccharide Isomerate, Sodium Acetylated Hyaluronate, Collagen Extract(100ppb), Hyaluronic Acid, Hydrolyzed Sodium Hyaluronate, Sodium Hyaluronate Crosspolymer, Alginic Acid, Silanetriol, Potassium Hyaluronate, Hydrolyzed Elastin, Elastin, Soluble Elastin, Tripeptide-1(0.1ppb), Acetyl Hexapeptide-8(0.1ppb), Copper Tripeptide-1(0.1ppb), Palmitoyl Tripeptide-5(0.1ppb), sh-Oligopeptide-1
(0.1ppb), Pentapeptide-4(0.1ppb), Palmitoyl Tripeptide-38(0.1ppb), Hexapeptide-9(0.1ppb), Hexapeptide-12(0.1ppb), Palmitoyl Pentapeptide-4(0.1ppb)

Die Liste der Inhaltsstoffe kann sich ändern. Bitte beachten Sie die Verpackung des gekauften Produkts.",Trage eine ausreichende Menge auf die Haut auf und verteile sie gleichmäßig.,FALSE,TRUE,TRUE
"Biodance - Radiant Vita Niacinamide Cream - Creme Für Einen Strahlenden, Ebenmäßigen Teint. - collagen Pore Perfecting Peptide Cream",https://media.sephora.eu/content/dam/digital/pim/published/B/BIODANCE/804994/399825-media_swatch-1.jpg?scaleWidth=500&scaleHeight=500&scaleMode=fit,"Pflege mit Dreifachwirkung – Teint, Struktur und Glow.

Die Vita Niacinamide Gel Toner Pads sind mit Niacinamid, Ananassaft und Glutathion durchtränkt, um aufzuhellen, zu glätten und den natürlichen Glow der Haut zu enthüllen. --50ml",50ml,30.95,Biodance,Feuchtigkeitspflege,"Ananas Sativus (Pineapple) Fruit Water, Hydrogenated Polydecene, Isononyl Isononanoate, Butylene Glycol, Niacinamide(50,000ppm), Propanediol, Glycerin, Polyglyceryl-4 Oleate, 1,2-Hexanediol, Polyglyceryl-6 Oleate, Sodium Chloride,
Sorbitan Sesquioleate, Polyhydroxystearic Acid, Disteardimonium Hectorite, Hydrogenated Lecithin, Ethylhexylglycerin, Helianthus Annuus (Sunflower) Seed Oil, Adenosine, Disodium EDTA, Glutathione,Beta-Carotene(4.5ppm), Tocopherol(500ppb)

Die Liste der Inhaltsstoffe kann sich ändern. Bitte beachten Sie die Verpackung des gekauften Produkts.",Trage eine ausreichende Menge auf die Haut auf und verteile sie gleichmäßig.,TRUE,TRUE,TRUE
"Biodance - Radiant Vita Niacinamide Serum - Serum Für Einen Strahlenden, Ebenmäßigen Teint - biodance Radiant Niacinamide Serum",https://media.sephora.eu/content/dam/digital/pim/published/B/BIODANCE/805206/399829-media_swatch-1.jpg?scaleWidth=500&scaleHeight=500&scaleMode=fit,"Ein Glow-Serum, das 20 % Niacinamid, Ananaswasser und reines Glutathion miteinander kombiniert, um eine dreifach aufhellende Wirkung zu bieten.

Es spendet intensive Feuchtigkeit, gleichzeitig verfeinert es das Hautbild und macht den Teint ebenmäßig, sodass das Gesicht schon nach der ersten Anwendung strahlend und frisch aussieht. --30ml",30ml,25.95,Biodance,Serum,"Collagen Water(781,963ppm), Water(Aqua), Glycerin, Tripropylene Glycol, 1,2-Hexanediol, Niacinamide, Trehalose, Sodium Polyacryloyldimethyl Taurate, Butylene Glycol, Allantoin, Polyglyceryl-10 Laurate, Sodium Polyacrylate, Ethylhexylglycerin, Hydrolyzed Hyaluronic Acid, Adenosine, Xanthan Gum, Polyquaternium-51, Disodium EDTA, Glyceryl Acrylate/Acrylic Acid Copolymer, Caprylyl Glycol, PVM/MA Copolymer, Cyanocobalamin,Coptis Japonica Root Extract,So
dium Hyaluronate, Hydroxypropyltrimonium Hyaluronate, Tocopherol, Propanediol, Saccharide Isomerate, Sodium Acetylated Hyaluronate, Collagen Extract(100ppb), Hyaluronic Acid, Hydrolyzed Sodium Hyaluronate, Sodium Hyaluronate Crosspolymer, Alginic Acid, Silanetriol, Potassium Hyaluronate, Hydrolyzed Elastin, Elastin, Soluble Elastin, Tripeptide-1(0.1ppb), Acetyl Hexapeptide-8(0.1ppb), Copper Tripeptide-1(0.1ppb), Palmitoyl Tripeptide-5(0.1ppb), sh-Oligopeptide-1
(0.1ppb), Pentapeptide-4(0.1ppb), Palmitoyl Tripeptide-38(0.1ppb), Hexapeptide-9(0.1ppb), Hexapeptide-12(0.1ppb), Palmitoyl Pentapeptide-4(0.1ppb)

Die Liste der Inhaltsstoffe kann sich ändern. Bitte beachten Sie die Verpackung des gekauften Produkts.",Trage eine ausreichende Menge auf die Haut auf und verteile sie gleichmäßig.,FALSE,TRUE,TRUE
Biodance - Refreshing Sea Kelp Serum - Beruhigendes Und Ausgleichendes Serum - biodance Refreshing Sea Kelp Serum,https://media.sephora.eu/content/dam/digital/pim/published/B/BIODANCE/805207/399830-media_swatch-1.jpg?scaleWidth=500&scaleHeight=500&scaleMode=fit,"Ein sanftes, aber wirksames Serum gegen Unreinheiten, das mit fermentiertem Meeresalgenextrakt formuliert ist, um die Haut zu beruhigen, zu klären und wieder ins Gleichgewicht zu bringen.

Es wurde speziell für empfindliche Haut, die zu Unreinheiten neigt, entwickelt und mildert Unreinheiten, Talgüberschuss sowie Aknemale. Gleichzeitig stellt es die Klarheit und das Wohlbefinden der Haut wieder her. --30ml",30ml,25.95,Biodance,Serum,"Lactobacillus/Kelp Ferment Filtrate(864,520ppm), Propanediol, Butylene Glycol, Niacinamide, 1,2-Hexanediol, Water(Aqua), Xylitol, Erythritol, Glycerin, Gellan Gum, Xanthan Gum, Calcium Chloride, Ethylhexy lglycerin, Adenosine, Melia Azadirachta Leaf Extract, Glyceryl Acrylate/Acrylic Acid Copolymer, PVM/MA Copolymer, Melia Azadirachta Flower Extract, Laminaria Digitata Water(9,800ppb), Hydroxyethylcellulose, Sea Water, Sodium Polyacrylate, Tocopherol, Saccharide Iso
merate, Jania Rubens Extract, Kjellmaniella Gyrata Extract(10ppb), Laminaria Japonica Extract(10ppb), Spirulina Platensis Extract

Die Liste der Inhaltsstoffe kann sich ändern. Bitte beachten Sie die Verpackung des gekauften Produkts.",Trage eine ausreichende Menge auf die Haut auf und verteile sie gleichmäßig.,TRUE,TRUE,TRUE
Biodance - Sea Kelp Gel Toner Pads - Beruhigende Und Klärende Maske - sea Kelp Gel Toner Pads 60pads,https://media.sephora.eu/content/dam/digital/pim/published/B/BIODANCE/802188/391791-media_swatch-0.jpg?scaleWidth=500&scaleHeight=500&scaleMode=fit,"Beruhigende, reinigende und erfrischende Gel-Toner-Pads, angereichert mit Dasima, Algenfermentfiltrat und Wasser aus den Tiefen des Meeres.
Formuliert auf der Basis von Kelp, einer Meeresalge – auch bekannt als das „Cica des Meeres” – bieten die Pads die fünffache beruhigende Wirkung wie traditionelles Centella. Sie beruhigen und lindern irritierte Haut und verleihen einen frischen und ausgeglichenen Teint.
Ein Gelgewebe, das die Hydrogel-Technologie von Biodance enthält.
Die transparente Gelprägung, die mit Essenz durchtränkt ist, minimiert Hautirritationen.
Feuchtigkeitsspendende Pads für die tägliche Anwendung, die sofort Feuchtigkeit spenden, um irritierte Haut zu beruhigen. --60pads",60pads,22.45,Biodance,Toner,"Water, Laminaria Digitata Water, Butylene Glycol, 1,2-Hexanediol, Lactobacillus/Kelp Ferment Filtrate, Sea Water, Polyglyceryl-10 Laurate, Arginine, Allantoin, Carbomer, Ethylhexylglycerin, Xanthan Gum, Disodium EDTA, Sodium Polyacrylate, Melia Azadirachta Leaf Extract, Methyl Diisopropyl Propionamide, Melia Azadirachta Flower Extract, Ocimum Sanctum Leaf Extract, Spirulina Maxima Extract, Curcuma Longa (Turmeric) Root Extract, Corallina Officinalis Extract, Maltodextrin, Hydrolyzed Gardenia Florida Extract, Jania Rubens Extract, Kjellmaniella Gyrata Extract, Laminaria Japonica Extract.

Die Liste der Inhaltsstoffe kann sich ändern. Bitte beachte die Verpackung des gekauften Produkts.
","Nach der Reinigung ein Toner-Pad sanft von der Mitte nach außen über das Gesicht streichen, die Augenpartie dabei aussparen.",TRUE,TRUE,TRUE
Biodance - Vita Niacinamide Gel Toner Pads - Aufhellende Maske Für Einen Ebenmäßigen Teint - vita Niac. Gel Toner Pads 60pads,https://media.sephora.eu/content/dam/digital/pim/published/B/BIODANCE/802189/391792-media_swatch-0.jpg?scaleWidth=500&scaleHeight=500&scaleMode=fit,"Aufhellende und ausgleichende Gel-Toner-Pads.
Angereichert mit Niacinamid, Ananaswasser und Glutathion helfen sie, einen ungleichmäßigen Teint und eine ungleichmäßige Hautstruktur zu verfeinern, während sie die Haut sichtbar strahlend hinterlassen.
Ein Gel-Pad, das die Vorteile der Hydrogel-Technologie von Biodance vereint.
Ein transparentes, geprägtes Gel, das mit Essenz durchtränkt ist und Hautirritationen minimiert.
Feuchtigkeitsspendende Pads für die tägliche Anwendung, die sofort Feuchtigkeit spenden, um irritierte Haut zu beruhigen. --60pads",60pads,25.95,Biodance,Toner,"Water, Ananas Sativus (Pineapple) Fruit Water(100,000ppm), Glycerin, Acrylates Copolymer, Niacinamide(20,000ppm), 1,2-Hexanediol, Ceratonia Siliqua (Carob) Gum, Betaine, Chondrus Crispus, Polyglyceryl-10 Laurate, Potassium Chloride, Sucrose, Polyglyceryl-2 Triisostearate, Allantoin, Agar, Cellulose Gum, Ethylhexylglycerin, Butylene Glycol, Adenosine, Pyrus Communis (Pear) Fruit Extract, Sclerotium Gum, Disodium EDTA, Rosa Damascena Flower Water, Melia Azadirachta Leaf Extract, Melia Azadirachta Flower Extract, Iris Florentina Root Extract, Ananas Sativus (Pineapple) Fruit Extract, Hippophae Rhamnoides Oil, Cucumis Melo (Melon) Fruit Extract, Curcuma Longa (Turmeric) Root Extract, Hedera Helix (Ivy) Leaf/Stem Extract, Ocimum Sanctum Leaf Extract, Corallina Officinalis Extract, Tocopherol, Sodium Hyaluronate, Hydrolyzed Hyaluronic Acid, Gluconolactone, Boron Nitride, Caprylyl Glycol, Hydroxypropyltrimonium Hyaluronate, Glutathione, Sodium Acetylated Hyaluronate, Hyaluronic Acid, Hydrolyzed Sodium Hyaluronate, Sodium Hyaluronate Crosspolymer, Potassium Hyaluronate

Die Liste der Inhaltsstoffe kann sich ändern. Bitte beachten Sie die Verpackung des gekauften Produkts.","Nach der Reinigung ein Toner-Pad sanft von der Mitte nach außen über das Gesicht streichen, die Augenpartie dabei aussparen.",TRUE,TRUE,TRUE
Bioderma - Hydrabio Tonique Gesichtswasser,https://www.versandapo.de/images/product_images/popup_images/09732526.jpg,"Das Bioderma Hydrabio Tonique Gesichtswasser bereitet die Haut ideal auf die nachfolgende Feuchtigkeitspflege vor. Es klärt das Hautbild nach der Reinigung, entfernt Kalkrückstände und hilft, den pH-Wert der Haut zu regulieren.
 Die Formel stärkt die Feuchtigkeitsversorgung der Haut nachhaltig und eignet sich besonders für feuchtigkeitsarme, empfindliche sowie trockene bis sehr trockene Haut. Der patentierte Wirkstoff Aquagenium™ mit Pyrus Malus und Vitamin B3 unterstützt die Feuchtigkeitsversorgung und aktiviert die hauteigene Lipidproduktion.
 Die enthaltene D.A.F.-Zuckergrundlage spendet zusätzlich Feuchtigkeit, wirkt beruhigend und unterstützt die Hautverträglichkeit. Glycerin versorgt die Haut ebenfalls mit Feuchtigkeit und sorgt für ein gepflegtes Hautgefühl. --250ml",250ml,14.79,Bioderma,Toner,"Water (Aqua), Glycerin, Polysorbate 20, Allantoin, Pyrus Malus (Apple) Fruit Extract, Xylitol, Mannitol, Rhamnose, Fructooligosaccharides, Citric Acid, Niacinamide, Hexyldecanol, Sodium Hydroxide, Cetrimonium Bromide, Disodium EDTA, Fragrance (Parfum).

Die Liste der Inhaltsstoffe kann sich ändern. Bitte beachte die Verpackung des gekauften Produkts.
","Morgens und abends
  SCHRITT 1
 Ein Wattepad tränken
 SCHRITT 2
 Nach der Reinigung auf Gesicht und Augen auftragen.",TRUE,TRUE,FALSE
Biotherm - Aquasource Cica Nutri Cream - Gesichtscreme - aquasource Cream Ps 30ml,https://media.sephora.eu/content/dam/digital/pim/published/B/BIOTHERM/560006/241352-media_swatch.jpg?scaleWidth=500&scaleHeight=500&scaleMode=fit,"Die reichhaltige Aquasource Cica Nutri Cream hydriert deine Haut und bildet somit die perfekte Antwort auf eine trockene und gestresste Haut.

Hierfür sorgt eine saubere und nachhaltige Produktformel bestehend aus effektiven, aquatischen Wirkstoffen. Angereichert mit hochkonzentriertem Life Plankton™, stärkt die Creme die Regenerationskräfte der Haut. Wertvolle Cica spendet zusätzlich intensive Feuchtigkeit und hat einen beruhigenden Effekt auf gestresste Haut. Bei regelmäßiger Anwendung erscheint deine Haut in einem strahlenden, jugendlichen Teint. Die reichhaltige Textur ist auch für empfindliche Haut geeignet und schenkt dir ein erfrischendes und samtig-weiches Hautgefühl. --30ml",30ml,15.45,Biotherm,Feuchtigkeitspflege,"Aqua / Water / Eau, Dimethicone, Glycerin, Butyrospermum Parkii Butter / Shea Butter, Prunus Armeniaca Kernel Oil / Apricot Kernel Oil, Alcohol Denat., Ammonium Polyacryloyldimethyl Taurate, Mannose, Tocopheryl Acetate, Panthenol, Glycine Soja Oil / Soybean Oil, Centella Asiatica Extract, Ceramide NP, Glyceryl Linoleate, Glyceryl Linolenate, Glyceryl Oleate, Glyceryl Stearate, Dimethicone/Vinyl Dimethicone Crosspolymer, Dimethiconol, PEG/PPG/Polybutylene Glycol-8/5/3 Glycerin, Sodium Hydroxide, Sodium Lauryl Sulfate, 2-Oleamido-1,3-Octadecanediol, Cholesterol, Adenosine, Magnesium Gluconate, Hydroxypalmitoyl Sphinganine, Caprylyl Glycol, Vitreoscilla Ferment, Citric Acid, Trisodium Ethylenediamine Disuccinate, Menthoxypropanediol, Acrylates/Steareth-20 Methacrylate Copolymer, Tocopherol, Phenoxyethanol, CI 14700 / Red 4, CI 19140 / Yellow 5, Linalool, Limonene, Parfum / Fragrance

Die Liste der Inhaltsstoffe kann sich ändern. Bitte beachte die Verpackung des gekauften Produkts.
",Massiere die Creme morgens und/oder abends auf die gereinigte Haut in kreisenden Bewegungen ein.,FALSE,FALSE,FALSE
Biotherm - Aquasource Hydra Barrier - Gesichtswasser - aquasource Hydra Barrier Cleanser,https://media.sephora.eu/content/dam/digital/pim/published/B/BIOTHERM/763363/365442-media_swatch.jpeg?scaleWidth=500&scaleHeight=500&scaleMode=fit,"Der Aquasource Hydra Barrier Cleanser ist ein Gesichtsreiniger mit einer Cream-to-Foam Formel, die die Haut sanft reinigt, für ein angenehmes Hautgefühl sorgt und die Hautbarriere respektiert.
Das Besondere: Der Aquasource Hydra Barrier Cleanser wurde entwickelt, um die Haut schonend und effektiv zu reinigen, ohne sie auszutrocknen. Dabei respektiert es die Hautbarriere und verleiht ein Gefühl von Feuchtigkeit. Der stärkende Hydra Barrier Cleanser kombiniert das durch Biotechnologie-Verfahren gewonnene Biotech Plankton™, welches reich an 35 Nährstoffen ist, mit Bio-Ceramiden und Vitamin B3.
Die hochwirksame Formel hilft die Haut zu reinigen, ohne sie dabei auszutrocknen. Die cremige Textur verwandelt sich bei Kontakt mit Wasser in einen zarten Schaum. Der Gesichtsreiniger fühlt sich beim Auftragen erfrischend und cremig an¹ und stellt so einen angenehmen ersten Schritt in der täglichen Gesichtspflegeroutine dar. Bereits nach einer Anwendung fühlt sich die Haut mit Feuchtigkeit versorgt an². 100% der Verwenderinnen bestätigen, dass die Textur angenehm ist³ und für eine weichere Haut sorgt.
Blue Commitment: Die Formel des Aquasource Hydra Barrier Cleansers ist zu 99% biologisch abbaubar⁴.

1 Selbsteinschätzung von 52 Frauen nach 1 Anwendung.
2 Selbsteinschätzung von 52 Frauen nach 1 Anwendung.
3 Selbsteinschätzung von 52 Frauen nach 1 Anwendung.
4 Gemäß OECD 301 oder vergleichbaren Tests.

• Feuchtigkeitsspendend¹ • Beruhigend² • Sanft zur Haut³ --150ml",150ml,31.45,Biotherm,Gesichtsreinigung,"Glycerin, Aqua / Water, Sodium Cocoyl Glycinate, Glycol Distearate, Stearic Acid, Citric Acid, Niacinamide, Hydroxyacetophenone, Palmitic Acid, Caprylyl Glycol, Carbomer, Simmondsia Chinensis Seed Oil / Jojoba Seed Oil, Triticum Vulgare Seed Extract / Wheat Seed Extract, Myristic Acid, Ceramide Np, Chlorphenesin, Vitreoscilla Ferment, Parfum / Fragrance (F.I.L. Z296559/1).

Die Liste der Inhaltsstoffe kann sich ändern. Bitte beachten Sie die Verpackung des gekauften Produkts.","Wenn Sie Idôle Power tragen, tragen Sie es für sich selbst. Mit dem ersten Sprühstoß umarmt eine molekulare Pomarose, inspiriert von einem gezuckerten Apfel, die Dualität zwischen Saftigkeit und Blumigkeit und fängt Ihren vielschichtigen Charakter ein. Dann erobert ein einzigartiges Rosenbouquet das Herz des Dufts und damit auch Ihres. Die cremige, holzige Basis aus Sandelholz rundet einen süchtig machenden, kraftvollen Duft ab, der Sie immer wieder aufs Neue begeistern wird. Verbinden Sie sich mit Idôle. Verbinden Sie sich mit der Kraft, Sie zu werden. Mit Idôle Power ist Ihr Moment auf der Bühne nie zu Ende. Holen Sie sich den Duft, der Sie befähigt, zu sein und zu werden. Immer. Ein Token, das deine Reise des Werdens perfekt verkörpert und aufwertet. Hören Sie nie auf, Sie zu werden.",TRUE,TRUE,FALSE
Biotherm - Biosource Lotion Tonifiante Reinigungslotion,https://media.sephora.eu/content/dam/gdam/europe/digital/pim/published/B/BIOTHERM/347773/5750-media_swatch.jpg?scaleWidth=750&scaleHeight=750&scaleMode=fit,Die 24h feuchtigkeitsspendende und belebende Reinigungslotion bereitet die Haut auf die BIOTHERM Pflege vor. Für normale bis Mischhaut. Unreinheiten werden entfernt und die Haut ist frei von Verschmutzungen. --200ml,200ml,17.00,Biotherm,Toner,"Aqua/Water, Butylene Glycol, Alcohol Denat., Glycerin, Pentylene Glycol, Phenoxyethanol, Sodium Citrate, Chlorphenesin, PPG-6-Decyltetradeceth-30, PEG/PPG/Polybutylene Glycol-8/5/3 Glycerin, Mannose, Trisodium Ethylenediamine Disuccinate, Citric Acid, Serine, Citrulline, Lactobacillus Ferment, Linalool, Benzyl Salicylate, Hydrolyzed Wheat Protein, Benzyl Alcohol, Glycine, Arginine, Vitreoscilla Ferment, Sodium Dehydroacetate, Sodium Succinate, Methionine, Potassium Sorbate, Tocopherol, Parfum/Fragrance (F.I.L. B255686/1).

Die Liste der Inhaltsstoffe kann sich ändern. Bitte beachte die Verpackung des gekauften Produkts.
",Mit einem Wattepad auf das Gesicht auftragen.,TRUE,FALSE,FALSE
Biotherm - Biosource Mousse Gesichtsreinigung - 150 Ml,https://media.sephora.eu/content/dam/digital/pim/published/B/BIOTHERM/41591/14954-media_swatch.jpg?scaleWidth=500&scaleHeight=500&scaleMode=fit,"Erfrischendes Reinigungsmousse für Feuchtigkeit & Ausstrahlung - Normale bis Mischhaut.
Das erfrischende Reinigungsgel reinigt und belebt die Haut, ohne sie auszutrocknen.
Die Haut ist sofort rein und frisch.
Für eine strahlendere Haut nach nur 7 Tagen. --150 ml",150 ml,20.45,Biotherm,Gesichtsreinigung,"Aqua / Water, Glycerin, Sodium Cocoyl Glycinate, Montmorillonite, Myristic Acid, Butylene Glycol, Argilla / Magnesium Aluminum Silicate, Palmitic Acid, Glycol Stearate, Lauric Acid, Stearic Acid, Potassium Hydroxide, Ci 77891 / Titanium Dioxide, Sodium Chloride, Sodium Hydroxide, Kaolin, Vitreoscilla Ferment, Trisodium Ethylenediamine Disuccinate, Salicylic Acid, Phenoxyethanol, Ci 19140 / Yellow 5, Ci 42090 / Blue 1, Linalool, Geraniol, Citronellol, Benzyl Alcohol, Benzyl Salicylate, Parfum / Fragrance (F.I.L. B253378/1).

Die Liste der Inhaltsstoffe kann sich ändern. Bitte beachten Sie die Verpackung des gekauften Produkts.","Reinige morgens und abends Dein Gesicht mit dem das Produkt. Das Gesicht anfeuchten, anschließend den Schaum in kreisenden Bewegungen auf das Gesicht auftragen. Danach mit lauwarmem Wasser abspülen.",TRUE,TRUE,FALSE
Biotherm - Biotherm Uv Defense Hydrating Fluid - uv Defense Hydrating Fluid 30ml,https://media.sephora.eu/content/dam/digital/pim/published/B/BIOTHERM/670428/320084-media_swatch.jpg?scaleWidth=500&scaleHeight=500&scaleMode=fit,"Entdecken Sie das Urban UV Defense, ein neues schützendes Feuchtigkeitsfluid, das einen sehr hohen UVA- und UVB-Schutz mit SPF 50+ mit einer Kombination aus regenerierendem Plankton des Lebens und Hyaluronsäure verbindet. Für eine geschützte, glattere und perfekt mit Feuchtigkeit versorgte Haut*. *Verbrauchertest an 69 kaukasischen Probanden, Ergebnisse nach 28 Tagen Anwendung. --30ml",30ml,32.45,Biotherm,Sonnenschutz,"Aqua / Water / Eau, Isopropyl Myristate, Alcohol Denat., Ethylhexyl Triazone, Diisopropyl Adipate, Propylene Glycol Dicaprylate/Dicaprate, Methylene Bis-Benzotriazolyl Tetramethylbutylphenol, Drometrizole Trisiloxane, Propanediol, Bis-Ethylhexyloxyphenol Methoxyphenyl Triazine, Butyl Methoxydibenzoylmethane, Diisopropyl Sebacate, Silica, Cetearyl Alcohol, Tocopherol, Diethylamino Hydroxybenzoyl Hexyl Benzoate, PEG-100 Stearate, Hydroxyacetophenone, Caprylyl Glycol, Polyglyceryl-10 Laurate, Butylene Glycol, Ammonium Acryloyldimethyltaurate/VP Copolymer, Sodium Stearoyl Glutamate, Cetearyl Glucoside, Glycerin, Carbomer, Parfum / Fragrance, PEG-20, Sodium Hyaluronate, Trisodium Ethylenediamine Disuccinate, Inulin Lauryl Carbamate, Phenoxyethanol, Vitreoscilla Ferment, t-Butyl Alcohol

Die Liste der Inhaltsstoffe kann sich ändern. Bitte beachte die Verpackung des gekauften Produkts.
","Tragen Sie den Sonnenschutz morgens als letzten Schritt der Pflegeroutine großzügig und gleichmäßig auf Gesicht, Hals und Ohren auf. Um den Schutz aufrechtzuerhalten, sollte die Anwendung alle zwei Stunden sowie nach dem Schwitzen oder Schwimmen wiederholt werden.",TRUE,FALSE,FALSE
Biotherm - Blue Peptides Uplift Cream - blue Therapy Uplift Cream 50ml,https://media.sephora.eu/content/dam/digital/pim/published/B/BIOTHERM/714655/337202-media_swatch.jpg?scaleWidth=500&scaleHeight=500&scaleMode=fit,"Blue Peptides Uplift Day Cream: Entdecke das Geheimnis einer sichtbar strafferen Haut und eines strahlenden, gesunden Aussehens mit der Blue Peptides Uplift Day Cream von Biotherm - eine Creme der neuen Blue Peptides-Reihe. Die Formulierung basiert auf modernsten biowissenschaftlichen Erkenntnissen und kombiniert Life Plankton mit Kollagenpeptiden, um die Kollagensynthese zu stimulieren. Der erhöhte Kollagengehalt gibt der Haut die strukturelle Unterstützung, die sie braucht, um straffer auszusehen. Die Blue Peptides Uplift Cream sorgt für ein rosiges Hautbild und einen strahlenden Glow. --50ml",50ml,50.95,Biotherm,Feuchtigkeitspflege,"Aqua / Water / Eau, Glycerin, Dicaprylyl Carbonate, Alcohol Denat., Simmondsia Chinensis Seed Oil / Jojoba Seed Oil, Cocos Nucifera Oil / Coconut Oil, Persea Gratissima Oil / Avocado Oil, Mangifera Indica Seed Butter / Mango Seed Butter, Hydrogenated Coco-Glycerides, Pentylene Glycol, Cetearyl Alcohol, Arachidyl Alcohol, Copernicia Cerifera Cera / Carnauba Wax / Cire de Carnauba, Gardenia Taitensis Flower, Prunus Armeniaca Kernel Oil / Apricot Kernel Oil, Alaria Esculenta Extract, Carrageenan, Tin Oxide, Stearic Acid, Ceramide NP, Squalane, Carbomer, Arachidyl Glucoside, Calcium Chloride, Behenyl Alcohol, Ceteareth-20, Cetearyl Glucoside, Sodium Hyaluronate, Sodium Hydroxide, Sodium Lactate, Sodium Stearate, Sodium Stearoyl Glutamate, Silica, Myristic Acid, 2-Oleamido-1,3-Octadecanediol, Palmitic Acid, Palmitoyl Tetrapeptide-7, Palmitoyl Tripeptide-1, Adenosine, Phenylethyl Resorcinol, Ammonium Acryloyldimethyltaurate/Steareth-25 Methacrylate Crosspolymer, Hydroxypalmitoyl Sphinganine, Caprylic/Capric Triglyceride, Caprylyl Glycol, Vitreoscilla Ferment, Acetyl Dipeptide-1 Cetyl Ester, Synthetic Fluorphlogopite, Polysorbate 20, Butylene Glycol, Tocopherol, Tocopheryl Acetate, Pentaerythrityl Tetra-Di-T-Butyl Hydroxyhydrocinnamate, Salicylic Acid, Mica, CI 77163 / Bismuth Oxychloride, CI 77491 / Iron Oxides, CI 77891 / Titanium Dioxide, Parfum / Fragrance

Die Liste der Inhaltsstoffe kann sich ändern. Bitte beachte die Verpackung des gekauften Produkts.
","Gebe eine kleine Menge der Creme auf die Handfläche und streiche sie sanft auf Wangen, Stirn und Kinn. Tragen die Creme gleichmäßig auf alle Bereiche auf. Beginne an der Kieferpartie und arbeite dich langsam und sanft zum Hals vor. Bewegen die Hände dann nach oben, von den Lippen zu den äußeren Augenwinkeln. Schließe diese Bewegung ab, indem du von den Brauen zum Scheitel gehst. Beginne die ""Tone-Up-Geste"" in der Mitte des Gesichts und streiche vom Kiefer nach außen bis zur Stirn.",TRUE,FALSE,FALSE
Biotherm - Blue Peptides Uplift Cream Spf30 - blue Therapy Spf 30 Cream 50ml,https://media.sephora.eu/content/dam/digital/pim/published/B/BIOTHERM/719093/342145-media_swatch.jpg?scaleWidth=500&scaleHeight=500&scaleMode=fit,"Entdecke das Geheimnis einer sichtbar strafferen Haut und eines strahlenden Aussehens mit der Blue Peptides Uplift Cream SPF30 von Biotherm - eine Creme der neuen Blue Peptides-Reihe. Die Formulierung basiert auf den neuesten biowissenschaftlichen Erkenntnissen und kombiniert Life Plankton mit Kollagenpeptiden, um die Kollagensynthese zu stimulieren. Ein hoher Kollagengehalt gibt der Haut die strukturelle Unterstützung, die sie braucht, straffer auszusehen. Der hohe Lichtschutzfaktor schützt Ihre Haut vor den Alterungseffekten der schädlichen UV-Strahlen der Sonne. Die Blue Peptides Uplift SPF30 sorgt für ein rosiges Hautbild und einen strahlenden Glow. --50ml",50ml,66.45,Biotherm,Sonnenschutz,"AQUA / WATER / EAU, GLYCERIN, DIISOPROPYL SEBACATE, ISOPROPYL MYRISTATE, PROPANEDIOL, DROMETRIZOLE TRISILOXANE, BIS-ETHYLHEXYLOXYPHENOL METHOXYPHENYL TRIAZINE, PENTYLENE GLYCOL, ETHYLHEXYL TRIAZONE, C12-15 ALKYL BENZOATE, POLYGLYCERYL-6 DISTEARATE, CETYL ESTERS, BUTYL METHOXYDIBENZOYLMETHANE, ORYZA SATIVA CERA / RICE BRAN WAX, JOJOBA ESTERS, BEHENYL ALCOHOL, ACRYLAMIDE/SODIUM ACRYLOYLDIMETHYLTAURATE COPOLYMER, ACACIA DECURRENS FLOWER CERA / ACACIA DECURRENS FLOWER WAX, HELIANTHUS ANNUUS SEED CERA / SUNFLOWER SEED WAX, SORBITAN OLEATE, ISOHEXADECANE, SODIUM HYALURONATE, SODIUM LACTATE, SODIUM STEAROYL GLUTAMATE, PALMITOYL TETRAPEPTIDE-7, PALMITOYL TRIPEPTIDE-1, HYDROXYACETOPHENONE, HYDROXYPROPYL STARCH PHOSPHATE, CAPRYLYL GLYCOL, VITREOSCILLA FERMENT, TRISODIUM ETHYLENEDIAMINE DISUCCINATE, XANTHAN GUM, POLYGLYCERIN-3, POLYGLYCERYL-3 BEESWAX, POLYSORBATE 80, CETYL ALCOHOL, TOCOPHEROL, CHLORPHENESIN, CI 14700 / RED 4, CI 19140 / YELLOW 5, PARFUM / FRAGRANCE (F.I.L. N70034394/1).

Die Liste der Inhaltsstoffe kann sich ändern. Bitte beachte die Verpackung des gekauften Produkts.","Tragen Sie den Sonnenschutz morgens als letzten Schritt der Pflegeroutine großzügig und gleichmäßig auf Gesicht, Hals und Ohren auf. Um den Schutz aufrechtzuerhalten, sollte die Anwendung alle zwei Stunden sowie nach dem Schwitzen oder Schwimmen wiederholt werden.",FALSE,TRUE,FALSE
Biotherm - Blue Therapy - Pro Retinol Multi Correct-cream - blue Therapy Retinol Gel Cream 50ml,https://media.sephora.eu/content/dam/digital/pim/published/B/BIOTHERM/573486/259816-media_swatch.jpg?scaleWidth=500&scaleHeight=500&scaleMode=fit,"Blue Pro-Retinol Multi-Correct Cream von Biotherm ist eine Anti-Aging-Pflege für das Gesicht. Die leichte Retinol-Creme spendet der Haut Feuchtigkeit und versorgt sie mit wichtigen Nährstoffen, die für ein jünger aussehendes Hautbild sorgen. Der Teint wirkt verfeinert und der Hautton ebenmäßiger. Gleichzeitig wirkt die Retinol-Creme Fältchen und feinen Linien entgegen, während die Zellerneuerung angeregt wird. Es entsteht ein geschmeidiges Hautgefühl und ein jugendliches Aussehen. --50ml",50ml,54.45,Biotherm,Feuchtigkeitspflege,"Aqua / Water / Eau, Glycerin, Dicaprylyl Ether, Pentylene Glycol, Polyglyceryl-6 Distearate, Niacinamide, Propanediol, Cetyl Esters, Jojoba Esters, Cetearyl Isononanoate, Behenyl Alcohol, Acacia Decurrens Flower Cera / Acacia Decurrens Flower Wax, Helianthus Annuus Seed Cera / Sunflower Seed Wax, Alaria Esculenta Extract, Macrocystis Pyrifera Extract / Kelp Extract, Sorbitan Oleate, Sclerotium Gum, Isohexadecane, Lecithin, Sodium Hyaluronate, Sodium Hydroxide, Sodium Stearoyl Glutamate, Silica, Pullulan, Adenosine, Alcohol, Hydroxyacetophenone, Hydroxypropyl Starch Phosphate, Caprylic/Capric Triglyceride, Vitreoscilla Ferment, Trisodium Ethylenediamine Disuccinate, Tris(Tetramethylhydroxypiperidinol) Citrate, Xanthan Gum, Polyglycerin-3, Polyglyceryl-3 Beeswax, Polysorbate 80, Acrylamide/Sodium Acryloyldimethyltaurate Copolymer, Cetyl Alcohol, Retinyl Palmitate, Tocopherol, Pentaerythrityl Tetra-Di-T-Butyl Hydroxyhydrocinnamate, Potassium Sorbate, Sodium Benzoate, Chlorphenesin, Linalool, Geraniol, Limonene, Parfum / Fragrance

Die Liste der Inhaltsstoffe kann sich ändern. Bitte beachte die Verpackung des gekauften Produkts.
","Entnehmen Sie dem Tiegel eine kleine Menge der Retinol Creme und tragen Sie sie anschließend gleichmäßig auf Ihr Gesicht auf. Im Anschluss die regenerierende Creme sanft in die Haut einmassieren, bis diese vollständig aufgenommen wurde. Dabei erst von unten nach oben und anschließend von der Gesichtsmitte nach außen vorgehen.",FALSE,FALSE,FALSE
Biotherm - Homme Basic Line - Cleanser - biotherm Men Cleansing Gel 125ml ,https://media.sephora.eu/content/dam/digital/pim/published/B/BIOTHERM/582687/269679-media_swatch.jpg?scaleWidth=500&scaleHeight=500&scaleMode=fit,"Aus dem Gel Nettoyant Waschgel wird der Biotherm Homme Basic Line Cleanser. Das seifenfreie, PH-neutrale Waschgel reinigt und erfrischt die Haut, ohne sie auszutrocknen. Jetzt in neuem Design.--125ml",125ml,20.45,Biotherm,Gesichtsreinigung,"Water/Aqua, Glycerin, Coco-Betaine, Sodium Cocoyl Glycinate, PEG-120 Methyl Glucose Dioleate, Sodium Chloride, Potassium Chloride, Zinc Gluconate, Triethanolamine, Manganese Gluconate, Magnesium Gluconate, Copper Gluconate, Dipropylene Glycol, Caprylyl Glycol, Tetrasodium EDTA, Lauric Acid, Phenoxyethanol, Yellow 5 (CI 19140), Blue 1 (CI 42090), Linalool, Limonene, Parfum/Fragrance

Die Liste der Inhaltsstoffe kann sich ändern. Bitte beachten Sie die Verpackung des gekauften Produkts.
",1 bis 2 Mal pro Woche auf das gereinigte Gesicht auftragen. Leicht einmassieren und kurz einwirken lassen. Danach mit lauwarmem Wasser abspülen.,TRUE,TRUE,FALSE
Biotherm - Homme Force - Supreme Black Mask - Nachtcreme - biotherm Men Black Mask 50ml,https://media.sephora.eu/content/dam/digital/pim/published/B/BIOTHERM/582708/269700-media_swatch.jpg?scaleWidth=500&scaleHeight=500&scaleMode=fit,"Aus der Force Supreme Black Regenerating Care wird die Force Supreme Black Mask. Um die Haut nach einem langen Tag bei der natürlichen Regeneration zu unterstützen, entwickelte Biotherm Homme die Force Supreme Black Mask. Die innovative Pflege ist mit in der Dunkelheit kultiviertem Algenextrakt angereichert und punktet mit ihrer speziellen „Fusion-Textur“. Abends auf die Haut aufgetragen, entfaltet die kraftvolle Pflege ihre regenerierende Wirkung über Nacht. Am Morgen erscheinen Falten gemildert, die Haut wirkt insgesamt straffer und erhält ein vitales, frisches Aussehen. Jetzt in nachhaltigerer Verpackung und ohne Cellophanierung. --50ml",50ml,59.95,Biotherm,Feuchtigkeitspflege,"Aqua / Water / Eau, Alcohol Denat., Glycerin, Cyclohexasiloxane, Caprylic/Capric Triglyceride, Euglena Gracilis Extract, Hydrogenated Starch Hydrolysate, Coco-Caprylate/Caprate, Aphanizomenon Flos-Aquae Extract, Panax Ginseng Root Extract, Carbomer, Sodium Hydroxide, Silica Silylate, Adenosine, Ascorbyl Glucoside, Propylene Glycol, Charcoal Powder, Caprylyl Glycol, Vitreoscilla Ferment, Citric Acid, Trisodium Ethylenediamine Disuccinate, Biosaccharide Gum-1, Xanthan Gum, Biotin, Ethyl Menthane Carboxamide, Polyglycerin-10, Polyglyceryl-10 Myristate, Polyglyceryl-10 Stearate, Polysilicone-11, Tocopherol, Potassium Sorbate, Sodium Dehydroacetate, Phenoxyethanol, CI 77499 / Iron Oxides, Mica, CI 17200 / Red 33, CI 42090 / Blue 1, Linalool, Coumarin, Limonene, Parfum / Fragrance

Die Liste der Inhaltsstoffe kann sich ändern. Bitte beachte die Verpackung des gekauften Produkts.
","Vor dem Schlafengehen großzügig auf Gesicht und Hals auftragen. Eine Minute lang einmassieren, um das Einziehen der Wirkstoffe zu verbessern. Kann auch als Nachtmaske verwendet werden.",TRUE,FALSE,FALSE
Biotherm - Waterlover - Anti-aging Gesichtscreme Lsf 50 - water Lovers Aa Face Cream Spf-50,https://media.sephora.eu/content/dam/digital/pim/published/B/BIOTHERM/582706/269698-media_swatch.jpg?scaleWidth=500&scaleHeight=500&scaleMode=fit,"Die Biotherm Waterlover Linie wächst. Aus Creme Solaire Anti Aging wird Waterlover Anti Aging Gesichtscreme. LSF 50. Hoher Schutz für Gesicht, Hals und Dekolleté. UV-Strahlung verursacht 80% der Hautschäden. Die erste Anti-Aging Sonnencreme für das Gesicht von Biotherm, die einen optimalen Schutz gegen UV-Strahlen bietet, um sonnenbedingter Hautalterung vorzubeugen: gegen Falten, Pigmentflecken und trockene Haut. Jetzt in nachhaltigerer Verpackung. --50ml",50ml,20.95,Biotherm,Sonnenschutz,"Aqua / Water, Glycerin, Isopropyl Palmitate, Bis-Ethylhexyloxyphenol Methoxyphenyl Triazine, Ethylhexyl Salicylate, Pentylene Glycol, Butyl Methoxydibenzoylmethane, Alcohol Denat., Ethylhexyl Triazone, Zea Mays Starch / Corn Starch, Potassium Cetyl Phosphate, Niacinamide, Parfum / Fragrance, Diisopropyl Sebacate, Oryza Sativa Cera / Rice Bran Wax, Stearic Acid, Palmitic Acid, Glyceryl Stearate, PEG-100 Stearate, Triethanolamine, Caprylyl Glycol, Acrylates/C10-30 Alkyl Acrylate Crosspolymer, Drometrizole Trisiloxane, Trisodium Ethylenediamine Disuccinate, Tocopherol, Xanthan Gum, Butyrospermum Parkii Butter / Shea Butter, Myristic Acid, Vitreoscilla Ferment, Citric Acid

Die Liste der Inhaltsstoffe kann sich ändern. Bitte beachte die Verpackung des gekauften Produkts.
","Sonnenschutzmittel vor dem Sonnen auf Gesicht und Körper auftragen. Mehrfach auftragen, um den Lichtschutz aufrecht zu erhalten, insbesondere nach dem Aufenthalt im Wasser, Abtrocknen und Schwitzen. Großzügig auftragen, da geringe Mengen die Schutzleistung reduzieren.",TRUE,FALSE,FALSE
Braukmann - Hyaluron Power Lift Serum- Men,https://cdn2.parfumdreams.de/image/product/136349-220459-0-0.webp?box=528,"Das BRAUKMANN Hyaluron Power Lift Serum präsentiert sich als hochkonzentrierte Pflegekomponente für das Gesicht. In dem weißen Spender mit blauem Deckel befindet sich eine Formulierung, die auf modernen Wirkstoffkombinationen basiert. Ein zentraler Bestandteil ist HyRetin®, ein komplexer Ester aus niedermolekularer Hyaluronsäure und Vitamin A. Ergänzend kommen Parakresse und der Expresswirkstoff Tens’Up™ zum Einsatz, um die Rezeptur abzurunden. Diese Inhaltsstoffe zielen darauf ab, das Erscheinungsbild der Haut optisch zu glätten und ihr mehr Spannkraft zu verleihen. Pflanzliches Glycerin dient dabei der Bewahrung von Feuchtigkeit auf der Hautoberfläche.  --30ml",30ml,18.50,Braukmann,Serum,"Aqua (Water), Glycerin, Alcohol, Squalane, Cichorium Intybus (Chicory) Root Oligosaccharides, Hydrogenated Ethylhexyl Olivate, Glyceryl Citrate/Lactate/Linoleate/Oleate, Pentylene Glycol, Panthenol, Hydroxyacetophenone, Hydrogenated Olive Oil Unsaponifiables, Propylene Glycol, Sclerotium Gum, Xanthan Gum, Parfum (Fragrance), Carrageenan, Caprylyl/Capryl Glucoside, Hydrolyzed Hyaluronic Acid, Lecithin, Sodium Hyaluronate, Tocopherol, Acmella Oleracea (Paracress) Extract, Caesalpinia Spinosa Gum, Gluconolactone, Helianthus Annuus (Sunflower) Seed Oil, Sodium Retinoyl Hyaluronate, Sodium Benzoate, Limonene, Linalool, Potassium Sorbate, Coumarin, Calcium Gluconate

Die Liste der Inhaltsstoffe kann sich ändern. Bitte beachten Sie die Verpackung des gekauften Produkts.",Morgens und abends Hyaluron Power Lift Serum auf das gereinigte Gesicht und den Hals einstreichen.,TRUE,FALSE,FALSE
Brooklyn Soap Company - Daily Protection Cream - Men,https://bklynsoap.com/cdn/shop/files/Daily-protection-cream-tagescreme-brooklyn-soap-company.jpg?v=1742482617&width=1000,"Die Tagescreme schützt deine Haut vor UV-Strahlen und vorzeitiger Hautalterung, hat Anti-Aging-Wirkung und spendet jede Menge Feuchtigkeit – der ideale Abschluss deiner Gesichtspflege-Routine am Morgen. --50ml
",50ml,24.95,Brooklyn Soap Company,Sonnenschutz,"Water (Aqua), C12-15 Alkyl Benzoate, Glycerin, Butylene Glycol, Diisopropyl Adipate, Niacinamide, Phenylbenzimidazole Sulfonic Acid, Diethylamino Hydroxybenzoyl Hexyl Benzoate, Cetearyl Alcohol, Bis-Ethylhexyloxyphenol Methoxyphenyl Triazine, Cetyl Alcohol, Glyceryl Stearate, Ethylhexyl Triazone, Panthenol, Caprylic/Capric Triglyceride, Phenoxyethanol, Acacia Senegal Gum, PEG-75 Stearate, Xanthan Gum, Sodium Hydroxide, Tocopheryl Acetate, Hydroxyacetophenone, Ceteth-20, Steareth-20, Tetrasodium Glutamate Diacetate, Ceramide NP, Lactic Acid, Ethylhexylglycerin, Sodium Hyaluronate, Alaria Esculenta Extract, Hydroxypropyl Cyclodextrin, Citric Acid, Palmitoyl Tripeptide-38

Die Liste der Inhaltsstoffe kann sich ändern. Bitte beachte die Verpackung des gekauften Produkts.
",Gib eine Fingerlänge der Daily Protection Cream mit SPF 30 auf deine Gesichts- und Halspartie und massiere sie kurz ein. Wiederhole die Anwendung im Verlauf des Tages - besonders bevor du dich in der Sonne aufhältst.,TRUE,TRUE,TRUE
Byoma - Blemish Clearing Cleanser - Reiniger Gegen Unreinheiten - clearing Cleanser,https://media.sephora.eu/content/dam/digital/pim/published/B/BYOMA/782201/382145-media_swatch.jpg?scaleWidth=500&scaleHeight=500&scaleMode=fit,"Sanft, aber kraftvoll, schützt dieser cremige Reiniger die Hautbarriere, während er Unreinheiten bekämpft, egal in welcher Phase sie sich befinden, von der Reduzierung von Talgüberschuss bis hin zur Milderung von Aknemalen. 2-prozentige Salicylsäure wirkt gegen aktive Unreinheiten und Aknemale, Bakuchiol hellt auf, während Allantoin und Grüntee-Extrakt helfen, die gestresste Haut zu beruhigen und zu besänftigen.

Ergebnisse nach 4 Wochen Anwendung des Byoma Blemish Clearing Cleansers --175ml",175ml,16.95,Byoma,Gesichtsreinigung,"Aqua (Water), Glycerin, Hamamelis Virginiana (Witch Hazel) Water, Stearic Acid, Propylene Glycol, Cocamidopropyl Betaine, Salicylic Acid, Glyceryl Stearate, Sodium Methyl Cocoyl Taurate, Sodium Hydroxide, Zinc Gluconate, Glycol Distearate, Ethyl Linoleate, Phenoxyethanol, Sodium Chloride, Camellia Sinensis (Green Tea) Leaf Extract, Coconut Acid, Ethylhexylglycerin, Allantoin, Bakuchiol, Phytosphingosine, Ceramide NP, Propanediol, Rutin, Potassium Sorbate, Hydroxycinnamic Acid, Sodium Benzoate.

Die Liste der Inhaltsstoffe kann sich ändern. Bitte beachten Sie die Verpackung des gekauften Produkts.","Trage die Menge von etwa 1 bis 2 Pumpstößen auf die trockene Haut auf und füge Wasser hinzu, um mit langsamen, kreisenden Bewegungen auf der Haut Schaum zu erzeugen. Morgens und abends anwenden. Verwende anschließend dein bevorzugtes Byoma-Serum und die Feuchtigkeitspflege.",TRUE,TRUE,TRUE
Byoma - Brightening Toner - 150 Ml,https://media.sephora.eu/content/dam/digital/pim/published/B/BYOMA/661326/313888-media_swatch.jpg?scaleWidth=500&scaleHeight=500&scaleMode=fit,"Dieses aufhellende Gesichtswasser ist sanft genug für die tägliche Anwendung. Es befreit die Poren, kontrolliert überschüssigen Talg und sorgt für eine weichere, glattere Haut sowie einen strahlenderen Teint.
 Die Formel mit peelender Milch- und Mandelsäure, Urea und Birkenextrakt unterstützt die Zellerneuerung, verbessert Hautton und Hautstruktur und hilft, Pigmentstörungen sowie dunkle Flecken zu mildern.
 Der Barrier Lipid Complex stärkt die Hautbarriere, während Milch- und Mandelsäure für ein sanftes Peeling sorgen. Urea und Birkenextrakt verbessern den Teint und die Hauttextur.
 Das Produkt ist dermatologisch getestet, alkoholfrei, parfümfrei und vegan. --150 ml",150 ml,15.95,Byoma,Toner,"Helianthus Annuus (Sunflower) Seed Oil, Macadamia Ternifolia Seed Oil, Simmondsia Chinensis (Jojoba) Seed Oil, Hippophae Rhamnoides Oil, Dipropylene Glycol, Squalane, Sphingolipids, Hydroxyacetophenone, Olea Europaea (Olive) Fruit Oil, Rosa Canina Fruit Oil, Prunus Amygdalus Dulcis (Sweet Almond) Oil, Caprylyl Glycol, Ceramide NP, Ethylhexylglycerin, Tocopherol, Dipotassium Glycyrrhizate, Tanacetum Annuum Flower Oil, Linalool, Limonene.

Die Liste der Inhaltsstoffe kann sich ändern. Bitte beachte die Verpackung des gekauften Produkts.
","Mit den Händen auf die saubere, trockene Haut auftragen und sanft auf Gesicht, Hals und Dekolleté einklopfen.
 

 Morgens und abends anwenden. Anschließend Serum und Feuchtigkeitscreme Ihrer Wahl auftragen.",TRUE,TRUE,FALSE
Byoma - Clarifying Serum - clarifying Serum 30ml,https://media.sephora.eu/content/dam/digital/pim/published/B/BYOMA/633710/281324-media_swatch.jpg?scaleWidth=500&scaleHeight=500&scaleMode=fit,"Dieses sanfte, aber effektive klärende Gesichtsserum gleicht zu Hautflecken neigende Haut aus und stärkt gleichzeitig die Funktion der Hautbarriere, was zu einem beruhigten und geklärten Teint führt.

Bekämpfen Sie die Anzeichen von Hautausschlägen und zielen Sie auf Entzündungen, fettiges Aussehen und Rötungen an der Quelle ab. Unser einzigartiger Tri-Ceramid-Komplex (Ceramide, Cholesterin, Fettsäuren) stärkt die Hautbarriere in Verbindung mit einer wirkungsvollen Kombination aus Blauer Tanniswurzel (reich an Antioxidantien), um die Haut zu beruhigen, zu klären und zu besänftigen. PHA und Zink Peeling sanft, zielen auf Unvollkommenheiten ab und helfen, die Poren zu entsperren, ohne die empfindliche Hautbarriere auszutrocknen oder zu stören. Bei regelmässiger Anwendung wirkt die Haut ausgeglichener, glänzender und gesünder.

Von Dermatologen getestete und zugelassene Pflegeprodukte, ölfrei, nicht komedogen, alkohol- und parfümfrei, vegan und frei von Tierversuchen.
Vegan : Produkte aus natürlich gewonnenen Inhaltsstoffen. --30ml",30ml,15.95,Byoma,Serum,"Aqua (Carrier), Glycerin (Humectants), Niacinamide (Skin-Conditioner), 1,2-Hexanediol (Humectants), Polyglyceryl-10 Laurate (Emulsifier), Gluconolactone (Exfoliant), Glyceryl Caprylate (Skin-Conditioner), Ceramide NP (Skin-Conditioner), Cholesterol (Skin-Conditioner), Caprylic/Capric Triglyceride (Skin-Conditioner), Phytosphingosine (Skin-Conditioner), Stearic Acid (Skin-Conditioner), Oleic Acid (Skin-Conditioner), Zinc Lactate (Skin Soothing), Hydrogenated Lecithin (Emulsifier), Ethylhexylglycerin (Skin-Conditioner), Sodium Hyaluronate (Skin-Conditioner), Tanacetum Annuum Flower Oil (Skin Soothing), Hydroxyethylcellulose (Viscosity Controlling), Ammonium Acryloyldimethyltaurate/VP Copolymer (Viscosity Controlling), Glyceryl Acrylate/Acrylic Acid Copolymer (Skin-Conditioner), Sodium Phytate (Chelating Agents), Tocopherol (Antioxidants), Lactic Acid (pH Adjusters), Caprylyl Glycol (Skin-Conditioner), Caprylhydroxamic Acid (Chelating Agents)

Die Liste der Inhaltsstoffe kann sich ändern. Bitte beachten Sie die Verpackung des gekauften Produkts.
","Anwendungsempfehlung: 4 bis 6 Tropfen auf die gereinigte Haut auftragen und sanft einmassieren, bis sie vollständig eingezogen sind. Anschließend eine Feuchtigkeitspflege auftragen.

Recycling: Pumpe abschrauben, Flasche ausspülen und im normalen Plastikmüll entsorgen.",FALSE,TRUE,FALSE
Byoma - Feuchtigkeitscreme-gel - moisturizing Gel Cream 50ml,https://media.sephora.eu/content/dam/digital/pim/published/B/BYOMA/633707/281321-media_swatch.jpg?scaleWidth=500&scaleHeight=500&scaleMode=fit,"Diese leichte, ölfreie Feuchtigkeitscreme für die tägliche Anwendung versorgt die Haut effektiv und gezielt mit Feuchtigkeit. Die einzigartige Creme-Gel-Textur zieht schnell ein, macht die Haut weich und sorgt für langanhaltende Pflege.
 Die Formel kombiniert einen Tri-Ceramid-Komplex aus Ceramiden, Cholesterin und Fettsäuren mit Niacinamid und grünem Tee. Sie stärkt die Hautbarriere, unterstützt die Feuchtigkeitsversorgung und hilft, Rötungen sowie Irritationen zu lindern.
 Die erfrischende Geltextur verbindet die Leichtigkeit eines Gels mit der langanhaltenden Feuchtigkeitspflege einer Creme. Das Produkt ist für alle Hauttypen geeignet, dermatologisch getestet, ölfrei, nicht komedogen, alkohol- und parfümfrei, vegan und tierversuchsfrei. --50 ml",50 ml,15.95,Byoma,Feuchtigkeitspflege,"Aqua, Glycerin, Caprylic/Capric Triglyceride, Pentaerythrityl Tetraethylhexanoate, Polyglyceryl-3 Methylglucose Distearate, Niacinamide, Ceramide NP, Cholesterol, Phytosphingosine, Camellia Sinensis Leaf Extract, Stearic Acid, Oleic Acid, Lactic Acid, Hydrogenated Lecithin, Cetearyl Alcohol, Panthenol, Carbomer, Xanthan Gum, Tromethamine, 1,2-Hexanediol, Caprylyl Glycol, Hydroxyacetophenone, Caprylhydroxamic Acid

Die Liste der Inhaltsstoffe kann sich ändern. Bitte beachte die Verpackung des gekauften Produkts.
","Anwendungsempfehlung: Tragen Sie morgens und abends nach dem Serum 1 bis 2 Pumpstöße auf die gereinigte Haut auf. In die Haut einmassieren, bis sie vollständig eingezogen ist.",TRUE,TRUE,TRUE
Byoma - Foaming Rice Deep Cleanser - Reinigungsschaum Für Das Gesicht - foaming Rice Deep Cleanser,https://media.sephora.eu/content/dam/digital/pim/published/B/BYOMA/798149/393161-media_swatch-0.jpg?scaleWidth=500&scaleHeight=500&scaleMode=fit,"Dieser Reinigungsschaum wirkt bereits in der ersten Phase der Pflegeroutine und reinigt die Haut tiefenwirksam sowie effektiv. Er basiert auf einem Barrier Lipid Complex, der die Hautbarriere während der Reinigung schützt und intakt hält, sodass die Haut geschmeidig bleibt und nicht spannt.
 Die leichte Schaumformel verwandelt sich bei Kontakt mit Wasser in eine geschmeidige, luftig-leichte Textur. Sie entfernt Unreinheiten an der Oberfläche sowie Bakterien in den Poren, ohne die Haut auszutrocknen.
 Reisextrakt und Meeresalgen helfen, die Hautstruktur zu verbessern und Empfindlichkeit sowie Rötungen zu lindern. Die Haut erhält ein samtiges, strahlendes Finish. --175ml",175ml,17.95,Byoma,Gesichtsreinigung,"Aqua, Glycerin, Myristic Acid, Lauric Acid, Potassium Hydroxide, Butylene Glycol, Polyglyceryl-4 Caprate, Potassium Cocoyl Glycinate, Lauryl Hydroxysultaine, Glycol Distearate, Polyquaternium-7, Oryza Sativa (Rice) Extract, Glycol Stearate, Palmitic Acid, Prunus Amygdalus Dulcis (Sweet Almond) Fruit Extract, Saccharomyces/Rice Ferment Filtrate, Potassium Cocoate, Sodium Pca, Xanthan Gum, Hydroxyethylcellulose, Chondrus Crispus Extract, Stearic Acid, Sphingolipids, Sodium Chloride, Polyquaternium-67, 1,2-Hexanediol, Sodium Polyacrylate, Disodium Edta, Ceramide Np, Fructooligosaccharides, Sodium Benzoate, Viola Odorata Flower/Leaf Extract, Barosma Betulina Leaf Extract.

Die Liste der Inhaltsstoffe kann sich ändern. Bitte beachten Sie die Verpackung des gekauften Produkts.","In den Händen verreiben und anschließend auf die feuchte Haut auftragen. In langsamen, kreisenden Bewegungen einmassieren. Wasser hinzufügen, um die Textur zu emulgieren, und gründlich abspülen.",FALSE,TRUE,TRUE
Byoma - Gesichtsreinigung Gel Creme - cleansing Creamy Jelly 175ml,https://media.sephora.eu/content/dam/digital/pim/published/B/BYOMA/633706/281320-media_swatch.jpg?scaleWidth=500&scaleHeight=500&scaleMode=fit,"Dieses ultra-feuchtigkeitsspendende Reinigungsgelee entfernt sanft und gründlich Schmutz, überschüssigen Talg und Make-up, ohne die Hautbarriere zu schädigen. Es sorgt für eine tägliche Gesichtsreinigung in einem einzigen Schritt.
 Die Formel ist mit einem Tri-Ceramid-Komplex aus Ceramiden, Cholesterin und Fettsäuren sowie antioxidativen Extrakten aus Süßholzwurzel und grünem Tee angereichert. Sie nährt, klärt und pflegt die Haut.
 Die leichte Formel mit ausgeglichenem pH-Wert verwandelt sich bei Kontakt mit warmem Wasser in einen reichhaltigen, cremigen Schaum. Sie reinigt die Haut, ohne sie auszutrocknen, und hilft, Spannungsgefühle und Trockenheit zu vermeiden.
 Das Produkt ist für alle Hauttypen geeignet, dermatologisch getestet, seifenfrei, nicht komedogen, alkohol- und parfümfrei, vegan und tierversuchsfrei. --175 ml",175 ml,14.45,Byoma,Gesichtsreinigung,"Aqua, Cocamidopropyl Betaine, Disodium Laureth Sulfosuccinate, Cocamide Methyl Mea, Sodium Lauryl Sulfoacetate, Sodium Chloride, Sodium Methyl Cocoyl Taurate, Propylene Glycol, Glycerin, Camellia Sinensis Leaf Extract, Ceramide Np, Cholesterol, Phytosphingosine, Stearic Acid, Glycyrrhiza Glabra (Licorice) Root Extract, Oleic Acid, Caprylic/Capric Triglyceride, Hydrogenated Lecithin, Butylene Glycol, Allantoin, Decyl Glucoside, Lactic Acid, Tocopheryl Acetate, Caprylyl Glycol, Sodium Benzoate, Potassium Sorbate, Caprylhydroxamic Acid, Phenoxyethanol.

Die Liste der Inhaltsstoffe kann sich ändern. Bitte beachten Sie die Verpackung des gekauften Produkts.","1–2 Pumpstöße auf die feuchte Haut geben, in langsamen, kreisenden Bewegungen einmassieren und anschließend mit warmem Wasser abspülen.
 Kann allein oder als zweiter Schritt einer Double-Cleansing-Routine verwendet werden.",FALSE,TRUE,FALSE
Byoma - Hydrating Milky Toner - Soothing Toner - 150ml,https://media.sephora.eu/content/dam/digital/pim/published/B/BYOMA/719140/342128-media_swatch.jpg?scaleWidth=500&scaleHeight=500&scaleMode=fit,"Diese milde und ultraberuhigende tonisierende Lotion versorgt trockene Haut mit Feuchtigkeit und unterstützt die Reparatur der Hautschutzbarriere. Die milchige Formel wirkt bereits ab der ersten Anwendung feuchtigkeitsspendend, lindernd und beruhigend.
 Die Formel enthält einen patentierten Barrier Lipid Complex sowie Polyglutaminsäure und Cica. Diese Inhaltsstoffe stärken die Hautschutzbarriere, binden Feuchtigkeit in mehreren Hautschichten und helfen, den transepidermalen Wasserverlust zu minimieren.
 Die Haut wirkt sofort weicher, geschmeidiger und strahlender. Das Produkt ist dermatologisch getestet, nicht komedogen, alkohol- und parfümfrei, vegan und tierversuchsfrei. --150 ml",150 ml,15.95,Byoma,Toner,"Aqua, Butylene Glycol, Glycerin, Dipropylene Glycol, 1,2-Hexanediol, Panthenol, Limnanthes Alba (Meadowfoam) Seed Oil, Polyglutamic Acid, Pullulan, Saccharide Isomerate, Xanthan Gum, Centella Asiatica Extract, Gluconolactone, Sphingolipids, Sodium Citrate, Beta-Glucan, Tocopherol, Ceramide NP, Citric Acid, Carbomer, Ethylhexylglycerin, Polyglyceryl-3 Methylglucose Distearate, Tromethamine, Symphytum Officinale Root Extract, Hydrogenated Lecithin, Sodium Phytate, Sodium Hyaluronate, Methyl Glucose Sesquistearate, Cetearyl Glucoside.

Die Liste der Inhaltsstoffe kann sich ändern. Bitte beachte die Verpackung des gekauften Produkts.","Auf saubere und trockene Haut mit den Händen auftragen und durch vorsichtiges Klopfen in das Gesicht, Hals und Dekolletee einziehen lassen. Morgens und abends anwenden. Anschließend die Seren und die Feuchtigkeitscreme von Byoma Deiner Wahl auftragen.
 

 Wie man es recycelt: Schraube den Deckel ab, spüle die Flasche aus und werfe sie in den normalen Plastikmüll.",FALSE,TRUE,TRUE
Byoma - Illuminator-serum - brightening Serum 30ml,https://media.sephora.eu/content/dam/digital/pim/published/B/BYOMA/633709/281323-media_swatch.jpg?scaleWidth=500&scaleHeight=500&scaleMode=fit,"Dieses leistungsstarke, aufhellende Gesichtsserum trägt dazu bei, den Hautton und die Hautstruktur sichtbar zu verbessern und sorgt für ein gleichmäßiges, strahlendes Ergebnis.
 Das leichte Serum hellt die Haut sichtbar auf und hilft, Anzeichen von Hyperpigmentierung und einem ungleichmäßigen Teint zu mildern. Die Formel ist mit einem Tri-Ceramid-Komplex aus Ceramiden, Cholesterin und Fettsäuren, Niacinamid sowie Hyaluronsäure angereichert. Sie stärkt die Hautbarriere, spendet intensive Feuchtigkeit und unterstützt die Haut dabei, sich vor Umwelteinflüssen zu schützen.
 Bei täglicher Anwendung wirkt die Haut strahlender, leuchtender und besser mit Feuchtigkeit versorgt. Das Produkt ist dermatologisch getestet, ölfrei, nicht komedogen, alkohol- und parfümfrei, vegan und tierversuchsfrei. --30 ml",30 ml,15.95,Byoma,Serum,"Aqua, Methylpropanediol, Niacinamide, 1,2-Hexanediol, Glycerin, Polyglyceryl-10 Laurate, Sodium Hyaluronate, Ceramide NP, Cholesterol, Caprylic/Capric Triglyceride, Phytosphingosine, Sodium Phytate, Ascorbic Acid, Stearic Acid, Oleic Acid, Hydrogenated Lecithin, Ethylhexylglycerin, Xanthan Gum, Squalane, Tocopherol, Lactic Acid, Carbomer, Tromethamine, Caprylyl Glycol, Caprylhydroxamic Acid

Die Liste der Inhaltsstoffe kann sich ändern. Bitte beachten Sie die Verpackung des gekauften Produkts.
","Anwendungsempfehlung: 4 bis 6 Tropfen auf die gereinigte Haut auftragen und sanft einmassieren, bis sie vollständig eingezogen sind. Anschließend ein Serum + eine Feuchtigkeitspflege auftragen.",TRUE,TRUE,TRUE
Byoma - Melting Balm Cleanser - Gesichtsreinigungsbalsam - cleansing Melting Balm 70ml,https://media.sephora.eu/content/dam/digital/pim/published/B/BYOMA/666181/316899-media_swatch.jpg?scaleWidth=500&scaleHeight=500&scaleMode=fit,"Dieser tiefenwirksam feuchtigkeitsspendende Reinigungsbalsam enthält eine wichtige Lipidbarriere, reparierenden Olivenölextrakt und Traubenkernöl.
 Die milde, cremige Mischung aus leichten Ölen entfernt selbst hartnäckiges Make-up, Sonnenschutz und Unreinheiten. Sie hinterlässt die Haut intensiv mit Feuchtigkeit versorgt, ohne die Poren zu verstopfen, die Hautschutzbarriere zu beeinträchtigen oder einen Fettfilm zu hinterlassen.
 Der Reinigungsbalsam ist ideal für alle Hauttypen, stärkt die Hautschutzbarriere und unterstützt eine gesünder aussehende Haut. Das Produkt ist vegan und besteht aus natürlich gewonnenen Inhaltsstoffen. --70 ml",70 ml,19.95,Byoma,Gesichtsreinigung,"Olea Europaea (Olive) Fruit Oil, Vitis Vinifera (Grape) Seed Oil, Sorbeth-30 Tetraoleate, Cetyl Ethylhexanoate, Synthetic Wax, Orbignya Oleifera Seed Oil, Niacinamide, 1,2-Hexanediol, Ceramide Np, Hippophae Rhamnoides Oil, Sphingolipids, Tocopheryl Acetate, Palmitic Acid, Rosmarinus Officinalis (Rosemary) Leaf Oil, Stearic Acid, Myristic Acid.  

Die Liste der Inhaltsstoffe kann sich ändern. Bitte beachten Sie die Verpackung des gekauften Produkts.","Eine erbsengroße Menge auf die trockene Haut geben, ein wenig lauwarmes Wasser zufügen und aufschäumen Als ersten Reinigungsschritt verwenden, um auch das hartnäckigste Make-up, Sonnenschutzmittel und Verunreinigungen zu lösen.",TRUE,TRUE,FALSE
Byoma - Milky Oil Cleanser - Creme-Reinigungsmilch,https://media.sephora.eu/content/dam/gdam/europe/digital/pim/published/B/BYOMA/693352/323973-media_swatch.jpg?scaleWidth=750&scaleHeight=750&scaleMode=fit,"Diese pflegende Reinigung auf Öl- und Milchbasis lässt Make-up, Sonnencreme und andere Verunreinigungen einfach dahinschmelzen und versorgt die Haut mit ultra viel Feuchtigkeit, ohne die Poren zu verstopfen oder fettige Rückstände zu hinterlassen, während sie die Barrierefunktion der Haut unterstützt.

Sie enthält den Barrier Lipid Complex von BYOMA: Moringa-Samenöl, Olivenfruchtöl und Squalan, die die Haut beruhigen und intensiv mit Feuchtigkeit versorgen, sodass sie nach der Reinigung strahlend schön, prall und ausgeglichen aussieht. Die reichhaltige, milchige Formel gleitet sanft über die Haut und lässt sich mühelos abspülen, ohne die Poren zu verstopfen oder fettige Rückstände zu hinterlassen.
Vegan : Produkte aus natürlich gewonnenen Inhaltsstoffen. --100ml",100ml,17.95,Byoma,Gesichtsreinigung,"Olea Europaea (Olive) Fruit Oil, Cetyl Ethylhexanoate, Hippophae Rhamnoides Oil, Ethylhexylglycerin, Sphingolipids, Ceramide Np, Squalane, Moringa Oleifera Seed Oil, Tocopherol, Rosmarinus Officinalis (Rosemary) Leaf Oil, Sorbeth-30 Tetraoleate.

Die Liste der Inhaltsstoffe kann sich ändern. Bitte beachten Sie die Verpackung des gekauften Produkts.","-Reinigt die Haut gründlich und lässt Make-up, Sonnencreme und andere Verunreinigungen dahinschmelzen.
-Der Barrier Lipid Complex trägt dazu bei, die Hautbarriere wiederherzustellen.
- Moringa-Samenöl, Olivenöl und Squalan pflegen die Haut und machen sie weich, glatt und geschmeidig.
-Verwandelt sich in eine reichhaltige, cremige Milch, die die Haut pflegt.
- Von Dermatologen getestete und empfohlene Hautpflege
-Ohne Alkohol und Duftstoffe
- Recycelbare Flaschen mit wiederverwendbarer Pumpe.",FALSE,TRUE,FALSE
Byoma - Phyto-mucin Glow Serum - Feuchtigkeitsserum - phyto Mucin Glow Serum 40ml,https://media.sephora.eu/content/dam/digital/pim/published/B/BYOMA/757636/365030-media_swatch.jpeg?scaleWidth=500&scaleHeight=500&scaleMode=fit,"Dieses Serum für die tägliche Anwendung ist eine Ein-Schritt-Lösung für Haut mit „Glass-Skin“-Effekt. Die Haut wirkt praller und gestärkter, während die Hautbarriere widerstandsfähiger erscheint.
 Die leichte, nicht klebende Formel zieht schnell ein und kann vor dem Auftragen von flüssigem Make-up wie ein Primer wirken. Sie glättet die Haut, bringt sie zum Strahlen und verbessert ihre Elastizität.
 Peptide, pflanzliches Phytomucin, feuchtigkeitsspendendes Panthenol und der Barrier Lipid Complex sorgen für ein strahlendes Ergebnis. Phytomucin spendet intensive Feuchtigkeit und unterstützt die Regeneration sowie Stärkung der Hautbarriere.
 Bei täglicher Anwendung hilft das Serum, die Haut gezielt mit Feuchtigkeit zu versorgen, den Teint ebenmäßiger wirken zu lassen, die Hautstruktur zu verbessern und die Haut praller erscheinen zu lassen. Die Formel ist dermatologisch getestet, nicht komedogen, alkohol- und parfümfrei. --40 ml",40 ml,17.95,Byoma,Serum,"Aqua (Carrier), Glycerin (Skin-Conditioner), Butylene Glycol (Humectant), Methylpropanediol (Solvent), 1,2-Hexanediol (Emollient), Propanediol (Skin-Conditioner), Glyceryl Polymethacrylate (Skin-Conditioner), Dioscorea Japonica Root Extract (Skin-Conditioner), Propylene Glycol (Humectant), Laminaria Japonica Extract (Skin-Conditioner), Hibiscus Esculentus Fruit Extract (Skin-Conditioner), Palmitoyl Tripeptide-1 (Skin-Conditioner), Corchorus Olitorius Leaf Extract (Skin-Conditioner), Arginine (Skin-Conditioner), Panthenol (Skin-Conditioner), Nelumbo Nucifera Root Extract (Skin-Conditioner), Hydroxyacetophenone (Antioxidant), Polyglutamic Acid (Humectant), Glycereth-25 PCA Isostearate (Emulsifier), Hyaluronic Acid (Skin-Conditioner), Hydrolyzed Hyaluronic Acid (Skin-Conditioner), Sodium Hyaluronate (Skin-Conditioner), Ceramide NP (Skin-Conditioner), Betaine (Humectant), Cholesterol (Skin Conditioner), Carbomer (Thickener), Caprylic/Capric Triglyceride (Skin Conditioner), Phytosphingosine (Skin Conditioner), Xanthan Gum (Thickener), Stearic Acid (Skin Conditioner), Oleic Acid (Skin Conditioner), Hydrogenated Lecithin (Emulsifier), Sodium Lactate (pH Adjuster), Sodium Polyacrylate (Thickener), Lactic Acid (pH Adjuster), Caprylyl Glycol (Skin-Conditioner), Ethylhexylglycerin (Skin-Conditioner), Caprylhydroxamic Acid (Chelating Agent)

Die Liste der Inhaltsstoffe kann sich ändern. Bitte beachten Sie die Verpackung des gekauften Produkts.
","Trage einen Pumpstoß auf die gereinigte Haut auf und klopfe das Produkt sanft ein, bis es vollständig eingezogen ist. Danach ein Serum und eine Feuchtigkeitscreme + SPF auftragen.",TRUE,TRUE,TRUE
Byoma - Rednes Relief Soothing Toner - Beruhigendes Gesichtswasser Gegen Rötungen - blemish Blemish Toner 100ml,https://media.sephora.eu/content/dam/digital/pim/published/B/BYOMA/782209/382147-media_swatch.jpg?scaleWidth=500&scaleHeight=500&scaleMode=fit,"Dieses Gesichtswasser wirkt beruhigend auf die Hautbarriere. Der ultrafeine Nebel beruhigt gestresste und irritierte Haut und schenkt ihr intensive Feuchtigkeit.
Es bereitet die Haut optimal auf die nachfolgende Pflege vor und hinterlässt sie beruhigt, erfrischt und gepflegt. --100 ml",100 ml,15.95,Byoma,Toner,"Houttuynia Cordata Water, Water, Glycerin, Butylene Glycol, Ethyl Linoleate, Hydrogenated Poly(C6-14 Olefin), Propanediol, Hydrogenated Lecithin, Isostearic Acid, Panthenol, Pentylene Glycol, 1,2-Hexanediol, Chamomilla Recutita (Matricaria) Flower Extract, Hydroxyacetophenone, Octanediol, Ceramide NP, Phytosphingosine, Ethylhexylglycerin, Allantoin, Sodium Stearoyl Glutamate, Beta-Glucan, Hydroxycinnamic Acid, Rutin, Dipotassium Glycyrrhizate, Tocopherol.

Die Liste der Inhaltsstoffe kann sich ändern. Bitte beachte die Verpackung des gekauften Produkts.
","1. Sprühe es auf die saubere und trockene Haut und lass es durch vorsichtiges Einklopfen in Gesicht, Hals und Dekolletee einziehen. Abends anwenden.
 2. Trage anschließend die Seren und die Feuchtigkeitscreme von BYOMA deiner Wahl auf
 3. Verwende es im Rahmen deiner täglichen Routine oder sobald sich deine Haut tagsüber nach einer Erfrischung sehnt.",TRUE,TRUE,TRUE
Byoma - Reichhaltige Feuchtigkeitscreme - moisturizing Rich Cream 50ml,https://media.sephora.eu/content/dam/digital/pim/published/B/BYOMA/633708/281322-media_swatch.jpg?scaleWidth=500&scaleHeight=500&scaleMode=fit,"Diese reichhaltige, tief feuchtigkeitsspendende Creme verschmilzt mit der Haut, versorgt sie intensiv mit Feuchtigkeit und verbessert die Hautstruktur. Sie sorgt für ein geschmeidiges, pralles Hautgefühl und stärkt die Hautbarriere.
 Die Formel enthält einen Tri-Ceramid-Komplex aus Ceramiden, Cholesterin und Fettsäuren sowie beruhigende und reparierende Extrakte aus Bakuchiol und Shea. Sie hilft, Feuchtigkeit bis zu 24 Stunden zu bewahren, den Teint und die Hauttextur zu verbessern und das Erscheinungsbild von feinen Linien zu reduzieren.
 Das Produkt ist dermatologisch getestet, ölfrei, nicht komedogen, alkohol- und parfümfrei, vegan und tierversuchsfrei. --50 ml",50 ml,15.95,Byoma,Feuchtigkeitspflege,"Aqua, Glycerin, Caprylic/Capric Triglyceride, Cetearyl Alcohol, Butyrospermum Parkii (Shea) Butter, Cetearyl Olivate, Sorbitan Olivate, Dipropylene Glycol, Hydroxyethyl Acrylate/Sodium Acryloyldimethyl Taurate Copolymer, Hydroxyacetophenone, Ceramide NP, Cholesterol, Phytosphingosine, Caprylyl Glycol, Bakuchiol, Palmitic Acid, Stearic Acid, Oleic Acid, Hydrogenated Lecithin, Acrylates/C10-30 Alkyl Acrylate Crosspolymer, Tromethamine, Olea Europaea (Olive) Fruit Oil, Ethylhexylglycerin, Lactic Acid, Disodium EDTA, Sorbitan Isostearate, Dipotassium Glycyrrhizate, Caprylhydroxamic Acid, Tocopherol

Die Liste der Inhaltsstoffe kann sich ändern. Bitte beachte die Verpackung des gekauften Produkts.
","Diese reichhaltige, tief feuchtigkeitsspendende Creme verschmilzt mit der Haut, versorgt sie intensiv mit Feuchtigkeit und verbessert die Hautstruktur. Das Ergebnis sind geschmeidige, pralle Ergebnisse und eine gestärkte Hautbarriere.
 

 Unser einzigartiger Tri-Ceramid-Komplex (Ceramide, Cholesterin, Fettsäuren) stärkt die Hautbarriere und ist mit beruhigenden und reparierenden Extrakten aus Bakuchiol und Shea angereichert. Sie stärkt die Hautbarriere und bewahrt die Feuchtigkeit bis zu 24 Stunden. Wir haben den Hauptwirkstoff Bakuchiol aufgrund seiner Fähigkeit ausgewählt, den Teint und die Textur zu verbessern, das Erscheinungsbild von Fältchen zu reduzieren und die Haut aufzufüllen. Das ist die Lösung für eine weiche, glatte, tief mit Feuchtigkeit versorgte Haut.
 

 Von Dermatologen getestete und zugelassene Pflegeprodukte, ölfrei, nicht komedogen, alkohol- und parfümfrei, vegan und frei von Tierquälerei.",TRUE,TRUE,TRUE
Byoma - Traitement Réparateur Barrier+ - Reparierende Gesichtspflege - 50ml,https://media.sephora.eu/content/dam/digital/pim/published/B/BYOMA/719141/342129-media_swatch.jpg?scaleWidth=500&scaleHeight=500&scaleMode=fit,"Diese reparierende Gesichtspflege ohne Ausspülen kombiniert befeuchtende, weichmachende und okklusive Wirkstoffe, um die Hautschutzbarriere zu reparieren und wieder aufzubauen. Die reichhaltige und cremige Pflege versorgt die Haut gezielt mit tiefenwirksamer Feuchtigkeit und beruhigt dabei Rötungen und Entzündungen.
 --50ml",50ml,19.95,Byoma,Feuchtigkeitspflege,"Water, Glycerin, Butylene Glycol, Pentaerythrityl Tetraisostearate, Butylene Glycol Dicaprylate/Dicaprate, Diisostearyl Malate, Cetyl Ethylhexanoate, Methyl Trimethicone, Butyrospermum Parkii (Shea) Butter, Phenyl Trimethicone, Behenyl Alcohol, Cetearyl Olivate, Cetearyl Alcohol, Squalane, Persea Gratissima (Avocado) Oil, Sorbitan Olivate, C14-22 Alcohols, Ectoin, Dipropylene Glycol, Simethicone, Ethylhexylglycerin, Sphingolipids, Arachidyl Glucoside, 1,2-Hexanediol, Glucose, Ceramide NP, Polyacrylate-13, Hydroxyacetophenone, Palmitic Acid, Arachidyl Alcohol, C11-13 Isoalkane, Stearic Acid, C12-20 Alkyl Glucoside, Hydrogenated Polyisobutene, Isohexadecane, Caprylyl Glycol, Dimethiconol, Allantoin, Carbomer, Ammonium Acryloyldimethyltaurate/VP Copolymer, Tromethamine, Sodium Hyaluronate, Polyglyceryl-10 Laurate, Ethylhexyl Palmitate, Sorbitan Isostearate, Sodium Phytate, Cyanocobalamin, Dipotassium Glycyrrhizate, Tocopherol

Die Liste der Inhaltsstoffe kann sich ändern. Bitte beachte die Verpackung des gekauften Produkts.
","Eine erbsengroße Produktmenge bei Bedarf auf gereinigte Haut auftragen. Bis zur vollständigen Aufnahme in die Haut einziehen lassen.

Wie man es recycelt: Schraube die Pumpe ab, spüle die Flasche aus und werfe sie in den normalen Plastikmüll.",TRUE,TRUE,TRUE
Byoma - Ultralight Face Fluid Spf 30 - Sonnenschutz - spf 30 Face Fluid 50ml,https://media.sephora.eu/content/dam/digital/pim/published/B/BYOMA/757718/364132-media_swatch.jpg?scaleWidth=500&scaleHeight=500&scaleMode=fit,"Das ultraleichte fluid ist ein echter superstar unter den sonnenschutzmitteln und bietet in einem einzigen schritt die ultimative kombination aus feuchtigkeit, linderung und schutz vor schädlichen uva- und uvb-strahlen. Du bist komplett geschützt und hast keine nachteile wie fettflecken oder weiße rückstände. Verwende das fluid als letzten schritt deiner pflegeroutine für sofort strahlende haut und einen hohen lichtschutzfaktor von 30. die cera-sun-technologie regeneriert die hautschutzbarriere und lindert gleichzeitig durch uv-strahlung verursachte rötungen. Hyaluronsäure beruhigt und lindert irritationen, während asthaxanthin (das für die rosa färbung verantwortlich ist) einen antioxidativen schutz bietet, der 6000-mal stärker ist als vitamin c. die formel wurde dermatologisch getestet und bestätigt, ist nicht komedogen, vegan, alkohol- und parfümfrei. Byoma - Ultralight face fluid spf 30 - sonnenschutz - -spf 30 face fluid --50ml",50ml,18.95,Byoma,Sonnenschutz,"Water/Aqua/Eau, Octocrylene, Homosalate, Octisalate, Butyloctyl Salicylate, Avobenzone, Glycerin, Dicaprylyl Carbonate, Diisopropyl Adipate, Sodium Stearoyl Glutamate, Cocoglycerides, Propanediol, Microcrystalline Cellulose, Tocopherol, Bisabolol, Caprylyl Glycol, Ethyl Ferulate, Sodium Hyaluronate, Glyceryl Stearate SE, Methylheptylglycerin, Sodium Gluconate, Caprylhydroxamic Acid, Xanthan Gum, Phospholipids, Cellulose Gum, Citric Acid, Glycolipids, Olea Europaea (Olive) Fruit Oil, Aloe Barbadensis Leaf Juice, Phosphatidylserine, Astaxanthin, Ceramide NP, Cholesterol, Hydrogenated Lecithin, Oleic Acid, Phytosphingosine, Haematococcus Pluvialis Extract, Caprylic/Capric Triglyceride, Stearic Acid, Sodium Benzoate, Potassium Sorbate, 1,2-Hexanediol, Beta-Glucan, Lactic Acid

Die Liste der Inhaltsstoffe kann sich ändern. Bitte beachte die Verpackung des gekauften Produkts.
","Wie man es anwendet: 15 Minuten vor dem Sonnenbad großzügig und gleichmäßig auftragen.
 Regelmäßig nachcremen, um den Schutz aufrechtzuerhalten, insbesondere nach dem Baden, Schwitzen oder Abtrocknen.",TRUE,TRUE,TRUE
Byoma - Ultralight Face Fluid Spf 50 - Sonnenschutz - spf 50 Face Fluid 50ml,https://media.sephora.eu/content/dam/digital/pim/published/B/BYOMA/757717/364131-media_swatch.jpg?scaleWidth=500&scaleHeight=500&scaleMode=fit,"Das ultraleichte Fluid ist ein echter Superstar unter den Sonnenschutzmitteln und bietet in einem einzigen Schritt die ultimative Kombination aus Feuchtigkeit, Linderung und Schutz vor schädlichen UVA- und UVB-Strahlen. Du bist komplett geschützt und hast keine Nachteile wie Fettflecken oder weiße Rückstände. Verwende das Fluid als letzten Schritt deiner Pflegeroutine für sofort strahlende Haut und einen hohen Lichtschutzfaktor von 50.

Die CERA-SUN-TECHNOLOGIE regeneriert die Hautschutzbarriere und lindert gleichzeitig durch UV-Strahlung verursachte Rötungen. HYALURONSÄURE beruhigt und lindert Irritationen, während ASTHAXANTHIN (das für die rosa Färbung verantwortlich ist) einen antioxidativen Schutz bietet, der 6000-mal stärker ist als Vitamin C. --50ml",50ml,18.95,Byoma,Sonnenschutz,"Water/Aqua/Eau, Octocrylene, Homosalate, Ethylhexyl Salicylate, Butyloctyl Salicylate, Butyl Methoxydibenzoylmethane, Glycerin, Dicaprylyl Carbonate, Diisopropyl Adipate, Sodium Stearoyl Glutamate, Cocoglycerides, Propanediol, Microcrystalline Cellulose, Tocopherol, Bisabolol, Caprylyl Glycol, Ethyl Ferulate, Sodium Hyaluronate, Glyceryl Stearate SE, Methylheptylglycerin, Sodium Gluconate, Caprylhydroxamic Acid, Xanthan Gum, Phospholipids, Cellulose Gum, Citric Acid, Glycolipids, Olea Europaea (Olive) Fruit Oil, Aloe Barbadensis Leaf Juice, Phosphatidylserine, Astaxanthin, Ceramide NP, Cholesterol, Hydrogenated Lecithin, Oleic Acid, Phytosphingosine, Haematococcus Pluvialis Extract, Caprylic/Capric Triglyceride, Stearic Acid, Sodium Benzoate, Potassium Sorbate,  1,2-Hexanediol, Beta-Glucan, Lactic Acid

Die Liste der Inhaltsstoffe kann sich ändern. Bitte beachten Sie die Verpackung des gekauften Produkts","Wie man es anwendet: 15 Minuten vor dem Sonnenbad großzügig und gleichmäßig auftragen.
Regelmäßig nachcremen, um den Schutz aufrechtzuerhalten, insbesondere nach dem Baden, Schwitzen oder Abtrocknen.

Wie man es recycelt: Schraube den Verschluss ab, spüle die Flasche aus und recycle sie mit dem normalen Plastikmüll.",FALSE,TRUE,TRUE
Caudalie - Vinosun Protect High Protection Cream SPF30 50 ml,https://www.mystationary.de/media/bc/71/ed/1775897521/bf21d5283c6d035fe89d61753aaf0477ca17d5ef_MS_0065125_image_1_3522930003755.jpg?ts=1775897523,"Die Caudalie Vinosun Protect High Protection Cream SPF 30 ist eine Sonnenschutzcreme, die die Haut zuverlässig vor UVA- und UVB-Strahlen schützt und gleichzeitig pflegt.
 Die angenehme Textur versorgt die Haut mit Feuchtigkeit, zieht gut ein und hinterlässt ein gepflegtes Hautgefühl. Sie eignet sich ideal für die tägliche Anwendung im Gesicht.
 SPF 30
 --50 ml",50 ml,24.95,Caudalie,Sonnenschutz,"Aqua/Water/Eau, Dibutyl Adipate, Diethylamino Hydroxybenzoyl Hexyl Benzoate, Glycerin, Propanediol, Crambe Abyssinica Seed Oil, Phenylbenzimidazole Sulfonic Acid, Arginine, Bis-Ethylhexyloxyphenol Methoxyphenyl Triazine, C13-15 Alkane, Ethylhexyl Triazone, Glyceryl Stearate, C20-22 Alkyl Phosphate, C20-22 Alcohols, Benzotriazolyl Dodecyl p-Cresol, Palmitoyl Grape Seed Extract, Butyrospermum Parkii (Shea) Butter Extract, Ethylhexylglycerin, Phytosterols, Polyacrylate Crosspolymer-6, O-Cymen-5-Ol, Sodium Benzoate, Tocopheryl Acetate, Xanthan Gum, Linalool, Picea Abies Wood Extract, Hexyl Cinnamal, Geraniol, Tocopherol, Parfum (Fragrance), Citronellol

Die Liste der Inhaltsstoffe kann sich ändern. Bitte beachte die Verpackung des gekauften Produkts.
",Verwenden Sie die Creme mit hohem Schutzfaktor IP30 vor jedem Sonnenbad. Tragen Sie sie großzügig auf Gesicht und Dekolleté auf.,TRUE,TRUE,FALSE
CeraVe - Feuchtigkeitsspendende Gesichtscreme mit LSF 50,https://www.versandapo.de/images/product_images/popup_images/18029926.jpg,"Die CeraVe Feuchtigkeitsspendende Gesichtscreme mit LSF 50 stärkt die Hautschutzbarriere und schützt zuverlässig vor UVA- und UVB-Strahlung. Gleichzeitig spendet sie der Haut bis zu 24 Stunden Feuchtigkeit.
 Die Formel eignet sich besonders für normale bis trockene Haut. Drei essenzielle Ceramide unterstützen die Erneuerung der Hautschutzbarriere, während die MVE-Technologie die Haut kontinuierlich mit Feuchtigkeit versorgt.
 Vitamin E und Niacinamid wirken beruhigend und pflegend. Die leichte Formel ist angenehm aufzutragen, nicht komedogen sowie frei von Duftstoffen und Parabenen.
 LSF 50 --52ml",52ml,16.29,CeraVe,Sonnenschutz,"Aqua / Water / Eau, Glycerin, Isopropyl Palmitate, Bis-Ethylhexyloxyphenol Methoxyphenyl Triazine, Ethylhexyl Salicylate, Niacinamide, Pentylene Glycol, Butyl Methoxydibenzoylmethane, Ethylhexyl Triazone, Propanediol, Zea Mays Starch / Corn Starch, Potassium Cetyl Phosphate, Diisopropyl Sebacate, Oryza Sativa Cera / Rice Bran Wax, Stearic Acid, Ceramide NP, Ceramide AP, Ceramide EOP, Carbomer, Glyceryl Stearate, Cetearyl Alcohol, Triethanolamine, Behentrimonium Methosulfate, Triethyl Citrate, Sodium Hyaluronate, Sodium Polyacrylate, Sodium Lauroyl Lactylate, Myristic Acid, Cholesterol, Palmitic Acid, Tocopherol, Caprylyl Glycol, Citric Acid, Trisodium Ethylenediamine Disuccinate, Xanthan Gum, Phytosphingosine, Acrylates/C10-30 Alkyl Acrylate Crosspolymer, Butyrospermum Parkii Butter / Shea Butter, Benzoic Acid, PEG-100 Stearate

Die Liste der Inhaltsstoffe kann sich ändern. Bitte beachte die Verpackung des gekauften Produkts.
",Täglich morgens auf die gereinigte Gesichtshaut auftragen und sanft einmassieren.,TRUE,TRUE,TRUE
"Chanel -  BLEU DE CHANEL
2-in-1 Reinigungsgel men
","https://www.chanel.com/images/t_one/w_0.60,h_0.6,c_crop/q_auto:good,f_autoplus,fl_lossy,dpr_1.1/w_1240/bleu-de-chanel-2-in-1-cleansing-gel-3-4fl-oz--packshot-default-107970-9541427200030.jpg","Das BLEU DE CHANEL 2-in-1 Reinigungsgel kann sowohl für die Gesichtsreinigung als auch als Rasiergel verwendet werden. Auf feuchter Haut angewendet, verwandelt sich die Geltextur in einen leichten Schaum, der dezent mit den aromatischen und holzigen Noten von BLEU DE CHANEL parfümiert ist.

Für die Reinigung des Gesichts verwendet, befreit das BLEU DE CHANEL 2-in-1 Reinigungsgel die Haut von Verunreinigungen und Schadstoffpartikeln, reduziert Glanz sowie das Erscheinungsbild von Poren.

Bei der Rasur macht das BLEU DE CHANEL 2-in-1 Reinigungsgel den Bart geschmeidiger und schützt die Haut vor Rasurbrand.

Es ist für alle Hauttypen geeignet, auch für sensible Haut, und hinterlässt ein zartes, geschmeidiges und frisches Hautgefühl. --100ml
",100ml,48.95,Chanel,Gesichtsreinigung,"Aqua (Water), Cocamidopropyl Betaine, Sodium Laureth Sulfate, Glycerin, Pentylene Glycol, Parfum (Fragrance), Arginine, Acrylates/C10-30 Alkyl Acrylate Crosspolymer, Peg-3 Distearate, Caprylyl Glycol, Allantoin, Potassium Sorbate, Citric Acid, Benzoic Acid, Phytic Acid, Sodium Hydroxide, Sodium Citrate, Sodium Benzoate, Tetramethyl Acetyloctahydronaphthalenes, Limonene, Citrus Aurantium Bergamia Peel Oil, Citrus Limon Peel Oil, Acetyl Cedrene, Linalool, Linalyl Acetate, Pinene, Citrus Aurantium Peel Oil, Citronellol, Pogostemon Cablin Oil, Menthol, Bs000086C.

Die Liste der Inhaltsstoffe kann sich ändern. Bitte beachten Sie die Verpackung des gekauften Produkts.",Augenpartie aussparen. Auf feuchter Haut anwenden. Mit Wasser abwaschen.,TRUE,TRUE,FALSE
Chanel - LA MOUSSE - Reinigungscreme Mit Kamelie,https://media.sephora.eu/content/dam/gdam/europe/digital/pim/published/C/CHANEL/776039/373869-media_swatch.jpg?scaleWidth=750&scaleHeight=750&scaleMode=fit,"Die Reinigung ist ein wichtiger Schritt, um die Haut bestmöglich vorzubereiten und die Wirksamkeit der Pflegeroutine zu verstärken. Die Kollektion der Gesichtsreiniger und Make-up-Entferner von CHANEL umfasst universelle Pflegeprodukte, deren Formeln intensiv verwöhnen, ohne Kompromisse bei der Wirksamkeit einzugehen. Sie sind unkompliziert in der Anwendung und für alle Hauttypen geeignet.      LA MOUSSE ist eine Reinigungscreme mit Kamelie, deren cremige Textur sich bei Kontakt mit Wasser innerhalb weniger Sekunden in einen dichten, üppigen Schaum verwandelt – für eine effektive Gesichtsreinigung ohne Reiben.     Angereichert mit Kamelienceramiden, entfernt der Creme-zu-Schaum-Reiniger sämtliche Unreinheiten wie Schadstoffpartikel, UV-Filter und Make-up-Rückstände. LA MOUSSE spendet sofort Feuchtigkeit, bewahrt die Feuchtigkeit* in der Haut und unterstützt die Hautbarriere** – bis zu 24 Stunden lang. Gründlich gereinigt, fühlt sich die Haut angenehm zart an und erscheint strahlend frisch.     

* Instrumentelle Bewertung bei 15 Personen.   

** Instrumentelle Bewertung bei 20 Personen.  --150ml",150ml,45.45,Chanel,Gesichtsreinigung,"Aqua (Water), Glycerin, Stearic Acid, Palmitic Acid, Lauric Acid, Camellia Japonica Flower Water, Potassium Hydroxide, Sodium Methyl Cocoyl Taurate, Tribehenin, Myristic Acid, Glycol Distearate, Ceramide Np, Phytosphingosine, Caprylic/Capric Triglyceride, Parfum (Fragrance), Sodium Cocoyl Isethionate, Sodium Lauroyl Lactylate, Potassium Sorbate, Lauryl Glucoside, Polyquaternium-7, Sodium Hydroxide, Camellia Oleifera Seed Oil, Pentylene Glycol, Chlorphenesin, Caprylyl Glycol, Sodium Benzoate, Phytic Acid, Hydrogenated Lecithin, Sodium Citrate, Bs000428A.

Die Liste der Inhaltsstoffe kann sich ändern. Bitte beachten Sie die Verpackung des gekauften Produkts.","Den Schaum in den Händen verteilen. Dann tief einatmen und den Schaum auf das Gesicht auftragen.   Mit den Fingerspitzen kleine kreisende Bewegungen nach außen ausführen. Dann mit der ganzen Handfläche große kreisende, umschließende Bewegungen an Wangen, Stirn und Kinn ausführen.    Gründlich abspülen und die Haut mit einem sauberen Tuch sorgfältig trocknen.      Nach der Anwendung von LA MOUSSE spendet HYDRA BEAUTY Micro Sérum intensive Hydratation, für ein strahlend frisches, wie mit Feuchtigkeit durchflutetes Hautbild.        Sicherheitshinweis: Kontakt mit der Augenpartie vermeiden. Bei Kontakt mit den Augen sofort mit Wasser spülen. Nicht bei extremen Temperaturen lagern.",TRUE,TRUE,FALSE
Chanel - LE TONIQUE - Erfrischendes Gesichtswasser gegen Umweltschadstoffe,https://media.sephora.eu/content/dam/gdam/europe/digital/massivpimupload/C/CHANEL/440217/86645-media_swatch.jpg?scaleWidth=750&scaleHeight=750&scaleMode=fit,"Gründliches Entfernen von Make-up ist Teil des täglichen Rituals und umfasst einige wichtige Schritte. Mit der Kollektion der Cleanser und Make-up-Entferner hat CHANEL verwöhnende, für jeden Hauttyp geeignete Formeln kreiert.

LE TONIQUE verleiht mit seiner ultrafrischen Textur ein geschmeidiges und zartes Hautgefühl. Am Morgen vitalisiert und tonisiert das Gesichtswasser die Haut und aktiviert ihre Strahlkraft. Am Abend entfernt es Schadstoffpartikel und die letzten Spuren von Make-up.

Die Haut ist erfrischt, tonisiert, und bereit für die nachfolgenden Pflegeprodukte.

Augenärztlich und dermatologisch an allen Hauttypen getestet.

Nicht komedogen. --160ml",160ml,34.95,Chanel,Toner,"Aqua (Water), PEG-32, PEG/PPG/Polybutylene Glycol-8/5/3 Glycerin, PEG-11 Methyl Ether Dimethicone, Methyl Gluceth-20, Glycerin, 1,2-Hexanediol, Algae Extract, Salicornia Herbacea Extract, Sodium Citrate, Sodium PCA, PPG-13-Decyltetradeceth-24, Citric Acid, Potassium Sorbate, Parfum (Fragrance), Maris Aqua (Sea Water), Sodium Hyaluronate, Phytic Acid, Caprylic/Capric Triglyceride, Sodium Hydroxide, Sodium Benzoate, Tocopherol, IL56B.

Die Liste der Inhaltsstoffe kann sich ändern. Bitte beachte die Verpackung des gekauften Produkts.
","Sanft mit einem mit LE TONIQUE benetzten Wattepad über die gereinigte Haut von Gesicht und Hals streichen.

Ein Pflegeschritt für jeden Morgen und jeden Abend.",TRUE,TRUE,FALSE
Charlotte Tilbury - Charlotte's Magic Cream - Feuchtigkeitscreme - charlotte's Magic Cream 30ml,https://media.sephora.eu/content/dam/digital/pim/published/C/CHARLOTTE_TILBURY/800202/399722-media_swatch-0.jpg?scaleWidth=500&scaleHeight=500&scaleMode=fit,"Die Magic Cream mit klinisch nachgewiesenen Ergebnissen revitalisiert die Haut in 28 Sekunden und kehrt 10 sichtbare Anzeichen der Hautalterung um!*

Die neue Charlotte's Magic Cream mit dem revolutionären recoverstem™-Peptid und klinisch nachgewiesenen Ergebnissen, revitalisiert die Haut in nur 28 Sekunden und kehrt 10 sichtbare Anzeichen der Hautalterung um.* Die ultra-wirksame Formel verleiht den ikonischen Glow-Effekt der Magic Cream, den wir so lieben, und fixiert das Make-up sofort: Deine Foundation sieht wunderschön aus und hält länger, ohne die Gesichtszüge zu betonen.

Recoverstem™ Peptid ist eine Mischung aus über 100 Peptiden mit Mehrfachwirkung, die aus den Stammzellen der Pflanze Eternal Jasmine Youth Plant™ gewonnen wurden und die Regeneration der Haut sichtbar boosten. Charlotte hat die aktive Wirkungskraft ihrer Cushion + Lift Mesh Technology™ in dieser neuen Formel mit reichlich Ectoin verdreifacht, um die Hautbarriere zu stärken. Sie enthält darüber hinaus eine aufpolsternde Mischung aus feuchtigkeitsspendendem Hagebuttenöl und beruhigendem Haferextrakt, die eine straffende und pflegende Wirkung haben und der Haut ein glattes Aussehen verleihen.

* 8-wöchiger Test mit 253 Personen.
* Feuchtigkeit, Glow, aufgepolsterte Haut, Rötungen, Hautbild, Festigkeit, Elastizität, Falten + feine Linien, Lifting-Effekt und Halsfalten. --30ml",30ml,63.45,Charlotte Tilbury,Feuchtigkeitspflege,"Aqua / Water / Eau, C12-15 Alkyl Benzoate, Glyceryl Stearate SE, Butylene Glycol, Isononyl Isononanoate, Caprylic/Capric Triglyceride, Dimethicone, Cetyl Alcohol, Glycerin, Ethylhexyl Palmitate, Pentylene Glycol, Polyester-7, Avena Sativa (Oat) Kernel Extract, Hydrolyzed Viola Tricolor Extract, Nasturtium Officinale Extract, Butyrospermum Parkii (Shea) Butter, Gigartina Stellata Extract, Camellia Oleifera (Camellia) Seed Oil, Rosa Canina Fruit Oil, Rosa Damascena Extract, Michelia Alba Leaf Oil, Trachelospermum Jasminoides Extract, Aloe Barbadensis Leaf Juice Powder, Ectoin, Sodium Hyaluronate, Hydrolyzed Vegetable Protein, Ascorbyl Tetraisopalmitate, Tocopheryl Acetate, Steareth-21, Carbomer, Neopentyl Glycol Diheptanoate, Tocopherol, Hydrogenated Rapeseed Oil, Potassium Cetyl Phosphate, Dimethiconol, Propanediol, Xanthan Gum, Sodium Hydroxide, Sodium Phytate, Caprylyl Glycol, Ethylhexylglycerin, Sodium Benzoate, 1,2-Hexanediol, Linalool, Citronellol, Geraniol, Beta-Caryophyllene

Die Liste der Inhaltsstoffe kann sich ändern. Bitte beachte die Verpackung des gekauften Produkts.
","ie luxuriöse und leicht verblendbare Textur von Charlotte's Magic Cream ist perfekt für eine magische Massage geeignet. Die Formel schmilzt auf der Haut und sorgt für ein wohltuendes, sinnliches Erlebnis. Um optimale Ergebnisse zu erhalten, befolge die 5 Schritte der magischen Massage von Charlotte, einschließlich der berühmten „Tilbury Tap“-Technik.

1. Teint boosten
Trage die Creme von der unteren Wangenpartie ausgehend nach oben und nach außen auf. Klopfe sie auf die Wangen ein und achte dabei darauf, die Augenpartie auszusparen.

2. Konturen definieren
Lege deine Finger mit leichtem Druck auf die Wangenknochen und verteile das Produkt nach außen und zu den oberen Wangenknochen.

3. Kieferpartie definieren
Kneife leicht mit den Fingern in dein Kinn und führe eine streichende Bewegung entlang des Kiefers aus.

4. Stirnfalten glätten
Massiere deine Stirn von der Mitte ausgehend in kreisenden Bewegungen bis zu den Schläfen. Klopfe eventuelle Produktreste mit dem Ringfinger ein.

5. Hals und Dekolleté massieren
Trage das Produkt mit leichtem Druck auf das Dekolleté auf und führe anschließend für einen Lifting-Effekt eine aufwärts gerichtete Bewegung hoch zum Hals aus.",TRUE,TRUE,FALSE
Charlotte Tilbury - Charlotte's Magic Water Cream - Feuchtigkeitsspendende Gel-creme Für Das Gesicht - 30ml,https://media.sephora.eu/content/dam/digital/pim/published/C/CHARLOTTE_TILBURY/734575/352309-media_swatch.jpg?scaleWidth=500&scaleHeight=500&scaleMode=fit,"Charlotte's Magic Water Cream ist eine Gel-Creme, die die Haut glättet und aufpolstert und dazu beiträgt, dehydrierte Haut wieder ins Gleichgewicht zu bringen. Für eine sofort revitalisierte Haut! Ideal für alle Hauttypen, vor allem für Mischhaut, fettige und empfindliche Haut, die diese parfümfreie und silikonfreie Formel mit leichter und cremiger Textur lieben werden. --30ml",30ml,56.95,Charlotte Tilbury,Feuchtigkeitspflege,"Aqua/Water, Glycerin, Butyrospermum Parkii (Shea) Butter, Caprylic/Capric Triglyceride, Squalane, Propanediol, Pentylene Glycol, 1,2-Hexanediol, Glyceryl Glucoside, Niacinamide, Mannitol, Aloe Barbadensis Leaf Juice, Carbomer, Camellia Oleifera (Camellia) Seed Oil, Rosa Canina Fruit Oil, Caprylyl Glycol, Acrylates/C10-30 Alkyl Acrylate Crosspolymer, Helianthus Annuus (Sunflower) Seed Oil, Sodium Gluconate, Sodium Hydroxide, Tocopherol, Beta-Glucan, Sodium Hyaluronate, Backhousia Citriodora Leaf Extract, Vaccinium Macrocarpon (Cranberry) Fruit Extract, Plumeria Rubra Flower Extract

Die Liste der Inhaltsstoffe kann sich ändern. Bitte beachte die Verpackung des gekauften Produkts.
","m Rahmen der morgendlichen Beauty-Routine nach der Reinigung mit dem Glow Toner und dem Charlotte's Magic Serum Crystal Elixir eine kleine Menge Charlotte's Magic Water Cream in die frisch gereinigte Haut einmassieren.

Für bessere Ergebnisse eine Zaubermassage von Charlotte durchführen und zum Schluss die Gesichtsmassagetechnik Tilbury Tap anwenden!

Runde die Beauty-Routine mit Charlotte's Invisible UV Flawless Poreless Primer LSF 50 ab, um die Haut zu schützen, mit Feuchtigkeit zu versorgen und vorzubereiten!",TRUE,TRUE,FALSE
Charlotte Tilbury - Glow Toner - Tonic - skincare Glow Toner 150ml,https://media.sephora.eu/content/dam/digital/pim/published/C/CHARLOTTE_TILBURY/814286/404035-media_swatch-0.jpg?scaleWidth=500&scaleHeight=500&scaleMode=fit,"Charlottes Glow-Toner ist deine säurefreie Lösung für täglich strahlenden Glow. Er erneuert das Hautgefühl, reduziert das Erscheinungsbild von Poren und hüllt den Teint in einen glättend und aufpolsternd wirkenden, strahlenden Glow.

Gut zu wissen: Vegan, glutenfrei, tierversuchsfrei und mit recycelbarer Verpackung. --150ml",150ml,47.45,Charlotte Tilbury,Toner,"Aqua/Water/Eau, Propanediol, Niacinamide, Silica, Isopentyldiol, Glycerin, Hydrolyzed Opuntia Ficus-Indica Flower Extract, Trifolium Pratense (Clover) Flower Extract, Butyrospermum Parkii (Shea) Butter, Hydrolyzed Royal Jelly Protein, Sodium Hyaluronate, Tocopherol, Dicaprylyl Ether, Trisodium Ethylenediamine Disuccinate, Sodium Hydroxide, Carbomer, Acrylates/C10-30 Alkyl Acrylate Crosspolymer, Hydrogenated Lecithin, Maltodextrin, Parfum (Fragrance), Phenoxyethanol, Ethylhexylglycerin, Phenethyl Alcohol, Benzyl Alcohol, Citrus Aurantium Bergamia (Bergamot) Peel Oil, Citrus Limon (Lemon) Peel Oil, Limonene, Citronellol, Geraniol, Pelargonium Graveolens Flower Oil, Linalyl Acetate, Linalool, Pinene, Juniperus Virginiana Oil, Eugenol, Citral.

Die Liste der Inhaltsstoffe kann sich ändern. Bitte beachte die Verpackung des gekauften Produkts.
","Morgens und abends mit einem Reinigungspad auf die gereinigte, trockene Haut auftragen oder mit den Händen aufdrücken und anschließend mit der magischen Hautpflege fortfahren. Augenpartie aussparen.",FALSE,TRUE,FALSE
"Charlotte Tillbury - 
Magic Revival Cleanser - Gesichtsreiniger",https://media.sephora.eu/content/dam/gdam/europe/digital/pim/published/C/CHARLOTTE_TILBURY/725113/345776-media_swatch.jpg?scaleWidth=750&scaleHeight=750&scaleMode=fit,"Der NEUE Charlotte's Magic Hydration Revival Cleanser ist ein 3-in-1 Reiniger, der mit Inhaltsstoffen wie Hyaluronsäure und Peptiden einen frischen und strahlenden Teint gewährleistet. Die cremige Textur verwandelt sich in einen Schaum und dann in eine Milch, um die Haut in einer einzigen Geste zu reinigen, mit Feuchtigkeit zu versorgen und vorzubereiten. Die Haut wird sofort schöner und die Ergebnisse sind klinisch nachgewiesen!

Darin sind enthalten:
- Feuchtigkeitsspendende Hyaluronsäure: hydriert auf eine milde Weise, um eine glatter und praller aussehende Haut zu gewährleisten.
- Glättender Peptid-Komplex: verfeinert das Erscheinungsbild der Poren und das Hautbild.
- Schützende biomimetische Technologie auf Basis von Lipiden: stärkt die Hautschutzbarriere und boostet die Feuchtigkeitsversorgung.

Ergebnisse:
Die Haut erhält sofort 2-mal so viel Feuchtigkeit bis zu 24 Stunden lang (1)
Die Haut ist leuchtend und strahlend in 7 Tagen (1)
Die Poren sind 4-mal weniger sichtbar in 14 Tagen (2)
Die Haut ist 97% schöner und glatter in 7 Tagen (3) --30ml

(1)An 33 Personen getestet

(2)An 33 Personen nach 2 Wochen getestet

(3)An 33 Personen nach 1 Woche getestet","30ml

(1)An 33 Personen getestet

(2)An 33 Personen nach 2 Wochen getestet

(3)An 33 Personen nach 1 Woche getestet",28.95,Charlotte Tillbury,Gesichtsreinigung,"Aqua/Water/Eau, Glycerin, Sodium Cocoyl Glycinate, Disodium Cocoyl Glutamate, Citric Acid, Decyl Glucoside, Glyceryl Stearate Se, Sodium Cocoyl Glutamate, Sodium Benzoate, Glycol Distearate, Pentylene Glycol, Cetyl Hydroxyethylcellulose, Hydrolyzed Cottonseed Protein, Fructose, Sodium Hydroxide, Urea, Parfum (Fragrance), Opuntia Ficus-Indica Stem Extract, Tetrasodium Glutamate Diacetate, Allantoin, Maltose, Sodium Chloride, Sodium Lactate, Sodium Pca, Trehalose, Sodium Hyaluronate, Phenoxyethanol, Aloe Barbadensis Leaf Juice Powder, Butyrospere Mum Parkii (Shea) Butter, Sodium Ascorbyl Phosphate, Tocopheryl Acetate, Camellia Oleifera (Camellia) Seed Oil, Rosa Canina Fruit Oil, Helianthus Annuus (Sunflower) Seed Oil, Disodium Edta, Potassium Sorbate, Disodium Phosphate, Hydrated Silica, Glucose, Silica Dimethyl Silylate, Sodium Phosphate, Plumeria Rubra Flower Extract, Tocopherol, Hexyl Cinnamal, Benzyl Benzoate.

Die Liste der Inhaltsstoffe kann sich ändern. Bitte beachten Sie die Verpackung des gekauften Produkts.","Als Reiniger: in den Handteller geben, ein paar Tropfen Wasser zufügen und vorsichtig zwischen den Fingern reiben. Gleichmäßig auf die Haut verteilen und einmassieren.

Als Maske: ein paar Tropfen Wasser zufügen und gleichmäßig mit massierenden Bewegungen auf das Gesicht auftragen. 10 Minuten einwirken lassen, dann mit Wasser abspülen.

Für bessere Ergebnisse den Reiniger vor dem Auftragen von Charlotte's Magic Cream verwenden, um den Zauber zu verstärken und die Haut mit Feuchtigkeit zu versorgen.",TRUE,TRUE,FALSE
Clinique - 3-Phasen Systempflege - Schritt 2 : Clarifying Lotion,https://media.sephora.eu/content/dam/gdam/europe/digital/pim/published/C/CLINIQUE/349453/91565-media_swatch.jpeg?scaleWidth=750&scaleHeight=750&scaleMode=fit,"Unsere Umwelt wird immer anstrengender. Die sichtbaren Folgen?
Abgestorbene Hautzellen verbleiben zu lange an der Hautoberfläche. Die Haut wirkt älter, müde, fahl.

Kann man der Haut helfen? Clinique kann. Mit der Clarifying Lotion 2 für trockene Haut bis Mischhaut. Für eine noch sanftere Exfoliation.

Mit mehr pflegenden Wirkstoffen. Mit viel mehr Feuchtigkeit. Tägliche Exfoliation lässt die Haut jugendlicher, vitaler und strahlender wirken. Sie löst abgestorbene Hautschüppchen und stimuliert den Zellerneuerungsprozess.

Moisturizer und andere Pflegeprodukte dringen schneller und intensiver ein. Feine Linien wirken gemildert. Die Haut wirkt glatter und praller, elastischer und widerstandsfähiger. Licht wird besser reflektiert, die Haut wirkt jugendlicher. Unser Clinique Reinheitsgebot

Ohne Parabene. Ohne Phthalate. Ohne Parfum.--200ml",200ml,21.45,Clinique,Toner,"Water/Aqua/Eau, Alcohol Denat., Salicylic Acid, Hamamelis Virginiana (Witch Hazel), Butylene Glycol, Glycerin, Trehalose, Sodium Hyaluronate, Citric Acid, Sodium Hydroxide, Disodium EDTA, BHT, Phenoxyethanol, Benzophenone-4, Ext. Violet 2 (CI 60730), Red 6 (CI 15850), Orange 4 (CI 15510) <ILN37038>*.

Die Liste der Inhaltsstoffe kann sich ändern. Bitte beachte die Verpackung des gekauften Produkts.
","Die Clarifying Lotion ist der 2. Schritt in der 3-Phasen-Systempflege.
Jedes Produkt, jeder Schritt, ist aufeinander abgestimmt, baut aufeinander auf und ergänzt sich durch seine Wirkstoffe.
Morgens und abends anwenden. Eine kleine Menge auf ein Wattepad geben und einmal sanft über das Gesicht und den Hals streichen.",TRUE,FALSE,TRUE
Clinique - Anti-aging Feuchtigkeitspflege - 100 Ml,https://media.sephora.eu/content/dam/digital/pim/published/C/CLINIQUE/285979/14770-media_swatch.jpg?scaleWidth=500&scaleHeight=500&scaleMode=fit,"Die reichhaltige Anti-Aging Pflege hilft, das Erscheinungsbild von Linien und tiefen Falten zu mindern.
Für ein jüngeres, frischeres Aussehen.
Enthält hautstärkende und - straffende Wirkstoffe.
Die Feuchtigkeitspflege zieht schnell ein und ist ölfrei. --100 ml",100 ml,44.45,Clinique,Feuchtigkeitspflege,"Water, Squalane, Glycerin, Isostearyl Neopentanoate, Butyrospermum Parkii (Shea Butter), Butylene Glycol, Peg-100 Stearate, Cetyl Alcohol, Dimethicone, Polyethylene, Glyceryl Stearate, Cucumis Sativus (Cucumber) Fruit Extract, Hordeum Vulgare (Barley) Extract/Extrait D'Orge, Sigesbeckia Orientalis (St. Paul'S Wort) Extract, Whey Protein/Lactis Protein/Proteine Du Petit-Lait, Caffeine, Acetyl Hexapeptide-8, Sucrose, Petrolatum, Sodium Polyacrylate, Acetyl Glucosamine, Caprylyl Glycol, Propylene Glycol Dicaprate, Helianthus Annuus (Sunflower) Seedcake, Glyceryl Polymethacrylate, Palmitoyl Oligopeptide, Tocopheryl Acetate, Sodium Hyaluronate, Dimethicone Crosspolymer-3, Hexylene Glycol, Ptfe, Peg-8, Xanthan Gum, Disodium Edta, Phenoxyethanol.

Die Liste der Inhaltsstoffe kann sich ändern. Bitte beachte die Verpackung des gekauften Produkts.",Nach der Reinigung auf das Gesicht und den Hals auftragen.,FALSE,TRUE,TRUE
Clinique - Anti-blemish Solutions™ - Cleansing Gel - 125ml,https://media.sephora.eu/content/dam/digital/massivpimupload/C/CLINIQUE/322556/17867-media_swatch.jpg?scaleWidth=500&scaleHeight=500&scaleMode=fit,"Das leicht schäumende, ölfreie Reinigungsgel reinigt porentief und beugt zukünftigen Hautunreinheiten vor.
Es ist antibakteriell, d.h. entzündungshemmende Wirkstoffe wirken gegen entzündungsauslösende Faktoren.

Die Talgproduktion und unerwünschter Ölglanz wird reduziert.
Nicht - irritierende Inhaltsstoffe beruhigen Rötungen.
Salizylate und Glucosamine exfolieren sanft, abgestorbene Hautschüppchen werden entfernt und die gesunde Zellerneuerung begünstigt.
Das Anti-Blemish Solutions Cleansing Gel ist der ideale Partner für Sonic System mit Anti-Blemish Bürstenkopf. --125ml",125ml,26.45,Clinique,Gesichtsreinigung,"Water\Aqua\Eau, Glycerin, Sodium Laureth Sulfate, Sodium Chloride, Lauramidopropyl Betaine, Butylene Glycol, Sucrose, Salicylic Acid, Gentiana Lutea (Gentian) Root Extract, Laminaria Saccharina Extract, Caffeine, Sodium Hyaluronate, Acetyl Glucosamine, Laureth-2, Peg-120 Methyl Glucose Dioleate, Sodium Sulfate, Benzophenone-4, Sodium Hydroxide, Edta, Disodium Edta, Bht, Phenoxyethanol, Blue 1 (Ci 42090)

Die Liste der Inhaltsstoffe kann sich ändern. Bitte beachte die Verpackung des gekauften Produkts.","Zweimal täglich, morgens und abends, auf die gereinigte Haut auftragen.
Entweder zusätzlich zum 3. Schritt der 3-Phasen Systempflege angepasst an deinen Hauttyp = gelegentliche Unreinheiten.
Oder zusätzlich zum 3.Schritt der Anti-Blemish Solutions- Routine= dauerhafte Unreinheiten.",TRUE,TRUE,TRUE
Clinique - Blackhead Solutions 7 Day Deep Peeling - 125 Ml,https://media.sephora.eu/content/dam/digital/massivpimupload/C/CLINIQUE/428309/36603-media_swatch.jpg?scaleWidth=500&scaleHeight=500&scaleMode=fit,"Ciao, Mitesser! Unser Blackhead Solutions 7 Day Deep Pore Cleanse & Scrub ist ein wahres Poren Wunder. Der multi-funktionale, 3-in-1 Reiniger, der auch exfoliert und als Maske verwendet werden kann, sorgt für porentief saubere Haut. Effektiv, dabei aber extrem mild. Die Haut wirkt sofort klarer, reiner und feiner. Sichtbare Poren wirken um 75% reduziert.
Dank der Salicylsäure und Glucosamine werden überschüssige Hautschüppchen porentief entfernt und der Wirkstoff Silica dient als sanfter Exfoliator.Glycerin und Vitamin E versorgen die Haut mit Feuchtigkeit, damit sie weich, geschmeidig und glatt bleibt. --125 ml",125 ml,36.45,Clinique,Gesichtsreinigung,"Water, Kaolin, Glycerin, Butylene Glycol, Magnesium Aluminum Silicate, Glyceryl Stearate, Peg-100 Stearate, Silica, Sodium Lauroyl Sarcosinate, Allyl Methacrylates Crosspolymer, Gentiana Lutea (Gentian) Root Extract, Laminaria Saccharina Extract, Sucrose, Acetyl Glucosamine, Caprylyl Glycol, 1,2-Hexanediol, Tocopheryl Acetate, Sodium Hydroxide, Xanthan Gum, Disodium Edta, Phenoxyethanol, Titanium Dioxide (Ci 77891), Blue 1 (Ci 42090), Yellow 5 (Ci 19140). 

Die Liste der Inhaltsstoffe kann sich ändern. Bitte beachte die Verpackung des gekauften Produkts.","Für die tägliche Reinigung Makeup entfernen.
7 Day Deep-Pore Cleanse & Scrub sanft in die feuchte Haut einmassieren.
Augenpartie aussparen.
Zweimal täglich.
Mit warmem Wasser abnehmen.
Moisturizer auftragen.
Als 5-Minuten-Maske Dünn auf das gesamte Gesicht oder einzelne Zonen auftragen.
1 bis 2mal pro Woche.
Mit warmem Wasser abnehmen.
Moisturizer auftragen.
Für alle Hauttypen geeignet.",TRUE,TRUE,TRUE
Clinique - City Block Sheer Oil-Free Daily Face Protector SPF 25 40 ml,https://www.mystationary.de/media/9b/94/b4/1775821011/789a48c345fb8cbf8dd684b670bef68e17787746_MS_0064346_image_1_410051_city_block_sheer_spf25_denni_krem.jpg?ts=1775821012,"Der Clinique City Block Sheer Oil-Free Daily Face Protector SPF 25 ist ein leichter, ölfreier Gesichtsschutz für die tägliche Anwendung. Er schützt die Haut vor UV-Strahlung und unterstützt sie dabei, sich vor äußeren Umwelteinflüssen zu bewahren.
 Die transparente, angenehme Formel eignet sich gut für die tägliche Pflege und kann auch unter Make-up getragen werden. Sie hinterlässt ein frisches, gepflegtes Hautgefühl, ohne die Haut fettig wirken zu lassen.
 SPF 25 --40 ml",40 ml,41.95,Clinique,Sonnenschutz,"Titanium Dioxide (7.30%), Zinc Oxide (6.90%), Water / Aqua / Eau, Trioctyldodecyl Citrate, Butylene Glycol, Cyclopentasiloxane, Dimethicone, C12-15 Alkyl Benzoate, Steareth-2, Stearyl Heptanoate, Silica, Lecithin, Ammonium Acryloyldimethyltaurate/VP Copolymer, Gentiana Lutea (Gentian) Root Extract, Rosmarinus Officinalis (Rosemary) Leaf Extract, Hordeum Vulgare (Barley) Extract / Extrait d’Orge, Betula Alba (Birch) Bark Extract, Cucumis Sativus (Cucumber) Fruit Extract, Laminaria Saccharina Extract, Saccharomyces Lysate Extract, Helianthus Annuus (Sunflower) Seedcake, Sodium Hyaluronate, Sorbitan Tristearate, Linoleic Acid, Polyquaternium-51, Caprylyl Methicone, Sorbitol, Sodium RNA, PEG-40 Stearate, Caprylyl Glycol, Tocopheryl Acetate, Phytantriol, Stearic Acid, Hydrogenated Lecithin, Cellulose, Magnesium Ascorbyl Phosphate, Stearyl Dimethicone, Ascorbyl Tocopheryl Maleate, Nordihydroguaiaretic Acid, Linolenic Acid, Pantethine, Bisabolol, Ceteth-2, PEG/PPG-18/18 Dimethicone, Polyglyceryl-6 Polyricinoleate, Steareth-20, Isopropyl Titanium Triisostearate, Propylene Glycol Dicaprate, Sodium Stearate, Nylon-12, Citric Acid, Aluminum Hydroxide, Nylon-6, Hexylene Glycol, Xanthan Gum, Disodium EDTA, BHT, Phenoxyethanol, Titanium Dioxide (CI 77891), Iron Oxides (CI 77491, CI 77492, CI 77499)

Die Liste der Inhaltsstoffe kann sich ändern. Bitte beachte die Verpackung des gekauften Produkts.
","Nach der 3-Phasen-Systempflege und dem entsprechenden Pflegeprodukt anwenden. Mit den Fingerspitzen leicht im Gesicht verteilen, danach Makeup auftragen. Ideal für die Anwendung im Augenbereich.",TRUE,TRUE,TRUE
Clinique - Clinique Sun - Spf 30 Anti-wrinkle Face Cream - 50 Ml,https://media.sephora.eu/content/dam/digital/massivpimupload/C/CLINIQUE/387272/33739-media_swatch.jpg?scaleWidth=500&scaleHeight=500&scaleMode=fit,"Diese einzigartige Kombination mineralischer und traditioneller UVA/UVB Filter mit SolarSmart Technologie beschützt die Haut vor Sonnenschäden, die Linien und Falten verursachen können.

Die samtige Formel lässt sich angenehm auftragen und zieht rasch ein, um Schutz und Reparatur zu bieten. Lässt sich auch einfach mit anderen Hautpflege - und Makeup Produkten kombinieren.
Nicht aknegen und geeignet zur Anwendung auf der Augenpartie.

Die einzigartige SolarSmart Technologie kombiniert antioxidantive Schutzmechanismen und Sonnenpflege, um die Haut vor schädlichen Einflüssen zu schützen. --50 ml",50 ml,22.45,Clinique,Sonnenschutz,"Water / Aqua / Eau, Ethylhexyl Methoxycinnamate, C12-15 Alkyl Benzoate, Zinc Oxide (Nano), Titanium Dioxide, Ethylhexyl Salicylate, Caprylyl Methicone, Neopentyl Glycol Diheptanoate, Sucrose, Polyglyceryl-10 Pentastearate, Pentylene Glycol, Ethylhexyl Methoxycrylene, Dimethicone, Behenyl Alcohol, PEG-100 Stearate, Hydrogenated Lecithin, Butylene Glycol, Dipentaerythrityl Tri-Polyhydroxystearate, Cucumis Sativus (Cucumber) Fruit Extract, Hordeum Vulgare (Barley) Extract / Extrait d’Orge, Sigesbeckia Orientalis (St. Paul’s Wort) Extract, Glycerin, Caffeine, Sodium RNA, Sodium Hyaluronate, Propylene Glycol Dicaprate, Isohexadecane, Helianthus Annuus (Sunflower) Seedcake, PVP/Hexadecene Copolymer, Isostearic Acid, Sodium Stearoyl Lactylate, Polyhydroxystearic Acid, Tocopheryl Acetate, Silica, Acrylamide/Sodium Acryloyldimethyltaurate Copolymer, Xanthan Gum, Polysorbate 80, Dimethicone Silylate, Polyethylene, Trisodium EDTA, BHT, Phenoxyethanol

Die Liste der Inhaltsstoffe kann sich ändern. Bitte beachte die Verpackung des gekauften Produkts.
","15 bis 30 Minuten bevor Sie rausgehen auftragen.
Zieht schnell ein.
Kann auch unter der Foundation getragen werden.",TRUE,TRUE,TRUE
Clinique - Clinique Sun - Spf 50 Mineral Sunscreen Fluid For Face - 30 Ml,https://media.sephora.eu/content/dam/digital/massivpimupload/C/CLINIQUE/345493/16361-media_swatch.jpg?scaleWidth=500&scaleHeight=500&scaleMode=fit,"Die empfindliche Haut lag Clinique immer schon am Herzen. Die Wichtigkeit eines sicheren Sonnenschutzes ebenfalls.

Nun wurde, inspiriert durch die Patch Technologie aus der Medizin eine Möglichkeit gefunden, einen mineralischen Filter so in das Sonnenschutz - Produkt zu integrieren, dass er sich gut und schnell mit der Haut verbindet.

Der patentierte „slow coating process"" erlaubt es, jeden einzelnen Sonnenschutzpartikel mit einem ultra-leichten Netz zu umhüllen wodurch er auf der Hautoberfläche nahezu unsichtbar wird.
Die Textur zieht sehr rasch ein und hinterlässt ein angenehmes weiches Gefühl. --30 ml",30 ml,25.95,Clinique,Sonnenschutz,"Titanium Dioxide (6.3%), Zinc Oxide (4.0%), Water, Dimethicone, Butyloctyl Salicylate, Polydiethylsiloxane, C12-15 Alkyl Benzoate, Isononyl Isononanoate, Diethylhexyl Succinate, Neopentyl Glycol Diheptanoate, Methyl Trimethicone, Butylene Glycol, Ethylhexyl Methoxycrylene, Lauryl PEG-9 Polydimethylsiloxyethyl Dimethicone, Silica, Dipentaerythrityl Tri-Polyhydroxystearate, Laureth-4, Cetyl PEG/PPG-10/1 Dimethicone, Dimethicone/PEG-10/15 Crosspolymer, Dimethicone Silylate, Hydrolyzed Wheat Protein/PVP Crosspolymer, Triethoxycaprylylsilane, Dimethicone Crosspolymer-3, Isostearic Acid, Caprylyl Glycol, Polyhydroxystearic Acid, Dipropylene Glycol, Phenoxyethanol, Iron Oxides (CI 77492), Iron Oxides (CI 77491)

Die Liste der Inhaltsstoffe kann sich ändern. Bitte beachte die Verpackung des gekauften Produkts.
","15 bis 30 Minuten bevor Sie rausgehen auftragen.
Zieht schnell ein.
Kann auch unter der Foundation getragen werden.",TRUE,TRUE,TRUE
Clinique - Dark Spot Clearing Serum- Serum - even Better Serum Dark Spot,https://media.sephora.eu/content/dam/digital/pim/published/C/CLINIQUE/759797/367032-media_swatch.jpg?scaleWidth=500&scaleHeight=500&scaleMode=fit,"Dieses Serum wurde entwickelt, um dunkle Flecken in verschiedenen Hauttonen zu reduzieren. Klinische Studien haben eine sichtbare Verringerung von Unreinheiten und Fleckenintensität gezeigt und sorgen für einen gleichmäßigeren Farbton. --20ml",20ml,67.45,Clinique,Serum,"Water (Aqua, Eau), Dimethicone, Isododecane, Yeast Extract (Faex, Extrait De Levure), Butylene Glycol, Polysilicone-11, Niacinamide, Ascorbyl Glucoside, Peg-10 Dimethicone, Peg-6, Acetyl Glucosamine, Glycerin, Sodium Hyaluronate, Squalane, Cholesterol, Helianthus Annuus (Sunflower) Seed Extract, Trametes Versicolor Extract, Glycyrrhiza Glabra (Licorice) Root Extract, Hordeum Vulgare Extract (Extrait D'Orge), Oryza Sativa (Rice) Bran Extract, Triticum Vulgare (Wheat) Germ Extract, Cucumis Sativus (Cucumber) Fruit Extract, Camellia Sinensis Leaf Extract, Caffeine, Salicylic Acid, Isohexadecane, Propylene Glycol Dicaprate, Glycyrrhetinic Acid, Dimethoxytolyl Propylresorcinol, Caprylyl Glycol, Stearamidopropyl Dimethylamine, Phosphatidylcholine, Sorbitan Oleate, Polysorbate 20, Polysorbate 80, Stearic Acid, Hexylene Glycol, Tromethamine, Citric Acid, Acrylamide/Sodium Acryloyldimethyltaurate Copolymer, Ammonium Acryloyldimethyltaurate/VP Copolymer, Tocopheryl Acetate, Magnesium Ascorbyl Phosphate, BHT, Sodium Citrate, Disodium EDTA, Nylon-12, Phenoxyethanol

Die Liste der Inhaltsstoffe kann sich ändern. Bitte beachten Sie die Verpackung des gekauften Produkts.
","ANWENDUNG
 • Verwenden Sie unser Serum gegen dunkle Flecken zweimal täglich, morgens und abends.
 • 1 bis 2 Pumpstöße auf die Fingerspitzen geben.
 • Serum auf das ganze Gesicht auftragen, die Augenpartie aussparen.
 • Anschließend eine Feuchtigkeitscreme verwenden.
 • Täglicher Sonnenschutz ist unerlässlich. Morgens nach der Feuchtigkeitscreme auftragen.",TRUE,TRUE,TRUE
Clinique - Dramatically Different Moisturizing Gel 50 ml,https://cdn.perfumetrader.de/media/catalog/product/cache/1/image/400x400/602f0fa2c1f0d1ba5e241f914e856ff9/a/f/90d15d0b4afdf4917674b53d96fa23e4/clinique-clinique-dramatically-diffrent-moisturizing-gel-50-ml-20714222864.png,"Die dermatologisch entwickelte, ölfreie Gesichtscreme spendet Feuchtigkeit, erfrischt die Haut und hilft, fettigere Hauttypen auszugleichen. --50ml",50ml,24.90,Clinique,Feuchtigkeitspflege,"Water / Aqua / Eau, Dimethicone, Isododecane, Butylene Glycol, Bis-PEG-18 Methyl Ether Dimethyl Silane, Glycerin, Laminaria Saccharina Extract, Polygonum Cuspidatum Root Extract, Saccharomyces Lysate Extract, Cucumis Sativus (Cucumber) Fruit Extract, Hordeum Vulgare (Barley) Extract / Extrait d’Orge, Helianthus Annuus (Sunflower) Seedcake, Caffeine, Trehalose, Sodium Hyaluronate, Tocopheryl Acetate, Polysilicone-11, Silica, Propylene Glycol Dicaprate, Oleth-10, Lactobacillus Ferment, Laureth-23, Laureth-4, Ammonium Acryloyldimethyltaurate/VP Copolymer, Carbomer, Caprylyl Glycol, Hexylene Glycol, Tromethamine, Disodium EDTA, Phenoxyethanol, Yellow 5 (CI 19140), Red 4 (CI 14700), Yellow 6 (CI 15985)

Die Liste der Inhaltsstoffe kann sich ändern. Bitte beachte die Verpackung des gekauften Produkts.
","Zweimal täglich (morgens und abends) nach der Clarifying Lotion anwenden.
 DDMG auf das gesamte Gesicht auftragen.
 Danach die hauttypgerechte Feuchtigkeitspflege auftragen.",TRUE,TRUE,TRUE
Clinique - Dramatically Different Moisturizing Lotion Spf50 - Moisturizer - dramatically Different Moist Lot 50 50ml,https://media.sephora.eu/content/dam/digital/pim/published/C/CLINIQUE/775859/377418-media_swatch.jpg?scaleWidth=500&scaleHeight=500&scaleMode=fit,"Clinique's beliebte, von Dermatologen entwickelte Feuchtigkeitslotion - jetzt mit SPF 50. Sie repariert die Schutzbarriere der Haut und spendet Feuchtigkeit, während sie gleichzeitig vor UV-Strahlen schützt - für eine gesündere, widerstandsfähigere Haut. Die Formel mit einer Mischung aus Glycerin und Hyaluronsäure sorgt für einen sofortigen Feuchtigkeits-Boost und bietet ganztägige Hydratation.
Die leichte Lotion lässt sich gut auftragen, zieht schnell ein und hinterlässt keinen weißen Film. Ideal auch unter dem Make-up.
 --50ml",50ml,22.45,Clinique,Sonnenschutz,"Water / Aqua / Eau, Homosalate, Ethylhexyl Methoxycinnamate, Ethylhexyl Salicylate, Butylene Glycol, Butyl Methoxydibenzoylmethane, Ethylhexyl Methoxycrylene, Butyloctyl Salicylate, Dextrin Palmitate, Polymethylsilsesquioxane, Glycerin, Lactobacillus Ferment Lysate, Aloe Barbadensis Leaf Polysaccharides, Sodium Hyaluronate, Caffeine, Sodium Polyaspartate, 7-Dehydrocholesterol, Caprylyl Glycol, Acrylates Copolymer, Sorbitol, Dimethicone, Polyglyceryl-2 Stearate, Sucrose, Saccharide Isomerate, Hydroxyethyl Urea, PPG-8-Ceteth-20, Sorbeth-30 Tetraisostearate, Glyceryl Stearate, Sorbitan Sesquiisostearate, Potassium Hydroxide, Carbomer, Dipropylene Glycol, Dehydroxanthan Gum, Stearyl Alcohol, Sodium Polyacryloyldimethyl Taurate, Hexylene Glycol, Acrylates/Beheneth-25 Methacrylate Copolymer, Acrylates/C10-30 Alkyl Acrylate Crosspolymer, Tocopheryl Acetate, BHT, Disodium EDTA, Sodium Citrate, Citric Acid, Potassium Sorbate, Sodium Benzoate, Phenoxyethanol, Red 4 (CI 14700)

Die Liste der Inhaltsstoffe kann sich ändern. Bitte beachte die Verpackung des gekauften Produkts.

","Morgens auf das Gesicht auftragen. Für beste Ergebnisse nach Liquid Facial Soap und Clarifying Lotion anwenden. 1 - 2 Pumpstöße auf die Fingerspitzen geben. Gleichmäßig auf Gesicht und Hals verteilen, Augenpartie aussparen.",TRUE,TRUE,TRUE
Clinique - Exfoliating Peeling - 100 Ml,https://media.sephora.eu/content/dam/digital/massivpimupload/C/CLINIQUE/14550/72455-media_swatch.jpg?scaleWidth=500&scaleHeight=500&scaleMode=fit,"Ein klärendes Peeling für die ölige Haut. Entfernt schnell und einfach überschüssige Hautschüppchen. Die Haut wirkt wieder feiner, glatter und reiner. --100 ml",100 ml,29.45,Clinique,Gesichtsreinigung,"Water\Aqua\Eau, Glyceryl Stearate, Silica, Hexylene Glycol, Disodium Cocoamphodiacetate, Disodium Oleamido Mipa-Sulfosuccinate, Magnesium Aluminum Silicate, Salicylic Acid, Menthol, Stearamidoethyl Diethylamine, Oleamide Mipa, Trisodium Sulfosuccinate, Sodium Sulfate, Phenoxyethanol, Methylisothiazolinone, Titanium Dioxide (Ci 77891)

Die Liste der Inhaltsstoffe kann sich ändern. Bitte beachte die Verpackung des gekauften Produkts.","Morgens oder Abends anwenden.
Verteilen Sie das Peeling auf der Haut und massieren es sanft ein.
Augen- und Lippenpartie aussparen.
Danach gründlich mit warmem Wasser abspülen.",TRUE,TRUE,FALSE
Clinique - Extra Gentle Cleansing Foam - extra Gentle Cleansing Foam,https://media.sephora.eu/content/dam/digital/massivpimupload/C/CLINIQUE/345488/16336-media_swatch.jpg?scaleWidth=500&scaleHeight=500&scaleMode=fit,"Der ultra-feine, samtig-weiche Reinigungsschaum für sensible Haut sorgt für eine gründliche, aber schonende Reinigung. Die milde Formel entfernt Schmutz und Talg und lässt die Haut spürbar frisch und sauber wirken. Die Haut wird durch die sanfte Textur nicht irritiert und dennoch gründlich gereinigt. Verwenden Sie Reinigung zusammen mit dem Extra Gentle Cleansing Bürstenaufsatz für die Clinique Sonic Gesichtsreinigungsbürste. Allergiegetestet. 100% Parfumfrei. Von Dermatologen entwickelt.
Unser Clinique Reinheitsgebot: Ohne Parabene. Ohne Phthalate. Ohne Parfum. Einfach glückliche Haut. --125ml",125ml,26.45,Clinique,Gesichtsreinigung,"Water\Aqua\Eau, Glycerin, Sodium Methyl Cocoyl Taurate, Sodium Lauryl Sulfoacetate, Butylene Glycol, Sucrose, Lauramidopropyl Betaine, Gentiana Lutea (Gentian) Root Extract, Algae Extract, Salicylic Acid, Sodium Coco Pg-Dimonium Chloride Phosphate, Sodium Hyaluronate, Caffeine, Caprylyl Glycol, Peg/Ppg-18/18 Dimethicone, Citric Acid, Capryloyl Glycine, Sodium Hydroxide, Disodium Edta, Phenoxyethanol

Die Liste der Inhaltsstoffe kann sich ändern. Bitte beachte die Verpackung des gekauften Produkts.",Verwenden Sie den milden Reinigungsschaum für die tägliche Reinigung. Zur optimalen Ausführung eignet sich die Clinique Sonic Brush mit dem Extra Gentle Bürstenaufsatz. Anschließend die Clarifying Lotion Mild und eine Feuchtigkeitspflege auftragen.,TRUE,TRUE,TRUE
Clinique - For Men - Daily Hydrator SPF 50 - Men,https://sdcdn.io/cl/cl_sku_VDND01_3000x3000_0.png?height=1400px&width=1400px,"Vereinfacht Deine Routine mit Feuchtigkeit und LSF in nur einem Schritt.  Spendet sofortige Feuchtigkeit mit Hyaluronsäure.
Die Formel mit LSF 50 schützt vor schädlichen UVA-/UVB-Strahlen. --75ml
",75ml,29.40,Clinique,Sonnenschutz,"Water (Aqua/Eau), Homosalate, Octocrylene, Glycerin, Ethylhexyl Salicylate, Butylene Glycol, Phenyl Trimethicone, Butyl Methoxydibenzoylmethane, Butyloctyl Salicylate, PEG-100 Stearate, Silica, Silica Silylate, Hydrogenated Lecithin, Dextrin Palmitate, Sodium Hyaluronate, Caffeine, Caprylyl Glycol, Biosaccharide Gum-1, Cetearyl Alcohol, Potassium Cetyl Phosphate, Hexylene Glycol, Tromethamine, Triacontanyl PVP, Carbomer, Stearyl Alcohol, Dehydroxanthan Gum, Disodium EDTA, Phenoxyethanol, Potassium Sorbate [ILN54127]

Die Liste der Inhaltsstoffe kann sich ändern. Bitte beachte die Verpackung des gekauften Produkts.
",Jeden Morgen auf die gereinigte Haut auftragen.,TRUE,TRUE,TRUE
Clinique - For Men Maximum Hydrator Activated Water-Gel Concentrate - Men,https://www.lookfantastic.de/images?url=https://static.thcdn.com/productimg/original/11443364-4534938131678394.jpg&format=webp&auto=avif&width=800&height=800&fit=cover&dpr=2,"Ein feuchtigkeitsspendendes Wasser-Gel-Konzentrat, das Trockenheit beseitigt, Zeichen der Hautalterung vorbeugt und lang anhaltende Feuchtigkeit spendet. --48ml",48ml,50.60,Clinique,Toner,"Water/Aqua/Eau, Glycerin, Butylene Glycol, Phenyl Trimethicone, Propanediol, Sucrose, Hydroxyethyl Urea, Alteromonas Ferment Extract, Aloe Barbadensis Leaf Water, Algae Extract, Cholesterol, Hydrolyzed Rice Extract, Trehalose, Acetyl Glucosamine, Pentaerythrityl Tetraethylhexanoate, Sorbitol, Sodium Hyaluronate, Sodium Polyaspartate, Caffeine, Tocopheryl Acetate, Sodium Hydroxide, Acrylates/C10-30 Alkyl Acrylate Crosspolymer, Carbomer, Dextrin Palmitate, Dehydroxanthan Gum, Citric Acid, Benzophenone-4, Tetrahexyldecyl Ascorbate, Pentaerythrityl Tetra-di-t-Butyl Hydroxyhydrocinnamate, Sodium Citrate, Disodium EDTA, BHT, Chlorphenesin, Phenoxyethanol, Green 6 (CI 61565).

Die Liste der Inhaltsstoffe kann sich ändern. Bitte beachte die Verpackung des gekauften Produkts.
",Morgens und abends auf die gereinigte Haut auftragen.,FALSE,TRUE,TRUE
Clinique - For Men Super Energizer Concentrate - men,https://media.sephora.eu/content/dam/gdam/europe/digital/massivpimupload/C/CLINIQUE/442762/48881-media_swatch.jpg?scaleWidth=750&scaleHeight=750&scaleMode=fit,"Leichter Gel-Moisturizer, der die Haut erfrischt und 12 Stunden mit Energie versorgt. Die MultiLayered Defense Technology schützt vor Umweltverschmutzungen, die die Haut ermüden und Hautalterung verstärken. Wehrt UVA/B, Infrarot und sogar Blaulicht ab, einem der Hauptstörer für das hauteigene Schutzschild. Schweiß- und Hitze-resistent schützt es die Haut vor Umweltverschmutzung, Pollen und Staub während es den ganzen Tag Feuchtigkeit spendet. Die Haut sieht sofort wacher aus und weniger müde. Über einen längeren Zeitraum korrigiert es Zeichen der Hautalterung und die Haut sieht langfristig erholt aus. Ölfrei. --48ml",48ml,50.45,Clinique,Sonnenschutz,"Water (Aqua/Eau), Dimethicone, Butylene Glycol, Glycerin, Alcohol Denat., Disodium Phenyl Dibenzimidazole Tetrasulfonate, Ethylhexyl Methoxycinnamate, Phenylbenzimidazole Sulfonic Acid, Propanediol, Triethanolamine, Trisiloxane, Cetyl PEG/PPG-10/1 Dimethicone, Niacinamide, Sodium Hyaluronate, Acetyl Carnitine HCl, Creatine, Brassica Oleracea Gemmifera (Brussels Sprouts) Extract, Vaccinium Angustifolium (Blueberry) Fruit Extract, Brassica Oleracea Italica (Broccoli) Extract, Daucus Carota Sativa (Carrot) Root Extract, Spinacia Oleracea (Spinach) Leaf Extract, Albizia Julibrissin Bark Extract, Cucumis Sativus (Cucumber) Fruit Extract, Vaccinium Macrocarpon (Cranberry) Fruit Extract, Plankton Extract, Laminaria Saccharina Extract, Caffeine, Adenosine Phosphate, Sea Whip Extract, Yeast Extract/Faex/Extrait de Levure, Sodium RNA, Phytic Acid, Brassica Oleracea Acephala (Kale) Leaf Extract, Lactobacillus Ferment, Hordeum Vulgare (Barley) Extract/Extrait d'Orge, Hypnea Musciformis (Algae) Extract, Tocopheryl Acetate, Sigesbeckia Orientalis (St. Paul’s Wort) Extract, Trehalose, Lecithin, Gelidiella Acerosa Extract, Helianthus Annuus (Sunflower) Seedcake, Micrococcus Lysate, Arabidopsis Thaliana Extract, Biosaccharide Gum-4, Ergothioneine, Oryza Sativa (Rice) Bran Extract, Dimethiconol, Pentylene Glycol, Arginine, Capryloyl Glycine, Citric Acid, 7-Dehydrocholesterol, Propylene Glycol Dicaprate, Tetrahexyldecyl Ascorbate, Sodium Hydroxide, Polyethylene, BHT, Phenoxyethanol, Mica, Titanium Dioxide (CI 77891) [ILN44786]

Die Liste der Inhaltsstoffe kann sich ändern. Bitte beachte die Verpackung des gekauften Produkts.
",Morgens 1-2 Pumpstöße auf das gereinigte Gesicht und den Halt auftragen.,FALSE,FALSE,TRUE
Clinique - Liquid Facial Soap Oily Skin Formula 200 Ml,https://www.mystationary.de/media/3c/ef/6c/1775843401/03a703a6de3415278bbfcfb2d6631fca258be4e3_MS_0066244_image_1_0020714227685.jpg?ts=1775843404,"Die Flüssige Reinigungsseife ist der 1. Schritt der Clinique 3-Phasen-Systempflege. Sie reinigt die Haut gründlich von Öl, Schmutz und Schweiß. Die Haut fühlt sich frisch, sauber, entspannt und geschmeidig an. --200ml",200ml,24.95,Clinique,Gesichtsreinigung,"Aqua, Sodium Laureth Sulfate, Lauramidopropyl Betaine, Cocamidopropyl Hydroxysultaine, Sodium Chloride, Sodium Cocoyl Sarcosinate, Tea-Cocoyl Glutamate, Butylene Glycol, Aloe Barbadensis Leaf Juice, Peg-120 Methyl Glucose Dioleate, Sucrose, Menthol, Hexylene Glycol, Polyquaternium-7, Laureth-2, Caprylyl Glycol, Sodium Sulfate, Edta, Disodium Edta, Phenoxyethanol.

Die Liste der Inhaltsstoffe kann sich ändern. Bitte beachten Sie die Verpackung des gekauften Produkts.","Zweimal täglich, morgens und abends anwenden.
  Zwischen den Handflächen mit lauwarmem Wasser aufschäumen.
  Auf das ungeschminkte Gesicht und den Hals massieren.
  Gründlich abspülen; die Haut trocken tupfen.
  Mit Schritt 2 und 3 fortfahren: Clarifying Lotion und Dramatically Different Moisturizing Lotion+, Gel oder Hydrating Jelly.",TRUE,TRUE,FALSE
Clinique - Moisture Surge Active Glow Serum Hydrating Facial Serum - moisture Surge Active Glow Serum 50ml,https://media.sephora.eu/content/dam/digital/pim/published/C/CLINIQUE/760912/364531-media_swatch.jpg?scaleWidth=500&scaleHeight=500&scaleMode=fit,"Ein Serum für tiefgreifende Feuchtigkeitszufuhr und einen strahlenden Teint. Es hilft, abgestorbene Hautzellen sanft zu entfernen und neue Hautzellen mit Feuchtigkeit zu versorgen und zu schützen. Die Haut wirkt prall, frisch und strahlend.
Das Serum eignet sich für alle Hauttöne und Hauttypen, auch für sensible Haut. Es ist allergiegetestet und 100 % parfumfrei. --50 ml",50 ml,52.45,Clinique,Serum,"Water (Aqua, Eau), Glycerin, Lactic Acid, Octyldodecyl Myristate, Butylene Glycol, Bis/PEG-18 Methyl Ether Dimethyl Silane, Dimethicone, PPG/24/Glycereth/24, Sodium Hydroxide, Hydrogenated Lecithin, Glycereth-26, Polysorbate 80, Sodium Hyaluronate, Caffeine, Aloe Barbadensis Leaf Water, C13-14 Isoparaffin, Sodium Polyaspartate, Trehalose, Sodium Stearoyl Glutamate, Glycyrrhetinic Acid, Sucrose, Laureth-7, Xanthan Gum, Dimethicone/PEG-10/15 Crosspolymer, Polyacrylamide, Tocopheryl Acetate, Magnesium Ascorbyl Phosphate, BHT, Disodium EDTA, Phenoxyethanol, Potassium Sorbate, Mica, Titanium Dioxide (CI 77891), Iron Oxides (CI 77491)

Die Liste der Inhaltsstoffe kann sich ändern. Bitte beachten Sie die Verpackung des gekauften Produkts.
","Morgens und abends auf die gereinigte Haut auftragen. Mit 3 Tropfen beginnen, bei Bedarf mehr hinzufügen.
 - Sonnenschutz auftragen und Sonnenexposition während der Anwendung und in der Woche danach vermeiden.",TRUE,TRUE,TRUE
Clinique - Moisture Surge Face Spray,https://media.sephora.eu/content/dam/gdam/europe/digital/pim/published/C/CLINIQUE/112435/36004-media_swatch-1.jpg?scaleWidth=750&scaleHeight=750&scaleMode=fit,"Moisture Surge Face Spray ist ein erfrischendes, Gesichtsspray frei von Öl. Versorgt die Haut schnell mit Feuchtigkeit. Die Formel stellt das Feuchtigkeitsgleichgewicht der Haut wieder her. Mit Aloe angereichertes Wasser spendet durstiger Haut wohltuende Pflege und macht sie glatt, weich und geschmeidig. Das Spray Kann unter oder über dem Make-up getragen werden. Für alle Hauttypen geeignet. --125ml",125ml,32.45,Clinique,Toner,"Water/Aqua/Eau, Dipropylene Glycol, Butylene Glycol, Glycerin, Aloe Barbadensis Leaf Water, Centella Asiatica (Hydrocotyl) Extract, Saccharomyces Lysate Extract, Yeast Extract/Faex/Extrait de Levure, Caffeine, Trehalose, Tocopheryl Acetate, Sucrose, Sorbitol, Disodium EDTA, Potassium Sorbate, Chlorphenesin, Phenoxyethanol.

Die Liste der Inhaltsstoffe kann sich ändern. Bitte beachte die Verpackung des gekauften Produkts.
","Aus circa 20 cm Entfernung gleichmäßig auf das gesamte Gesicht sprühen. Unter dem Make-up verwenden, um besonders erfrischt in den Tag zu starten. Für einen Extra-Frischekick on the Go im Laufe des Tages bei Bedarf über dem Make-up verwenden.",TRUE,TRUE,TRUE
Clinique - Redness Solutions - Daily Relief Cream - 50 Ml,https://media.sephora.eu/content/dam/digital/massivpimupload/C/CLINIQUE/168651/73624-media_swatch.jpg?scaleWidth=500&scaleHeight=500&scaleMode=fit,"Intensiv beruhigende, kühlende und ölfreie Pflegecreme für die Haut, die ständig gerötet ist.
Mikrofeine grüne Farbpartikel reduzieren Rötungen sofort.
Ein Teeekomplex beruhigt die sensible Haut. Weizenkeime stärken die Feuchtigkeitsbarriere. Die Haut wird widerstandsfähiger. --50 ml",50 ml,58.95,Clinique,Feuchtigkeitspflege,"Water\\Aqua\\Eau, Dimethicone, Butyrospermum Parkii (Shea Butter), Cetearyl Alcohol, Hydrogenated Polyisobutene, Trisiloxane, Butylene Glycol, Glycerin, Sucrose, Isostearyl Palmitate, Peg-100 Stearate, Camellia Sinensis (Green Tea) Leaf Extract, Polygonum Cuspidatum Root Extract, Hordeum Vulgare (Barley) Extract\\Extrait D'Orge, Triticum Vulgare (Wheat) Germ Extract, Cetearyl Glucoside, Camellia Sinensis (Yellow Tea) Leaf Extract, Aspalathus Linearis (Red Tea) Leaf Extract, Saccharomyces Lysate Extract, Ascophyllum Nodosum Extract, Asparagopsis Armata Extract, Camellia Sinensis (White Tea) Leaf Extract, Algae Extract, Caffeine, Lactobacillus Ferment, Sodium Lauroyl Oat Amino Acids, Hydrogenated Lecithin, Polyethylene, Glyceryl Stearate, Salicylic Acid, Sorbitol, Methyl Glucose Sesquistearate, Cholesterol, Linoleic Acid, Glycine, Inulin, Tromethamine, Decarboxy Carnosine Hcl, Phytosphingosine, Cetyl Alcohol, Tocopheryl Acetate, Bisabolol, Squalane, Hdi/Trimethylol Hexyllactone Crosspolymer, Behenyl Alcohol, Sodium Hyaluronate, Carbomer, Silica, Disodium Edta, Potassium Sorbate, Phenoxyethanol, Blue 1 (Ci 42090), Yellow 5 (Ci 19140), Chromium Hydroxide Green (Ci 77289), Titanium Dioxide (Ci 77891), Mica

Die Liste der Inhaltsstoffe kann sich ändern. Bitte beachte die Verpackung des gekauften Produkts.","Zweimal täglich, morgens und abends, anwenden.
Auf die ungeschminkte Haut auftragen, dabei die Augenpartie aussparen.

TIPP:
Um Rötungen noch besser zu reduzieren, verwende es nach Schritt 1 deines Redness Solutions Skin Care Programms: dem Soothing Cleanser.
Trage täglich einen Sonnenschutz auf - zu Rötungen neigende Haut kann empfindlicher auf Sonneneinstrahlung reagieren.",FALSE,TRUE,TRUE
Clinique - Rinse-off Foaming Reinigunsschaum - 150 Ml,https://media.sephora.eu/content/dam/digital/pim/published/C/CLINIQUE/18849/46232-media_swatch.jpg?scaleWidth=500&scaleHeight=500&scaleMode=fit,"Ein wasserlöslicher Reinigungsschaum, der Make-up, Schmutz und Rückstände schnell und einfach entfernt. Botanische Extrakte beruhigen die Haut und hinterlassen sie porentief rein. Augenärztlich getestet. --150 ml",150 ml,26.45,Clinique,Gesichtsreinigung,"Water, Potassium Myristate, Glycerin, Potassium Behenate, Sodium Methyl Cocoyl Taurate, Potassium Palmitate, Potassium Laurate, Potassium Sterate, Peg-3 Distearate, Cholesteryl Hydroxystearate, Butylene Glycol, Sodium Hyaluronate, Trisodium Edta, Disodium Edta, Phenoxyethanol, Ext. Violet 2 (Ci 60730), Red 4 (Ci 14700).

Die Liste der Inhaltsstoffe kann sich ändern. Bitte beachten Sie die Verpackung des gekauften Produkts.","Auf das Gesicht auftragen, aufschäumen und einmassieren.
 Danach gründlich mit Wasser abspülen.",TRUE,TRUE,TRUE
COSRX - Advanced Snail 92 All In One Cream,https://korean-skincare.de/cdn/shop/files/00x2_4d27cd73-1971-4ba0-b0dd-09571de47b01.jpg?v=1779807887,"Die COSRX Advanced Snail 92 All in One Cream enthält 92% des Schneckensekretes, das ihr die geschmeidige Textur eines Gels verleiht, sowie alle lindernden, heilenden und beruhigenden Eigenschaften des Mucins, das die Haut regeneriert und repariert. Die Creme beugt Ausbrüchen vor, bewahrt die Elastizität und versorgt die Haut mit Nährstoffen, Feuchtigkeit und Vitalität. --100g",100g,22.45,COSRX,Feuchtigkeitspflege,"Snail Secretion Filtrate, Betaine, Caprylic/Capric Triglyceride, Cetearyl Olivate, Sorbitan Olivate, Cetearyl Alcohol, Carbomer, Arginine, Dimethicone, Sodium Polyacrylate, Phenoxyethanol, Sodium Hyaluronate, Stearic Acid, Allantoin, Panthenol, Xanthan Gum, Ethylhexanediol, Adenosine

Die Liste der Inhaltsstoffe kann sich ändern. Bitte beachte die Verpackung des gekauften Produkts.
","Nach der Reinigung und Gesichtswasser eine angemessene Menge der Creme sanft auf das Gesicht auftragen, dabei die Augen- und Mundpartie aussparen. Den Bereich, auf den die Creme aufgetragen wurde, sanft einklopfen, damit die Creme in die Hautstruktur einzieht.",FALSE,TRUE,TRUE
COSRX - Aloe Soothing Sun Cream SPF50+ PA+++,https://korean-skincare.de/cdn/shop/files/019000000017_88ae9e5f-6dcd-4e01-93fe-cdc50a407a2a.jpg?v=1751272551,"Die Aloe Soothing Sun Cream SPF50 bietet ultimativen Sonnenschutz. Diese leichte und feuchtigkeitsspendende Rezeptur wurde sorgfältig mit einer Mischung aus pflegenden Inhaltsstoffen entwickelt, um deine Haut vor schädlichen UV-Strahlen zu schützen. Die Formulierung mit beruhigenden Pflanzenextrakten wie Aloe, Nachtkerze und Teebaum beruhigt und pflegt die Haut, so dass sie sich erfrischt und geschützt fühlt. Mit einem hohen Lichtschutzfaktor (LSF) von 50 ist diese Sonnencreme der ideale Begleiter für die tägliche Sonnenpflege. Genieße die Sonne und halte deine Haut gesund und strahlend mit der Aloe Soothing Sun Cream SPF50. --50ml",50ml,13.95,COSRX,Sonnenschutz,"Water, Ethylhexyl Methoxycinnamate, Glycerin, Propylene Glycol, Cyclopentasiloxane, Phenylbenzimidazole Sulfonic Acid, Bis-Ethylhexyloxyphenol Methoxyphenyl Triazine, Dicaprylyl Carbonate, Isoamyl p-Methoxycinnamate, Potassium Cetyl Phosphate, Alcohol, Dimethicone, Butylene Glycol, Glyceryl Stearate, Titanium Dioxide, C14-22 Alcohols, Polymethyl Methacrylate, Cetearyl Alcohol, PEG-100 Stearate, Triethanolamine, Silica, Sodium Hydroxide, Dimethicone/Vinyl Dimethicone Crosspolymer, C12-20 Alkyl Glucoside, Aluminum Hydroxide, Stearic Acid, Fragrance (Parfum), Caprylyl Glycol, Phenoxyethanol, Acrylates/C10-30 Alkyl Acrylate Crosspolymer, Aloe Arborescens Leaf Extract, Dipotassium Glycyrrhizate, Carbomer, Xanthan Gum, Limonene, Tocopheryl Acetate, Disodium EDTA, Hexyl Cinnamal, Linalool, Benzyl Salicylate, Geraniol, Benzyl Alcohol, Citronellol, Benzyl Benzoate, Citral

Die Liste der Inhaltsstoffe kann sich ändern. Bitte beachte die Verpackung des gekauften Produkts.
","30 Minuten vor dem Sonnenbaden eine großzügige Menge auf das Gesicht auftragen.
Je nach Bedarf im Laufe des Tages erneut auftragen, insbesondere bei längerer Aussetzung der Sonne.",TRUE,FALSE,FALSE
Coxir - Vita C Bright Toner,https://korean-skincare.de/cdn/shop/files/VitaCBrightToner.jpg?v=1752021326,"Der Coxir Vita C Bright Toner ist ein aufhellendes und aufhellendes Gesichtswasser mit den Vitaminen A, B, C und E, die die Haut nähren und aufhellen. Es hellt die Haut auf und hilft, die Hautbarriere mit Vitaminen, die reich an Antioxidantien sind, zu stärken. Vita C Bright Toner kann geschichtet werden und funktioniert gut mit der 7-Haut-Methode. Mit dem Pflanzenkomplex von Coxir bleibt deine Haut strahlend, leuchtend und gesund. --150ml",150ml,15.95,Coxir,Toner,"Water, Butylene Glycol, Glycerin, Dipropylene Glycol, Niacinamide, Alcohol, Sodium Hyaluronate, Hydrolyzed Collagen, PPG-26-Buteth-26, PEG-40 Hydrogenated Castor Oil, Methyl Gluceth-20, Glyceryl Acrylate/Acrylic Acid Copolymer, Propylene Glycol, PVM/MA Copolymer, Triethanolamine, Dipotassium Glycyrrhizate, Solanum Lycopersicum (Tomato) Fruit Extract, Paeonia Lactiflora Bark/Sap Extract, Lonicera Japonica (Honeysuckle) Flower Extract, Paullinia Cupana Extract, Euterpe Oleracea Fruit Extract, Panax Ginseng Root Extract, Aloe Barbadensis Leaf Extract, Camellia Sinensis Leaf Extract, Honey, Rosa Multiflora Fruit Extract, Gardenia Florida Fruit Extract, Scutellaria Baicalensis Root Extract, Ligustrum Japonicum Fruit Extract, Carbomer, Tocopheryl Acetate, Disodium EDTA, Panthenol, Betaine, Phaseolus Radiatus Seed Extract, Thymus Vulgaris (Thyme) Extract, Buddleja Davidii Extract, Ascorbic Acid, Phenoxyethanol, Ethylhexylglycerin, Parfum.

Die Liste der Inhaltsstoffe kann sich ändern. Bitte beachte die Verpackung des gekauften Produkts.
","Trag eine angemessene Menge auf ein Wattepad auf
Trage es sanft auf und folge dabei den Linien deiner Haut
Drehe das Wattepad um und tupfe den Inhalt sanft ein
",FALSE,FALSE,FALSE
D'Alba - Waterfall Tone-Up Sun Cream (Purple),https://korean-skincare.de/cdn/shop/files/D_Alba_WaterfullTone-UpSunCreamPurple_Packshot.jpg?v=1760515506,"Die D'Alba Waterfull Tone-Up Sun Cream (Purple) ist eine leichte, vegan zertifizierte Sonnencreme, die einen Breitbandschutz mit LSF 50+ PA++++ bietet. Mit italienischem weißem Trüffelextrakt, Niacinamid und Centella Asiatica versorgt sie die Haut mit Feuchtigkeit, beruhigt sie und lässt sie strahlen. Das Produkt hat einen dezenten violetten Farbton, der gelbliche Untertöne neutralisiert und für einen natürlichen Tone-Up-Effekt und einen strahlenden Teint sorgt. Die essenzartige Textur sorgt für eine schnelle Absorption ohne fettige Rückstände und ist daher für alle Hauttypen geeignet, auch für empfindliche und zu Akne neigende Haut. --50ml",50ml,24.95,D'Alba,Sonnenschutz,"Water (Aqua), Propanediol, Butyloctyl Salicylate, Dicaprylyl Carbonate, Titanium Dioxide, Diisopropyl Sebacate, 2,3-Butanediol, Diethylamino Hydroxybenzoyl Hexyl Benzoate, Polysilicone-15, Dibutyl Adipate, Niacinamide, Ethylhexyl Triazone, 1,2-Hexanediol, Pentylene Glycol, Coco-Caprylate/Caprate, Butylene Glycol, VP/Eicosene Copolymer, Methylpropanediol, Ultramarines (CI 77007), Polyglyceryl-2 Caprate, Glycerin, Citrus Aurantium Dulcis (Orange) Oil, Eclipta Prostrata Extract, Coccinia Indica Fruit Extract, Polyacrylate Crosspolymer-6, Ammonium Acryloyldimethyltaurate/VP Copolymer, Sucrose Stearate, Alumina, Simmondsia Chinensis (Jojoba) Seed Oil, Hydroxypropyl Methylcellulose Stearoxy Ether, Polyhydroxystearic Acid, Stearic Acid, Ethylhexylglycerin, Inulin Lauryl Carbamate, Glyceryl Caprylate, Citrus Nobilis (Mandarin Orange) Peel Oil, Xanthan Gum, Triethoxycaprylylsilane, Adenosine, Squalane, Polyether-1, Litsea Cubeba Fruit Oil, Lactobacillus Ferment, Stellaria Media (Chickweed) Extract, Tocopherol, Glutathione, Allantoin, Panthenol, Salvia Officinalis (Sage) Leaf Water, Centaurea Cyanus Flower Water, Caesalpinia Spinosa Gum, Biosaccharide Gum-1, Houttuynia Cordata Extract, Portulaca Oleracea Extract, Hydrolyzed Hyaluronic Acid, Maltodextrin, Olea Europaea (Olive) Leaf Extract, Wine, Adansonia Digitata Leaf Extract, Thymus Vulgaris (Thyme) Extract, Tuber Magnatum Extract, Buddleja Davidii Extract, Lavandula Angustifolia (Lavender) Flower Extract, Centella Asiatica Extract, Limonene, Citral

Die Liste der Inhaltsstoffe kann sich ändern. Bitte beachte die Verpackung des gekauften Produkts.
","Als letzten Schritt deiner Hautpflege gleichmäßig auf die UV-exponierten Hautpartien auftragen.
Für optimalen Sonnenschutz alle 2 Stunden erneut auftragen.",TRUE,TRUE,FALSE
Dear Klairs - Supple Preparation Unscented Toner,https://korean-skincare.de/cdn/shop/files/Klairs_Unscented_Toner_804b37a3-37c4-4bf1-b9b2-ad34da0c9aef.jpg?v=1756985699,"Der Dear Klairs Supple Preparation Unscented Toner ist eine aktualisierte Version des beliebten Klairs Supple Preparation Facial Toner, der ohne Duftstoffe und ätherische Öle auskommt! Dieses feuchtigkeitsspendende Gesichtswasser gleicht den pH-Wert aus und steigert die Wirksamkeit deiner Hautpflege, ohne die empfindliche Haut zu reizen. Mit einer beruhigenden Mischung aus Pflanzenextrakten, feuchtigkeitsspendender Hyaluronsäure und beruhigender Centella Asiatica ist dieses leichte Gesichtswasser ein unverzichtbarer erster Schritt in deiner Hautpflegeroutine. --150ml",150ml,21.99,Dear Klairs,Toner,"Water, Butylene Glycol, Dimethyl Sulfone, Betaine, Caprylic/Capric Triglyceride, Natto Gum, Sodium Hyaluronate, Disodium EDTA, Centella Asiatica Extract, Glycyrrhiza Glabra Root Extract, Polyquaternium-51, Chlorphenesin, Tocopheryl Acetate, Carbomer, Panthenol, Arginine, Luffa Cylindrica Fruit/Leaf/Stem Extract, Beta-Glucan, Althaea Rosea Flower Extract, Aloe Barbadensis Leaf Extract, Hydroxyethylcellulose, Portulaca Oleracea Extract, Lysine HCl, Proline, Sodium Ascorbyl Phosphate, Acetyl Methionine, Theanine, Copper Tripeptide-1.

Die Liste der Inhaltsstoffe kann sich ändern. Bitte beachte die Verpackung des gekauften Produkts.

","Trag eine angemessene Menge auf ein Wattepad auf
Trage es sanft auf und folge dabei den Linien deiner Haut
Drehe das Wattepad um und massiere den Inhalt sanft ein",TRUE,TRUE,TRUE
Dermalogica - Active Moist Skin Health - Feuchtigkeitscreme - active Moist 2.0 50ml,https://media.sephora.eu/content/dam/digital/pim/published/D/DERMALOGICA/395148/234601-media_swatch.jpg?scaleWidth=500&scaleHeight=500&scaleMode=fit,"Diese Feuchtigkeitspflege ist der Verbündete von Mischhaut bis fettiger Haut! Sie ist leicht und nicht fettend. Sie hilft, die Haut vor Feuchtigkeitsverlust zu schützen, und hilft dank botanischer Extrakte gleichzeitig, überschüssigen Talg zu absorbieren. Die leicht aufzutragende Formel enthält einen feuchtigkeitsspendenden prebiotischen Komplex (""Nahrung"" für gute Bakterien), der leichte Feuchtigkeit ohne Glanz spendet, indem er einen pflanzlichen Film auf der Haut bildet und gleichzeitig ein ausgeglichenes Mikrobiom fördert.

Seine bei Dermalogica einzigartige Kombination von Pflanzenextrakten trägt dazu bei, die Hautstruktur zu verbessern und den Feuchtigkeitsverlust an der Hautoberfläche zu bekämpfen. Extrakte aus Zitrone, Gurke und Klette helfen, das Hautbild zu verfeinern und sorgen für eine strahlende Haut.
Vegan : Produkte aus natürlich gewonnenen Inhaltsstoffen. --50ml",50ml,47.95,Dermalogica,Feuchtigkeitspflege,"Water (Aqua), Caprylic/Capric Triglyceride, Methyl Gluceth-20, Pentylene Glycol, Butylene Glycol, Dimethicone, Lactamide MEA, Ethylhexyl Methoxycinnamate, PEG-100 Stearate, Cetearyl Alcohol, Stearic Acid, Glyceryl Stearate, Lavandula Angustifolia (Lavender) Extract, Malva Sylvestris (Mallow) Flower/Leaf/Stem Extract, Hedera Helix (Ivy) Leaf/Stem Extract, Cucumis Sativus (Cucumber) Fruit Extract, Sambucus Nigra Flower Extract, Arnica Montana Flower Extract, Parietaria Officinalis Extract, Nasturtium Officinale Flower/Leaf Extract, Arctium Lappa Root Extract, Salvia Officinalis (Sage) Leaf Extract, Citrus Medica Limonum (Lemon) Fruit Extract, Saponaria Officinalis Leaf/Root Extract, Silk Amino Acids, Glycolipids, Sodium Hyaluronate, Leuconostoc/Radish Root Ferment Filtrate, Palmitoyl Hydroxypropyltrimonium Amylopectin/Glycerin Crosspolymer, Lecithin, Vitis Vinifera (Grape) Seed Extract, Allantoin, Panthenol, Cetyl Alcohol, Polyquaternium-10, Acrylates/C10-30 Alkyl Acrylate Crosspolymer, Polysorbate 60, Aminomethyl Propanol, Disodium EDTA, Linalool, Lavandula Hybrida Oil

Die Liste der Inhaltsstoffe kann sich ändern. Bitte beachte die Verpackung des gekauften Produkts.
","Nach dem Reinigen und dem Tonikum sanft nach oben auf Gesicht und Hals auftragen. Zweimal täglich anwenden, morgens und abends. In Kombination mit dem Active Clay Cleanser Reiniger für mehr Synergie der Assets.",FALSE,TRUE,FALSE
Dermalogica - Daily Milkfoliant - Gesichtspeeling - skin Health Daily Milkfoliant,https://media.sephora.eu/content/dam/digital/pim/published/D/DERMALOGICA/615393/276899-media_swatch.jpg?scaleWidth=500&scaleHeight=500&scaleMode=fit,"Das Star-Peeling von Dermalogica gibt es nun in einer beruhigenden und regenerierenden Version. Die Formel in Form von Peeling-Pulver mit beruhigenden pflanzlichen Hafer- und Kokosmilch verwandelt sich bei Kontakt mit Wasser in eine cremige milchige Textur, wobei sie pflanzliche Wirkstoffe freisetzt, die abgestorbene Hautzellen auf eine ganz milde Art und Weise beseitigen, während die Haut beruhigt und ihre Feuchtigkeitsbarriere wiederhergestellt werden. Für eine glattere und weichere Haut.

* Unabhängiger klinischer Test, 30 Testpersonen, eine Anwendung pro Tag für 1 Woche. 



Vegan : Produkte aus natürlich gewonnenen Inhaltsstoffen. --13g",13g,63.45,Dermalogica,Gesichtsreinigung,"Sodium Cocoyl Isethionate, Microcrystalline Cellulose, Sodium Bicarbonate, Sorbitol, Zea Mays (Corn) Starch, Sodium Cocoyl Glutamate, Saccharomyces Ferment, Oryza Sativa (Rice) Starch, Magnesium Oxide, Citric Acid, Tapioca Starch, Avena Sativa (Oat) Kernel Protein, Camellia Oleifera Seed Extract, Silica, Cocos Nucifera (Coconut) Fruit Extract, Inulin, Cassia Hydroxypropyltrimonium Chloride, Silybum Marianum Seed Oil, Kaolin, Lauryl Methacrylate/Glycol Dimethacrylate Crosspolymer, Papain, Hyaluronic Acid, Avena Sativa (Oat) Kernel Extract, Helianthus Annuus (Sunflower) Seed Oil, Avena Sativa (Oat) Bran Extract, Glycine Soja (Soybean) Oil, Citrus Aurantium Dulcis (Orange) Peel Extract, Vitis Vinifera (Grape) Fruit Extract, Citrus Aurantium Bergamia (Bergamot) Fruit Oil, Aniba Rosodora (Rosewood) Wood Oil, Salvia Sclarea (Clary) Oil, Eucalyptus Globulus Leaf Oil, Chamomilla Recutita (Matricaria) Flower Oil, Cucurbita Pepo (Pumpkin) Fruit Extract, Cucumis Sativus (Cucumber) Fruit Extract, Perilla Ocymoides Leaf Extract, Daucus Carota Sativa (Carrot) Root Extract, Sea Salt (Maris Sal), Juniperus Virginiana Oil, Alpha-Glucan Oligosaccharide, Tocopherol, Castoryl Maleate, Caprylyl Glycol, Allantoin, Diglycerin, Maltodextrin, Lauroyl Lysine, Arginine, Saccharide Isomerate, Sodium Lauroyl Glutamate, Beta-Carotene, Xanthan Gum, Ethylhexylglycerin, 1,2-Hexanediol, Hydroxypropyl Methylcellulose, Dextrin, Sodium Palmitate, Sodium Chloride, Acacia Senegal Gum, Sodium Citrate, Water/Aqua/Eau, O-Cymen-5-Ol, Limonene, Linalool.

Die Liste der Inhaltsstoffe kann sich ändern. Bitte beachten Sie die Verpackung des gekauften Produkts.","Jeden Tag nach der doppelten Reinigung einen halben Teelöffel Pulver in die nassen Handteller geben.
Durch das Händereiben eine cremige milchige Textur erzeugen.
In das Gesicht mit kreisenden Bewegungen 1 Minute lang einmassieren, dann abwaschen. Augenpartie aussparen.",TRUE,TRUE,FALSE
Dermalogica - Magnetic[+] Afterglow Cleanser - Reiniger - 150ml,https://media.sephora.eu/content/dam/digital/pim/published/D/DERMALOGICA/769460/369142-media_swatch.jpg?scaleWidth=500&scaleHeight=500&scaleMode=fit,"Formuliert mit positiv geladener Hyaluronsäure: Sie wirkt wie ein Magnet und hilft der Haut, Feuchtigkeit effektiver zu speichern. Außerdem bereitet sie die Haut auf die nächsten Schritte deiner Routine vor und optimiert so die Wirksamkeit deiner Hautpflege. --150ml",150ml,41.95,Dermalogica,Gesichtsreinigung,"Water/Aqua/Eau, Glycerin, Sodium Lauryl Glucose Carboxylate, Lauryl Glucoside, Simmondsia Chinensis (Jojoba) Seed Oil, Decyl Glucoside, Polyglyceryl-3 Distearate, Carthamus Tinctorius (Safflower) Oleosomes, Citrus Aurantium Bergamia (Bergamot) Fruit Oil, Jasminum Sambac (Jasmine) Flower Extract, Gardenia Jasminoides Fruit Extract, Hydrolyzed Jojoba Esters, Nelumbo Nucifera Root Extract, Prunus Amygdalus Dulcis (Sweet Almond) Oil, Citrus Aurantifolia (Lime) Oil, Jasminum Officinale (Jasmine) Oil, Tocopherol, Sodium Lauroyl Oat Amino Acids, Caprylyl Glycol, Sodium Gluconate, Glyceryl Oleate, Pentylene Glycol, Palmitic Acid, Saccharide Isomerate, 2,3-Butanediol, Maltodextrin, Hydrogenated Palm Glycerides Citrate, Xanthan Gum, Ethylhexylglycerin, Coco-Glucoside, Titanium Dioxide, Sodium Astrocaryum Murumuruate, Gluconolactone, Citric Acid, Sodium Citrate, Propanediol, Cellulose Gum, Stearic Acid, Hydroxypropyltrimonium Hyaluronate, Sorbic Acid, Sodium Benzoate, Limonene, Linalool.

Die Liste der Inhaltsstoffe kann sich ändern. Bitte beachten Sie die Verpackung des gekauften Produkts.","Auf das feuchte Gesicht und den Hals auftragen. Mit lauwarmem Wasser abwaschen. Kontakt mit den Augen vermeiden. Falls Rötungen oder Juckreiz auftreten, sollte das Produkt nicht weiter verwendet werden.",TRUE,TRUE,FALSE
Dermalogica - Oil To Foam Total Cleanser - Make-up-entferner Und Gesichtsreiniger - skin Health Oil To Foam Cleanser 250ml,https://media.sephora.eu/content/dam/digital/pim/published/D/DERMALOGICA/690029/321934-media_swatch.jpg?scaleWidth=500&scaleHeight=500&scaleMode=fit,"Der Oil to Foam Total Cleanser ist eine 2-in-1-Hybridpflege, die dir eine zweifache Reinigungsroutine in einem einzigen Produkt bietet!

Diese 2-in-1-Formel entfernt Make-up und reinigt tiefenwirksam - für eine glatte, optimal mit Feuchtigkeit versorgte und strahlend gesunde Haut. Seine Textur der neuesten Generation hat zunächst die Konsistenz eines Öl-Gelées, das oberflächlichen Talg und Make-up von der Gesichtshaut entfernt, und verwandelt sich anschließend bei Kontakt mit Wasser in einen cremig-zarten Schaum, der verbleibende Verunreinigungen rückstandslos beseitigt und so für eine perfekt gereinigte und gesunde Haut sorgt.
Vegan : Produkte aus natürlich gewonnenen Inhaltsstoffen. --250ml",250ml,57.95,Dermalogica,Gesichtsreinigung,"Water/Aqua/Eau, Glycerin, Cocamidopropyl Hydroxysultaine, Sodium Cocoyl Glutamate, Peg-60 Almond Glycerides, Hydroxyacetophenone, Camellia Oleifera Seed Extract, Citrus Aurantium Dulcis (Orange) Peel Oil, Lavandula Hybrida Oil, Citrus Paradisi (Grapefruit) Peel Oil, Citrus Nobilis (Mandarin Orange) Peel Oil, Lavandula Angustifolia (Lavender) Oil, Cymbopogon Citritus Leaf Oil, Hippophae Rhamnoides Fruit Oil, Tocopherol, Pentylene Glycol, Hydroxypropyl Guar Hydroxypropyltrimonium Chloride, Caprylyl Glycol, Xanthan Gum, 1,2-Hexanediol, Peg-40 Hydrogenated Castor Oil, Peg-120 Methyl Glucose Dioxide, Saccharide Isomertate, Polysorbate 20, Tetrasodium Glutamate Diacetate, Citric Acid, Sodium Hydroxide, Sodium Citrate, O-Cymen-5-Ol, Limonene, Linalool, Citral.

Die Liste der Inhaltsstoffe kann sich ändern. Bitte beachten Sie die Verpackung des gekauften Produkts.","Das Gesicht anfeuchten. Das Öl-Gelée in Gesichtshaut und Augenkonturen einmassieren, um Fett und oberflächlichen Schmutz zu lösen. Konzentriere dich dabei besonders auf Zonen mit verstopften Poren oder hartnäckigen Rückständen.

Feuchte die Hände an und setze deine Gesichtsmassage fort. Das Gelée verwandelt sich dann in einen cremig-zarten Schaum, um Make-up-Reste, Talg und Sonnencreme zu entfernen.

Mit lauwarmem Wasser abspülen.",TRUE,TRUE,FALSE
Dermalogica - Pro Collagen Banking Water Cream - Creme - daily Skin Health Pc Banking Water Cream,https://media.sephora.eu/content/dam/digital/pim/published/D/DERMALOGICA/813430/400469-media_swatch-0.jpg?scaleWidth=500&scaleHeight=500&scaleMode=fit,"Diese intensiv feuchtigkeitsspendende, wässrige Creme polstert die Haut auf und bewahrt ihr Kollagen und Elastin. Sie unterstützt ihre Widerstandsfähigkeit und ihre Schutzfunktion, um ein sichtbar pralles Aussehen hervorzubringen – heute und morgen. Ein auf Aminosäuren basierender Peptidkomplex aus Kollagen, Zinkglycinat, Carnosin-Dipeptid und ultra-feuchtigkeitsspendendem Jojobaester bekämpft oxidativen Stress, um die Zeichen der Hautalterung zu verzögern. Extremophile rote Algen wirken zusammen mit Weißklee, um die Haut sichtbar zu straffen und zu glätten. Diese wässrige Formel ist angereichert mit mineralienreichem Meeresquellwasser und wird bei Kontakt mit der Haut aktiviert, um sie mit Multi-Peptiden und Feuchthaltemitteln zu versorgen und intensiv und tiefenwirksam mit Feuchtigkeit zu versorgen. Der biofermentierte Radieschenwurzelextrakt speichert die Feuchtigkeit und stärkt die Schutzbarriere der Haut. --50ml",50ml,83,Dermalogica,Feuchtigkeitspflege,"Water (Aqua/Eau), Dimethicone, Propanediol, Simmondsia Chinensis (Jojoba) Seed Oil, Glycerin, Betaine, Trehalose, Sucrose, Caprylic/Capric/Lauric Triglyceride, Diisopropyl Adipate, Isoamyl Laurate, Leuconostoc/Radish Root Ferment Filtrate, Zinc Glycinate, Collagen Amino Acids, Acetyl Hexapeptide-37, Palmitoyl Pentapeptide-4, Hydroxyacetophenone, Dipotassium Glycyrrhizate, Lactic Acid, Haematococcus Pluvialis Extract, Trifolium Repens Extract, Sodium Hyaluronate, Helianthus Annuus (Sunflower) Seed Oil, Citrus Aurantium Bergamia (Bergamot) Fruit Oil, Citrus Aurantium Peel Oil (Citrus Aurantium Dulcis (Orange) Peel Oil), Citrus Paradisi (Grapefruit) Peel Oil, Cupressus Sempervirens Leaf/Nut/Stem Oil, Jasminum Sambac (Jasmine) Flower Extract, Rose Flower Oil/Extract (Rosa Damascena Flower Oil), Hydrolyzed Rhodophyceae Extract, Hydrolyzed Jojoba Esters, Chondrus Crispus Extract, Juniperus Virginiana Oil, Cistus Ladaniferus Leaf/Stem Extract, Rosmarinus Officinalis (Rosemary) Leaf Oil, Tagetes Minuta Flower Oil, Gardenia Florida Fruit Extract, Butylene Glycol, Sodium PCA, Tocopheryl Acetate, Tocopherol, PEG-10 Dimethicone, Diglycerin, Carnosine, Potassium Lactate, Dimethicone/Polyglycerin-3 Crosspolymer, Saccharide Isomerate, Lauryl PEG-9 Polydimethylsiloxyethyl Dimethicone, Allantoin, Pentylene Glycol, Urea, Maltodextrin, 1,2-Hexanediol, Tetrasodium Glutamate Diacetate, Polysorbate 20, Citric Acid, Sodium Hydroxide, Sodium Citrate, Dimethicone/Vinyl Dimethicone Crosspolymer, Dipropylene Glycol, Limonene, Linalyl Acetate, Citrus Limon (Lemon) Peel Oil, Linalool, Santalum Album (Sandalwood) Oil, Pinene, Santalol, Citrus Aurantium Bergamia (Bergamot) Peel Oil.

Die Liste der Inhaltsstoffe kann sich ändern. Bitte beachten Sie die Verpackung des gekauften Produkts.","1 bis 2 Pumpmengen auf die Haut auftragen. Trage die Creme nach der Verwendung des Serums auf, während die Haut noch feucht ist. Ein- bis zweimal pro Tag anwenden.",TRUE,TRUE,FALSE
Dermalogica - Special Cleansing Gel - Gel Reinigungsmousse - Skin Health Spe Cleansing Gel 50 Ml,https://media.sephora.eu/content/dam/digital/pim/published/D/DERMALOGICA/395165/161498-media_swatch-1.jpeg?scaleWidth=500&scaleHeight=500&scaleMode=fit,"Das Special Cleansing Gel, ein schäumendes Reinigungsgel, ist ein Bestseller der Marke Dermalogica. Es entfernt sanft Unreinheiten und bewahrt dabei den Feuchtigkeitshaushalt der Haut.

Dieses schäumende Reinigungsgel ist für alle Hauttypen geeignet.
Vegan : Produkte aus natürlich gewonnenen Inhaltsstoffen. --50 ml",50 ml,13.45,Dermalogica,Gesichtsreinigung,"Water, Sodium Laureth Sulfate, Disodium Lauroamphodiacetate, Sodium Trideceth Sulfate, Hexylene Glycol, Hydroxyethylcellulose, Lavandula Angustifolia (Lavender) Extract, Melissa Officinalis Leaf Extract, Quillaja Saponaria Bark Extract, Lavandula Angustifolia (Lavender) Oil, PPG-5-Ceteth-20, Citric Acid, Sodium Chloride, Phenoxyethanol, Methylparaben, Propylparaben.

Die Liste der Inhaltsstoffe kann sich ändern. Bitte beachte die Verpackung des gekauften Produkts.","Zuerst verwenden Sie PreCleanse für die Vorreinigung. Danach eine kleine Menge Special Cleansing Gel auf die angefeuchteten Hände geben, aufschäumen und sanft auf Gesicht und Hals einmassieren. Damit können Sie sogar leichtes Augen-Make-up entfernen. Gründlich mit warmem Wasser abspülen. Anschließend Multi-Active Toner und Ihren Dermalogica Moisturizer verwenden.

Bei Bedarf können Sie das Special Cleansing Gel mit dem Daily Microfoliant mischen – für einen noch intensiveren Reinigungseffekt.",TRUE,TRUE,FALSE
Dermalogica - Stabilizing Repair Cream - Reparierende Feuchtigkeitspflege Gegen Rötungen - 50 Ml,https://media.sephora.eu/content/dam/digital/pim/published/D/DERMALOGICA/708389/331829-media_swatch.jpg?scaleWidth=500&scaleHeight=500&scaleMode=fit,"Diese Feuchtigkeitspflege mit starker reparierender Wirkung wird mit ultraberuhigenden Inhaltsstoffen formuliert. Sie spendet Feuchtigkeit und beruhigt die Haut ab dem ersten Kontakt, wobei Rötungen sofort gelindert werden. Sie ist mit Cica angereichert und macht es möglich, das Reaktionsmuster empfindlicher Haut zu durchbrechen und die Hautbarriere zu reparieren und zu stärken, um Entzündungszeichen zu lindern.

Die Widerstandsfähigkeit der Haut wird sofort und dauerhaft verbessert, ihre Reaktivität verringert. Für eine glatte, geschmeidige und weiche Haut.

Die Formel enthält einen exklusiven Komplex, der die natürliche Bildung von Hautceramiden anregt und nähernde Lipide spendet, um die Hautschutzbarriere zu stärken und die Feuchtigkeit einzuschließen. --50 ml",50 ml,65.95,Dermalogica,Feuchtigkeitspflege,"Water/Aqua/Eau, Butylene Glycol, Glycerin, Squalane, Butyrospermum Parkii (Shea) Butter, Caprylic/Capric Triglyceride, Palmitic Acid, Simmondsia Chinensis (Jojoba) Seed Oil, Glyceryl Stearate SE, Propanediol, Hexyldecanol, Polyglyceryl-3 Methylglucose Distearate, Hydroxyacetophenone, Dipotassium Glycyrrhizate, Centella Asiatica Extract, Boerhavia Diffusa Root Extract, Myrothamnus Flabellifolia Leaf/Stem Extract, Tasmannia Lanceolata Leaf Extract, Brassica Campestris (Rapeseed) Sterols, Zingiber Officinale (Ginger) Root Extract, Tocopherol, Lactobacillus Ferment, Cetylhydroxyproline Palmitamide, Caprylyl Glycol, Triolein, Maltodextrin, Bisabolol, Xanthan Gum, Cetearyl Alcohol, Myristic Acid, Tetrasodium Glutamate Diacetate, Hydroxystearic Acid, 1,2-Hexanediol, Sodium Hydroxide, Citric Acid, Sodium Polyacryloyldimethyl Taurate, Ammonium Acryloyldimethyltaurate/VP Copolymer, Stearic Acid, Acacia Senegal Gum

Die Liste der Inhaltsstoffe kann sich ändern. Bitte beachte die Verpackung des gekauften Produkts.
","1. Schritt: Morgens und abends nach der doppelten Reinigung und dem Auftragen eines Tonikums und eines Serums 1 bis 2 Pumpstöße in den Handteller geben.
2. Schritt: Auf Gesicht und Hals mit nach oben führenden Bewegungen auftragen. Tagsüber einen Sonnenschutz auftragen.",TRUE,TRUE,TRUE
Dermalogica - Ultra Calming Cleanser - Reinigungsgel - ultra Calming Face Cleanser 250ml,https://media.sephora.eu/content/dam/digital/pim/published/D/DERMALOGICA/395166/225294-media_swatch.jpg?scaleWidth=500&scaleHeight=500&scaleMode=fit,"Der Ultra Calming Cleanser ist eine Gel-Creme-Reinigung, die für empfindliche und sensibilisierte Haut formuliert wurde. Mit dem exklusiven UltraCalming-Komplex(TM) werden Rötungen und Hitzegefühle gemildert, Ihre Haut wird erfrischt und beruhigt gereinigt.

Vorteile?
- Erfrischt und beruhigt die Haut
- Beugt Rötungen vor
- Bewahrt die Hautschutzbarriere

Für wen?
Für empfindliche, sensibilisierte, gereizte und feuchtigkeitsarme Haut.
Vegan : Produkte aus natürlich gewonnenen Inhaltsstoffen. --250ml",250ml,40.45,Dermalogica,Gesichtsreinigung,"Water/Aqua/Eau, Cetearyl Alcohol, Bisabolol, Zingiber Officinale (Ginger) Root Extract, Leuconostoc/Radish Root Ferment Filtrate, Glycerin, Avena Sativa (Oat) Kernel Extract, Cucumis Sativus (Cucumber) Fruit Extract, Rubus Idaeus (Raspberry) Fruit Extract, Lavandula Angustifolia (Lavender) Flower Extract, Salix Alba Bark Extract, Usnea Barbata (Lichen) Extract, Butylene Glycol , Pentylene Glycol , Hydroxyphenyl , ropamidobenzoic Acid, Citrus Medica Limonum (Lemon) Fruit Extract, Fumaria Officinalis Flower/Leaf/Stem Extract, Fumaric Acid, Echinacea Purpurea Extract, Panthenol, Acrylates/ C10-30 Alkyl Acrylate, rosspolymer, Cocamidopropyl PG-Dimonium Chloride Phosphate, Disodium Lauryl Sulfosuccinate, Cetrimonium Chloride, Aminomethyl Propanol, Glyceryl Caprylate, Disodium EDTA.

Die Liste der Inhaltsstoffe kann sich ändern. Bitte beachte die Verpackung des gekauften Produkts.",Tragen Sie Ultra Calming Cleanser auf Gesicht und Hals auf. Massieren Sie die Fingerspitzen sanft mit leichten kreisenden Bewegungen nach oben. Spülen Sie mit lauwarmem Wasser oder entfernen Sie überschüssiges Material mit einem Papiertuch.,TRUE,TRUE,TRUE
DIOR - Capture Totale - Intensive Essence Lotion,https://media.sephora.eu/content/dam/gdam/europe/digital/pim/published/D/DIOR/578126/268672-media_swatch.jpg?scaleWidth=750&scaleHeight=750&scaleMode=fit,"Mit der Capture Totale Intensive Essence Lotion erfindet Dior seine Capture Totale Gesichtslotion neu. Die Lotion besteht zu 95 %* aus Inhaltsstoffen natürlichen Ursprungs und ist mit einer Longoza-Ferment-Mischung* angereichert. Die Lotion stärkt so die Hautbarriere, harmonisiert die Hautstruktur und bereitet die Haut auf das Capture Totale Pflegeritual vor.

Ab der ersten Anwendung dieser Dior Gesichtslotion wird die Haut mit Feuchtigkeit versorgt und geklärt. Nach einer Woche und dann nach einmonatiger Anwendung erscheint die Haut aufgepolstert und nachhaltig gestärkt. --150ml",150ml,63.45,DIOR,Toner,"Aqua (Water), Glycerin, Butylene Glycol, Niacinamide, Pentylene Glycol, Alcohol, Polyglycerin-3, Aframomum Angustifolium Seed Extract, Paeonia Lactiflora Root Extract, Jasminum Officinale (Jasmine) Flower Extract, Lilium Candidum Bulb Extract, Sodium Hyaluronate, Ascorbyl Glucoside, Adenosine, Sodium Tocopheryl Phosphate, Palmaria Palmata Extract, Hydrolyzed Soy Protein, Propanediol, Chlorphenesin, Parfum (Fragrance), Lactobacillus Ferment Lysate, Yeast Ferment Extract, Sodium Surfactin, Sodium Hydroxide, Hydroxylated Lecithin, Xylitol, Xanthan Gum, Sodium Benzoate, Tocopherol, Trehalose, Potassium Sorbate, PEG-8, Caprylyl Glycol, Carbomer, PEG-32, PEG-60 Hydrogenated Castor Oil.

Die Liste der Inhaltsstoffe kann sich ändern. Bitte beachte die Verpackung des gekauften Produkts.
","1. Tragen Sie die Capture Totale Intensive Essence Lotion Gesichtslotion auf, um die Haut auf das Dior Pflegeritual vorzubereiten.
2. Verwenden Sie anschließend das ikonische* Capture Totale Super Potent Serum.
3. Tragen Sie zum Abschluss des Rituals Ihre Capture Totale Gesichtscreme auf.",TRUE,FALSE,FALSE
DIOR - Dior Hydra Life - Sorbet Water - Feuchtigkeit & Ausgleich - Gesichtslotion,https://media.sephora.eu/content/dam/gdam/europe/digital/pim/published/D/DIOR/427935/45815-media_swatch.jpg?scaleWidth=750&scaleHeight=750&scaleMode=fit,Die feuchtigkeitsspendende Dior Hydra Life Lotion ist unglaublich erfrischend. Tragen Sie die ausgleichende Feuchtigkeitspflege Balancing Hydration 2 in 1 Sorbet Water nach der Reinigung auf das Gesicht auf. Die Haut ist sofort mit Feuchtigkeit versorgt und zart. Mit jedem Tag erscheint die Haut gestärkt und natürlich schön. --175ml,175ml,31.95,DIOR,Toner,"Aqua (Water), Glycerin, Butylene Glycol, Alcohol, Pentylene Glycol, Betaine, Magnesium Sulfate, Jasminum Officinale (Jasmine) Flower Extract, Malva Sylvestris (Mallow) Extract, Alpha-Glucan Oligosaccharide, Paeonia Suffruticosa Root Extract, Haberlea Rhodopensis Leaf Extract, Jasminum Officinale (Jasmine) Flower Water, Chlorphenesin, Cellulose, Parfum (Fragrance), Hectorite, Sodium Citrate, Hydroxylated Lecithin, Citric Acid, Sodium Benzoate, Potassium Sorbate, CI 42090 (Blue 1), CI 60730 (Ext. Violet 2), Caprylyl Glycol, PEG-60 Hydrogenated Castor Oil.

Die Liste der Inhaltsstoffe kann sich ändern. Bitte beachte die Verpackung des gekauften Produkts.
","Geeignet für alle Hauttypen. Als vorbereitende Phase für eine intensivierte umfassende Routine anwenden. Täglich morgens und abends anwenden.

Vor Gebrauch schütteln. Mit den Händen oder mit einem Wattepad auf die gereinigte Haut auftragen.",TRUE,FALSE,FALSE
DIOR - Sauvage - Mit der Kraft des Kaktus,https://cdn2.parfumdreams.de/image/product/129448-0-0-0.webp?box=528,"Das erste Sauvage Serum, das für Männerhaut entwickelt wurde, welche dicker und anfälliger ist sowie leichter austrocknet als die Haut von Frauen.

Zu 95 %* aus Inhaltsstoffen natürlichen Ursprungs bestehend und angereichert mit wässrigem Kaktusextrakt und Kaktusöl spendet das Serum 100 Stunden** lang Feuchtigkeit, stärkt die Haut, um sie vor dem Austrocknen zu schützen, und reduziert die ersten Anzeichen der Hautalterung.

Seine angenehme Textur zieht leicht ein und hinterlässt keinen Fettfilm oder Rückstände, auch nicht im Bart. --50ml",50ml,69.95,DIOR,Serum,"Aqua (Water), Alcohol, Glycerin, Butylene Glycol, Squalane, Betaine, Limnanthes Alba (Meadowfoam) Seed Oil, Polyglycerin-3, Pentylene Glycol, Hydroxyethyl Acrylate/Sodium Acryloyldimethyl Taurate Copolymer, Hydrogenated Lecithin, Lauroyl Lysine, Malva Sylvestris (Mallow) Extract, Polyglycerin-6, Caprylyl Glycol, Pullulan, Chlorphenesin, Tocopheryl Acetate, Parfum (Fragrance), Opuntia Ficus-Indica Fruit Extract, Sodium Acetylated Hyaluronate, Polysorbate 60, Sorbitan Isostearate, Alcaligenes Polysaccharides, Opuntia Coccinellifera Flower Extract, Hydrolyzed Soy Flour, Adenosine, Sodium Hyaluronate, Pentaerythrityl Tetra-Di-T-Butyl Hydroxyhydrocinnamate, Sodium Benzoate, Trisodium Ethylenediamine Disuccinate, 1,2-Hexanediol, Sodium Tocopheryl Phosphate, Potassium Sorbate, Citric Acid, Triethyl Citrate, Citrus Junos Fruit Extract.

Die Liste der Inhaltsstoffe kann sich ändern. Bitte beachten Sie die Verpackung des gekauften Produkts.","ANWENDUNGSTIPPS
1. Drücken Sie auf die Pumpflasche, um genau die richtige Produktmenge zu erhalten. Ein Pumpstoß reicht aus.
2. Tragen Sie das Serum auf das ganze Gesicht auf, angefangen von der Mitte nach außen hin.

DAS RITUAL DER SAUVAGE-HAUTPFLEGE
1. Reinigen Sie die Haut mit dem Sauvage Gesichtsreiniger, um sie von Unreinheiten zu befreien, ohne sie auszutrocknen.
2. Revitalisieren Sie das Gesicht mit der Sauvage Lotion, um die Haut zu erfrischen und Anzeichen von Müdigkeit zu reduzieren.
3. Versorgen Sie die Haut mit dem Sauvage Serum, um sie zu nähren, vor dem Austrocknen zu schützen und die sichtbaren Zeichen der Hautalterung zu reduzieren.",TRUE,FALSE,FALSE
Doctor Mi - Men Tone - Men,https://www.doctormi.de/cdn/shop/files/men-tone_150ml_4aabc6b0-8564-4480-8557-5d8b612b33aa.png?v=1780390881&width=1200,"Erfrischendes Gesichtswasser speziell für Männerhaut – ideal zur täglichen Anwendung nach der Rasur oder Reinigung. Mit TECMi® AHA-Fruchtsäuren befreit es die Haut tiefenwirksam von Unreinheiten, gleicht den pH-Wert aus und aktiviert die Zellerneuerung. Gereizte Haut wird beruhigt, Entzündungen werden gemindert und die Hautbarriere nachhaltig gestärkt – für ein klares, geklärtes und angenehm erfrischtes Hautgefühl, perfekt vorbereitet für die nachfolgende Pflege. --150ml",150ml,29.00,Doctor Mi,Toner,"Aqua (Water), Pentylene Glycol, Glycerin, Sodium Lactate, Butylene Glycol, Polysorbate 20, Cyclodextrin, Citric Acid, Lactic Acid, Malic Acid, Melaleuca Alternifolia Leaf Oil, Ascorbic Acid, Gluconic Acid, Sodium Phytate, Glycolic Acid, Salicylic Acid, Tartaric Acid, Alcohol, Parfum (Fragrance).

Die Liste der Inhaltsstoffe kann sich ändern. Bitte beachte die Verpackung des gekauften Produkts.
",Morgens und abends nach der Reinigung auf Gesicht und Hals aufsprühen.,TRUE,FALSE,TRUE
Dr Dennis Gross - Advanced R + F Texture Renewal - Serum - advanced Retinol + Ferulic Texture Renew,https://media.sephora.eu/content/dam/digital/pim/published/D/DR_DENNIS_GROSS/580533/272942-media_swatch.jpg?scaleWidth=500&scaleHeight=500&scaleMode=fit,"Ein tägliches Serum für glatte und ebenmäßige Haut, ohne Unreinheiten, Hyperpigmentierungen und feine Linien. Das Texture Renewal Serum ist der Einstieg in die Retinol-Hautpflege und kann bereits auf der jugendlichen Haut in den Zwanzigern sicher angewendet werden. Retinol und Bakuchiol sorgen für regelmäßige Zellerneuerung und stimulieren die Neuproduktion von Kollagen während vergrößerter Poren sichtbar verfeinert werden. Gleichzeitig balanciert das Serum die Ölproduktion aus und kann dadurch Ausbrüche und Unreinheiten wirkungsvoll verhindern. Squalan und Hyaluronsäure durchfeuchten die Haut bis in die Tiefe und polstern sie von innen auf. Mandelsäure und Linolsäure halten die Poren frei und unterstützen bei der Verringerung von Unreinheiten. Das Ergebnis: Eine ausgeglichene, ebenmäßige und strahlende Haut. --30ml",30ml,98.95,Dr Dennis Gross,Serum,"Water/Aqua/Eau, Propylene Glycol, Dimethyl Isosorbide, Polyglyceryl-10 Laurate, Glycerin, Ethoxydiglycol, Lactic Acid, Hydroxypropyl Starch Phosphate, Mandelic Acid, Retinol, Bakuchiol, Nephelium Lappaceum Leaf Extract, Ferulic Acid, Squalane, Linoleic Acid, Salicylic Acid, Salix Alba (Willow) Bark Extract, Phospholipids, Soy Isoflavones, Sodium Hyaluronate, Saccharide Isomerate, Ubiquinone, Sodium Pca, Hexylresorcinol, Quercetin, Adenosine, Morus Alba Bark Extract, Panthenol, Glycolic Acid, Maltodextrin, Xanthan Gum, Leuconostoc/Radish Root Ferment Filtrate, Caprylic/Capric Triglyceride, Potassium Hydroxide, Bht, Bha, Polysorbate 20, Sodium Phytate, Citric Acid, Sodium Citrate, Phenoxyethanol, Sodium Benzoate, Potassium Sorbate.

Die Liste der Inhaltsstoffe kann sich ändern. Bitte beachten Sie die Verpackung des gekauften Produkts.","Kann morgens und abends angewendet werden. 8-10 Tropfen mit der Pipette entnehmen und auf Gesicht, Hals und Dekolleté auftragen. Grundsätzlich sollte tagsüber immer ein Sonnenschutz aufgetragen werden.",TRUE,TRUE,TRUE
Dr Dennis Gross - Alpha Beta - Tägliches Reinigungsgel mit AHA/BHA-Komplex,https://media.sephora.eu/content/dam/gdam/europe/digital/pim/published/D/DR_DENNIS_GROSS/717716/343780-media_swatch.jpg?scaleWidth=750&scaleHeight=750&scaleMode=fit,"Ein schäumendes Reinigungsgel als absolutes Must-have, um die Haut tiefenwirksam vom ganzen Make-up (auch Augen-Make-up!) und Verunreinigungen zu befreien. Es reguliert den pH-wert der Haut, macht sie weich und belebt sie. Die Formel ist für alle Hauttypen geeignet. 

Sie besticht durch einen dezenten Jasmin-, Nelken- und Traubenduft und enthält Alphahydroxysäuren, die die Poren und Fältchen verfeinern, um den Teint und das Hautbild zu vereinheitlichen. Sie enthält ebenfalls Farnesol, das jegliche Bakterien beseitigt.  --60ml",60ml,48.95,Dr Dennis Gross,Gesichtsreinigung,"Water/Aqua/Eau, Glycerin, Sodium Lauroyl Methyl Isethionate, Propanediol, Sodium Cocoamphoacetate, Cocamidopropyl Hydroxysultaine, Disteareth-75 IPDI, Glycereth-7 Caprylate/Caprate, Sodium Chloride, Trisodium Ethylenediamine Disuccinate, PEG-40 Hydrogenated Castor Oil, Mandelic Acid, Glycolic Acid, Salix Alba (Willow) Bark Extract, Phytic Acid, Citric Acid, Farnesol, Barosma Betulina Leaf Extract, Sodium PCA, Sodium Hyaluronate, Tremella Fuciformis (Mushroom)
Extract, Aloe Barbadensis Leaf Juice, Bisabolol, Hydrolyzed Soy Protein, Camellia Sinensis Leaf Extract, Dimethyl Isosorbide, Butylene Glycol,
PEG-7 Glyceryl Cocoate, Polyglyceryl-3 Laurate Sodium Hydroxide, Gluconolactone, Sodium Phytate, Alcohol, Calcium Gluconate, Caprylic/- Capric Triglyceride, Jasminum Officinale (Jasmine) Flower/Leaf Extract, Eugenia Caryophyllus (Clove) Flower Extract, Lavandula Angustifolia (Lavender) Flower/Leaf/Stem Extract, Vitis Vinifera (Grape) Fruit Extract, Phenoxyethanol, Benzoic Acid, Sodium Benzoate, Potassium Sorbate\

Die Liste der Inhaltsstoffe kann sich ändern. Bitte beachte die Verpackung des gekauften Produkts.",Morgens und/oder abends. Auf das feuchte Gesicht auftragen und massieren. Gründlich abwaschen. Anschließend das Alpha Beta®-Peeling für den Alltag auftragen.,TRUE,FALSE,FALSE
Dr Dennis Gross - Alpha Beta - Tägliches Reinigungsgel Mit Aha/bha-komplex - alpha Beta Aha/bha Cleansing Gel 225ml,https://media.sephora.eu/content/dam/digital/pim/published/D/DR_DENNIS_GROSS/647382/304447-media_swatch.jpg?scaleWidth=500&scaleHeight=500&scaleMode=fit,"Ein schäumendes Reinigungsgel als absolutes Must-have, um die Haut tiefenwirksam vom ganzen Make-up (auch Augen-Make-up!) und allen Verunreinigungen zu befreien. Es reguliert den pH-wert der Haut, macht sie weich und belebt sie. Die Formel ist für alle Hauttypen geeignet. --225ml",225ml,48.95,Dr Dennis Gross,Gesichtsreinigung,"Water/Aqua/Eau, Glycerin, Sodium Lauroyl Methyl Isethionate, Propanediol, Sodium Cocoamphoacetate, Cocamidopropyl Hydroxysultaine, Disteareth-75 IPDI, Glycereth-7 Caprylate/Caprate, Sodium Chloride, Trisodium Ethylenediamine Disuccinate, PEG-40 Hydrogenated Castor Oil, Mandelic Acid, Glycolic Acid, Salix Alba (Willow) Bark Extract, Phytic Acid, Citric Acid, Farnesol, Barosma Betulina Leaf Extract, Sodium PCA, Sodium Hyaluronate, Tremella Fuciformis (Mushroom) Extract, Aloe Barbadensis Leaf Juice, Bisabolol, Hydrolyzed Soy Protein, Camellia Sinensis Leaf Extract, Dimethyl Isosorbide, Butylene Glycol, PEG-7 Glyceryl Cocoate, Polyglyceryl-3 Laurate, Sodium Hydroxide, Gluconolactone, Sodium Phytate, Alcohol, Calcium Gluconate, Caprylic/Capric Triglyceride, Jasminum Officinale (Jasmine) Flower/Leaf Extract, Eugenia Caryophyllus (Clove) Flower Extract, Lavandula Angustifolia (Lavender) Flower/Leaf/Stem Extract, Vitis Vinifera (Grape) Fruit Extract, Phenoxyethanol, Benzoic Acid, Sodium Benzoate, Potassium Sorbate

Die Liste der Inhaltsstoffe kann sich ändern. Bitte beachten Sie die Verpackung des gekauften Produkts.
",Morgens und/oder abends. Auf das feuchte Gesicht auftragen und massieren. Gründlich abwaschen. Anschließend das Alpha Beta®-Peeling für den Alltag auftragen.,TRUE,FALSE,FALSE
Dr Dennis Gross - Alpha Beta On The Spot Gel - Reinigungsgel - alpha Beta On The Spot Gel,https://media.sephora.eu/content/dam/digital/pim/published/D/DR_DENNIS_GROSS/728561/348427-media_swatch.jpg?scaleWidth=500&scaleHeight=500&scaleMode=fit,"Dieses sanfte, aber effektive Gel reinigt die Haut gründlich und hilft, sie auszugleichen. Es befreit die Poren von Verstopfungen, reguliert den Talghaushalt bei zu Akne neigender Haut, spendet Feuchtigkeit und beruhigt die Haut. --30ml",30ml,45.95,Dr Dennis Gross,Gesichtsreinigung,"Water/Aqua/Eau, Alcohol Denat. (SD Alcohol 40-B), Hamamelis Virginiana (Witch Hazel) Water, PVM/MA Decadiene Crosspolymer, Butylene Glycol, Salicylic Acid*, Dimethyl Isosorbide, Glycerin, Potassium Hydroxide, Polysorbate 20, Carnitine HCl, Gluconolactone, Phytic Acid, Glycolic Acid, Silybum Marianum Fruit Extract, Bisabolol, Vitex Agnus-Castus Extract, Ganoderma Lucidum (Mushroom) Extract, Vitis Vinifera (Grape) Seed Extract, Tetrahydrocurcumin, Glutathione, Potassium Azeloyl Diglycinate, Farnesol, Leuconostoc/Radish Root Ferment Filtrate, Sodium Pantothenate, Retinol, Niacinamide, Saccharide Isomerate, Ferulic Acid, Camellia Sinensis Leaf Extract, Glyceryl Stearate, Mannitol, sh-Oligopeptide-1, Methyl Glucose Sesquistearate, Neopentyl Glycol Diethylhexanoate, PEG-20 Methyl Glucose Sesquistearate, Aloe Barbadensis Leaf Juice, Centella Asiatica Extract, Phospholipids, Sodium Hyaluronate, Soy Isoflavones, Chamomilla Recutita (Matricaria) Flower Extract, Polyglyceryl-10 Laurate, Zinc PCA, Ethylhexylglycerin, Allantoin, Ethoxydiglycol, Stearic Acid, Citric Acid, Sodium Citrate, Calcium Gluconate, Potassium Gluconate, Cyclodextrin, Tetrasodium Glutamate Diacetate, Caprylic/Capric Triglyceride, Jasminum Officinale (Jasmine) Flower/Leaf Extract, Vitis Vinifera (Grape) Fruit Extract, Eugenia Caryophyllus (Clove) Flower Extract, Lavandula Angustifolia (Lavender) Flower/Leaf/Stem Extract, Phenoxyethanol, Benzoic Acid, Sodium Benzoate, Potassium Sorbate

Die Liste der Inhaltsstoffe kann sich ändern. Bitte beachten Sie die Verpackung des gekauften Produkts.
","Die Haut vor dem Auftragen gründlich reinigen. Nach der Flüssiglösung BHA Alpha Beta® 2 % auftragen, falls zusammen verwendet. Trage 1- bis 2-mal täglich eine dünne Schicht auf den gesamten betroffenen Bereich auf.",TRUE,FALSE,FALSE
Dr Dennis Gross - Creamy Cleansing Oil - Cremiges Reinigungsöl - huile Nettoyante Cremeuse,https://media.sephora.eu/content/dam/digital/pim/published/D/DR_DENNIS_GROSS/738189/356987-media_swatch.jpg?scaleWidth=500&scaleHeight=500&scaleMode=fit,"Cremiges Reinigungsöl, das an Make-up, SPF und Schmutz haftet und zersetzt. Es wird mit Wasser zum Aufschäumen gebracht und säubert und erfirscht die Haut. Eine zweite Reinigung ist nicht nötig! --177ml",177ml,48.95,Dr Dennis Gross,Gesichtsreinigung,"Gossypium Herbaceum (Cotton) Seed Oil, Ricinus Communis (Castor) Seed Oil, Aloe Barbadensis Leaf Juice, Water/Aqua/Eau, Glycerin, Sorbitol, Cocamidopropyl Hydroxysultaine, Sorbitan Oleate, Isohexadecane, Decyl Glucoside, Cocamidopropyl Betaine, Citrus Aurantium Dulcis (Orange) Peel Oil, Tetrahexyldecyl Ascorbate, Ascorbic Acid, Citrus Unshiu Peel Extract, Lactic Acid, Hippophae Rhamnoides (Seabuckthorn) Oil, Phyllanthus Emblica Fruit Extract, Terminalia Ferdinandiana (Kakadu Plum) Fruit Extract, Squalane, Camellia Seed Oil, Prunus Armeniaca (Apricot) Kernel Oil, Helianthus Annuus (Sunflower) Seed Oil, Colloidal Oatmeal, Sphingolipids, Phospholipids, Sodium Hyaluronate, Sodium PCA, Lecithin, Silica, Sodium Starch Octenylsuccinate, Sorbitan Stearate, Potassium Hydroxide, Sodium Chloride, Cocamidopropyl Dimethylamine, Leuconostoc/Radish Root Ferment Filtrate, Sodium Hydroxide, Sodium Metasilicate, Citric Acid, Sodium Citrate, Tetrasodium Glutamate Diacetate, Phenoxyethanol, Potassium Sorbate

Die Liste der Inhaltsstoffe kann sich ändern. Bitte beachten Sie die Verpackung des gekauften Produkts.
","Make-up & SPF: Mit trockenen Fingerspitzen auf das trockene Gesicht auftragen und in die Haut einmassieren. Wasser hinzugeben, um Make-up, Sonnenschutz und Schmutz zu zerreiben und zu lösen. Gründlich abspülen und die Haut sanft mit einem Tuch abtrocknen.

Reinigung: Das Produkt mit Wasser mit den Fingerspitzen auf das trockene Gesicht auftragen und in die Haut einmassieren. Gründlich abspülen und mit einem sauberen Handtuch abtrocknen.",FALSE,TRUE,FALSE
Dr Dennis Gross - Ph-ausgleichende Creme - Feuchtigkeitsspendend - alpha Beta Ph Balance Replenishing Cream,https://media.sephora.eu/content/dam/digital/pim/published/D/DR_DENNIS_GROSS/GROSS/377293-media_swatch.jpg?scaleWidth=500&scaleHeight=500&scaleMode=fit,"Diese leichte Gel-Creme versorgt die Haut 24 Stunden mit Feuchtigkeit, ist angereichert mit Elektrolyten und passt sich den spezifischen Bedürfnissen deiner Haut an. Sie verleiht dir eine glatte, ausgewogene und regenerierte Haut und reduziert sichtbar Rötungen. Ideal für alle Hauttypen, einschließlich Mischhaut, empfindliche und reaktive Haut. --50ml",50ml,68.95,Dr Dennis Gross,Feuchtigkeitspflege,"Water/Aqua/Eau, Butylene Glycol, C13-16 Isoalkane, Cetearyl Alcohol, Caprylic/Capric Triglyceride, Sodium Acrylate/Sodium Acryloyldimethyl Taurate Copolymer, Heptyl Undecylenate, Glyceryl Behenate, Stearyl Dimethicone, Saccharide Isomerate, Magnesium PCA, Manganese PCA, Phytic Acid, Sodium PCA, Linoleic Acid, Phospholipids, Copper PCA, Inonotus Obliquus (Mushroom) Extract, Lactic Acid, Sodium Hyaluronate, Niacinamide, Aloe Barbadensis Leaf Juice, Bisabolol, Centella Asiatica Extract, Phytosterols, Adenosine, Salicylic Acid, Aloe Barbadensis Leaf Extract, Caulerpa Lentillifera Extract, Citrus Sinensis (Orange) Fruit Extract, Cocos Nucifera (Coconut) Fruit Extract, Citrullus Lanatus (Watermelon) Fruit Extract, Hydrolyzed Soy Protein, Zinc PCA, Glycolic Acid, Glycerin, Pentylene Glycol, Ethylhexylglycerin, Dimethicone, Dimethicone Crosspolymer-3, Polyglyceryl-10 Laurate, Hydrogenated Lecithin, Isohexadecane, Potassium Cetyl Phosphate, Isododecane, Potassium Chloride, Sodium Chloride, Calcium Chloride, Tocopherol, Ceteareth-20, Sorbitan Oleate, Polysorbate 80, Sodium Hydroxide, Sodium Bicarbonate, Sodium Citrate, Citric Acid, Phenoxyethanol, Benzyl Alcohol, Sodium Benzoate, Potassium Sorbate

Die Liste der Inhaltsstoffe kann sich ändern. Bitte beachten Sie die Verpackung des gekauften Produkts.",Für eine Anwendung morgens und abends geeignet. Verteile 1 bis 2 Pumpmengen morgens und abends auf der sauberen und trockenen Haut und massiere sie ein. Für optimale Ergebnisse nach dem Peeling und dem Serum von Dr. Dennis Gross Skincare™ auftragen.,TRUE,TRUE,FALSE
Dr Dennis Gross - Vitamin C + Lactic - Intensive Feuchtigkeitspflege Straffung Und Lifting - 60 Ml,https://media.sephora.eu/content/dam/digital/pim/published/D/DR_DENNIS_GROSS/646556/303828-media_swatch.jpg?scaleWidth=500&scaleHeight=500&scaleMode=fit,"Eine luxuriöse nährende und aufbauende Creme, die mit Vitamin C und Milchsäure angereichert ist, um die Hautstruktur von trockener und fahler Haut mit Feuchtigkeit zu versorgen und zu verbessern. Die Haut ist praller, ihre Elastizität wird verbessert, die Zeichen der Hautalterung werden gemindert. Für ein jüngeres Hauterscheinungsbild und eine sichtbar straffere Haut. Das Vitamin C wirkt in Kombination mit Niacinamid, Squalan und Ceramiden, um die Zeichen der Hautalterung zu verbessern und die Feuchtigkeitsbarriere der Haut zu stärken, um eine glattere und strahlende Haut zu gewährleisten. --60 ml",60 ml,85.95,Dr Dennis Gross,Feuchtigkeitspflege,"Water/Aqua/Eau, Glycerin, Butylene Glycol, Camellia Japonica Seed Oil, Oryza Sativa (Rice) Bran Oil, Dimethicone,
Sucrose, Pentylene Glycol, Helianthus Annuus (Sunflower) Seed Oil, Hydroxyethyl Acrylate/Sodium Acryloyldimethyl Taurate
Copolymer, 3-O-Ethyl Ascorbic Acid, Lactic Acid, Niacinamide, Dipotassium Glycyrrhizate, Squalane, Ceramide NP, Saccharide
Isomerate, Superoxide Dismutase, Ubiquinone, Undaria Pinnatifida Extract, Aloe Barbadensis Leaf Juice, Adenosine, Collagen
Amino Acids, Hydroxyproline, Acetyl Hexapeptide-8, Leuconostoc/Radish Root Ferment Filtrate, Glycolic Acid, Carnitine, Glycine,
Carnitine HCl, Lactobacillus Ferment, 1,2-Hexanediol, Caprylyl Glycol, Caprylic/Capric Triglyceride, Hydrogenated Lecithin,
Lecithin, Maltodextrin, Hydroxyethylcellulose, Polysorbate 60, Carbomer, Ammonium Hydroxide, Potassium Hydroxide, Sodium
Phytate, Camellia Sinensis Leaf Extract, Cucumis Sativus (Cucumber) Fruit Extract, Triethyl Citrate, Lavandula Angustifolia
(Lavender) Flower/Leaf/Stem Extract, Elettaria Cardamomum Seed Extract, Pyrus Malus (Apple) Fruit Extract, Rubus Idaeus
(Raspberry) Fruit Extract, Cananga Odorata Flower Extract, Citrus Aurantium Bergamia (Bergamot) Fruit Extract, Citrus Aurantium
Amara (Bitter Orange) Flower Extract, Coffea Arabica (Coffee) Seed Extract, Cucumis Melo (Melon) Fruit Extract, Cupressus
Sempervirens Leaf/Stem Extract, Fucus Vesiculosus Extract, Jasminum Officinale (Jasmine) Flower Extract, Rose Extract,
Rosmarinus Officinalis (Rosemary) Leaf Extract, Salvia Officinalis (Sage) Leaf Extract, Santalum Album (Sandalwood) Wood
Extract, Phenoxyethanol, Potassium Sorbate\

Die Liste der Inhaltsstoffe kann sich ändern. Bitte beachte die Verpackung des gekauften Produkts.",Morgens und/oder abends. Auf sauberer und trockener Haut anwenden. Für noch wirksamere Ergebnisse davor ein Peeling für den Alltag und ein Serum von Dr. Dennis Gross Skincare™ anwenden.,TRUE,TRUE,FALSE
Dr Dennis Gross - Vitamin C + Lactic - Serum Mit 15% Vitamin C Straffung Und Strahlkraft - 30 Ml,https://media.sephora.eu/content/dam/digital/pim/published/D/DR_DENNIS_GROSS/646557/303829-media_swatch.jpg?scaleWidth=500&scaleHeight=500&scaleMode=fit,"Ein Serum, das reich an Antioxidantien ist,
mit 15% Ascorbinsäure und Milchsäure
zu Bekämpfung von
Hautalterungszeichen wie braunen Flecken, fahlen
und unebenmäßigen Teint, Elastizitäts- und Festigkeitsverlust, Fältchen und
Falten. --30 ml",30 ml,98.95,Dr Dennis Gross,Serum,"Water/Aqua/Eau, Dipropylene Glycol, Ascorbic Acid, Dimethyl Isosorbide, Ricinoleth-40,
Aminomethyl Propanol, Lactic Acid, Tocopherol, Glycyrrhiza Glabra (Licorice) Root Extract, Ferulic Acid,
Morus Alba Fruit Extract, Sodium Hyaluronate, Glycolic Acid, Adenosine, Glycerin, Phenoxyethanol\


Die Liste der Inhaltsstoffe kann sich ändern. Bitte beachte die Verpackung des gekauften Produkts.

","Einmal täglich 4 bis 6 Tropfen als Rundumpflege auf saubere und trockene Haut auftragen. Kann ein leichtes Kribbeln verursachen, bis sich die Haut an das Produkt gewöhnt. Für optimale Ergebnisse nach dem Peeling von Dr. Dennis Gross Skincare™ auftragen.",TRUE,TRUE,TRUE
Dr. Ceuracle - Cica Regen Vegan Sun SPF50,https://korean-skincare.de/cdn/shop/files/Product-page-sizes_3cb74198-94ad-4d77-9d85-fbe8ab504fa4.jpg?v=1751274391,"Dr.Ceuracle Cica Regen Vegan Sun ist ein veganes Sonnenschutzmittel, das SPF 50+ PA++++ Schutz bietet und gleichzeitig die Haut nährt und mit Feuchtigkeit versorgt. ufgrund des Centella-Komplexes (Asiatische Säure / Madecassinsäure / Asiaticosid) bietet dieser leichte chemische Sonnenschutz UV-Schutz, spendet Feuchtigkeit und wirkt entzündungshemmend. t beruhigt die Haut mit Cica Barrier Complex und Centella Asiatica-Extrakt und stärkt die Hautbarriere mit Polyquaternium-51. Die geschmeidige und leichte Formel hinterlässt ein nicht klebendes Finish. --50ml
",50ml,19.95,Dr. Ceuracle,Sonnenschutz,"Water, Dibutyl Adipate, Propanediol, Alcohol, Ethylhexyl Triazone, Terephthalylidene Dicamphor Sulfonic Acid, Glycerin, Niacinamide, Tromethamine, Polyglyceryl-3 Distearate, 1,2-Hexanediol, Diethylamino Hydroxybenzoyl Hexyl Benzoate, Centella Asiatica Extract, Cetearyl Alcohol, Caprylyl Methicone, Pentylene Glycol, Polysilicone-15, Actinidia Arguta Fruit Extract, Nelumbium Speciosum Flower Extract, Hibiscus Sabdariffa Flower Extract, Rosmarinus Officinalis (Rosemary) Leaf Oil, Polymethylsilsesquioxane, Palmitic Acid, Stearic Acid, Glyceryl Stearate, Bis-Ethylhexyloxyphenol Methoxyphenyl Triazine, Potassium Cetyl Phosphate, Methylpropanediol, Polyether-1, Carbomer, Ammonium Acryloyldimethyltaurate/VP Copolymer, Acrylates/C10-30 Alkyl Acrylate Crosspolymer, Glyceryl Stearate Citrate, Ethylhexylglycerin, Polyquaternium-51, Adenosine, Myristic Acid, Madecassoside, Madecassic Acid, Asiaticoside, Asiatic Acid

Die Liste der Inhaltsstoffe kann sich ändern. Bitte beachte die Verpackung des gekauften Produkts.
","Trage die Creme 30 Minuten vor dem Aufenthalt in der Sonne auf die der Sonne ausgesetzten Bereiche von Gesicht und Körper auf.
Alle zwei Stunden erneut auftragen, um den perfekten Sonnenschutz für den Tag zu gewährleisten.",TRUE,FALSE,FALSE
Dr. Ceuracle - Tea Tree Purifine Green Up Sun,https://korean-skincare.de/cdn/shop/files/Product-page-sizes_fdba5e44-3e48-4cf7-b584-5d04dc5497e9.jpg?v=1751321166,"Die Dr.Ceuracle Tea Tree Purifine Green Up Sun - eine multifunktionale Sonnencreme, die einen starken Sonnenschutz bietet und gleichzeitig als Make-up-Grundlage dient. Die getönte Basis mit einem grünen Farbton hilft, Hautrötungen zu korrigieren und sorgt für einen natürlichen Teint.

Mit Teebaumextrakt angereichert, beruhigt dieser Sonnenschutz mit seinen entzündungshemmenden Eigenschaften zu Unreinheiten neigende Haut und reinigt und verfeinert die Poren. Die Hyaluronsäure mit niedrigem Molekulargewicht spendet der Haut reichlich Feuchtigkeit, so dass sie sich hydratisiert und erfrischt anfühlt. Darüber hinaus hilft Niacinamid, den Hautton auszugleichen und dunkle Flecken zu reduzieren, damit die Haut wieder klar und strahlend aussieht. --50ml
",50ml,18.55,Dr. Ceuracle,Sonnenschutz,"Water, Dibutyl Adipate, Titanium Dioxide, Propanediol, Caprylic/Capric Triglyceride, C12-15 Alkyl Benzoate, Diethylamino Hydroxybenzoyl Hexyl Benzoate, Caprylyl Methicone, Ethylhexyl Triazone, Niacinamide, Glycerin, Diethylhexyl Butamido Triazone, 1,2-Hexanediol, Pentylene Glycol, Melaleuca Alternifolia Extract, Melia Azadirachta Leaf Extract, Melia Azadirachta Flower Extract, Coccinia Indica Fruit Extract, Solanum Melongena Fruit Extract, Curcuma Longa Root Extract, Ocimum Sanctum Leaf Extract, Corallina Officinalis Extract, Portulaca Oleracea Extract, Houttuynia Cordata Extract, Artemisia Capillaris Extract, Melaleuca Alternifolia Leaf Oil, Sodium Hyaluronate, Polymethylsilsesquioxane, Panthenol, Polyhydroxystearic Acid, VP/Eicosene Copolymer, Stearic Acid, Sodium Polyacryloyldimethyl Taurate, Ammonium Polyacryloyldimethyl Taurate, Coco-Caprylate/Caprate, Alumina, Hydroxypropyl Methylcellulose Stearoxy Ether, Ethylhexylglycerin, Xanthan Gum, Adenosine, Sodium Polyacrylate, Aluminum Hydroxide, Triethoxycaprylylsilane, T-Butyl Alcohol, PVM/MA Copolymer, Amber Powder, Polyether-1, Moringa Oleifera Seed Oil, Hydrolyzed Sodium Hyaluronate, Butylene Glycol

Die Liste der Inhaltsstoffe kann sich ändern. Bitte beachte die Verpackung des gekauften Produkts.
","Trage als letzten Schritt der Hautpflege eine großzügige, volle Schicht auf, bevor du dich der Sonne aussetzt.
Regelmäßig wiederholen.",TRUE,FALSE,FALSE
Dr. Ceuracle - Vegan Kombucha Tea BB SPF30 PA++,https://korean-skincare.de/cdn/shop/files/Product-page-sizes_f57a9cf0-b633-4c00-b2bd-a48a13292f7f.jpg?v=1751288752,"Die Dr.Ceuracle Vegan Kombucha Tea BB ist eine getönte Feuchtigkeitscreme, die eine schwerelose, natürliche Deckkraft für alle bietet, die nach einer Art „zweiter Haut“ für ihr Make-up suchen. Die Formulierung mit 20% Kombucha-Tee-Extrakt bietet starke antioxidative Eigenschaften und ist mit anderen hautfreundlichen Inhaltsstoffen wie Niacinamid, Panthenol und Adenosin angereichert. Mit einem LSF 30 und PA++ bietet diese BB-Creme Sonnenschutz und gleicht gleichzeitig den Hautton aus. Sie ist in einem Farbton erhältlich, einem natürlichen Beige mit gelbem Unterton, der für eine breite Palette von Hauttönen geeignet ist. Perfekt für alle, die einen makellosen, strahlenden Teint haben möchten und gleichzeitig ihre Haut pflegen wollen. --30ml",30ml,16.95,Dr. Ceuracle,Sonnenschutz,"Camellia Sinensis Leaf Water, Camellia Sinensis Leaf Extract, Saccharomyces Ferment Filtrate, Dipropylene Glycol, Caprylic/Capric Triglyceride, Titanium Dioxide, Cyclopentasiloxane, Butylene Glycol Dicaprylate/Dicaprate, Butyloctyl Salicylate, Dimethicone, Polyglyceryl-S Polyricinoleate, Hexyldecyl Myristoyl Methylaminopropionate, Niacinamide, Dipentaerythrityl Hexahydroxystearate/Hexastearate/Hexarosinate, Magnesium Sulfate, Schisandra Chinensis Fruit Extract, Oryza Sativa Bran Oil, Sodium Hyaluronate, Zinc Oxide, Disteardimonium Hectorite, Dimethicone/Vinyl Dimethicone Crosspolymer, Panthenol, Polyglyceryl-4 Isostearate, Polymethylsilsesquioxane, Euphorbia Cerifera Wax, Polyglyceryl-4 Diisostearate/Polyhydroxystearate/Sebacate, Triethoxycaprylylsilane, Glyceryl Caprylate, Trihydroxystearin, Butylene Glycol, Polyglyceryl-3 Oleate, Aluminum Hydroxide, Water, Diisostearoyl Polyglyceryl-3 Dimer Dilinoleate, Adenosine, Tocopherol, 1,2-Hexanediol, Fragrance (Parfum), Caprylyl Glycol, Ethylhexylglycerin, Iron Oxides (CI 77492), Iron Oxides (CI 77491), Iron Oxides (CI 77499)

Die Liste der Inhaltsstoffe kann sich ändern. Bitte beachte die Verpackung des gekauften Produkts.
",Als letzten Schritt deiner Hautpflegeroutine trägst du eine angemessene Menge gleichmäßig auf dein Gesicht auf.,TRUE,TRUE,FALSE
Dr.Althea - 147 Barrier Cream,https://korean-skincare.de/cdn/shop/files/Dr.Althea_147BarrierCream_Packshot.jpg?v=1774366508,"Die Dr. Althea 147 Barrier Cream ist eine hochentwickelte Hautpflegelösung, die die Hautbarriere stärkt, die Haut tiefgehend nährt und sie nachhaltig mit Feuchtigkeit versorgt. Ihr Herzstück ist der patentierte Paeonia Albiflora Flower Extract, der zusammen mit anderen nährenden Extrakten wie Avocadofrüchten und Ceramiden für eine umfassende Hautpflege sorgt.

Die Creme ist mit einem siebenschichtigen Hyaluronsäurekomplex angereichert, der die Haut in der Tiefe mit Feuchtigkeit versorgt, die Fülle der Haut fördert und potenzielle Anti-Aging-Effekte bietet. Trotz ihrer reichhaltigen Zusammensetzung verleiht die Creme ein seidiges, nicht fettendes Finish und ist damit ideal für alle, die eine All-in-One-Hautpflegelösung suchen, die Feuchtigkeit, Nährstoffe und Schutz der Hautbarriere bietet. --50ml

",50ml,23.45,Dr.Althea,Feuchtigkeitspflege,"Water, Aloe Barbadensis Leaf Water, Butylene Glycol, Glycerin, Hydrogenated Polydecene, C14-22 Alcohols, 1,2-Hexanediol, Cetyl Alcohol, Cetyl Ethylhexanoate, Squalane, Ectoin, Dicaprylyl Ether, Arachidyl Alcohol, Behenyl Alcohol, Vinyl Dimethicone, C12-20 Alkyl Glucoside, Sodium Polyacrylate, Hydroxyacetophenone, Arachidyl Glucoside, Ethylhexylglycerin, Sodium Stearoyl Glutamate, Carbomer, Xanthan Gum, Tromethamine, Disodium EDTA, Hydrogenated Lecithin, Coptis Japonica Root Extract, Centella Asiatica Extract, Ficus Carica (Fig) Fruit Extract, Ceramide NP, Maltodextrin, Hydrolyzed Gardenia Florida Extract, Tocopherol, Betaine, Guaiazulene, Nicotinamide Adenine Dinucleotide, Betulin, Beta-Glucan, Dimethylsilanol Hyaluronate, Hydrolyzed Hyaluronic Acid, Hydrolyzed Sodium Hyaluronate, Sodium Hyaluronate, Hyaluronic Acid, Potassium Hyaluronate, Sodium Hyaluronate Crosspolymer, Hydroxypropyltrimonium Hyaluronate, Sodium Hyaluronate Dimethylsilanol, Sodium Acetylated Hyaluronate

Die Liste der Inhaltsstoffe kann sich ändern. Bitte beachte die Verpackung des gekauften Produkts.


","Eine angemessene Menge dosieren und gleichmäßig auf dem Gesicht verreiben.
Anschließend sanft einmassieren, um die Wirkstoffaufnahme zu verbessern.",TRUE,TRUE,TRUE
Dr.Althea - 345 Relief Cream,https://korean-skincare.de/cdn/shop/files/Dr.Althea_345ReliefCream_Packshot.jpg?v=1776280603,"Die Dr. Althea 345 Relief Cream ist eine regenerierende Creme, die die Hautbarriere pflegt, beruhigt und repariert, vor allem nach Hautunreinheiten, Reizungen oder kosmetischen Eingriffen. Sie ist leicht und fettet nicht und spendet viel Feuchtigkeit und beruhigt die Haut, ohne die Poren zu verstopfen.

Ideal für trockene oder empfindliche Hauttypen. Sie enthält Weichmacher, die für ein seidigeres Hautgefühl und eine bessere Okklusion sorgen, wodurch sie besonders für kaltes Klima oder dehydrierte Haut geeignet ist. --50ml

",50ml,22.95,Dr.Althea,Feuchtigkeitspflege,"Aqua, Melaleuca Alternifolia Leaf Water, Propanediol, Glycerin, 1,2-Hexanediol, Hydrogenated Polydecene, Vinyl Dimethicone, C14-22 Alcohols, Niacinamide, Caprylic/Capric Triglyceride, Panthenol, Dicaprylyl Carbonate, Butylene Glycol, Ammonium Acryloyldimethyltaurate/VP Copolymer, Caprylyl Methicone, Polymethylsilsesquioxane, C12-20 Alkyl Glucoside, Hydroxyacetophenone, Acrylates/C10-30 Alkyl Acrylate Crosspolymer, Polyquaternium-51, Ethylhexylglycerin, Tromethamine, Sodium Hyaluronate, Sodium Stearoyl Glutamate, Coptis Japonica Root Extract, Centella Asiatica Leaf Water, Beta-Glucan, Resveratrol, Hydrolyzed Hyaluronic Acid, Camellia Sinensis Leaf Water, Tocopherol, Madecassoside, Sodium DNA, Centella Asiatica Extract, Ceramide NP, Tannic Acid, Disodium EDTA, Sodium Phytate

Die Liste der Inhaltsstoffe kann sich ändern. Bitte beachte die Verpackung des gekauften Produkts.
","Wasch dein Gesicht mit einem sanften, für deinen Hauttyp geeigneten Reinigungsmittel.
Trag zuerst weniger dickflüssige Hautpflegeprodukte wie Toner auf.
Trag eine ausreichende Menge der 345 Barrier Cream als letzten oder vorletzten Schritt deiner Hautpflege auf.",TRUE,TRUE,FALSE
Dr.Althea - Amino Acid Gentle Bubble Cleanser 140 ml,https://www.mystationary.de/media/f0/9b/cb/1775886763/8999fd30f9467d6a6091ca3693c712e6a557a37d_MS_0064084_image_1_MBW2cojfqcNrfFYKDZovvY.jpg?ts=1775886764,"Dr. Althea - Amino Acid Gentle Bubble Cleanser - Gesichtsreinigungsschaum. Die weiche Textur des Schaums reinigt die Haut sanft, indem sie tief in die Poren eindringt und Make-up-Reste, Talg und andere Unreinheiten entfernt. Er hinterlässt kein Spannungsgefühl und kann auch von Menschen mit empfindlicher Haut verwendet werden. Sie enthält reinigendes und erfrischendes Neroliöl und siebzehn Aminosäuren, die die Hydrolipidbarriere der Haut stärken. Darüber hinaus tragen ceramide und Natriumhyaluronat dazu bei, die Weichheit und Geschmeidigkeit der Haut zu verbessern. Die Schaumformel ist vegan. --140ml",140ml,21.95,Dr.Althea,Gesichtsreinigung,"Water, Coco-Glucoside, Glycerin, Disodium Cocoamphodiacetate, Butylene Glycol, 1,2-Hexanediol, Sodium Cocoyl Apple Amino Acids, Sodium Chloride, Potassium Cocoyl Glycinate, Sodium Cocoyl Glutamate, Hexylene Glycol, Potassium Cocoate, Polyglyceryl-10 Laurate, Ethylhexylglycerin, Disodium EDTA, Tetrasodium Glutamate Diacetate, Citrus Aurantium Dulcis (Orange) Peel Oil, Sodium Hyaluronate, Perilla Ocymoides Seed Extract, Glycine, Bambusa Vulgaris Water, Serine, Glutamic Acid, Aspartic Acid, Leucine, Alanine, Lysine, Arginine, Tyrosine, Phenylalanine, Proline, Valine, Threonine, Isoleucine, Histidine, Caprylic/Capric Triglyceride, Cysteine, Methionin, Bisabolol, Hydrogenated Lecithin, Phytosteryl/Octyldodecyl Lauroyl Glutamate, Ceramide NP, Limonene

Die Liste der Inhaltsstoffe kann sich ändern. Bitte beachten Sie die Verpackung des gekauften Produkts.
","Gesicht und Hände anfeuchten, anschließend eine geeignete Menge des Reinigers entnehmen und mit den Händen sanft aufschäumen.
 Den Schaum sanft auf dem gesamten Gesicht einmassieren und anschließend gründlich mit lauwarmem Wasser abspülen.",TRUE,TRUE,FALSE
Drunk Elephant - Amino Rain™ Glasswater Serum - Feuchtigkeitsserum Für Das Gesicht - amino Rain Serum,https://media.sephora.eu/content/dam/digital/pim/published/D/DRUNK_ELEPHANT/749383/371574-media_swatch.jpg?scaleWidth=500&scaleHeight=500&scaleMode=fit,"Dieses feuchtigkeitsspendende Gesichtsserum nutzt fermentierte Aminosäuren, um den Feuchtigkeitsgehalt der Haut zu steigern und für einen strahlenden „Glass Skin*“-Effekt zu sorgen. --30ml",30ml,50.45,Drunk Elephant,Serum,"Water/Aqua/Eau, Glycerin, Butylene Glycol, Propanediol, Neopentyl Glycol Diheptanoate, Ethylhexyl Olivate, C9-12 Alkane, Mica, Saccharide Isomerate, Polyglutamic Acid, Coco-Caprylate/Caprate, Squalane, Dipalmitoyl Hydroxyproline, Hydrolyzed Sodium Hyaluronate, Allantoin, Glyceryl Acrylate/Acrylic Acid Copolymer, Panax Ginseng Root Extract, Sodium Acetylated Hyaluronate, Sorbitan Sesquiisostearate, Sodium Hyaluronate, Sodium Polyacryloyldimethyl Taurate, Sodium Hyaluronate Crosspolymer, Alanine, Arginine, Glycine, Histidine, Isoleucine, Phenylalanine, Proline, Serine, Threonine, Valine, Sclerocarya Birrea Seed Oil, Tremella Fuciformis Sporocarp Extract, Aspartic Acid, PCA, Avena Sativa (Oat) Kernel Oil, Sodium Carrageenan, Palmitic Acid, Sodium Lactate, Sodium PCA, Pentylene Glycol, Sorbeth-30 Tetraisostearate, Dipropylene Glycol, Panthenol, Sea Salt/Maris Sal/Sel Marin, Sodium Citrate, Sodium Metabisulfite, PPG-8-Ceteth-20, Acrylates/Beheneth-25 Methacrylate Copolymer, Citric Acid, Tetrasodium Glutamate Diacetate, Phenoxyethanol, Xanthan Gum, Tocopheryl Acetate, Sodium Hydroxide, Ethylhexylglycerin, Iron Oxides (CI 77491), Titanium Dioxide (CI 77891)

Die Liste der Inhaltsstoffe kann sich ändern. Bitte beachten Sie die Verpackung des gekauften Produkts.","Wie wendet man dieses Gesichtsserum an?


Das Produkt vor Gebrauch schütteln.

Täglich eine kleine Menge auf die saubere und trockene Haut auftragen.

Amino Rain™ kann mit jedem anderen Serum sowie mit jeder Pflege oder Feuchtigkeitscreme von Drunk Elephant kombiniert werden.",TRUE,TRUE,TRUE
Drunk Elephant - Beste™ No. 9 Jelly Cleanser - Gesichtsreiniger - Beste N9 Jelly Clns150ml,https://media.sephora.eu/content/dam/digital/pim/published/D/DRUNK_ELEPHANT/453777/96421-media_swatch.jpg?scaleWidth=500&scaleHeight=500&scaleMode=fit,"Dieses Reinigungsgel entfernt Make-up, überschüssigen Talg, Verschmutzungen und andere Unreinheiten, die sich im Laufe des Tages auf der Haut ansammeln können. Der Gesichtsreiniger ist für alle Hauttypen geeignet.
 Die sanfte Formel mit einer einzigartigen Mischung aus Make-up-lösenden und milden Tensiden entfernt Rückstände gründlich und hinterlässt die Haut zart, klar und gereinigt. Das parfümfreie Reinigungsgel hat einen hautfreundlichen pH-Wert von 5,5.
 Die Formel enthält milde Tenside, die einen sanften Schaum bilden und selbst hartnäckiges Make-up, Sonnenschutzmittel und Öle effektiv lösen, während sie die Hautbarriere unterstützen. Natives Marula-Öl, reich an Antioxidantien sowie Omega-6- und Omega-9-Fettsäuren, unterstützt die Reinigung und Pflege der Haut. Glycerin hilft, den Feuchtigkeitsgehalt der Haut zu bewahren, während Cantaloupe-Fruchtextrakt die Haut beruhigt und mit Feuchtigkeit versorgt.
 Das Produkt ist vegan und besteht aus natürlich gewonnenen Inhaltsstoffen. --150 ml",150 ml,31.95,Drunk Elephant,Gesichtsreinigung,"Water/Aqua/Eau, Glycerin, Cocamidopropyl Betaine, Coco-Glucoside, Sodium Lauroyl Methyl Isethionate, Propanediol, Cocamidopropyl Hydroxysultaine, Sodium Methyl Oleoyl Taurate, Aloe Barbadensis Leaf Extract, Glycolipids, Linoleic Acid, Linolenic Acid, Lauryl Glucoside, Cucumis Melo Cantalupensis Fruit Extract, Sclerocarya Birrea Seed Oil, Dipotassium Glycyrrhizate, Tocopherol, Citric Acid, Phenoxyethanol, Potassium Sorbate, Sodium Hydroxide, Sodium Benzoate, Sodium Chloride

Die Liste der Inhaltsstoffe kann sich ändern. Bitte beachten Sie die Verpackung des gekauften Produkts.

","Gesicht richtig reinigen: 
 Eine kleine Menge Beste™ No. 9 Reinigungsgel auf die Handfläche geben und sanft auf nasse oder trockene Haut einmassieren. Wasser hinzufügen und aufschäumen. Den Gesichtsreiniger gut abspülen und Haut trocken tupfen. Jeden Abend oder abwechselnd mit anderen Reinigungsprodukten von Drunk Elephant verwenden.
 Beauty-Tipp: Wir empfehlen Dir, Dein Gesicht morgens nicht zu reinigen, wenn Du dies bereits am Vorabend getan haben.",TRUE,TRUE,TRUE
Drunk Elephant - Bora Barrier Repair Creme - Tagescreme - collection Bora Barrier Quad Cream 50ml,https://media.sephora.eu/content/dam/digital/pim/published/D/DRUNK_ELEPHANT/706154/341711-media_swatch.jpg?scaleWidth=500&scaleHeight=500&scaleMode=fit,"Die Bora Barrier Gesichtscreme von Drunk Elephant ist eine butterweiche, ultra-reichhaltige Lipidcreme, die selbst sehr trockene, empfindliche und zerbrechliche Haut beruhigt und sie mit einer Barriere aufbauenden Mischung aus Lipiden, Ceramiden, natürlichen Mineralien und starken Antioxidantien durchtränkt. Dieses Hautpflegeprodukt spendet intensive Feuchtigkeit, strafft die Haut und mildert sichtbare Rötungen, während die Hautbarriere wiederhergestellt wird. 100% frei von ätherischen Ölen, Silikonen und Duftstoffen. --50ml",50ml,51.95,Drunk Elephant,Feuchtigkeitspflege,"Water/Aqua/Eau, Glycerin, Propanediol, Ethylhexyl Olivate, Butyrospermum Parkii (Shea) Butter, C10-18 Triglycerides, Cetearyl Alcohol, Hydroxyethyl Acrylate/Sodium Acryloyldimethyl Taurate Copolymer, Cetearyl Olivate, Sorbitan Olivate, Beta-Sisterol, Oenothera Biennis (Evening Primrose) Oil, Sclerocarya Birrea Seed Oil, Simmondsia Chinensis (Jojoba) Seed Oil, Calophyllum Inophyllum Seed Oil, Oleic Acid, Squalane, Butylene Glycol, Glucosyl Ceramide, Linoleic Acid, Linolenic Acid, Glycosphingolipids, Rosa Canina Fruit Oil, Moringa Oleifera Seed Oil, Alpha-Glucan, Resveratrol, Epigallocatechin Gallate, Magnesium Aspartate, Zinc Gluconate, Copper Gluconate, Acacia Senegal Gum, Sodium PCA, Palmitoyl Tripeptide-1, Palmitoyl Tetrapeptide-7, Sorbitan Isostearate, Haematococcus Pluvialis Extract, Quercetin, Astaxanthin, Magnesium Ascorbyl Phosphate, Ceramide AP, Ceramide NP, Ceramide EOP, Dextrin, Palmitic Acid, Coco-Glucoside, Sodium Lactate, Stearic Acid, Pentylene Glycol, Brassica Campestris (Rapeseed) Seed Oil, Tetrahexyldecyl Ascorbate, Sodium Lauroyl Lactylate, Phytosphingosine, Cholesterol, Xanthan Gum, Tetrasodium Glutamate Diacetate, Citric Acid, Phenoxyethanol, Sodium Hydroxide, Tocopherol, Polysorbate 60, Carbomer, Ethylhexylglycerin

Die Liste der Inhaltsstoffe kann sich ändern. Bitte beachte die Verpackung des gekauften Produkts.","- Trage einen Pumpstoß der Drunk Elephant Gesichtscreme morgens und abends auf die saubere, trockene Haut auf.

- Verwende sie täglich oder im Wechsel mit anderen Feuchtigkeitscremes von Drunk Elephant.

- Dieses Produkt kann mit jedem Drunk Elephant Serum, jeder Gesichtscreme oder Creme kombiniert werden.",FALSE,TRUE,TRUE
Drunk Elephant - C-firma™ Fresh Day Serum - Gesichtsserum - c-firma Fresh Day Serum 28ml,https://media.sephora.eu/content/dam/digital/pim/published/D/DRUNK_ELEPHANT/559053/241009-media_swatch.jpeg?scaleWidth=500&scaleHeight=500&scaleMode=fit,"C-Firma™ ist dein tägliches Vitamin‑C‑Serum für sichtbar strahlendere, straffere Haut und zur Reduzierung sichtbarer Zeichen der Hautalterung. --28ml",28ml,70.95,Drunk Elephant,Serum,"Water/Aqua/Eau, Dimethyl Isosorbide, Ascorbic Acid, Laureth-23, Glycerin, Tocopherol, Lactobacillus/Pumpkin Ferment Extract, Sclerocarya Birrea Seed Oil, Dipotassium Glycyrrhizate, Glycyrrhiza Glabra (Licorice) Root Extract, Vitis Vinifera (Grape) Juice Extract, Ferulic Acid, Phyllanthus Emblica Fruit Extract, Camellia Sinensis Leaf Extract, Lactobacillus/Punica Granatum Fruit Ferment Extract, Propanediol, Gluconolactone, Sodium Hyaluronate Crosspolymer, Sodium Hyaluronate, Oryza Sativa (Rice) Bran Extract, Glutamylamidoethyl Imidazole, Tetrahydrobisdemethoxydiferuloylmethane, Tetrahydrodemethoxydiferuloylmethane, Tetrahydrodiferuloylmethane, Pentylene Glycol, Caprylhydroxamic Acid, Leuconostoc/Radish Root Ferment Filtrate, Sorbic Acid, Phenoxyethanol, Sodium Benzoate, Caprylyl Glycol, Chondrus Crispus (Carrageenan) Extract, Ethylhexylglycerin.

Die Liste der Inhaltsstoffe kann sich ändern. Bitte beachte die Verpackung des gekauften Produkts.
","Fülle das gesamte flüssige Serum in die Flasche mit dem 15%igen L-Ascorbinsäurepulver (Vitamin C). Schraube den Pumpspender auf die Flasche und schüttle es eine Minute lang, bis sich das Pulver vollständig aufgelöst hat. Das Aufsteigen von Blasen ist ganz normal! Setze die Flasche dann in den undurchsichtigen Behälter ein und drehe den Pumpspender nach links, bis er einrastet. Dein Gesichtsserum ist fertig! Nach dem Mixen bleibt C-Firma™ ein Jahr lang frisch und muss nicht gekühlt werden. Vorsicht: Folge beim Mixen genau den Anweisungen. Vermeide den Kontakt mit den Augen.

Vitamin-C-Serum Anwendung:
Morgens einen Pumpstoß auf die gereinigte, trockene Haut von Gesicht, Hals, Dekolleté und Handrücken auftragen oder mixe C-Firma mit deiner täglichen Drunk Elephant-Hautpflege. Vergiss nicht, dich anschließend mit Sonnencreme einzucremen!
VORSICHT:
Folge genau den Anweisungen. Nur zur äußerlichen Anwendung geeignet. Kontakt mit den Augen vermeiden.",TRUE,TRUE,TRUE
Drunk Elephant - C-luma™ Hydrabright Serum - Serum Mit Vitamin C - c-luma Hydrabright Serum 30ml,https://media.sephora.eu/content/dam/digital/pim/published/D/DRUNK_ELEPHANT/735975/353948-media_swatch.jpg?scaleWidth=500&scaleHeight=500&scaleMode=fit,"Dieses Gesichtsserum von Drunk Elephant basiert auf einer einzigartigen Formel mit einer 10%igen Vitamin C-Konzentration. br>


Dank des starken Antioxidans ist es ein aufhellendes Serum, das die Haut klärt und mit Feuchtigkeit versorgt, um einen sichtbar ebenmäßigeren und strahlenderen Teint zu erzielen. Mit einem sanften Vitamin-C-Cocktail und einem dreifachen antioxidativen Aufhellungskomplex wirkt C-Luma™ auch als Anti-Pickel-Serum, das Hyperpigmentierungen und Pickelmale mildert, den Teint klarer erscheinen lässt und die Haut sofort und langfristig mit Feuchtigkeit versorgt. --30ml",30ml,62.45,Drunk Elephant,Serum,"Water/Aqua/Eau, Propanediol, Sodium Ascorbyl Phosphate, Glycerin, Isodecyl Neopentanoate, Squalane, Neopentyl Glycol Diheptanoate, C9-12 Alkane, Sodium Polyacryloyldimethyl Taurate, Ascorbyl Glucoside, Coco-Caprylate/Caprate, Sclerocarya Birrea Seed Oil, Pullulan, Sclerotium Gum, Diglucosyl Gallic Acid, Sorbitan Sesquiisostearate, Glutathione, Sodium Hyaluronate, Sorbeth-30 Tetraisostearate, Dipropylene Glycol, Phloretin, Sodium Citrate, Sodium Metabisulfite, PPG-8-Ceteth-20, Gluconolactone, Acrylates/Beheneth-25 Methacrylate Copolymer, Citric Acid, Tetrasodium Glutamate Diacetate, Silica, Lecithin, Xanthan Gum, Tocopheryl Acetate, Sodium Hydroxide, Phenoxyethanol, Sodium Benzoate, Chondrus Crispus Extract.

Die Liste der Inhaltsstoffe kann sich ändern. Bitte beachte die Verpackung des gekauften Produkts.","So wendet man dieses Gesichtsserum an:


Trage eine Portion C-Luma auf die saubere, trockene Haut auf. Das antioxidative Serum kann als Teil deiner Morgen- oder Abendroutine verwendet werden, zusammen mit allen anderen Seren, Pflegeprodukten oder Feuchtigkeitscremes von Drunk Elephant.



Beauty-Tipp: Um die antioxidative und aufhellende Wirkung des Serums zu verstärken, kannst du zusätzlich eine der Umbra Mineral Drunk Elephant Sonnencremes auftragen. Diese Kombi schützt die Haut und wirkt gleichzeitig UV-bedingten Schäden durch freie Radikale entgegen.



Smoothie-Pflegetipp: Teste den Smoothie Lumière, Lumière! Vermische einen Pumpstoß des C-Luma Serums und einen Pumpstoß der Lala Retro Creme in deiner Handfläche und trage die Mischung dann auf dein Gesicht auf, damit deine Haut mit Feuchtigkeit versorgt wird und strahlt.

Vergiss nicht, deine morgendliche Pflegeroutine mit einem Sonnenschutz mit breitem Spektrum abzuschließen, z. B. mit einer der Umbra Mineral Cremes (die Produkte sind separat erhältlich).",TRUE,TRUE,TRUE
Drunk Elephant - Lala Retro™ Whipped Cream - Sos Creme Für Trockene Haut - Drunk Elep Whip Cream Face 50Ml,https://media.sephora.eu/content/dam/digital/pim/published/D/DRUNK_ELEPHANT/484801/182574-media_swatch.jpeg?scaleWidth=500&scaleHeight=500&scaleMode=fit,"Lala Retro Whipped Cream von Drunk Elephant ist eine facettenreiche SOS Creme für trockene Haut, die die Hautbarriere repariert, indem sie den Säureschutzmantel der Haut verstärkt und sie gegen die Auswirkungen alltäglicher Stressfaktoren schützt. --50ml",50ml,52.45,Drunk Elephant,Feuchtigkeitspflege,"Water/Aqua/Eau, Glycerin, Caprylic/Capric Triglyceride, Isopropyl Isostearate, Pseudozyma Epicola/Camellia Sinensis Seed Oil/Glucose/Glycine Soja (Soybean) Meal/Malt Extract/Yeast Extract Ferment Filtrate, Glyceryl Stearate SE, Cetearyl Alcohol, Palmitic Acid, Stearic Acid, Pentylene Glycol, Plantago Lanceolata Leaf Extract, Adansonia Digitata Seed Oil, Citrullus Lanatus (Watermelon) Seed Oil, Passiflora Edulis Seed Oil, Schinziophyton Rautanenii Kernel Oil, Sclerocarya Birrea Seed Oil, Polyglyceryl-6 Ximenia Americana Seedate, Cholesterol, Ceramide AP, Ceramide EOP, Sodium Hyaluronate Crosspolymer, Ceramide NP, Phytosphingosine, Ceteareth-20, Trisodium Ethylenediamine Disuccinate, Tocopherol, Sodium Lauroyl Lactylate, Sodium Hydroxide, Citric Acid, Carbomer, Xanthan Gum, Caprylyl Glycol, Chlorphenesin, Phenoxyethanol, Ethylhexylglycerin.

Die Liste der Inhaltsstoffe kann sich ändern. Bitte beachte die Verpackung des gekauften Produkts.","Trage wann immer Du willst, einen Pumpstoß der SOS-Creme Lala Retro™ auf die gereinigte, trockene Haut auf. Kombiniere das Produkt mit einem Serum oder Öl von Drunk Elephant als Teil einer vollständigen Beauty-Routine.

Tipp: Füge einen Schuss B-Hydra™ hinzu, zur zusätzlichen Steigerung von Vitamin B und Feuchtigkeit. Lala Retro™ kann auch auf andere Körperstellen aufgetragen werden, um Trockenheit zu lindern.",FALSE,TRUE,TRUE
Drunk Elephant - O-bloos Rosi Drops - Glow-serum - 30 Ml,https://media.sephora.eu/content/dam/digital/pim/published/D/DRUNK_ELEPHANT/541519/230229-media_swatch.jpg?scaleWidth=500&scaleHeight=500&scaleMode=fit,"Das Glow-Serum O-Bloos™ Rosi Drops ist das ideale Hautpflegeprodukt für einen gesunden, strahlenden Teint. Diese kostbaren Tropfen verleihen Deinem Gesicht einen leicht rosa-pfirsich-goldenen Farbton. Eine nährende Mischung aus Omega-reichen Ölen stärkt die Hautbarriere, macht die Haut weicher und beruhigt sie.
Vorteile:
Kennst Du diese Wangenröte, die man bekommt, wenn man verliebt oder verlegen ist? O-Bloos schenkt dasselbe jugendliche Strahlen, ohne das ganze Drama und Herzrasen. Es verleiht der Haut den selben Glow-Effekt und macht sie zusätzlich wunderbar geschmeidig.

O-Bloos™ (das O steht für Omega-Fettsäuren) verleiht der Haut diesen dezenten rosigen Ton, der nach purem Glück aussieht. Die transparente Formel kann mit mehrmaligem Auftragen intensiviert werden und lässt jeden Hautton glücklich aussehen. Das Glow Serum ist hochkonzentriert und kann tropfenweise in Deinem individuellen Drunk Elephant Smoothie gemischt werden und verleiht wunderbar rosige, frischer wirkende Haut. --30ml

",30ml,34.95,Drunk Elephant,Serum,"Water/Aqua/Eau, Hydrogenated Polyisobutene, Glyceryl Oleate Citrate, Hydroxyethyl Acrylate/Sodium Acryloyldimethyl Taurate Copolymer, Glycerin, Ribes Nigrum (Black Currant) Seed Oil, Sclerocarya Birrea Seed Oil, Theobroma Cacao (Cocoa) Extract, Caprylic/Capric Triglyceride, Palmitoyl Tripeptide-1, Vitis Vinifera (Grape) Juice Extract, Caesalpinia Sappan Bark Extract, Sodium Lactate, Palmitoyl Tetrapeptide-7, Linoleic Acid, Linolenic Acid, Sorbitan Isostearate, Camellia Sinensis Leaf Extract, Propanediol, Sodium Hyaluronate Crosspolymer, Glutamylamidoethyl Imidazole, Silica, Butylene Glycol, Tocopherol, Polysorbate 20, Carbomer, Xanthan Gum, Phenoxyethanol, Pentylene Glycol, Sodium Benzoate, Sorbic Acid, Sodium Citrate, Caprylyl Glycol, Boron Nitride, Hexylene Glycol, Polysorbate 60, Ethylhexylglycerin, Tin Oxide. [+/- (May Contain/Peut Contenir): Mica, CI 77891 (Titanium Dioxide), CI 77491 (Iron Oxides)].

Die Liste der Inhaltsstoffe kann sich ändern. Bitte beachte die Verpackung des gekauften Produkts.
","Serum richtig auftragen:

Das Glow-Serum vor Gebrauch schütteln. Tupfe eine kleine Menge O-Bloos™ auf Deine Wangenknochen oder an jede andere Stelle, an der Du Die rosige Haut und eine gestärkte Hautbarriere wünschst. Du kannst auch ein bis zwei Tropfen zu Deinem Tagesserum, Deiner Gesichtscreme oder Deinem Marula-Öl hinzufügen, um einen Hauch von Frische im Gesicht zu zaubern.

Beauty-Tipp: Für einen Glow-Effekt mischst Du am besten einen Tropfen O-Bloos™ und einen Tropfen D-Bronzi™ mit Deiner Feuchtigkeitscreme.",TRUE,TRUE,TRUE
Drunk Elephant - Protini™ Polypeptide Cream - Gesichtscreme - Protini Cream 50ml,https://media.sephora.eu/content/dam/digital/pim/published/D/DRUNK_ELEPHANT/453775/96435-media_swatch-1.jpg?scaleWidth=500&scaleHeight=500&scaleMode=fit,"Diese luxuriöse, leichte Creme enthält einen kraftvollen Mix aus aktiven Inhaltsstoffen:
9 Signalpeptide, die Feuchtigkeit binden und sichtbare Zeichen der Hautalterung reduzieren.
Zwergseerosen-Extrakt hilft, Umweltschäden zu mindern und sichtbare Zeichen der Hautalterung zu reduzieren. --50ml",50ml,55.45,Drunk Elephant,Feuchtigkeitspflege,"Water/Aqua/Eau, Dicaprylyl Carbonate, Glycerin, Cetearyl Alcohol, Cetearyl Olivate, Sorbitan Olivate, Sclerocarya Birrea Seed Oil, Bacillus/ Folic Acid Ferment Filtrate Extract, Nymphaea Alba Root Extract, sh-Oligopeptide-1, sh-Oligopeptide-2, sh-Polypeptide-1, sh-Polypeptide-9, sh-Polypeptide-11, Copper Palmitoyl Heptapeptide-14, Heptapeptide-15 Palmitate, Palmitoyl Tetrapeptide-7, Palmitoyl Tripeptide-1, Alanine, Arginine, Glycine, Histidine, Isoleucine, Phenylalanine, Proline, Serine, Threonine, Valine, Acetyl Glutamine, Coconut Alkanes, Coco-Caprylate/Caprate, Sodium Hyaluronate, Aspartic Acid, Linoleic Acid, Linolenic Acid, Lecithin, Butylene Glycol, Polyvinyl Alcohol, Sodium Lactate, Sodium PCA, PCA, Sorbitan Isostearate, Carbomer, Polysorbate 20, Polysorbate 60, Lactic Acid/Glycolic Acid Copolymer, Hydroxyethyl Acrylate/Sodium Acryloyldimethyl Taurate Copolymer, Xanthan Gum, Isomalt, 1,2-Hexanediol, Caprylyl Glycol, Chlorphenesin, Phenoxyethanol, Tocopherol, Sodium Benzoate, Phenylpropanol, Glyceryl Caprylate, Symphytum Officinale Callus Culture Extract

Die Liste der Inhaltsstoffe kann sich ändern. Bitte beachte die Verpackung des gekauften Produkts.","Anwendung
Morgens und abends auf die gereinigte, trockene Haut auftragen, um die notwendige Dosis an Proteinen und Feuchtigkeit zu liefern, die die Haut für ein jugendliches Aussehen benötigt.

Tipp:
Stell dir Protini™ in deiner Drunk Elephant Routine wie einen täglichen Protein‑Shot vor.",TRUE,TRUE,TRUE
"Ducray - KERACNYL REPAIR Creme 48h Feuchtigkeit, 50 ml Creme",https://nbg1.your-objectstorage.com/inspirax-image-server-bucket/11857755_01.jpg,Hochwertige medizinische Hautpflege für empfindliche Haut. Die Creme wird auf die Haut aufgetragen und eignet sich als Dermokosmetik aus der Apotheke. --50ml,50ml,25.30,Ducray,Feuchtigkeitspflege,"Water (Aqua), Glycerin, Caprylic/Capric Triglyceride, Isocetyl Stearoyl Stearate, Cetearyl Alcohol, Behenyl Alcohol, Niacinamide, C20-22 Alkyl Phosphate, C20-22 Alcohols, Simmondsia Chinensis (Jojoba) Seed Oil, Caprylyl Glycol, Cetearyl Glucoside, Helianthus Annuus (Sunflower) Seed Oil, Sclerotium Gum, Sodium Benzoate, Sodium Hydroxide, Tocopherol

Die Liste der Inhaltsstoffe kann sich ändern. Bitte beachte die Verpackung des gekauften Produkts.
",Die Ducray Keracnyl Repair Soothing Compensating Cream ein- bis zweimal täglich morgens und/oder abends auf das Gesicht und die gereinigte und trockene Haut auftragen.,TRUE,TRUE,TRUE
Ducray - KERACNYL UV LSF50+ - Fluid gegen Hautunreinheiten,https://www.versandapo.de/images/product_images/popup_images/17438373.jpg,"Das DUCRAY KERACNYL UV Fluid LSF 50+ ist eine unterstützende Gesichtspflege mit sehr hohem Sonnenschutz für fettige und zu Akne neigende Haut. Es hilft, Pickel und Hautunreinheiten zu reduzieren und den durch UV-Strahlung begünstigten Rebound-Effekt zu begrenzen.
 Die Formel kombiniert einen UVA-/UVB-Breitbandfilter mit den Aktivstoffen Myrtacin® und Celastrol®. Sie wirkt gezielt gegen Unreinheiten, unterstützt die Beruhigung der Haut und hilft, Entzündungsanzeichen zu mildern.
 Das nicht komedogene Fluid bietet sehr hohen Schutz vor UV-Strahlung und eignet sich ideal für die tägliche Pflege unreiner Haut.
 LSF 50+ --50ml",50ml,20.59,Ducray,Sonnenschutz,"Water (Aqua), C12-15 Alkyl Benzoate, Dicaprylyl Carbonate, Methylene Bis-Benzotriazolyl Tetramethylbutylphenol [Nano], Diisopropyl Adipate, Silica, Bis-Ethylhexyloxyphenol Methoxyphenyl Triazine, Diethylhexyl Butamido Triazone, Zea Mays (Corn) Starch, Butyl Methoxydibenzoylmethane, C10-18 Triglycerides, Decyl Glucoside, Glycerin, Glyceryl Stearate, PEG-100 Stearate, Potassium Cetyl Phosphate, Acrylates/C10-30 Alkyl Acrylate Crosspolymer, Benzoic Acid, Caprylyl Glycol, Disodium EDTA, Parfum (Fragrance), Glyceryl Behenate, Glyceryl Dibehenate, Glyceryl Laurate, Myrtus Communis Leaf Extract, Niacinamide, Pentylene Glycol, Propylene Glycol, Sodium Hydroxide, Stearyl Alcohol, Tocopherol, Tribehenin, Tripterygium Wilfordii Callus Extract, Xanthan Gum

Die Liste der Inhaltsstoffe kann sich ändern. Bitte beachte die Verpackung des gekauften Produkts.
",Auf die gereinigte Haut auftragen und mit kreisförmigen Bewegungen einmassieren.,TRUE,TRUE,TRUE
"Ducray - Melascreen UV reichhaltige Creme LSF 50+, 40 ml Creme",https://nbg1.your-objectstorage.com/inspirax-image-server-bucket/13984771_01.jpg,"Die DUCRAY Melascreen UV Reichhaltige Creme LSF 50+ schützt die Haut zuverlässig vor UVA- und UVB-Strahlung und hilft, Pigmentflecken vorzubeugen.
 Die reichhaltige Textur pflegt die Haut intensiv, spendet Feuchtigkeit und sorgt für ein angenehmes Hautgefühl. Sie eignet sich besonders für Haut, die zu Pigmentflecken neigt.
 LSF 50+ --40 ml",40 ml,34.74,Ducray,Sonnenschutz,"Water (Aqua), C12-15 Alkyl Benzoate, Diethylamino Hydroxybenzoyl Hexyl Benzoate, Ethylhexyl Triazone, Oryza Sativa (Rice) Starch, Phenylene Bis-Diphenyltriazine, Glycerin, Bis-Ethylhexyloxyphenol Methoxyphenyl Triazine, Glyceryl Stearate, Potassium Cetyl Phosphate, Stearyl Alcohol, VP/Eicosene Copolymer, Azelaic Acid, Benzoic Acid, Caprylyl Glycol, Glyceryl Behenate, Glyceryl Dibehenate, PPG-1-PEG-9 Lauryl Glycol Ether, Red 33 (CI 17200), Sodium Hydroxide, Tribehenin, Xanthan Gum

Die Liste der Inhaltsstoffe kann sich ändern. Bitte beachte die Verpackung des gekauften Produkts.
","Täglich anwenden, mindestens zweimal am Tag – morgens und abends. Creme auf Gesicht, Hals, Dekolleté und Hände auftragen. Bei starker Sonneneinstrahlung alle zwei Stunden oder nach Bedarf nachcremen. Vor dem Sonnenbad eine Fingerbreite des Produkts (2 mg/cm²) auf Gesicht, Hals, Dekolleté und Hände geben. Regelmäßig nachcremen, besonders nach dem Baden, Abtrocknen oder Schwitzen, um den Sonnenschutz aufrechtzuerhalten. Kontakt mit den Augen vermeiden.",TRUE,TRUE,TRUE
"Erborian -
Centella Cleansing Gel - Gentle cleansing gel mit soothing Centella Asiatica",https://media.sephora.eu/content/dam/gdam/europe/digital/pim/published/E/ERBORIAN/541797/230276-media_swatch.jpg?scaleWidth=750&scaleHeight=750&scaleMode=fit,"Das sanfte tägliche Reinigungsgel, das intensiv reinigt, für ein perfekt sauberes und beruhigtes Hautgefühl.
Angereichert mit Centella Asiatica, unserem Superwirkstoff, der für seine beruhigenden Eigenschaften bekannt ist, hilft das Centella Cleansing Gel zu reinigen und Unreinheiten zu entfernen, ohne das Spannungsgefühl.
Mit ihrer umhüllenden Textur sorgt sie für eine sanfte Reinigung und hilft, die natürliche Feuchtigkeit der Haut zu bewahren.
Die Haut sieht sofort klarer, strahlender und angenehmer aus.
Vegan : Produkte aus natürlich gewonnenen Inhaltsstoffen. --180ml",180ml,18.95,Erborian,Gesichtsreinigung,"Water, Sodium Methyl Cocoyl Taurate, Glycerin, Pentylene Glycol, Coco-Betaine, Butylene Glycol, Sodium Chloride, Centella Asiatica Extract, Polygonum Cuspidatum Root Extract, Chamomilla Recutita (Matricaria) Flower Extract, Rosmarinus Officinalis (Rosemary) Leaf Extract, Glycyrrhiza Glabra (Licorice) Root Extract, Camellia Sinensis Leaf Extract, Scutellaria Baicalensis Root Extract, Allantoin, Squalane, Acrylates/C10-30 Alkyl Acrylate Crosspolymer, Polyquaternium-7, PEG-60 Hydrogenated Castor Oil, Potassium Hydroxide, Ethylhexylglycerin, Citric Acid, Sodium Benzoate, Parfum/Fragrance

Die Liste der Inhaltsstoffe kann sich ändern. Bitte beachten Sie die Verpackung des gekauften Produkts.
","Sie sollten je nach Hautbild morgens und abends auf leicht angefeuchteter Haut mit kreisenden Bewegungen angewendet werden. Dabei kannst du den Schwerpunkt auf die T-Zone legen, da diese besonders bei fettiger und Mischhaut am meisten Talg produziert. Ein wenig lauwarmes Wasser reicht aus, um Make-up-Reste und Schmutzpartikel zu entfernen. Danach kannst du dich über saubere, tonisierte Haut freuen.",TRUE,TRUE,FALSE
Erborian - Centella Crème - Beruhigende Feuchtigkeitscreme - centella Centella Creme 50ml R26,https://media.sephora.eu/content/dam/digital/pim/published/E/ERBORIAN/799546/393459-media_swatch-0.jpg?scaleWidth=500&scaleHeight=500&scaleMode=fit,"Die Centella Creme ist viel mehr als nur deine tägliche Dosis Feuchtigkeit, sie ist ein sofort beruhigendes Konzentrat, das Rötungen reduziert. Ihre leichte Formel ist mit 2 % Centella Asiatica angereichert, die die Haut beruhigt und ihr Wohlbefinden schenkt, außerdem enthält sie Hyaluronsäure, die sofort Feuchtigkeit spendet und aufpolstert. --50ml",50ml,20.95,Erborian,Feuchtigkeitspflege,"Aqua / Water / Eau, Dicaprylyl Carbonate, Isononyl Isononanoate, Glyceryl Stearate, Glycerin, Octyldodecanol, 1,2-Hexanediol, Isostearyl Neopentanoate, Cetearyl Alcohol, Caprylic/Capric Triglyceride, Centella Asiatica Leaf Extract, Butyrospermum Parkii (Shea) Butter, Butylene Glycol, Pentaerythrityl Tetraethylhexanoate, Ethylhexylglycerin, Hydroxyethyl Acrylate/Sodium Acryloyldimethyl Taurate Copolymer, Coco-Caprylate/Caprate, Sodium Hyaluronate, Polyglyceryl-3 Diisostearate, Triheptanoin, Polyacrylate Crosspolymer-6, C9-12 Alkane, Dilinoleic Acid/Butanediol Copolymer, Pentylene Glycol, Sorbitan Isostearate, Polysorbate 60, Beta-Glucan, Citric Acid, Caprylyl Glycol, Castor Oil/IPDI Copolymer, Tocopherol, Parfum/Fragrance

Die Liste der Inhaltsstoffe kann sich ändern. Bitte beachte die Verpackung des gekauften Produkts.
","SO TRÄGST DU DIE CENTELLA CREME AUF:
Morgens und abends wie deine tägliche Gesichtspflege auftragen. Kann als Make-up-Basis verwendet werden.",TRUE,TRUE,FALSE
Erborian - Double Mousse Reinigungsschaum ,https://media.sephora.eu/content/dam/digital/pim/published/E/ERBORIAN/333260/39871-media_swatch.jpg?scaleWidth=500&scaleHeight=500&scaleMode=fit,"DOUBLE MOUSSE mit 7 koreanischen Kräutern ist eine 2-in-1-Beauty-Anwendung. Der reichhaltige, feine Schaum reinigt sanft und hilft dabei, Unreinheiten zu entfernen, um die Hautstruktur sichtbar feiner zu machen – für einen makellosen, geschmeidigen Effekt.
Die Haut wird sichtbar weicher, geschmeidiger und leuchtender.
Dermatologisch getestet.

SOFORTEFFEKTE:
- Peelt sanft
- Schönere Haut, ohne auszutrocknen
- Macht die Haut sanfter und geschmeidiger

LANGZEITEFFEKTE:
- Reinigt die Haut, indem Unreinheiten entfernt werden
- Macht die Hautstruktur feiner
- Verstärkt das Leuchten der Haut
Vegan : Produkte aus natürlich gewonnenen Inhaltsstoffen. -- 145 ml",145 ml,21.45,Erborian,Gesichtsreinigung,"Water, Glycerin, Disodium Cocoamphodiacetate, Coco-Betaine, Sodium Chloride, Sodium Methyl Cocoyl Taurate, Vaccinium Myrtillus Fruit Extract, Salix Alba (Willow) Bark Extract, Acer Saccharum (Sugar Maple) Extract, Citrus Aurantium Dulcis (Orange) Fruit Extract, Citrus Limon (Lemon) Fruit Extract, Centella Asiatica Extract, Saccharum Officinarum (Sugar Cane) Extract, Scutellaria Baicalensis Root Extract, Polygonum Cuspidatum Root Extract, Glycyrrhiza Glabra (Licorice) Root Extract, Chamomilla Recutita (Matricaria) Flower Extract, Camellia Sinensis Leaf Extract, Rosmarinus Officinalis (Rosemary) Leaf Extract, Sodium Citrate, Panthenol, Butylene Glycol, Ethylhexylglycerin, Polyquaternium-7, Phenoxyethanol, Parfum/Fragrance, Limonene, Linalool, Citral, CI 19140 (Yellow 5), CI 42090 (Blue 1)

Die Liste der Inhaltsstoffe kann sich ändern. Bitte beachten Sie die Verpackung des gekauften Produkts.
","Zwei Pumpstöße auftragen und 30 Sekunden lang auf dem trockenen Gesicht sanft einmassieren, dann mit Wasser abspülen.
Jeden Tag anwenden, morgens und abends, für eine schönere, leuchtendere Haut.",TRUE,TRUE,FALSE
Erborian - Ginseng Power - Glättende Creme - Feine Linien & Falten - ginseng Infusion Reno24 50ml,https://media.sephora.eu/content/dam/digital/pim/published/E/ERBORIAN/762906/370757-media_swatch.jpg?scaleWidth=500&scaleHeight=500&scaleMode=fit,"Entdecke die glättende Kraft von Ginseng, unserem von der koreanischen Tradition inspirierten Inhaltsstoff, der genauso wirksam ist wie Retinol(1).
Die Creme glättet sichtbar feine Linien in nur 3 Minuten(2) und reduziert Falten dauerhaft in 28 Tagen. Tag für Tag sieht die Haut glatter, fester und elastischer aus.
Die angenehme, feuchtigkeitsspendende Textur nährt intensiv, ohne zu beschweren, und sorgt für ein nicht fettendes, nicht klebriges Finish.
 --50ml",50ml,61.45,Erborian,Feuchtigkeitspflege,"Aqua/Water, Butyrospermum Parkii (Shea) Butter, Propanediol, Helianthus Annuus (Sunflower) Seed Oil, Glycerin, Glyceryl Stearate, Cetearyl Alcohol, Butylene Glycol, 1,2-Hexanediol, Silica, PEG-40 Stearate, Octyldodecanol, Capryloyl Glycerin/Sebacic Acid Copolymer, Coco-Caprylate/Caprate, Oryza Sativa Bran Wax / Oryza Sativa (Rice) Bran Wax, Polyglyceryl-3 Diisostearate, Shorea Stenoptera Seed Butter, Glycine Soja (Soybean) Oil, Acmella Oleracea Extract, Panax Ginseng Root Extract, Caesalpinia Spinosa Fruit Extract, Glycyrrhiza Glabra (Licorice) Root Extract, Dioscorea Villosa (Wild Yam) Root Extract, Kigelia Africana Fruit Extract, Kappaphycus Alvarezii Extract, Saccharomyces/Panax Ginseng Flower Ferment Extract, Equisetum Giganteum Extract, Diheptyl Succinate, C9-12 Alkane, Caprylic/Capric Triglyceride, Hydrogenated Polydecene, Polyacrylic Acid, Xanthan Gum, Ammonium Acryloyldimethyltaurate/VP Copolymer, Arginine, Tocopherol, Magnesium Aluminum Silicate, Hydroxyethyl Acrylate/Sodium Acryloyldimethyl Taurate Copolymer, Mica, Panthenol, Ethylhexylglycerin, Adenosine, Polysorbate 60, Sorbitan Isostearate, Palmitoyl Pentapeptide-4, Citric Acid, Parfum/Fragrance, Hexyl Cinnamal, Alpha-Isomethyl Ionone, Linalool, Citronellol, Geraniol, Eugenol, Limonene, Cinnamyl Alcohol, CI 77891 / Titanium Dioxide

Die Liste der Inhaltsstoffe kann sich ändern. Bitte beachte die Verpackung des gekauften Produkts.
","Trage GINSENG POWER von innen nach außen auf das gesamte Gesicht, entlang des Halses und im Bereich des Dekolletés auf.",TRUE,TRUE,FALSE
Erborian - Ginseng Skin Hero Peeling - skin Hero Peeling 50ml,https://media.sephora.eu/content/dam/digital/pim/published/E/ERBORIAN/661053/313763-media_swatch.jpg?scaleWidth=500&scaleHeight=500&scaleMode=fit,"SKIN HERO PEELING verwandelt Ihre nackte Haut in nur 2 Minuten!
Dieses glättende Ginseng Skin Hero Peeling für das Gesicht:
- Retexturiert, indem es die Hautstruktur verfeinert und abgestorbene Hautzellen entfernt.
- Glättet feine Linien und die Hauttextur.
- Reduziert sichtbar Poren und Unreinheiten.

Das Ergebnis? Die Schönheit der nackten Haut wird sofort hervorgehoben, sie sieht erneuert aus und der Teint wird vereinheitlicht!
Das Herzstück der Erborian Formel ist ein Komplex aus Weißem Ginseng und einem magischen Cocktail aus natürlichen Säuren, AHA, BHA und PHA.
Dermatologisch getestet.

Vegan : Produkte aus natürlich gewonnenen Inhaltsstoffen. --50ml",50ml,29.45,Erborian,Gesichtsreinigung,"Water, Glycerin, Gluconolactone, Glycolic Acid, Arginine, Methylpropanediol, 1,2-Hexanediol, Lactic Acid, Sodium Lactate, Sorbitan Isostearate, Panthenol, Butylene Glycol, Sorbitan Stearate, Panax Ginseng Root Extract, Glycyrrhiza Glabra (Licorice) Root Extract, Dioscorea Villosa (Wild Yam) Root Extract, Kigelia Africana Fruit Extract, Equisetum Giganteum Extract, Salicylic Acid, Sodium Salicylate, Squalane, Hydroxyethyl Acrylate/Sodium Acryloyldimethyl Taurate Copolymer, Polyacrylate Crosspolymer-6, Citric Acid, Hydroxypropyl Starch Phosphate, Styrene/VP Copolymer, Xanthan Gum, Ethylhexylglycerin, Polysorbate 60, Biosaccharide Gum-1, Sodium Dodecyl-40 Sulfate, t-Butyl Alcohol, Glyceryl Caprylate, Sorbic Acid, Parfum/Fragrance, Hexyl Cinnamal, Alpha-Isomethyl Ionone, Linalool, Citronellol

Die Liste der Inhaltsstoffe kann sich ändern. Bitte beachten Sie die Verpackung des gekauften Produkts.
",Trage eine dünne und gleichmäßige Schicht auf das trockene und saubere Gesicht auf. Spare dabei die Augen- und Mundpartie aus. Nach 2 Minuten Einwirkzeit kann das Skin Hero Peeling dann gründlich abgespült werden. Einmal pro Woche anwenden.,TRUE,FALSE,FALSE
Erborian - Ginseng Super Serum - Anti-aging-serum - ginseng Super Serum 30ml,https://media.sephora.eu/content/dam/digital/pim/published/E/ERBORIAN/560414/241524-media_swatch.jpg?scaleWidth=500&scaleHeight=500&scaleMode=fit,"Bei Erborian ist die Marke so überzeugt von ihren koreanischen Super-Inhaltsstoffen, dass sie ihnen einen prominenten Platz in der Flasche eingeräumt hat: Ihre Extrakte sind zu 80% enthalten.
GINSENG SUPER SERUM reduziert das Erscheinungsbild von Falten und feinen Linien in der Haut dank seiner glättenden und straffenden Wirkung. Die Kombination dieses Ginseng-Komplexes mit Peptiden hilft, die Haut glatter und elastischer zu machen. Die ultra-sensorische Textur dieses Serums hüllt die Haut in eine Blase des Komforts! Bonus? Ein Präbiotikum, das dazu beiträgt, das Gleichgewicht der Haut aufrechtzuerhalten und so ihre Feuchtigkeit zu bewahren. --30ml",30ml,43.95,Erborian,Serum,"Panax Ginseng Root Water, Propanediol, Aqua/Water, 1,2-Hexanediol, Olus Oil/Vegetable Oil, Inulin, Butylene Glycol, Glycyrrhiza Glabra (Licorice) Root Extract, Panax Ginseng Root Extract, Dioscorea Villosa (Wild Yam) Root Extract, Kigelia Africana Fruit Extract, Equisetum Giganteum Extract, Caesalpinia Spinosa Fruit Extract, Kappaphycus Alvarezii Extract, Lactobacillus/Panax Ginseng Root Ferment Filtrate, Adenosine, Sodium Hyaluronate, Palmitoyl Pentapeptide-4, Ammonium Acryloyldimethyltaurate/VP Copolymer, Glycerin, Ethylhexylglycerin, Xanthan Gum, Caprylyl Glycol, Tocopherol, Parfum/Fragrance, Hexyl Cinnamal, Alpha-Isomethyl Ionone, Linalool, Citronellol.

Die Liste der Inhaltsstoffe kann sich ändern. Bitte beachte die Verpackung des gekauften Produkts.
",Morgens und abends vor der täglichen Pflege auf das Gesicht auftragen. Betätige die Pumpe bei der ersten Anwendung mehrmals. Aufgrund des hohen Anteils an natürlichen Inhaltsstoffen kann sich die Farbe der Rezeptur mit der Zeit verändern. Dies beeinträchtigt weder die Wirksamkeit noch die Qualität des Produkts.,TRUE,TRUE,FALSE
Erborian - Yuza Cure - Double-layer Gel Creme - yuza Cure 25ml,https://media.sephora.eu/content/dam/digital/pim/published/E/ERBORIAN/747672/358762-media_swatch.jpg?scaleWidth=500&scaleHeight=500&scaleMode=fit,"Unebener Teint, anhaltende Trockenheit und ein unangenehmes Gefühl auf der Haut? Deine Haut braucht einen Vitalitäts-Boost! Entdecke die antioxidative Kraft von Yuzu – bekannt für seine Power, deine Haut vor äußerlichen Reizen zu schützen. Unsere YUZA CURE liefert schnell und effektiv Ergebnisse – bereits nach 14 Tagen wirst du verblüffende Veränderungen wahrnehmen. --25ml",25ml,34.95,Erborian,Feuchtigkeitspflege,"Aqua/Water, Citrus Junos Fruit Water, Glycerin, Squalane, Niacinamide, Propanediol, Pentylene Glycol, Cetearyl Alcohol, Octyldodecanol, PEG-40 Stearate, PEG-100 Stearate, Citrus Junos Fruit Extract, Hexylresorcinol, Caprylic/Capric Triglyceride, Citrus Junos Fruit Oil, Lactobacillus Ferment, Pancratium Maritimum Extract, Coptis Japonica Root Extract, Glycine Soja (Soybean) Oil, Sodium Hyaluronate, Glyceryl Stearate, Silica, Butylene Glycol, Oryza Sativa Bran Wax / Oryza Sativa (Rice) Bran Wax, Sodium Potassium Aluminum Silicate, Acrylates/C10-30 Alkyl Acrylate Crosspolymer, Arginine, 1,2-Hexanediol, Mica, PPG-26-Buteth-26, Ethylhexylglycerin, Polyacrylate Crosspolymer-6, C13-15 Alkane, Xanthan Gum, PEG-40 Hydrogenated Castor Oil, Citric Acid, t-Butyl Alcohol, Tocopherol, Denatonium Benzoate, Parfum/Fragrance, Limonene, Linalool, CI 77891 / Titanium Dioxide

Die Liste der Inhaltsstoffe kann sich ändern. Bitte beachte die Verpackung des gekauften Produkts.
","Entferne den Spatel aus der Box und falte ihn entlang der Linie, um ihn in einen Löffel zu verwandeln. Dann nutze den Spatel um die Rezeptur circa 10 Sekunden gründlich zu verrühren. Die YUZA CURE ist einsatzbereit, wenn du eine cremige, blassgelbe Farbe im Tigel siehst.

Nutze die YUZA CURE morgens und abends für 14 Tage in Folge anstatt deiner normalen Feuchtigkeitspflege.",TRUE,TRUE,FALSE
Estée Lauder - Advanced Night Repair - Synchronized Recovery Complex Serum - anr Recovery Complex,https://media.sephora.eu/content/dam/digital/pim/published/L/LAUDE/521863/216964-media_swatch.jpeg?scaleWidth=500&scaleHeight=500&scaleMode=fit,"Advanced Night Repair mit neuer, schneller Reparatur und einer hautverjüngenden Formel.

Erleben Sie die neue Generation der revolutionären Estee-Lauder Formel. Patentiert bis 2033.

Mit der innovativen Chronolux™ Power Signal Technologie unterstützt das neue Advanced Night Repair jetzt den natürlichen Reparaturprozess der Haut effektiver als je zuvor und hilft ihr zum ersten Mal, die natürliche Produktion von neuen Hautzellen und Kollagen für mehr Straffheit zu steigern.
Advanced Night Repair zieht schnell ein und reduziert diverse Anzeichen der Hautalterung, während es gleichzeitig hilft, die Haut vor schädlichen Umwelteinflüssen des Alltages zu schützen. --30ml
",30ml,108.45,Estée Lauder,Serum,"Water/Aqua/Eau, Bifida Ferment Lysate, PEG-8, Propanediol, Bis-PEG-18 Methyl Ether Dimethyl Silane, Methyl Gluceth-20, Glycereth-26, PEG-75, Butylene Glycol, Adansonia Digitata Seed Extract, Tripeptide-32, Sodium Hyaluronate, Yeast Extract/Faex/Extrait de Levure, Lactobacillus Ferment, Cola Acuminata (Kola) Seed Extract, Anthemis Nobilis (Chamomile) Flower Extract, Hydrolyzed Algin, Pantethine, Caffeine, Lecithin, Sodium RNA, Bisabolol, Squalane, Glycerin, Oleth-3 Phosphate, Caprylyl Glycol, Oleth-3, Oleth-5, Choleth-24, Hydrogenated Lecithin, Jojoba Wax PEG-120 Esters, Ceteth-24, Tocopheryl Acetate, Carbomer, Triethanolamine, Tetrasodium EDTA, BHT, Xanthan Gum, Potassium Sorbate, Disodium EDTA, Phenoxyethanol, Red 4 (CI 14700), Yellow 5 (CI 19140).

Die Liste der Inhaltsstoffe kann sich ändern. Bitte beachte die Verpackung des gekauften Produkts.
","Morgens und abends vor der Feuchtigkeitspflege (wie z.b: der Bestseller Revitalizing Supreme +) auf die gereinigte Haut auftragen. Wenige Tropfen genügen. Sanft auf Gesicht und Hals verteilen.

Maximiere den Effekt mit diesem abendlichen Ritual:
1. Auf jede Fingerkuppe einer Hand einen Tropfen des Serums geben.
2. Fingerkuppen beider Hände aneinander legen.
3. Dann mit allen Fingerkuppen das Serum auf Gesicht und Halspartie sanft einmassieren, dabei von der Mitte nach außen vorgehen.
4. Um das Erscheinungsbild von feinen Linien und dunklen Augenringen zu reduzieren, verwenden Sie Advanced Night Repair Eye Concentrate Matrix Serum.",TRUE,TRUE,TRUE
Estée Lauder - Micro Essence - Treatment Lotion,https://media.sephora.eu/content/dam/gdam/europe/digital/pim/published/L/LAUDE/581229/268890-media_swatch.jpg?scaleWidth=750&scaleHeight=750&scaleMode=fit,"nthülle die Schönheit Deiner Haut.

Mikro, aber wirkungsvoll.

Entdecke die Micro Essence Repair Lotion jetzt mit einer revolutionären neuen Formel, die mit dem Mikronährstoff Bio Ferment angereichert ist. Dank der exklusiven mikrobiotischen Technologie wird die Proteinproduktion angeregt, um die Haut intensiv mit Feuchtigkeit zu versorgen und ihre Elastizität zu erhöhen. Die Haut wird bis zu 99,5% stabilisiert. --200ml",200ml,114.45,Estée Lauder,Toner,"Water/Aqua/Eau, Bifida Ferment Lysate, Propanediol, PEG-75, Lactobacillus Ferment, Acetyl Hexapeptide-8, Acetyl Glucosamine, Sodium Hyaluronate, Anthemis Nobilis (Chamomile) Flower Extract, Caffeine, Dipotassium Glycyrrhizate, Hydrolyzed Rice Extract, Betaine, Maltodextrin, Carbomer, Tromethamine, Citric Acid, Trehalose, Butylene Glycol, Caprylyl Glycol, PPG-5-Ceteth-20, Pentylene Glycol, Disodium EDTA, Sodium Citrate, Phenoxyethanol, Potassium Sorbate.

Die Liste der Inhaltsstoffe kann sich ändern. Bitte beachte die Verpackung des gekauften Produkts.
","Mit einem Wattepad oder mit den Händen auftragen.

Mit einem Wattepad: Führe das getränkte Wattepad sanft von der Mitte nach außen über das Gesicht. Beginne am Kinn und bewege dich nach oben zu Wangen und Stirn. Übe beim Auftragen keinen Druck aus.

Mit den Händen: Gebe 5 bis 6 Tropfen der Micro Essence in die Hand und reibe die Hände aneinander. Drücke die Micro Essence sanft von der Mitte nach außen in die Haut. Beginne am Kinn und bewege sich nach oben zu Wangen und Stirn.

Reibe die Hände aneinander, um sie zu erwärmen, und bedecke dann sanft das Gesicht mit den warmen Händen, um die Anwendung abzuschließen.",TRUE,TRUE,TRUE
Estée Lauder - Perfectly Clean Multi-action Gesichtswasser - 200 Ml,https://media.sephora.eu/content/dam/digital/massivpimupload/L/LAUDE/267095/98623-media_swatch.jpg?scaleWidth=500&scaleHeight=500&scaleMode=fit,"Verändern sie ihre haut mit diesem belebenden 2-in-1 gesichtswasser plus peeling. Die sanfte verwöhn-formulierung fungiert zum einen als pflegender toner zum ausbalancieren der haut; zum anderen als peeling, das trockene, abgestorbene hautzellen entfernt.das multitalent trocknet die haut nicht aus und schenkt einen strahlend-glatten teint.die haut erhält ein leuchtendes, gesundes, frisches aussehen.die perfectly clean collection: unsere geschützte zukunftstechnologie auf dem gebiet der hautreinigung reinigt, beruhigt und verwöhnt die haut.ebenso werden irritationen, mitverantwortlich für schnelle hautalterung, gemindert.vereint natürliche, hautfreundliche pflanzenwirkstoffe und mineralien mit unserer bewährten hautpflegekompetenz. Estée Lauder - Perfectly clean multi-action gesichtswasser -- 200 ml",200 ml,29.95,Estée Lauder,Toner,"Water/Aqua/Eau, Alcohol Denat., Hamamelis Virginiana (Witch Hazel) Water, Glycerin, Butylene Glycol, Trehalose, Hypnea Musciformis (Algae) Extract, Gelidiella Acerosa (Algae) Extract, Silybum Marianum (Lady's Thistle) Extract, Bambusa Vulgaris (Bamboo) Extract, Pisum Sativum (Pea) Extract, Gentiana Lutea (Gentian) Root Extract, Yeast Extract/Faex/Extrait de Levure, Sucrose, Lactobionic Acid, PEG-40 Hydrogenated Castor Oil, Caffeine, Dipotassium Glycyrrhizate, Biosaccharide Gum-1, PPG-26-Buteth-26, Sodium Hyaluronate, Zinc PCA, Aphanizomenon Flos-Aquae Extract, Hydrogenated Starch Hydrolysate, Caprylyl Glycol, Pentylene Glycol, PPG-5-Ceteth-20, Sodium Hydroxide, Glucosamine HCl, Fragrance (Parfum), Phytic Acid, Disodium EDTA, Potassium Sorbate, Phenoxyethanol [ILN51247].

Die Liste der Inhaltsstoffe kann sich ändern. Bitte beachte die Verpackung des gekauften Produkts.
",ach der Reinigung morgens und abends mit einem Wattepad auftragen. Augenpartie aussparen.,TRUE,FALSE,FALSE
Estée Lauder - Revitalizing Supreme+ Bright - Radiance Power Soft Creme - 50 Ml - Rechargeable,https://media.sephora.eu/content/dam/digital/pim/published/L/LAUDE/767999/367948-media_swatch.jpeg?scaleWidth=500&scaleHeight=500&scaleMode=fit,"Ihre Haut kann alles haben: Festigkeit. Stärke. Glanz. Und ein neuer, gelifteter Look. Alles in einer ultraleichten, erfrischenden Formel. --30ml
",30ml,110.95,Estée Lauder,Feuchtigkeitspflege,"Water / Aqua / Eau, Isononyl Isononanoate, C12-20 Acid PEG-8 Ester, Glycerin, Butylene Glycol, Dimethicone, Butyrospermum Parkii (Shea) Butter, Cetyl Alcohol, Moringa Oleifera Seed Extract, Hibiscus Sinensis Flower Extract, Sodium Hyaluronate, Acetyl Hexapeptide-8, Laminaria Digitata Extract, Whey Protein / Lactis Protein / Proteine du Petit-Lait, Opuntia Tuna Extract, Acetyl Glucosamine, Tocopheryl Acetate, Narcissus Tazetta Bulb Extract, Algae Extract, Pyrus Malus (Apple) Fruit Extract, Cucumis Sativus (Cucumber) Fruit Extract, Lens Esculenta (Lentil) Fruit Extract, Citrullus Lanatus (Watermelon) Fruit Extract, Laminaria Saccharina Extract, Silybum Marianum (Lady’s Thistle) Extract, Helianthus Annuus (Sunflower) Seed Extract, Sigesbeckia Orientalis (St. Paul’s Wort) Extract, Caffeine, Hordeum Vulgare (Barley) Extract / Extrait d’Orge, Sodium Lactate, Sorbitol, Ethylhexylglycerin, Propylene Glycol Dicaprate, Glucose, Glucose Oxidase, Sodium PCA, Sucrose, Xanthan Gum, Sodium Hydroxide, Carbomer, Pentylene Glycol, Lactoperoxidase, Isoceteth-20, Sodium Dehydroacetate, Potassium Cetyl Phosphate, PEG-100 Stearate, Tetrahexyldecyl Ascorbate, Acrylates/C10-30 Alkyl Acrylate Crosspolymer, Ammonium Acryloyldimethyltaurate/VP Copolymer, Fragrance (Parfum), Potassium Phosphate, Sodium Chloride, BHT, Potassium Sorbate, Sodium Benzoate, Phenoxyethanol, Red 4 (CI 14700)

Die Liste der Inhaltsstoffe kann sich ändern. Bitte beachte die Verpackung des gekauften Produkts.
",Morgens und abends auf Gesicht und Hals auftragen. Ideal nach Ihrem Repair-Serum.,FALSE,TRUE,FALSE
Etude - SoonJung 2x Barrier Intensive Cream,https://korean-skincare.de/cdn/shop/files/Product-page-sizes_a7bed8d8-fbdd-4b95-a1a8-7ef5822f7f64.jpg?v=1751272551,"Diese Creme wurde sorgfältig mit einer Mischung aus sanften und dennoch wirksamen Inhaltsstoffen wie Propandiol, Glycerin und Sonnenblumenkernöl formuliert, um die Haut mit Feuchtigkeit zu versorgen und ihre natürliche Barriere zu stärken. 

Angereichert mit Panthenol und Madecassosid hilft sie, empfindliche oder gereizte Haut zu beruhigen und sorgt für einen gesünderen und ausgeglicheneren Teint. Erlebe die beruhigende Textur der Soon Jung 2x Barrier Intensive Cream und genieße die ultimative Pflege für das Wohlbefinden deiner Haut. --60ml",60ml,15.95,Etude,Feuchtigkeitspflege,"Water, Propanediol, Pentaerythrityl Tetraethylhexanoate, Caprylic/Capric Triglyceride, Glycerin, Helianthus Annuus Seed Oil, Polyglyceryl-3 Methylglucose Distearate, Butyrospermum Parkii Butter, Cetearyl Alcohol, Panthenol, 1,2-Hexanediol, Carbomer, Xanthan Gum, Potassium Hydroxide, Disodium EDTA, Madecassoside, Butylene Glycol, Camellia Sinensis Leaf Extract

Die Liste der Inhaltsstoffe kann sich ändern. Bitte beachte die Verpackung des gekauften Produkts.
","Zuerst Reinigen und Tonen, dann eine kleine Menge der SoonJung 2x Barrier Intensive Cream auftragen.
Trage die Creme sanft auf dein Gesicht auf und konzentriere dich dabei auf trockene oder empfindliche Stellen.
Massiere die Creme in deine Haut ein, bis sie vollständig eingezogen ist.
Verwende die Creme morgens und abends als letzten Schritt deiner Hautpflegeroutine, um deine Haut tiefgehend mit Feuchtigkeit zu versorgen und die Hautbarriere zu schützen.
",TRUE,TRUE,TRUE
Eucerin - AtopiControl Gesichtscreme 50ml,https://www.versandapo.de/images/product_images/popup_images/08454746.jpg,"Die Eucerin AtopiControl Gesichtscreme pflegt trockene, rissige und zu Neurodermitis neigende Gesichtshaut in symptomfreien Phasen. Sie sorgt für ein spürbar weicheres, geschmeidigeres Hautgefühl und hilft, Juckreiz, Spannungsgefühle und Hautrötungen zu reduzieren.
 Die Formel mit Omega-6-Fettsäuren, Licochalcone A und Ceramiden wirkt beruhigend, stärkt die Hautbarriere und glättet die Gesichtshaut. Die Creme zieht schnell ein und eignet sich auch gut als Make-up-Unterlage.
 Die Pflege ist dermatologisch und klinisch getestet, mikroplastikfrei sowie frei von Parabenen, Duft- und Farbstoffen. Sie eignet sich für Babys ab vier Wochen, Kinder und Erwachsene. --50ml",50ml,22.89,Eucerin,Feuchtigkeitspflege,"Aqua, Glycerin, Helianthus Annuus Seed Oil, Butyrospermum Parkii Butter, Caprylic/Capric Triglyceride, Vitis Vinifera Seed Oil, Cetearyl Alcohol, Glyceryl Stearate Citrate, Hydroxypropyl Starch Phosphate, Hydrogenated Coco-Glycerides, Oenothera Biennis Oil, Glycyrrhiza Inflata Root Extract, Ceramide NP, Phytosphingosine, Oleic Acid, Glycine, Sodium PCA, Tocopherol, Ascorbyl Palmitate, Xanthan Gum, Sodium Hydroxide, Sodium Citrate, Citric Acid, 1,2-Hexanediol, Decylene Glycol, Phenoxyethanol, Ethylhexylglycerin, Hydroxyacetophenone

Die Liste der Inhaltsstoffe kann sich ändern. Bitte beachte die Verpackung des gekauften Produkts.
",Die Gesichtspflege morgens und abends auf die gereinigte Haut von Gesicht und Hals auftragen und sanft einmassieren. Die Creme eignet sich perfekt als Make-up-Grundlage,TRUE,TRUE,TRUE
Eucerin - Sun Photoaging Control Face Fluid LSF 50+,https://www.versandapo.de/images/product_images/popup_images/13827988_aktion.jpg,"Das Eucerin Sun Photoaging Control Face Fluid LSF 50+ bietet hohen Sonnenschutz und hilft, die Haut vor Photoaging zu schützen. Es eignet sich für alle Hauttypen, auch für empfindliche Haut, und kann täglich verwendet werden.
 Die Advanced Spectral Technology kombiniert UVA- und UVB-Filter mit Licochalcone A, das freie Radikale neutralisiert. Glycyrrhetinsäure unterstützt die hauteigene DNA-Reparatur, während kurz- und langkettige Hyaluronsäure die Haut mit Feuchtigkeit versorgt und Falten sichtbar reduziert.
 Die leichte Textur zieht schnell ein, fettet nicht und eignet sich auch als Make-up-Grundlage. Die Formel ist unparfümiert, nicht komedogen und dermatologisch getestet.
 LSF 50+ --50ml",50ml,20.39,Eucerin,Sonnenschutz,"Aqua, C12-15 Alkyl Benzoate, Glycerin, Alcohol Denat., Butyl Methoxydibenzoylmethane, Bis-Ethylhexyloxyphenol Methoxyphenyl Triazine, Butylene Glycol Dicaprylate/Dicaprate, Ethylhexyl Triazone, Dibutyl Adipate, Distarch Phosphate, Tapioca Starch, Diethylamino Hydroxybenzoyl Hexyl Benzoate, Glyceryl Stearate Citrate, Phenylbenzimidazole Sulfonic Acid, Behenyl Alcohol, Cetearyl Alcohol, Sodium Hyaluronate, Glycyrrhetinic Acid, Glycyrrhiza Inflata Root Extract, Copernicia Cerifera Cera, Carrageenan, Xanthan Gum, Hydroxypropyl Methylcellulose, Silica, Trisodium Ethylenediamine Disuccinate, Sodium Hydroxide, Hydroxyacetophenone, Ethylhexylglycerin, Benzyl Alcohol

Die Liste der Inhaltsstoffe kann sich ändern. Bitte beachte die Verpackung des gekauften Produkts.
","ragen Sie die Creme vor dem Sonnenbad großzügig und gleichmäßig auf und erneuern Sie sie häufig, um das Schutzniveau aufrechtzuerhalten, insbesondere nach dem Baden, Abtrocknen oder Schwitzen.
 

 Eine Verringerung der aufgetragenen Menge an Sonnenschutzmittel verringert das Schutzniveau deutlich.",TRUE,FALSE,TRUE
Fenty Skin - Cherry Dub - Reinigungsgel - cherry Dub Gel Cleanser,https://media.sephora.eu/content/dam/digital/pim/published/F/FENTY_SKIN/748287/359027-media_swatch.jpeg?scaleWidth=500&scaleHeight=500&scaleMode=fit,"Ein schäumendes Reinigungsgel, das Talg in Schach hält und beim Entfernen von Schmutz, Talg, Unreinheiten, Sonnencreme und Make-up hilft.  

Das leichte Reinigungsgel reduziert sofort Talg und Glanz und verbessert das Erscheinungsbild von Poren. Der Triple-Cherry-Komplex mit Vitamin C bringt die Haut zum Strahlen und verleiht ihr einen gesunden Glow. Riecht lecker nach Kirschen aus Barbados. 

--190ml",190ml,32.45,Fenty Skin,Gesichtsreinigung,"Aloe Barbadensis Leaf Juice, Water/Aqua/Eau, Sodium Methyl Cocoyl Taurate, Malpighia Glabra (Acerola) Fruit Juice, Sodium Cocoyl Isethionate, Lauryl Hydroxysultaine, Sodium Chloride, Glycerin, Niacinamide, Coco-Glucoside, Malpighia Glabra (Acerola) Fruit Extract, Panthenol, Tocopherol, Lactobacillus, Caprylyl Glycol, Butylene Glycol, Caesalpinia Spinosa Gum, Polyacrylate Crosspolymer-6, Gardenia Florida Fruit Extract, Coptis Japonica Extract, Leuconostoc/Radish Root Ferment Filtrate, Dextrin, Ethylhexylglycerin, Sodium Phytate, Acrylates/C10-30 Alkyl Acrylate Crosspolymer, Arginine, Citric Acid, Parfum/Fragrance, Guar Hydroxypropyltrimonium Chloride, Dipropylene Glycol

Die Liste der Inhaltsstoffe kann sich ändern. Bitte beachten Sie die Verpackung des gekauften Produkts.
","Verwende das Produkt morgens und abends, um Schmutz, Talg, Unreinheiten, Sonnencreme und Make-up zu entfernen.
Drehe den Pumpenkopf gegen den Uhrzeigersinn, um ihn zu öffnen.
Pumpen, auf die feuchte Haut auftragen, aufschäumen, abspülen und trocken tupfen.
Augenpartie aussparen. Trage dann dein Lieblingsgesichtswasser FAT WATER auf.",TRUE,TRUE,FALSE
Fenty Skin - Cookies N Clean - Reinigendes Gesichtspeeling - cookies N Clean Intensive Pore + Blackh,https://media.sephora.eu/content/dam/digital/pim/published/F/FENTY_SKIN/717453/338573-media_swatch.jpg?scaleWidth=500&scaleHeight=500&scaleMode=fit,"Das klärende Peeling befreit die Poren sofort von Schmutz und Mitessern und sorgt mit Vulkansand und Kohle für eine glatte, weiche Haut, die von Tonerde umhüllt ist.

- Peelt und erneuert die Haut mit einer einzigartigen leichten Textur
- Klärt Poren und bindet Unreinheiten mithilfe von Kohle
- Reduziert sofort das Erscheinungsbild von Poren und Mitessern
- Reduziert sofort überschüssigen Talg auf der Hautoberfläche und hilft, Glanz zu bekämpfen
- Macht die Haut weich und glatt, trocknet nicht aus und reizt nicht


Vegan : Produkte aus natürlich gewonnenen Inhaltsstoffen. --100g",100g,34.95,Fenty Skin,Gesichtsreinigung,"Water/Aqua/Eau, Glycerin, Cetearyl Alcohol, Bentonite, Hydrated Silica, Cetyl Ethylhexanoate, Kaolin, Ammonium Acryloyldimethyltaurate/Beheneth-25 Methacrylate Crosspolymer, Mannitol, Caprylic/Capric Triglyceride, Glyceryl Stearate, Charcoal Powder, Volcanic Sand, Salicylic Acid, Rheum Palmatum Root Extract, Zingiber Officinale (Ginger) Root Extract, Panthenol, Tocopheryl Acetate, Squalane, Butyrospermum Parkii (Shea) Butter, Algin, Microcrystalline Cellulose, Sorbitan Stearate, Sodium Carboxymethyl Starch, Pentaerythrityl Tetra-di-t-butyl Hydroxyhydrocinnamate, Potassium Hydroxide, Polysorbate 60, Phenoxyethanol, Titanium Dioxide (CI 77891)

Die Liste der Inhaltsstoffe kann sich ändern. Bitte beachten Sie die Verpackung des gekauften Produkts.
","Eine großzügige Menge auf die saubere, feuchte Haut auftragen und als Peeling einmassieren. Anschließend abspülen und sanft trockentupfen. Für optimale Ergebnisse 2-3 Mal pro Woche, nicht an aufeinanderfolgenden Tagen, anwenden. Danach morgens Hydra Vizor (sehr wichtig, um die Haut vor der Sonne zu schützen) oder abends Instant Reset auftragen.",TRUE,TRUE,TRUE
Fenty Skin - Dew N Plump Hydrating Nectar Glow - Feuchtigkeitsspendendes Nektar-serum - dew N Plump Hydrating Nectar Glow Serum,https://media.sephora.eu/content/dam/digital/pim/published/F/FENTY_SKIN/765581/366586-media_swatch.jpg?scaleWidth=500&scaleHeight=500&scaleMode=fit,"Hol dir den Glow mit einem Serum, das die Haut hydratisiert, aufpolstert, die Hautbarriere stärkt und sofort strahlen lässt. Angetrieben von unserem feuchtigkeitsspendenden SuperQuench Juice Complex, dem barriere-stärkenden Panthenol sowie stark aufpolsternden Polyglutaminsäure- und Hyaluronsäure-Komplex. Dieses Glow-Serum liefert maximale Feuchtigkeit - für keinen Moment trockene, fahle oder ungleichmäßige Haut. --30ml",30ml,34.95,Fenty Skin,Serum,"Aqua/Water/Eau, Aloe Barbadensis Leaf Juice, Glycereth-26, Propanediol, Caprylic/Capric Triglyceride, Coco-Caprylate/Caprate, Citrullus Lanatus (Watermelon) Fruit Juice, Niacinamide, Glycerin, Averrhoa Carambola Fruit Juice, Malpighia Glabra (Acerola) Fruit Juice, 1,2-Hexanediol, Panthenol, Polyglyceryl-3 Methylglucose Distearate, Sodium Hyaluronate, Polyglutamic Acid, Lactobacillus Ferment, Glyceryl Stearate SE, Ethylhexylglycerin, Tromethamine, Carbomer, Acrylates/C10-30 Alkyl Acrylate Crosspolymer, Leuconostoc/Radish Root Ferment Filtrate, Parfum/Fragrance, Benzyl Salicylate, Citrus Aurantium Bergamia Peel Oil, Hexyl Cinnamal, Limonene, Yellow 6 (CI 15985), Red 33 (CI 17200).

Die Liste der Inhaltsstoffe kann sich ändern. Bitte beachte die Verpackung des gekauften Produkts.
","Tagsüber und nachts auf die gereinigte Haut auftragen. Für beste Ergebnisse zweimal täglich verwenden.
Tagsüber anschließend Hydra Vizor auftragen. Nachts anschließend Instant Reset verwenden. Augenpartie aussparen.",TRUE,TRUE,FALSE
Fenty Skin - Fat Water - Toner-serum Mit Niacinamid Zum Verfeinern - fat Water Toner Serum 150ml,https://media.sephora.eu/content/dam/digital/pim/published/F/FENTY_SKIN/533409/226586-media_swatch.jpg?scaleWidth=500&scaleHeight=500&scaleMode=fit,"Die Kraft eines Serums kombiniert mit der Wirkung eines Toners in einem porenverfeinernden Schritt. Reduziert sichtbar Poren und Pigmentflecken, glättet und hydratisiert - ohne die Haut auszutrocknen.--150ml",150ml,34.95,Fenty Skin,Toner,"Aqua/Water/Eau, Hamamelis Virginiana (Witch Hazel) Water, Butylene Glycol, Niacinamide, Polysorbate 20, Leuconostoc/Radish Root Ferment Filtrate, Backhousia Citriodora Leaf Extract, Camellia Oleifera Leaf Extract, Ficus Carica (Fig) Fruit Extract, Ginkgo Biloba Leaf Extract, Hovenia Dulcis Fruit Extract, Malpighia Punicifolia (Acerola) Fruit Extract, Glycerin, Acrylates/C10-30 Alkyl Acrylate Crosspolymer, Citric Acid, Sodium Hydroxide, Benzoic Acid, Potassium Sorbate, Phenoxyethanol, Parfum/Fragrance, Benzyl Salicylate, Hexyl Cinnamal, Limonene, Citrus Aurantium Bergamia Peel Oil, Linalyl Acetate, Red 33 (CI 17200).

Die Liste der Inhaltsstoffe kann sich ändern. Bitte beachte die Verpackung des gekauften Produkts.
","Zum Öffnen drehen und drücken:
Entferne zuerst das obere Frischesiegel (FS-Siegel). Drehe die Kappe vorsichtig nach rechts, drehe das Fläschchen um und drücke darauf. Zum Schließen einfach wieder zurückdrehen. Die Augenpartie bitte aussparen.

Anwendung:
Morgens und abends auf die gereinigte, trockene Haut auftragen. Gib das Produkt in deine Handflächen, klopfe und presse es sanft auf dein Gesicht und lass es gut einziehen.

Tagsüber: Anschließend Hydra Vizor auftragen.

Nachts: Anschließend Instant Reset auftragen.",TRUE,TRUE,FALSE
Fenty Skin - Fat Water Milky - Feuchtigkeitsspendende Milchige Toner-Essenz,https://media.sephora.eu/content/dam/gdam/europe/digital/pim/published/F/FENTY_SKIN/614662/279678-media_swatch.jpg?scaleWidth=750&scaleHeight=750&scaleMode=fit,"Diese Toner-Essenz-Kombination ist ideal für alle, die mehr Feuchtigkeit suchen - ihre reichhaltige, milchige Textur ist vollgepackt mit pflegenden Inhaltsstoffen.

Vegan : Produkte aus natürlich gewonnenen Inhaltsstoffen. --150ml",150ml,34.95,Fenty Skin,Toner,"Aqua/Water/Eau, Propanediol, Glycerin, Squalane, Glyceryl Stearate, Niacinamide, Panthenol, Cocos Nucifera (Coconut) Oil, Pyrus Malus (Apple) Fruit Extract, Hyaluronic Acid, Tamarindus Indica Seed Polysaccharide, Sodium PCA, Magnesium PCA, Zinc PCA, Manganese PCA, Citrullus Lanatus (Watermelon) Seed Oil, Adansonia Digitata Seed Oil, Malpighia Punicifolia (Acerola) Fruit Extract, Camellia Sinensis Leaf Extract, Tocopherol, Ethylhexylglycerin, Hydroxyethylcellulose, Caprylyl Glycol, Hexylene Glycol, Potassium Cetyl Phosphate, Tetrasodium Glutamate Diacetate, Potassium Sorbate, Sodium Hydroxide, Disodium Phosphate, Sodium Benzotriazolyl Butylphenol Sulfonate, Polyacrylate Crosspolymer-6, Polysorbate 60, Sodium Glycolate, Sodium Formate, Sodium Phosphate, Phenoxyethanol, Parfum/Fragrance, Hexyl Cinnamal, Limonene, Linalool, Benzyl Salicylate, Yellow 6 (CI 15985), Red 4 (CI 14700).

Die Liste der Inhaltsstoffe kann sich ändern. Bitte beachte die Verpackung des gekauften Produkts.
","Entfernen Sie das FS-Siegel, schrauben Sie den Deckel ab und drücken Sie die Tube, um das Produkt zu entnehmen. Zum Schließen wieder zuschrauben.

Tagsüber und nachts auf die gereinigte, trockene Haut auftragen. In die Handflächen geben, dann sanft auf das Gesicht klopfen und eindrücken, bis es eingezogen ist.
Tagsüber anschließend Hydra Vizor verwenden. Nachts anschließend Instant Reset auftragen.",TRUE,TRUE,FALSE
Fenty Skin - Hydra Vizor - Feuchtigkeitscreme Mit Niacinamid - hydra Vizor Spf30 30ml,https://media.sephora.eu/content/dam/digital/pim/published/F/FENTY_SKIN/664752/317973-media_swatch.jpg?scaleWidth=500&scaleHeight=500&scaleMode=fit,"Eine leichte Feuchtigkeitscreme mit mineralischem LSF 30, die den Teint sichtbar vereinheitlicht, die Poren verfeinert und die Hautstruktur verbessert. Dieses Produkt verleiht der Haut ein strahlendes Aussehen und stärkt gleichzeitig deren Feuchtigkeitsbarriere. Für alle Hauttypen geeignet, auch für empfindliche Haut. --30ml",30ml,24.95,Fenty Skin,Feuchtigkeitspflege,"Aqua/Water/Eau, Zinc Oxide, C12-15 Alkyl Benzoate, Caprylic/Capric Triglyceride, Butyloctyl Salicylate, Dimethicone, Glycerin, Ethylhexyl Palmitate, Propanediol, Butyrospermum Parkii (Shea) Butter, Carthamus Tinctorius (Safflower) Oleosomes, Glyceryl Stearate SE, Butylene Glycol, Polyhydroxystearic Acid, Sorbitan Isostearate, Cetyl Alcohol, Niacinamide, Pentaerythrityl Tetraisostearate, Phenyl Trimethicone, Silica, Hyaluronic Acid, Sodium Hyaluronate, Citrullus Lanatus (Watermelon) Seed Extract, Adansonia Digitata Pulp Extract, Barosma Betulina Leaf Extract, Aloe Barbadensis Leaf Juice, Tocopherol, Gluconolactone, Inulin Lauryl Carbamate, Hydroxyethyl Acrylate/Sodium Acryloyldimethyl Taurate Copolymer, Xanthan Gum, Hydroxyacetophenone, Polysilicone-11, Trisodium Ethylenediamine Disuccinate, Sodium Citrate, Citric Acid, Benzyl Salicylate, Ethylhexylglycerin, Sodium Benzoate, Potassium Sorbate, Phenoxyethanol, Parfum/Fragrance, Hexyl Cinnamal, Limonene, Linalool, Yellow 6 (CI 15985), Red 33 (CI 17200)

Die Liste der Inhaltsstoffe kann sich ändern. Bitte beachte die Verpackung des gekauften Produkts.
","Die Haut jeden Tag pflegen - keine Ausreden! Tragen Sie die Feuchtigkeitscreme jeden Morgen nach dem Fat Water Toner-Serum auf die saubere, trockene Haut auf. Wenn Sie sich in der Sonne aufhalten, empfehlen wir Ihnen, die Creme alle zwei Stunden erneut aufzutragen, um einen kontinuierlichen Sonnenschutz zu gewährleisten.",TRUE,TRUE,FALSE
Fenty Skin - Hydra Vizor - Feuchtigkeitscreme Mit Niacinamid - hydra Vizor Spf30 30ml,https://media.sephora.eu/content/dam/digital/pim/published/F/FENTY_SKIN/664752/317973-media_swatch.jpg?scaleWidth=500&scaleHeight=500&scaleMode=fit,"Eine leichte Feuchtigkeitscreme mit mineralischem LSF 30, die den Teint sichtbar vereinheitlicht, die Poren verfeinert und die Hautstruktur verbessert. Dieses Produkt verleiht der Haut ein strahlendes Aussehen und stärkt gleichzeitig deren Feuchtigkeitsbarriere. Für alle Hauttypen geeignet, auch für empfindliche Haut.

Diese nachfüllbare Creme mit leichtem Sonnenschutz sorgt für einen ebenmäßigen Hautton, verfeinert die Poren und verleiht der Haut sofort eine Extraportion Spannkraft, während sie gleichzeitig die Feuchtigkeitsbarriere der Haut stärkt. --30ml",30ml,24.95,Fenty Skin,Sonnenschutz,"Aqua/Water/Eau, Zinc Oxide, C12-15 Alkyl Benzoate, Caprylic/Capric Triglyceride, Butyloctyl Salicylate, Dimethicone, Glycerin, Ethylhexyl Palmitate, Propanediol, Butyrospermum Parkii (Shea) Butter, Carthamus Tinctorius (Safflower) Oleosomes, Glyceryl Stearate SE, Butylene Glycol, Polyhydroxystearic Acid, Sorbitan Isostearate, Cetyl Alcohol, Niacinamide, Pentaerythrityl Tetraisostearate, Phenyl Trimethicone, Silica, Hyaluronic Acid, Sodium Hyaluronate, Citrullus Lanatus (Watermelon) Seed Extract, Adansonia Digitata Pulp Extract, Barosma Betulina Leaf Extract, Aloe Barbadensis Leaf Juice, Tocopherol, Gluconolactone, Inulin Lauryl Carbamate, Hydroxyethyl Acrylate/Sodium Acryloyldimethyl Taurate Copolymer, Xanthan Gum, Hydroxyacetophenone, Polysilicone-11, Trisodium Ethylenediamine Disuccinate, Sodium Citrate, Citric Acid, Benzyl Salicylate, Ethylhexylglycerin, Sodium Benzoate, Potassium Sorbate, Phenoxyethanol, Parfum/Fragrance, Hexyl Cinnamal, Limonene, Linalool, Yellow 6 (CI 15985), Red 33 (CI 17200)

Die Liste der Inhaltsstoffe kann sich ändern. Bitte beachte die Verpackung des gekauften Produkts.
","Die Haut jeden Tag pflegen - keine Ausreden! Tragen Sie die Feuchtigkeitscreme jeden Morgen nach dem Fat Water Toner-Serum auf die saubere, trockene Haut auf. Wenn Sie sich in der Sonne aufhalten, empfehlen wir Ihnen, die Creme alle zwei Stunden erneut aufzutragen, um einen kontinuierlichen Sonnenschutz zu gewährleisten.",TRUE,TRUE,FALSE
Fenty Skin - Instant Reset - Nachtcreme Mit Niacinamid Zum Aufhellen Der Haut - instant Reset Night Gel Cream 50ml,https://media.sephora.eu/content/dam/digital/pim/published/F/FENTY_SKIN/533413/226587-media_swatch.jpg?scaleWidth=500&scaleHeight=500&scaleMode=fit,"Bring es mit ins Bett - und wache verwandelt auf. Die beste Overnight-Pflege, die du je hattest: Sie sorgt sofort für verfeinerte Poren, sichtbar reduzierte Pigmentflecken und feine Linien, aufgefüllte Feuchtigkeit und ein pralles, frisches Hautbild. --50ml",50ml,41.95,Fenty Skin,Feuchtigkeitspflege,"Aqua/Water/Eau, Glycerin, Caprylic/Capric Triglyceride, Dicaprylyl Carbonate, Glycereth-26, Niacinamide, Hyaluronic Acid, Sodium Hyaluronate, Panthenol, Tocopheryl Acetate, Citrullus Lanatus (Watermelon) Seed Oil, Backhousia Citriodora Leaf Extract, Cereus Grandiflorus (Cactus) Flower Extract, Hovenia Dulcis Fruit Extract, Adansonia Digitata Seed Oil, Adansonia Digitata Fruit Extract, Camellia Sinensis Leaf Extract, Aloe Barbadensis Leaf Juice, Simmondsia Chinensis (Jojoba) Seed Oil, Tocopherol, Phospholipids, Hydrolyzed Jojoba Esters, Cetearyl Glucoside, Glyceryl Caprylate, Glyceryl Undecylenate, Polyglyceryl-3 Methylglucose Distearate, Hydroxyethyl Acrylate/Sodium Acryloyldimethyl Taurate Copolymer, Cetearyl Alcohol, Ammonium Acryloyldimethyltaurate/Beheneth-25 Methacrylate Crosspolymer, Pentaerythrityl Tetra-Di-T-Butyl Hydroxyhydrocinnamate, Polysorbate 60, Sorbitan Isostearate, Sodium Phytate, Xanthan Gum, Citric Acid, Leuconostoc/Radish Root Ferment Filtrate, Hydroxyacetophenone, Propanediol, Butylene Glycol, Ethylhexylglycerin, Phenoxyethanol, Parfum/Fragrance, Benzyl Salicylate, Hexyl Cinnamal, Linalool, Limonene, Red 4 (CI 14700), Red 33 (CI 17200)

Die Liste der Inhaltsstoffe kann sich ändern. Bitte beachte die Verpackung des gekauften Produkts.
","Unsere nachfüllbare Technologie ist neu für alle! So funktioniert sie: Setzen Sie den Innenbehälter ein, indem Sie das Logo der Nachfüllpackung mit dem Logo des äußeren Behälters ausrichten. Einsetzen und nach unten drücken, bis es klickt! Entfernen Sie die Schutzfolie der Nachfüllpackung. Schrauben Sie den Deckel auf.

Abends nach der Reinigung und nach der Anwendung von Fat Water auf die trockene Haut auftragen.",TRUE,TRUE,FALSE
Fenty Skin - Total Cleans'r Mini - Make-up-entferner Mit Barbados-kirsche - 15 Ml (mini Botf Size),https://media.sephora.eu/content/dam/digital/pim/published/F/FENTY_SKIN/546036/237286-media_swatch.jpg?scaleWidth=500&scaleHeight=500&scaleMode=fit,"Du wäschst dein Gesicht nicht?Dann haben wir ein Problem! Rihanna versichert: Der wichtigste Schritt für strahlende Haut ist, dein Make-up vor dem Schlafengehen zu entfernen. Diese Mini-Reinigung verwandelt diese Aufgabe in einen Cocooning-Moment!


– Die porentiefe Reinigung wird zum Kinderspiel – wir reden hier von langanhaltendem Make-up, Öl, Schmutz und Verschmutzung

– Die cremige Wohlfühl-Formel verwandelt sich in einen dekadenten Schaum, der die Haut nicht auslaugt oder austrocknet

– Reinigt die Poren und bekämpft den ganzen Tag über Glanz

– Mit antioxidativ wirkenden, reinigenden Inhaltsstoffen wie Berberitze und Kokosnuss hergestellt

– Verströmt einen Duft nach Kirschen und Kokosnuss


Vegan : Produkte aus natürlich gewonnenen Inhaltsstoffen. --45 ml",45 ml,16.95,Fenty Skin,Gesichtsreinigung,"Water/Aqua/Eau, Sodium Cocoyl Glycinate, Sodium Cocoamphoacetate, Cocamidopropyl Betaine, Sodium Chloride, Polyglyceryl-10 Laurate, Glycerin, Acrylates/C10-30 Alkyl Acrylate Crosspolymer, Glycol Distearate, Sucrose, Malpighia Punicifolia (Acerola) Fruit Extract, Chaenomeles Sinensis Fruit Extract, Camellia Sinensis Leaf Extract, Ficus Carica (Fig) Fruit Extract, Ginkgo Biloba Leaf Extract, Tocopheryl Acetate, Coconut Acid, Sodium Cocoate, Sodium Metabisulfite, Polyquaternium-7, Sodium Benzotriazolyl Butylphenol Sulfonate, Butylene Glycol, Caprylyl Glycol, Sodium Benzoate, Phenoxyethanol, Parfum/Fragrance, Benzyl Salicylate, Blue 1 (CI 42090), Red 40 (CI 16035), Titanium Dioxide (CI 77891), Yellow 5 (CI 19140), Yellow 6 (CI 15985)

Die Liste der Inhaltsstoffe kann sich ändern. Bitte beachten Sie die Verpackung des gekauften Produkts.
","Für die Anwendung drehen und zusammendrücken: Kappe abnehmen, die Kappe nach rechts drehen, die Tube auf den Kopf stellen und zusammendrücken. Drehe die Kappe erneut, um die Tube zu schließen.



Morgens und abends anwenden, um Make-up, Schmutz und Unreinheiten zu entfernen. Befeuchte die Haut, schäume das Produkt auf und spüle es ab.",TRUE,TRUE,FALSE
Fenty Skin- Cherry Dub - BHA Toner,https://media.sephora.eu/content/dam/gdam/europe/digital/pim/published/F/FENTY_SKIN/748288/359028-media_swatch.jpeg?scaleWidth=750&scaleHeight=750&scaleMode=fit,"Dieser mit BHA angereicherte, klärende Toner ist ein echtes Powerprodukt gegen überschüssiges Öl. Er befreit Poren, hellt die Haut auf, spendet Feuchtigkeit und kontrolliert Glanz - ohne die Haut auszutrocknen. Dein Geheimtipp für weniger Fett und mehr Glow.

- Sanfter, BHA-reicher Toner, der Poren reinigt und verfeinert
- Reduziert sofort und den ganzen Tag überschüssiges Öl
- Triple Cherry Complex hellt die Haut auf und erneuert sie
- Leichte Flüssigkeit zieht sofort ein
- Hinterlässt ein frisches, weiches Hautgefühl
- Mit saftigem Barbados-Kirschduft

✔ Triple Cherry Complex: Hellt auf und klärt die Haut
✔ BHAs (Salicylsäure, Betain-Salicylat): Reinigen Poren und reduzieren Öl
✔ Zink PCA: Kontrolliert Öl
✔ Weidenrindenextrakt: Klärt und verfeinert
✔ Aloe-Saft: Beruhigt

Nicht komedogen. Für alle Hauttypen, besonders fettige und unreine Haut. Vegan, tierversuchsfrei und glutenfrei. --150ml",150ml,34.95,Fenty Ski,Toner,"Aqua/Water/Eau, Malpighia Glabra (Acerola) Fruit Juice, Polysorbate 20, Propanediol, Glycerin, Oleth-20, Zinc PCA, Salicylic Acid, Betaine Salicylate, Malpighia Glabra (Acerola) Fruit Extract, Aloe Barbadensis Leaf Juice Powder, Salix Nigra (Willow) Bark Extract, Lactobacillus, Menthyl Lactate, Sodium Benzotriazolyl Butylphenol Sulfonate, Sodium Hydroxide, Xanthan Gum, Maltodextrin, Leuconostoc/Radish Root Ferment Filtrate, Parfum/Fragrance, Phenoxyethanol, Red 33 (CI 17200), Blue 1 (CI 42090), Yellow 6 (CI 15985).

Die Liste der Inhaltsstoffe kann sich ändern. Bitte beachte die Verpackung des gekauften Produkts.
","Tagsüber und nachts auf die gereinigte, trockene Haut auftragen. Zum Verwenden drehen und drücken: Deckel vorsichtig abschrauben, umdrehen und leicht drücken. Auf die Handflächen oder ein Wattepad geben, dann sanft auf das Gesicht klopfen und eindrücken, bis es eingezogen ist. Augenpartie aussparen.
Tagsüber anschließend Hydra Vizor verwenden. Nachts anschließend Instant Reset auftragen.",TRUE,TRUE,FALSE
First Aid Beauty - Facial Radiance Pads - Glow-wattepads Für Das Gesicht Mit Glycol- Und Milchsäure - facial Radiance Pads 28 Ct,https://media.sephora.eu/content/dam/digital/pim/published/F/FIRST_AID_BEAUTY/716723/338349-media_swatch.jpg?scaleWidth=500&scaleHeight=500&scaleMode=fit,Erfrischt und porentief rein wird sich deine Gesichtshaut nach der Anwendung des Facial Radiance Pads Glycolic and Lactic Acids anfühlen. Es arbeitet mit Mikropartikeln und sorgt für einen strahlenden Teint. --28 pads,28 pads,19.95,First Aid Beauty,Toner,"Aqua/Water/Eau, Aloe Barbadensis Leaf Juice, Glycerin, Cucumis Sativus (Cucumber) Fruit Water, Lactic Acid, Glycolic Acid, Sodium Hydroxide, Phenoxyethanol, Chrysanthemum Parthenium (Feverfew) Extract, Polysorbate 20, Camellia Sinensis Leaf Extract, Citrus Medica Limonum (Lemon) Peel Extract, Citrus Nobilis (Mandarin Orange) Fruit Extract, Glycyrrhiza Glabra (Licorice) Root Extract, Potassium Sorbate, Phyllanthus Emblica Fruit Extract, Sodium Benzoate, Citric Acid, Hyaluronic Acid, Chlorphenesin, EDTA, Tetrasodium EDTA.

Die Liste der Inhaltsstoffe kann sich ändern. Bitte beachte die Verpackung des gekauften Produkts.
","Wann zu verwenden: Einmal oder zweimal täglich.
Anwendung:​ Beginnen Sie mit sauberer, trockener Haut. Wischen Sie mit dem Pad über Gesicht, Hals und Dekolleté. Anschließend Feuchtigkeitscreme und LSF auftragen.
Routine: Anschließend Feuchtigkeitscreme und LSF auftragen.",TRUE,TRUE,TRUE
First Aid Beauty - Hydrating Dewy Gel Cream - Feuchtigkeitscreme Mit Hyaluronsäure + Ceramiden - dewey Gel Cream - 17oz,https://media.sephora.eu/content/dam/gdam/europe/digital/pim/published/F/FIRST_AID_BEAUTY/760124/367754-media_swatch.jpg?scaleWidth=750&scaleHeight=750&scaleMode=fit,"Diese Gel-Creme spendet 24 Stunden Feuchtigkeit, stärkt die Feuchtigkeitsbarriere und macht die Haut frisch, prall und strahlend ohne zu beschweren. Sie verhindert überschüssigen Talg und verstopfte Poren.

Die superleichte, nicht komedogene Formel ist perfekt für fettige und Mischhaut und hat tolle Inhaltsstoffe wie Hyaluronsäure, Ceramide, Squalan und Niacinamid, die die Haut beruhigen, mit Feuchtigkeit versorgen und diese den ganzen Tag über bewahren. Sie ist dabei angenehm leicht und lässt die Haut atmen. --52ml",52ml,29.95,First Aid Beauty,Feuchtigkeitspflege,"Aqua/ Water/ Eau, Glycerin, Squalane, Dimethicone, Phenyl Trimethicone, Betaine, Niacinamide, Pentylene Glycol, Polyglyceryl-3 Polydimethylsiloxyethyl Dimethicone, Propanediol, Sodium Hyaluronate, Ceramide NP, Colloidal Oatmeal, Tocopherol, Sorbitan Isostearate, Decyl Glucoside, Sodium Acryloyldimethyltaurate/VP Crosspolymer, Hydroxyethyl Acrylate Sodium Acryloyldimethyl Taurate Copolymer, Caprylyl Glycol, Ethylhexylglycerin, Butylene Glycol, Dimethicone/Polyglycerin-3 Crosspolymer, Glyceryl Glucoside, Dimethiconol, Polysilicone-11, 1,2-Hexanediol, Hydroxyacetophenone, Hexylene Glycol, Phenoxyethanol, Polysorbate 60.

Die Liste der Inhaltsstoffe kann sich ändern. Bitte beachten Sie die Verpackung des gekauften Produkts.",Morgens und abends gleichmäßig auf die saubere Haut auftragen. Kann allein oder als Ergänzung zu anderen Pflegeprodukten verwendet werden.,TRUE,TRUE,TRUE
First Aid Beauty - Pure Skin Face Cleanser - 2-in-1-gesichtsreiniger - 142 G,https://media.sephora.eu/content/dam/digital/pim/published/F/FIRST_AID_BEAUTY/299769/45414-media_swatch.jpg?scaleWidth=500&scaleHeight=500&scaleMode=fit,"Ein milder und parfümfreier 2-in-1-Gesichtsreiniger, der Make-up und Verunreinigungen wirksam entfernt. Die luftige Textur verwandelt sich beim Kontakt mit Wasser in einen seidigen Schaum, um eine weiche und geschmeidige Haut zu hinterlassen.

- WARUM DAS WIRKT?
Die einzigartige Formel mit Antioxidantien und einem ausgewogenen pH-Wert beruhigt, bringt gereizte bzw. sensible Haut wieder ins Gleichgewicht und schützt sie vor äußeren Einflüssen.

- VERWENDE DIESES PRODUKT BEI:
Jedem Hauttyp, auch bei sensibler Haut.

- UNSERE VERSPRECHEN:
Für sensible Haut geeignet, dermatologisch getestet, ohne Duftstoffe, glutenfrei, nussfrei, sojafrei, vegan, nicht komedogen und nicht an Tieren getestet.
Vegan : Produkte aus natürlich gewonnenen Inhaltsstoffen. --142ml",142ml,20.95,First Aid Beauty,Gesichtsreinigung,"Water/Aqua/Eau, Sodium Cocoyl Isethionate, Glycerin, Stearic Acid, Stearyl Alcohol, Allantoin, Chrysanthemum Parthenium (Feverfew) Extract, Camellia Sinensis Leaf Extract, Glycyrrhiza Glabra (Licorice) Root Extract, Aloe Barbadensis Leaf Juice, Tocopherol, Ascorbyl Palmitate, Caprylyl Glycol, Sodium PCA, Coco-Glucoside, Glyceryl Oleate, Hydroxypropyl Methylcellulose, Hydrogenated Palm Glycerides Citrate, Disodium Cocoamphodiacetate, Lecithin, Phenoxyethanol, Sodium Chloride, Disodium EDTA, Citric Acid, Maltodextrin, Leuconostoc/Radish Root Ferment Filtrate, EDTA

Die Liste der Inhaltsstoffe kann sich ändern. Bitte beachten Sie die Verpackung des gekauften Produkts.
","1. Gesicht anfeuchten und eine haselnussgroße Reinigermenge auf die Fingerspitzen geben.
2. In alle Gesichtspartien leicht einmassieren.
3. Mit Wasser oder einem weichen und nassen Tuch abwaschen. Zweimal täglich, morgens und abends, verwenden.",TRUE,TRUE,TRUE
Fresh - Lotus Moisturizer - Anti-aging-tagescreme Mit Lotus Und Vitamin E - lotus Youth Preserve Moisturizer 50ml,https://media.sephora.eu/content/dam/digital/pim/published/F/FRESH/712358/341714-media_swatch.jpg?scaleWidth=500&scaleHeight=500&scaleMode=fit,"Eine leichte Feuchtigkeitspflege für den täglichen Gebrauch, die die Textur und das Erscheinungsbild feiner Linien glättet und gleichzeitig die Feuchtigkeitsversorgung für strahlende, jugendlich aussehende Haut stärkt. --50ml",50ml,58.95,Fresh,Feuchtigkeitspflege,"Aqua (Water), Glycerin, Propylene Glycol Dicaprylate/Dicaprate, Cetearyl Alcohol, Pentylene Glycol, Caprylic/Capric Triglyceride, Ethylhexyl Palmitate, C10-18 Triglycerides, Betaine, Polyglycerin-3, Nelumbo Nucifera Extract, Citrus Limon (Lemon) Peel Oil, Averrhoa Carambola Leaf Extract, Cucumis Sativus (Cucumber) Fruit Extract, Helianthus Annuus (Sunflower) Seed Oil, Tocopherol, Cetearyl Glucoside, Sorbitol, Caprylyl Glycol, Potassium Cetyl Phosphate, Behenyl Alcohol, Carbomer, Silica, Sodium Pca, Cetyl Alcohol, Stearyl Alcohol, Butylene Glycol, Pentaerythrityl Tetraisostearate, Sodium Hydroxide, Xanthan Gum, Adenosine, Sodium Polyglutamate, Sodium Phytate, Propanediol, Caramel, Chlorphenesin, Sodium Metabisulfite, Potassium Sorbate, Sodium Benzoate, Limonene, Citral <18907>

Die Liste der Inhaltsstoffe kann sich ändern. Bitte beachte die Verpackung des gekauften Produkts.","Wie wird das Produkt richtig verwendet?
Zweimal täglich, morgens und abends, auf die gereinigte Haut auftragen.

Unser Beauty-Tipp?
Bevor Sie Lotus Rescue Mask für das Gesicht auftragen, verwenden Sie den ultra-sanften Soy Face Cleanser, um Ihre Haut von Unreinheiten zu befreien.
Du kannst das Produkt zusammen mit dem Lotus Dream Cream zur Regeneration während der Nacht.",TRUE,TRUE,FALSE
Fresh - Rose Deep Hydration Balancing Emulsion - Leichte Feuchtigkeitscreme Mit Rose - rose Deep Hydration Emulsion 100ml,https://media.sephora.eu/content/dam/digital/pim/published/F/FRESH/657827/321023-media_swatch.jpg?scaleWidth=500&scaleHeight=500&scaleMode=fit,"Eine leichte Feuchtigkeitspflege, die intensiv Feuchtigkeit spendet, das Hautbild verfeinert, das Erscheinungsbild von Poren reduziert und feine Linien sichtbar glättet. Die Haut wird dank Damaszener Rose, Hyaluronsäure und Schafgarbenextrakt gekräftigt und das Produkt zieht schnell ein, sodass die Haut selbst mit Make-up zart wie ein Blütenblatt wirkt. --100ml",100ml,50.95,Fresh,Feuchtigkeitspflege,"Aqua (Water), Glycerin, Limnanthes Alba (Meadowfoam) Seed Oil, Caprylic/Capric Triglyceride, Polyglyceryl-10 Myristate, C9-12 Alkane, 1,2-Hexanediol, Polyglycerin-3, Propanediol, Cellulose, Rosa Damascena Flower Water, Rosa Damascena Extract, Rosa Damascena Flower Extract, Achillea Millefolium Extract, Rosa Damascena Flower Oil, Cucumis Sativus (Cucumber) Fruit Extract, Jojoba Esters, Caprylyl Glycol, Acrylates/C10-30 Alkyl Acrylate Crosspolymer, Sodium Stearoyl Glutamate, Coco-Caprylate/Caprate, Xanthan Gum, Tocopheryl Acetate, Trisodium Ethylenediamine Disuccinate, Sodium Hyaluronate, Butylene Glycol, Sodium Hydroxide, Pentylene Glycol, Citric Acid, Tocopherol, Chlorphenesin, Sodium Benzoate, Potassium Sorbate, Citronellol, Geraniol

Die Liste der Inhaltsstoffe kann sich ändern. Bitte beachte die Verpackung des gekauften Produkts.
","Gib 2 Pumpstöße des Produkts in deine Hände und trage es täglich, morgens und abends, auf Gesicht und Hals auf.",TRUE,TRUE,FALSE
Fresh - Rose Facial Toner - Euchtigkeitsspendender Toner Mit Rose Und Hyaluronsäure - 250 Ml,https://media.sephora.eu/content/dam/digital/pim/published/F/FRESH/387162/32589-media_swatch.jpg?scaleWidth=500&scaleHeight=500&scaleMode=fit,"Ein feuchtigkeitsspendender Toner mit Damaszener-Rose und Hyaluronsäure, der die Hautbarriere kräftigt und für sichtbar verfeinerte Poren wie auch weiche Haut sorgt.

Dieser meistgekaufte, alkoholfreie Toner verschafft eine kräftige Hautbarriere, beseitigt Unreinheiten und verleiht ein gut mit Feuchtigkeit versorgtes, gesundes Aussehen. Damaszener-Rose kräftigt die Haut, um Feuchtigkeit gut zu speichern, und Rosenfruchtextrakt unterstützt eine sichtbare Verkleinerung der Poren sichtbar, sodass die Haut weich und klar wirkt. Und ja, das sind echte Rosenblätter.

Das gewisse Extra?
Neben ihrem Gehalt an Hyaluronsäure besticht diese durch eine luxuriöse Textur und einen fesselnden Duft. In der unvergleichlich sinnlichen Formel sind echte Rosenblätter als Suspension enthalten. --200ml",200ml,49.95,Fresh,Toner,"Aqua (Water), Glycerin, Propanediol, 1,2-Hexanediol, Polyglycerin-3, Rosa Centifolia Flower, Rosa Damascena Flower Water, Rosa Damascena Extract, Rosa Multiflora Fruit Extract, Rosa Damascena Flower Extract, Angelica Keiskei Leaf/Stem Extract, Rosa Damascena Flower Oil, Butylene Glycol, Sodium Citrate, Citric Acid, Xanthan Gum, Sodium Hyaluronate, Caprylyl Glycol, Chlorphenesin, Sodium Benzoate, Potassium Sorbate, Citronellol, Geraniol

Die Liste der Inhaltsstoffe kann sich ändern. Bitte beachte die Verpackung des gekauften Produkts.","Wie trage ich das Gesichtswasser auf? Mit einem Wattepad auf Gesicht und Hals auftragen. Täglich morgens und abends nach der Reinigung, aber vor Serum und Feuchtigkeitspflege verwenden.",TRUE,TRUE,FALSE
Fresh - Sugar Face Polish Exfoliator -gesichtspeeling Mit Rohrzucker Und Vitamin C - sugar Sugar Face Polish 125g,https://media.sephora.eu/content/dam/digital/pim/published/F/FRESH/742515/358347-media_swatch.jpg?scaleWidth=500&scaleHeight=500&scaleMode=fit,"Das Gesichtspeeling Sugar Face Polish ist ein pflegendes und sanftes Peeling, das die Haut im Gesicht mit Feuchtigkeit versorgt. Es besteht aus braunem Zucker, der die Feuchtigkeit bindet, echten Erdbeerkernen und einer Mischung aus ätherischen Ölen. Die innovative Formel verfeinert das Hautbild sofort und verleiht dem Gesicht mehr Strahlkraft. Als echtes 2-in-1-Produkt ist dieses Zuckerpeeling auch als Maske geeignet, um Ihre Haut optimal mit Feuchtigkeit zu versorgen. 97 % der Anwenderinnen haben ein verfeinertes Hautbild sowie eine weichere und geschmeidigere Haut festgestellt*.

Das gewisse Extra?
Der süße Zitrusduft des Peelings macht die gründliche Reinigung Ihres Gesichts zu einem echten Genuss. Ideal, um beginnende Unreinheiten in Schach zu halten, die Poren zu verfeinern und Unreinheiten und andere Schmutzpartikel loszuwerden, damit Ihre Haut besser auf die tägliche Pflege vorbereitet ist.

Für welchen Hauttyp?
Das Gesichtspeeling ist für alle Hauttypen geeignet, von trockener über Mischhaut bis hin zu fettiger Haut.

Die Vorteile?
- Sanftes Peeling für die Haut mit Beseitigung von abgestorbenen Hautzellen
- Verfeinert das Hautbild
- Versorgt die Haut mit Feuchtigkeit und Nährstoffen

Unsere Beauty-Tipps:
- Bevor Sie ein Peeling auftragen, verwenden Sie den extra-milden Soy Face Cleanser, um Ihre Haut von Unreinheiten zu befreien.
- Als Peeling und Gesichtsmaske in einem ist das Sugar Face Polish ein echtes 2-in-1-Pflegeprodukt. Zuerst peelen Sie damit Ihre Haut und dann lassen Sie das Peeling noch 5 bis 10 Minuten einwirken, bevor Sie sie abspülen.

*Selbstbeurteilung von 32 Testpersonen über einen Zeitraum von 4 Wochen --125g",125g,65.95,Fresh,Gesichtsreinigung,"Sucrose, Propylene Glycol Dicaprylate/Dicaprate, Stearalkonium Hectorite, Caprylic/Capric Glycerides Polyglyceryl -10 Esters, Parfum (Fragrance), Fragaria Vesca (Strawberry) Fruit Extract, Candelilla Cera (Euphorbia Cerifera (Candelilla) Wax), Mangifera Indica (Mango) Seed Butter, Propylene Carbonate, Limonene, Limnanthes Alba (Meadowfoam) Seed Oil, Vitis Vinifera (Grape) Seed Oil, Prunus Domestica Seed Oil, Tocopheryl, Acetate, Glycerin, Fructose, Glucose, Aqua (Water), Caramel, Potassium Sorbate, Citral, Linalool <10273/A>

Die Liste der Inhaltsstoffe kann sich ändern. Bitte beachten Sie die Verpackung des gekauften Produkts","Wie trage ich ein Peeling richtig auf?
Tragen Sie das Zuckerpeeling sanft auf die mit Soy Face Cleanser gereinigte und zuvor angefeuchtete Haut auf und sparen Sie dabei die Augenpartie aus. Lassen Sie es 5 bis 10 Minuten einwirken und spülen Sie es dann mit lauwarmem Wasser ab. Das Sugar Face Polish kann 3- bis 4-mal pro Woche verwendet werden.",TRUE,TRUE,FALSE
Fresh - Sugar Strawberry Exfoliating Face Wash - Gesichtspeeling - sugar Strawberry Scrub 50ml 24,https://media.sephora.eu/content/dam/digital/pim/published/F/FRESH/714623/341720-media_swatch.jpg?scaleWidth=500&scaleHeight=500&scaleMode=fit,"Ein sanft peelender Gesichtsreiniger, der Unreinheiten und überschüssigen Talg entfernt, ohne auszutrocknen – für feinere Poren und glatte, weiche Haut.

Schmutz und abgestorbene Hautzellen werden mit diesem täglichen Peeling einfach weggeschrubbt. Es enthält echte Erdbeeren und Zuckerkristalle, die mit der Haut verschmelzen und sie besonders glatt machen. Der Gesichtsreiniger reinigt und peelt in nur einem Schritt. Dabei wird die Hautstruktur geglättet und der Feuchtigkeitshaushalt ausgeglichen.

Das kleine Extra?
Mit dem Gesichtspeeling Sugar Strawberry Exfoliating Face Wash integrieren Sie das tägliche Peeling problemlos in Ihren Alltag. Freuen Sie sich auf geschmeidige, glatte und (zuckerkristall-)klare Haut!

Für welchen Hauttyp?
Das Gesichtsscrub eignet sich für alle Hauttypen, selbst für sehr empfindliche Haut.

Die Vorteile?
Peelt und reinigt – alles in einem
Verfeinert sanft die Hauttextur mit schmelzendem Zucker
Versorgt die Haut mit Feuchtigkeit für ein geschmeidiges, glattes Finish

Die Inhaltsstoffe?
Eine spezielle Mischung aus weißen Zuckerkristallen glättet die Haut und macht sie weich.
Schwarzer Johannisbeer- und Erdbeerextrakt sorgen für einen gesund aussehenden Teint.
Traubenkernöl hilft, Feuchtigkeit zu speichern.
Extrakte aus der Seifennussschale reinigen die Haut sanft.
Naturality : Produkte aus natürlich gewonnenen Inhaltsstoffen. --125ml",125ml,15.95,Fresh,Gesichtsreinigung,"Glycerin, Sucrose, Butylene Glycol, Fragaria Ananassa (Strawberry) Fruit Juice, Polyglyceryl-4 Oleate, Ribes Nigrum (Black Currant) Fruit Extract, Zea Mays (Corn) Starch, Vitis Vinifera (Grape) Seed Oil, Quillaja Saponaria Bark Extract, Tocopherol, Parfum (Fragrance), Carbomer, Aqua (Water), Sodium Hydroxide, Ascorbic Acid, Citric Acid, Sodium Benzoate, Potassium Sorbate, Limonene, Citral, Benzyl Alcohol, Linalool <19371>

Die Liste der Inhaltsstoffe kann sich ändern. Bitte beachte die Verpackung des gekauften Produkts.","Gesichtspeeling richtig anwenden:

Tragen Sie das Gesichtsscrub auf die feuchte Haut auf und massieren Sie es sanft mit warmem Wasser ein, bis sich der Zucker auflöst, dann spülen Sie es ab. Für eine individuelle Reinigung und ein sanfteres Peeling verwenden Sie mehr Wasser. Das Zuckerpeeling kann täglich angewandt werden.

Unser Beauty-Tipp?

- Für eine sanfte Reinigung des Gesichts: Fügen Sie Sugar Strawberry Exfoliating Face Wash etwas mehr Wasser hinzu und spülen Sie den Gesichtsreiniger sofort ab. Für ein tiefenwirksames Peeling: Benutzen Sie weniger Wasser und lassen Sie das Peeling etwas länger einwirken.
- Wenden Sie zum Abschluss Ihres Gesichtspflege-Rituals die Feuchtigkeitspflege Rose Face Cream an",TRUE,TRUE,FALSE
Fresh - Vitamin Nectar Glow Face Creamvitamin Gesichtscreme - 50 Ml,https://media.sephora.eu/content/dam/digital/massivpimupload/F/FRESH/404111/9787-media_swatch.jpg?scaleWidth=500&scaleHeight=500&scaleMode=fit,"Die feuchtigkeitsspendende Gesichtscreme Vitamin Nectar Moisture Glow Face Cream ist die perfekte Pflege für jede Haut, die sofortiger Energie bedarf.
Diese mit einem exklusiven Komplex aus Früchten mit den Vitaminen C, E und B5, Zitronen- und Orangenextrakt sowie regenerierenden Mineralien formulierte Pflege wirkt Anzeichen von Müdigkeit entgegen und verstärkt die natürliche Ausstrahlung der Haut.
Die seidige Textur dieser Creme entwickelt mühelos ihre feuchtigkeitsspendende Wirkung, ohne einen Film auf der Haut zu hinterlassen.
Naturality : Produkte aus natürlich gewonnenen Inhaltsstoffen. --50 ml",50 ml,54.95,Fresh,Feuchtigkeitspflege,"Aqua (Water), Glycerin, Pentylene Glycol, Ethylhexyl Isononanoate, Polyglyceryl-6 Stearate, Polyglycerin-3, Caprylic/Capric Triglyceride, Jojoba Esters, Propanediol, Sodium Polyacrylate, Ethylhexyl Palmitate, Stearic Acid, Caprylyl Glycol, Chlorphenesin, Polyglyceryl-6 Behenate, Acrylates/C10-30 Alkyl Acrylate Crosspolymer, Parfum (Fragrance), Sodium Stearoyl Glutamate, Tocopheryl Acetate, Xanthan Gum, Trisodium Ethylenediamine Disuccinate, Glucosyl Hesperidin, Limonene, Sodium Hydroxide, Ascorbyl Tetraisopalmitate, Panthenol, Sodium Hyaluronate, Magnesium Aspartate, Zinc Gluconate, Vaccinium Myrtillus Fruit Extract, Linalool, Caramel, Saccharum Officinarum (Sugar Cane) Extract, Copper Gluconate, Citral, Citrus Aurantium Dulcis (Orange) Fruit Extract, Citrus Limon (Lemon) Fruit Extract, Tocopherol, Acer Saccharum (Sugar Maple) Extract

Die Liste der Inhaltsstoffe kann sich ändern. Bitte beachte die Verpackung des gekauften Produkts.","Die Pflege wird morgens und/oder abends verwendet, wann immer die Haut Anzeichen von Erschöpfung zeigt.
Sie kann mit der Maske aus derselben Reihe verwendet werden, um augenblickliche Ergebnisse zu erzielen.",TRUE,TRUE,FALSE
Glow Recipe - Avocado Ceramide - Serum Gegen Rötungen - 30 Ml,https://media.sephora.eu/content/dam/digital/pim/published/G/GLOW_RECIPE/548189/241142-media_swatch.jpg?scaleWidth=500&scaleHeight=500&scaleMode=fit,"Ein Serum, das entwickelt wurde, um die Hautbarriere zu stärken. Die Formel mit Ceramiden und Avocado, die reich an Antioxidantien ist, beruhigt die Haut und reduziert sichtbar das Erscheinungsbild von Rötungen und Trockenheit, die durch eine geschwächte Hautbarriere hervorgerufen werden. --30 ml",30 ml,44.95,Glow Recipe,Serum,"Water/Aqua/Eau, Glycerin, Jojoba Esters, Persea Gratissima (Avocado) Oil, Persea Gratissima (Avocado) Fruit Extract, Niacinamide, Ceramide NP, Ceramide NS, Ceramide AP, Ceramide EOP, Ceramide EOS, Hydrolyzed Rice Protein, Allantoin, Oryza Sativa (Rice) Bran Oil, Bisabolol, Zingiber Officinale (Ginger) Root Extract, Tocopheryl Acetate, Palmitoyl Tripeptide-8, Vitis Vinifera (Grape) Fruit Extract, Cetearyl Olivate, Potassium Palmitoyl, Hydrolyzed Wheat Protein, Boswellia Serrata Extract, Populus Tremuloides Bark Extract, Caprylic/CapricTriglyceride, Sodium Phytate, Cetyl Alcohol, Behenic Acid, Cholesterol, Ethylhexylglycerin, Elettaria Cardamomum Seed Extract, Jasminum Officinale (Jasmine) Flower/Leaf Extract, Chlorophyllin-Copper Complex (CI 75810), Camellia Sinensis Leaf Extract, Cananga Odorata Flower Extract, Gardenia Jasminoides Fruit Extract, Maltodextrin, Caprooyl Phytosphingosine, Caprooyl Sphingosine, Cucumis Melo (Melon) Fruit Extract, Cucumis Sativus (Cucumber) Fruit Extract, Pyrus Malus (Apple) Fruit Extract, Rose Extract, Rubus Idaeus (Raspberry) Leaf Extract, Hydroxyacetophenone, Xanthan Gum, Butylene Glycol, Carbomer, Sorbitan Olivate, 1,2-Hexanediol, Caprylyl Glycol, Hydrogenated Vegetable Oil, Lavandula Angustifolia (Lavender) Flower/Leaf/StemExtract, Santalum Album (Sandalwood) Wood Extract, Acetate, Ceteareth-25, Sodium Hydroxide.

Die Liste der Inhaltsstoffe kann sich ändern. Bitte beachten Sie die Verpackung des gekauften Produkts","- Gib nach dem Reinigen, Tonisieren und Auftragen deiner Augencreme ein bis zwei Pumpstöße in deine Handfläche.

- Klopfe das Produkt sanft auf dein leicht feuchtes Gesicht und deinen Hals auf, bis es vollständig eingezogen ist.

- Trage deine bevorzugte Feuchtigkeitspflege auf.

- Täglich morgens und abends verwenden.

",FALSE,TRUE,FALSE
Glow Recipe - Blackberry Retinol - Blemish Serum - blackberry Retinol Serum,https://media.sephora.eu/content/dam/digital/pim/published/G/GLOW_RECIPE/728554/348420-media_swatch.jpg?scaleWidth=500&scaleHeight=500&scaleMode=fit,"Ein innovatives Dreifach-Retinoid-Serum, das Poren öffnet und gleichzeitig das Erscheinungsbild von Unreinheiten, Pigmentflecken und Fältchen sichtbar reduziert. --30 ml",30 ml,53.95,Glow Recipe,Serum,"Water/Aqua/Eau, Glycerin, Squalane, Neopentyl Glycol Diheptanoate, Ectoin, Limnanthes Alba Seed Oil, Rubus Fruticosus Fruit Extract, Bisabolol, Retinyl Linoleate, Epilobium Angustifolium Flower/Leaf/Stem Extract, Tocopheryl Acetate, Aloe Barbadensis Leaf Juice, Retinal, Hibiscus Sabdariffa Fruit Extract, Retinol, Tocopherol, Zingiber Officinale Root Extract, Sorbitan Isostearate, Erythritol, Citric Acid, Hydroxyethyl Acrylate/Sodium Acryloyldimethyl Taurate Copolymer, Ethylhexylglycerin, Sodium Phytate, Ammonium Polyacryloyldimethyl Taurate, Glycine Soja Oil, Sodium Hydroxide, Chlorphenesin, Phenoxyethanol, Fragrance/Parfum

Die Liste der Inhaltsstoffe kann sich ändern. Bitte beachte die Verpackung des gekauften Produkts.",Jeden zweiten Abend nach der Reinigung eine dünne Schicht auf Gesicht und Hals auftragen.,TRUE,TRUE,FALSE
"Glow Recipe - Blueberry Bounce - Milde Reinigung

",https://media.sephora.eu/content/dam/gdam/europe/digital/pim/published/G/GLOW_RECIPE/520036/241149-media_swatch.jpg?scaleWidth=750&scaleHeight=750&scaleMode=fit,"Eine milde Reinigung und ein Make-up-Entferner, vollgepackt mit Antioxidantien aus Heidelbeeren, Hyaluronsäure und milden AHA.


Vegan : Produkte aus natürlich gewonnenen Inhaltsstoffen. --30ml",30ml,9.95,Glow Recipe,Gesichtsreinigung,"Water/Aqua/Eau, Decyl Glucoside, Caulerpa Lentillifera Extract, Beta-Glucan, Sodium Hyaluronate, Vaccinium Angustifolium (Blueberry) Fruit, Glycolic Acid, Lactic Acid, Physalis Peruviana Fruit Extract, Rubus Idaeus (Raspberry) Fruit, Arctostaphylos Uva-Ursi Leaf Extract, Morus Nigra Fruit Extract, Vaccinium Myrtillus Fruit Extract, Scutellaria Baicalensis Root Extract, Paeonia Suffruticosa Root Extract, Glycyrrhiza Glabra (Licorice) Root Extract, Betaine, Sodium Chloride, Glycerin, 1,2-Hexanediol, Butylene Glycol, Fragrance/Parfum.


Die Liste der Inhaltsstoffe kann sich ändern. Bitte beachten Sie die Verpackung des gekauften Produkts ","Anwendung als Reinigung:

- Verteile einen Pumpstoß in den feuchten Handflächen und reibe deine Hände, um einen schönen Schaum zu erzeugen.

- Massiere das Produkt sanft auf die feuchte Haut ein.

- Gründlich mit Wasser abspülen.

- Fahre anschließend wie gewohnt mit deiner üblichen Hautpflegeroutine fort.



Anwendung als Make-up-Entferner:

- Verteile zwei Pumpstöße in den feuchten Handflächen und massiere Gesicht und Hals eine ganze Minute lang sanft mit kleinen kreisenden Bewegungen, um alle Spuren von Make-up zu beseitigen.

- Gründlich mit Wasser abspülen.

- Fahre anschließend wie gewohnt mit deiner üblichen Hautpflegeroutine fort.



Anwendung als Maske:

- Trage eine großzügige Schicht auf die gereinigte und trockene Haut auf.

- Nach fünf Minuten gründlich mit lauwarmem Wasser abspülen.

- Fahre anschließend wie gewohnt mit deiner üblichen Hautpflegeroutine fort.",TRUE,TRUE,FALSE
Glow Recipe - Cloudberry Bright - Feuchtigkeitscreme - cloudberry Bright Moisture Cream,https://media.sephora.eu/content/dam/digital/pim/published/G/GLOW_RECIPE/745373/358217-media_swatch.jpg?scaleWidth=500&scaleHeight=500&scaleMode=fit,"Eine Feuchtigkeitscreme mit Antioxidantien, die intensiv und langanhaltend Feuchtigkeit spendet, während sie den Teint klärt und ebenmäßiger erscheinen lässt. --50ml",50ml,43.95,Glow Recipe,Feuchtigkeitspflege,"Water/Aqua/Eau, Carthamus Tinctorius Seed Oil, Caprylic/Capric Triglyceride, Glycerin, C10-18 Triglycerides, Ricinus Communis Seed Oil, Cetearyl Alcohol, Glyceryl Stearate Citrate, Rubus Chamaemorus (Cloudberry) Seed Oil, Ubiquinone*, Copper Tripeptide-1, Palmitoyl Tripeptide-5, Hyaluronic Acid, Bisabolol, Zingiber Officinale Root Extract, Chenopodium Quinoa Seed Extract, Mannose, Sodium Mannose Phosphate, Daucus Carota Sativa Root Extract, Glycine Max Seed Extract, Oryza Sativa Extract, Saccharide Isomerate, Panax Ginseng Root Extract, Trisodium Ethylenediamine Disuccinate, Copernicia Cerifera Cera, Coco-Caprylate/Caprate, Sorbitan Isostearate, Rhizobian Gum, Butylene Glycol, C9-12 Alkane, Hydroxyethyl Acrylate/Sodium Acryloyldimethyl Taurate Copolymer, Cetyl Alcohol, Glyceryl Caprylate, 1,2-Hexanediol, Hydrogenated Castor Oil, Sodium Citrate, Xanthan Gum, Cetearyl Glucoside, Acacia Senegal Gum, Citric Acid, Ethylhexylglycerin, Phenoxyethanol, Fragrance/Parfum.

Die Liste der Inhaltsstoffe kann sich ändern. Bitte beachten Sie die Verpackung des gekauften Produkts.","Nach dem Serum morgens und abends eine erbsengroße Menge auf die gereinigte Haut auftragen. Klopfe das Produkt sanft ein, bis es vollständig eingezogen ist.",TRUE,TRUE,FALSE
Glow Recipe - Cloudberry Bright - Gesichtstonikum - cloudberry Bright Essence Toner,https://media.sephora.eu/content/dam/digital/pim/published/G/GLOW_RECIPE/746109/358218-media_swatch.jpg?scaleWidth=500&scaleHeight=500&scaleMode=fit,"Das konzentrierte Gesichtswasser aus Sumpfmaulbeere, einer Superfrucht mit hohem Vitamin-C-Gehalt, und dem starken Antioxidans CoQ10 macht den Teint ebenmäßiger und bringt fahle Haut zum Leuchten.


Diese wirkungsvolle Pflege gleicht den Teint aus, reduziert Hyperpigmentierungen, spendet Feuchtigkeit und macht stumpfe, feuchtigkeitsarme Haut geschmeidig, sodass sie sichtbar strahlender wirkt. Die vielseitige Formel funktioniert auch als Serum-Booster. Verwende sie als erstes Produkt nach der Reinigung, um die Absorption und Wirkung deiner restlichen Routine zu maximieren. --75ml",75ml,18,Glow Recipe,Toner,"Water/Aqua/Eau, Glycerin, Rubus Chamaemorus (Cloudberry) Fruit Extract, Ubiquinone*, Lactobacillus, Rubus Chamaemorus (Cloudberry) Seed Oil, Collagen Amino Acids, Oat Amino Acids, Oryza Sativa (Rice) Bran, Tocopherol, Ethyl Olivate, Algin, Capsicum Annuum Fruit Extract, Caprylic/Capric Triglyceride, Brassica Oleracea Capitata Leaf Extract, Dextrin, Molasses, Sodium Citrate, Butylene Glycol, Hydrogenated Lecithin, Cholesterol, Mentha Arvensis Extract, Barosma Betulina Leaf Extract, Citrus Limon Peel Oil, Scutellaria Baicalensis Root Extract, Paeonia Suffruticosa Root Extract, Glycyrrhiza Glabra Root Extract, Rosa Damascena Flower Water, Citrus Aurantium Bergamia Fruit Oil, Litsea Cubeba Fruit Oil, Citrus Nobilis Peel Oil, Juniperus Virginiana Oil, Elettaria Cardamomum Seed Oil, Amyris Balsamifera Bark Oil, 1,2-

Die Liste der Inhaltsstoffe kann sich ändern. Bitte beachten Sie die Verpackung des gekauften Produkts","Täglich morgens und abends nach der Reinigung und vor jeder anderen Hautpflege anwenden.

Verteile 1-2 Pumpstöße in deinen Handflächen und klopfe das Produkt dann sanft auf Gesicht und Hals.

Profi-Tipp: Trage das Serum nach der Reinigung als ersten Pflegeschritt deiner Routine auf, um die Aufnahme des Serums zu fördern und seine Wirkung zu maximieren.",FALSE,TRUE,FALSE
Glow Recipe - Guava Vitamin C - Serum Gegen Pigmentflecken - 30 Ml,https://media.sephora.eu/content/dam/digital/pim/published/G/GLOW_RECIPE/570833/268634-media_swatch.jpg?scaleWidth=500&scaleHeight=500&scaleMode=fit,"Dieses Serum mit aufhellender Wirkung wurde speziell entwickelt, um das Erscheinungsbild von Pigmentflecken zu reduzieren. Es enthält fünf Formen von Vitamin C, Guave, Tranexamsäure und Ferulasäure und sorgt für eine sichtbar strahlende, ebenmäßige Haut.
Das Produkt ist vegan und besteht aus natürlich gewonnenen Inhaltsstoffen. --30 ml",30 ml,44.95,Glow Recipe,Serum,"Water/Aqua/Eau, Propanediol, C9-12 Alkane, Psidium Guajava Fruit Extract, Tetrahexyldecyl Ascorbate, Tranexamic Acid, Sodium Polyacryloyldimethyl Taurate, 3-O-Ethyl Ascorbic Acid, Ascorbyl Glucoside, Magnesium Ascorbyl Phosphate, Sodium Ascorbyl Phosphate, Psidium Guajava Seed Oil, Tocopherol, Tocopheryl Acetate, Sodium Hyaluronate, Ferulic Acid, Tremella Fuciformis Sporocarp Extract, Pyrus Malus (Apple) Fruit Extract, Musa Sapientum (Banana) Fruit Extract, Prunus Armeniaca (Apricot) Kernel Extract, Pyrus Communis (Pear) Fruit Extract, Rubus Idaeus (Raspberry) Fruit Extract, Melia Azadirachta Flower Extract, Melia Azadirachta Leaf Extract, Corallina Officinalis Extract, Coccinia Indica Fruit Extract, Hexanoyl Dipeptide-3 Norleucine Acetate, Polyglyceryl-10 Dioleate, Glycerin, 1,2-Hexanediol, Caprylic/Capric Triglyceride, Caprylyl Glycol, Hydroxyacetophenone, Sodium Stearoyl Glutamate, Coco-Caprylate/Caprate, Betaine, Lecithin, Polyglyceryl-10 Dipalmitate, Sodium Citrate, Sodium Phytate, Potassium Sorbate, Decyl Glucoside, Lauryl Glucoside, Ethylhexylglycerin, Citric Acid, Xanthan Gum, Phenoxyethanol.

Die Liste der Inhaltsstoffe kann sich ändern. Bitte beachte die Verpackung des gekauften Produkts.
","Anwendungstipp:
 - Trage ein bis zwei Pumpstöße auf die gereinigte Haut auf und klopfe sie sanft in die Haut ein, damit das Produkt optimal einziehen kann.
 - Täglich, morgens und abends, auftragen und anschließend eine Feuchtigkeitscreme verwenden.
 - Vergiss nicht, tagsüber auch einen Sonnenschutz aufzutragen.
 - Verwende das Serum bei empfindlicher Haut drei- bis viermal pro Woche und steigere die Anwendung allmählich.
 - Für eine maximale Wirksamkeit solltest du das Produkt an einem kühlen, trockenen Ort ohne direkte Sonneneinstrahlung aufbewahren.",TRUE,TRUE,TRUE
Glow Recipe - Papaya Sorbet - Reinigungsbalsam Mit Enzymen - 100ml,https://media.sephora.eu/content/dam/digital/pim/published/G/GLOW_RECIPE/541440/241136-media_swatch.jpg?scaleWidth=500&scaleHeight=500&scaleMode=fit,"Dieser Reinigungsbalsam glättet das Hautbild mit natürlichen Papaya-Enzymen und entfernt dabei effektiv hartnäckiges Make-up, Unreinheiten, Öl und Sonnenschutzfilter.
Das Produkt ist vegan und besteht aus natürlich gewonnenen Inhaltsstoffen. --100 ml",100 ml,31.95,Glow Recipe,Gesichtsreinigung,"Cetyl Ethylhexanoate, Sorbitan Oleate, Prunus Armeniaca (Apricot) Kernel Oil, Polyethylene, Water/Aqua/Eau, Camellia Japonica Seed Oil, Caprylic/Capric Triglyceride, Carica Papaya (Papaya) Seed Oil, Pentylene Glycol, Carica Papaya (Papaya) Fruit Extract, Papain, Vaccinium Angustifolium (Blueberry) Fruit Extract, Fragaria Ananassa (Strawberry) Fruit Extract, Alkanna Tinctoria Root Extract, Capsicum Annuum Fruit Extract, Maltodextrin, Levulinic Acid, Sodium Metabisulfite

Die Liste der Inhaltsstoffe kann sich ändern. Bitte beachten Sie die Verpackung des gekauften Produkts.
","Verteile die Formel sanft auf der trockenen Haut und mache mit trockenen Händen bis zu einer Minute lang kreisende Bewegungen. Konzentriere dich dabei auf die Bereiche mit dem meisten Make-up.
 Gib Wasser hinzu, um eine Emulsion zu erzeugen, und massiere dann weiter.
 Gründlich mit lauwarmem Wasser abspülen.",TRUE,TRUE,TRUE
Glow Recipe - Plum Plump™ Hyaluronic - Feuchtigkeitspflege - 50 Ml,https://media.sephora.eu/content/dam/digital/pim/published/G/GLOW_RECIPE/579184/269514-media_swatch.jpg?scaleWidth=500&scaleHeight=500&scaleMode=fit,"Eine feuchtigkeitsspendende, ausgleichende Gel-Creme mit üppiger Textur in einem nachfüllbaren Tiegel, angereichert mit Polyglutaminsäure, Hyaluronsäure und Pflaume für eine sichtbar aufgepolsterte und strahlende Haut. --50 ml",50 ml,38.95,Glow Recipe,Feuchtigkeitspflege,"Water/Aqua/Eau, Propanediol, Glycerin, C13-15 Alkane, Caprylic/Capric Triglyceride, C9-12 Alkane, Prunus Domestica Seed Oil*, Pentylene Glycol, Squalane, Terminalia Ferdinandiana Seed Oil*, Hyaluronic Acid, Sodium Acetylated Hyaluronate, Sodium Hyaluronate, Davidsonia Jerseyana Fruit Extract*, Terminalia Ferdinandiana Fruit Powder*, Podocarpus Elatus Fruit Extract*, Polyglutamic Acid, Pleiogynium Timoriense Fruit Extract*, Sodium Hyaluronate Crosspolymer, Hydrolyzed Sodium Hyaluronate, Epilobium Fleischeri (Alpine Willowherb) Flower/Leaf/Stem Extract, Niacinamide, Acrylates/C10-30 Alkyl Acrylate Crosspolymer, Xylitylglucoside, Isononyl Isononanoate, Caprylyl Glycol, Anhydroxylitol, Cetearyl Alcohol, Glyceryl Stearate, Arginine, Ethylhexylglycerin, Sodium Chloride, Xylitol, Stearic Acid, Tremella Fuciformis Polysaccharide, Sodium Lauroyl Glutamate, Eclipta Prostrata Extract, Glucose, Potassium Phosphate, Butylene Glycol, Melia Azadirachta Leaf Extract, Hydroxypropylcellulose, Alaria Esculenta Extract, Sodium Phosphate, Potassium Chloride, Melia Azadirachta Flower Extract, Corallina Officinalis Extract, 1,2-Hexanediol, Moringa Oleifera Seed Oil, Coccinia Indica Fruit Extract, Citric Acid, Potassium Sorbate, Solanum Melongena (Eggplant) Fruit Extract, Aloe Barbadensis Flower Extract, Gluconolactone, Simmondsia Chinensis (Jojoba) Seed Oil, Curcuma Longa (Turmeric) Root Extract, Ocimum Basilicum (Basil) Flower/Leaf Extract, Ocimum Sanctum Leaf Extract, Silica, Sodium Hydroxide, Sodium Benzoate, Phenoxyethanol, Fragrance/Parfum**. *Plum Extracts/Oils **Natural Fragrance

Die Liste der Inhaltsstoffe kann sich ändern. Bitte beachten Sie die Verpackung des gekauften Produkts","- Trage nach der Verwendung deines Serums morgens und abends eine kleine Menge auf die gereinigte Haut auf.
- Klopfe das Produkt sanft in dein Gesicht ein, bis es vollständig eingezogen ist.

So setzt du die Nachfüllpackung ein:
- Setze die Nachfüllpackung in den Tiegel und drücke, bis sie einrastet.
- Entferne den Film von der Nachfüllpackung.
- Zusätzliche Nachfüllpackungen sind separat erhältlich",TRUE,TRUE,FALSE
Glow Recipe - Pomegranate Peptide - Straffendes Serum - 30 Ml,https://media.sephora.eu/content/dam/digital/pim/published/G/GLOW_RECIPE/654156/318845-media_swatch.jpg?scaleWidth=500&scaleHeight=500&scaleMode=fit,"Ein Serum mit straffender und liftender Wirkung auf Basis von Polypeptiden, Granatapfelkernöl und Hyaluronsäure. Es hilft, feine Linien und Falten gezielt zu mildern und sorgt für ein hydratisiertes, geliftetes Hautbild.
Das Produkt ist vegan und besteht aus natürlich gewonnenen Inhaltsstoffen. --30 ml",30 ml,44.95,Glow Recipe,Serum,"Water/Aqua/Eau, Propanediol, Glycerin, Acacia Senegal Gum, Pullulan, Squalane, Copper Tripeptide-1, sr-Hydrozoan Polypeptide-1, Punica Granatum (Pomegranate) Seed Oil, Punica Granatum (Pomegranate) Fruit Extract, Hyaluronic Acid, Sodium Hyaluronate, Ethylhexyl Palmitate, Tocopherol, Lactobacillus/Punica Granatum Fruit Ferment Extract, Elastin, Bidens Pilosa Extract, Linum Usitatissimum (Linseed) Seed Oil, Enteromorpha Compressa Extract, Engelhardtia Chrysolepis Leaf Extract, Ocimum Sanctum Leaf Extract, Silybum Marianum Fruit Extract, Leuconostoc/Radish Root Ferment Filtrate, Gossypium Herbaceum (Cotton) Seed Oil, Tetrasodium Glutamate Diacetate, Trihydroxystearin, 1,2-Hexanediol, Dilauryl Citrate, Polyglyceryl-4 Laurate, Polyacrylate Crosspolymer-6, Rhizobian Gum, Elaeis Guineensis Oil, Polymethylsilsesquioxane, Sorbitan Laurate, Glucomannan, Ethylhexylglycerin, Phenoxyethanol, Potassium Sorbate, Citric Acid, Sodium Hydroxide, Fragrance/Parfum*. *100% Naturally Derived.

Die Liste der Inhaltsstoffe kann sich ändern. Bitte beachte die Verpackung des gekauften Produkts.
","Nimm ein bis zwei Pumpstöße und klopfe sie sanft in die leicht angefeuchtete Haut von Gesicht und Hals ein, bis sie vollständig eingezogen sind.
 Täglich, morgens und abends, auftragen und anschließend eine Feuchtigkeitscreme verwenden.
 Vergiss nicht, tagsüber auch einen Sonnenschutz aufzutragen.",FALSE,TRUE,FALSE
Glow Recipe - Prickly Pear – Gesichtsserum Mit Peptidmucine - prickly Pear Peptide Mucin,https://media.sephora.eu/content/dam/digital/pim/published/G/GLOW_RECIPE/770367/373784-media_swatch.jpg?scaleWidth=500&scaleHeight=500&scaleMode=fit,"Dieses vegane Serum mit „Schnecken-Mucine“ polstert sichtbar auf und spendet intensive Feuchtigkeit dank der 81 % Mucine, die aus Kaktus gewonnen wurden sowie bioaktiven Peptiden. Verleiht eine geschmeidige, glatte und widerstandsfähige Haut. Zu 100 % ohne Schnecken und tierversuchsfrei. --40ml",40ml,41.45,Glow Recipe,Serum,"Opuntia Ficus-Indica Stem Extract, Propanediol, Butylene Glycol, Water/Aqua/Eau, Betaine, Opuntia Ficus-Indica Fruit Extract, Palmitoyl Tripeptide-1, Ectoin, Sodium Hyaluronate, Glycerin, Ubiquinone, Galactomyces Ferment Filtrate, Bifida Ferment Filtrate, Spilanthes Acmella Flower/Leaf/Stem Extract, Carthamus Tinctorius Seed Oil, Glycyrrhiza Glabra Root Extract, Chamaecyparis Obtusa Leaf Extract, Ammonium Acryloyldimethyltaurate/VP Copolymer, Paeonia Suffruticosa Root Extract, Astragalus Membranaceus Root Extract, Scutellaria Baicalensis Root Extract, PEG-40 Hydrogenated Castor Oil, 1,2-Hexanediol, PPG-26-Buteth-26, Caprylyl Glycol, Tocopherol.

Die Liste der Inhaltsstoffe kann sich ändern. Bitte beachte die Verpackung des gekauften Produkts.
","Empfohlene Anwendung:
Trage ein bis zwei Pumpstöße nach einem Toner oder einer Essenz auf die saubere und leicht feuchte Haut auf.
Klopfe das Serum bis zum vollständigen Einziehen sanft ein. Kombiniere es nach Wunsch mit anderen Seren und trage es vor der Feuchtigkeitscreme auf.
Täglich morgens und abends anwenden.",TRUE,TRUE,TRUE
Glow Recipe - Strawberry Bha Pore-smooth Blur Drops - Porenverfeinerndes Serum - 30ml,https://media.sephora.eu/content/dam/digital/pim/published/G/GLOW_RECIPE/659581/313784-media_swatch.jpg?scaleWidth=500&scaleHeight=500&scaleMode=fit,"Ein pflegendes Serum und eine silikonfreie Base, die das Erscheinungsbild der Poren nach und nach verfeinert, optisch weichzeichnet und die Talgproduktion ausgleicht. Es sorgt für ein natürliches, sanftes und satiniertes Finish.
Das Produkt ist vegan und besteht aus natürlich gewonnenen Inhaltsstoffen. --30 ml",30 ml,31.95,Glow Recipe,Serum,"Water/Aqua/Eau, Tapioca Starch, Isopentyldiol, Nylon-12, C9-12 Alkane, Distarch Phosphate, Ammonium Acryloyldimethyltaurate/VP Copolymer, Saccharide Isomerate, Fragaria Vesca (Strawberry) Leaf Extract, Salicylic Acid, Salix Alba Bark Extract, Fragaria Vesca (Strawberry) Fruit Extract, Leuconostoc/Radish Root Ferment Filtrate, Sodium Hyaluronate, Bisabolol, Coco-Caprylate/Caprate, Triheptanoin, Butylene Glycol, Pentylene Glycol, Propanediol, Caprylyl Glycol, Polyglyceryl-10 Dioleate, Dilinoleic Acid/Butanediol Copolymer, Polyglyceryl-10 Dipalmitate, Ethylhexylglycerin, Sodium Hydroxide, 1,2-Hexanediol, Phenoxyethanol, Castor Oil/IPDI Copolymer, Citric Acid, Fragrance/Parfum*. *100% Naturally Derived.

Die Liste der Inhaltsstoffe kann sich ändern. Bitte beachte die Verpackung des gekauften Produkts.
","Verteile mit den Fingern eine erbsengroße Menge gleichmäßig und klopfe sie sanft in die gereinigte und tonisierte Haut ein. Täglich morgens und abends anwenden. Trage anschließend deine gewohnte Feuchtigkeitspflege auf.
 

 Als Base zum Verblenden:
 Verwende das Produkt als letzten Schritt in deiner Hautpflegeroutine.
 Lasse es vollständig einziehen, bevor du den ersten Schritt deiner Make-up-Routine durchführst. 
 Trage das Produkt am besten mit den Fingern auf.",TRUE,TRUE,FALSE
"Glow Recipe - Strawberry Smooth - Klärendes Serum Mit Salicylsäure, Aha Und Bha - 30 Ml",https://media.sephora.eu/content/dam/digital/pim/published/G/GLOW_RECIPE/617800/278213-media_swatch.jpg?scaleWidth=500&scaleHeight=500&scaleMode=fit,"Ein beruhigendes Serum mit AHA- und BHA-Säuren, das das Erscheinungsbild der Haut sanft glättet, Unreinheiten mildert und die Poren sichtbar verfeinert. Es sorgt für eine klare, mit Feuchtigkeit versorgte Haut.
Das Produkt ist vegan und besteht aus natürlich gewonnenen Inhaltsstoffen. --30 ml",30 ml,41.95,Glow Recipe,Serum,"Water/Aqua/Eau, Methylpropanediol, C9-12 Alkane, Fragaria Vesca (Strawberry) Fruit Extract, Hydroxypropyl Starch Phosphate, Pentylene Glycol, Salicylic Acid, Succinic Acid, Azelamidopropyl Dimethyl Amine, Mandelic Acid, Fragaria Vesca (Strawberry) Leaf Extract, Allantoin, Sodium Hyaluronate, Bisabolol, Opuntia Ficus-Indica (Prickly Pear) Flower Extract, Niacinamide, Zingiber Officinale (Ginger) Root Extract, Saccharomyces Ferment, Dextrin, Polydextrose, 1,2-Hexanediol, Caprylyl Glycol, Coco-Caprylate/Caprate, Hydroxyacetophenone, Amylopectin, Butylene Glycol, Succinoglycan, Leuconostoc/Radish Root Ferment Filtrate, Lauroyl Lysine, Sodium Phytate, Aminomethyl Propanol, Citric Acid, Fragrance/Parfum*. *100% Naturally Derived.

Die Liste der Inhaltsstoffe kann sich ändern. Bitte beachte die Verpackung des gekauften Produkts.
","- Nimm vor dem Auftragen der Feuchtigkeitscreme ein bis zwei Pumpstöße und klopfe das Produkt sanft auf das leicht feuchte Gesicht und den Hals, bis es vollständig eingezogen ist.
 - Täglich morgens und abends verwenden.
 - Trage nach der Feuchtigkeitspflege tagsüber einen Sonnenschutz auf.",TRUE,TRUE,FALSE
Glow Recipe - Watermelon Glow - Feuchtigkeitscreme Rosenwasser - 25 Ml,https://media.sephora.eu/content/dam/digital/pim/published/G/GLOW_RECIPE/520034/241147-media_swatch.jpg?scaleWidth=500&scaleHeight=500&scaleMode=fit,"Diese leichte Gesichtscreme spendet Feuchtigkeit, glättet und verschönert das Hautbild. Dein Teint wirkt strahlender.
Diese Creme zieht schnell ein. --25 ml",25 ml,20.95,Glow Recipe,Feuchtigkeitspflege,"Water/Aqua/Eau, Propanediol, Citrullus Lanatus (Watermelon) Fruit Extract, Ethyl Olivate, Glycyrrhiza Glabra (Licorice) Root Extract, Glycerin, Paeonia Suffruticosa Root Extract, Cetearyl Olivate, Glutamic Acid, Sorbitan Olivate, Sodium Hyaluronate, Jasminum Grandiflorum (Jasmine) Flower Wax, Cetyl Alcohol, Cyamopsis Tetragonoloba (Guar) Gum, Xanthan Gum, Apricot Kernel Amino Acids, Alkanna Tinctoria Root Extract, Beta-Glucan, Acrylates/C10-30 Alkyl Acrylate Crosspolymer, Brassica Oleracea Capitata Leaf (Cabbage) Extract, Ipomoea Batatas Root Extract, Olea Europaea (Olive) Leaf Extract, Hydrolyzed Corn Protein, Hydrolyzed Soy Protein, Hydrolyzed Wheat Protein, Vaccinium Angustifolium (Blueberry) Fruit Extract, Scutellaria Baicalensis Root Extract, Fragaria Ananassa (Strawberry) Fruit Extract, Rosa Damascena Flower Water, Pyrus Communis (Pear) Fruit Extract, Cucumis Melo (Melon) Seed Extract, Iris Florentina Root Extract, Vetiveria Zizanoides Root Extract, Butylene Glycol, 1,2-Hexanediol.

Die Liste der Inhaltsstoffe kann sich ändern. Bitte beachten Sie die Verpackung des gekauften Produkts","Kann täglich, morgens und abends, verwendet werden.

Bei fettiger Haut/Mischhaut:
- Verwende das Produkt als Feuchtigkeitspflege nach deinen Hautpflegeprodukten.
- Verteile einen Pumpstoß auf den Fingerspitzen und tupfe es auf die Haut, bis es eingezogen ist.

Bei trockener Haut:
- Verwende das Produkt als Serum nach deinem Toner.
- Verteile einen Pumpstoß auf den Fingerspitzen und tupfe es auf die Haut, bis es eingezogen ist.",TRUE,TRUE,FALSE
Glow Recipe - Watermelon Glow - Straffender Toner Mit Pha + Bha - 150 Ml,https://media.sephora.eu/content/dam/digital/pim/published/G/GLOW_RECIPE/520797/241152-media_swatch.jpg?scaleWidth=500&scaleHeight=500&scaleMode=fit,"Das milde Wassermelonen-Tonic ist mit PHA und BHA angereichert und versorgt die Haut mit Feuchtigkeit. Es hilft, das Erscheinungsbild der Poren zu minimieren und sorgt für einen frischen, glatter wirkenden Teint.
Das Produkt ist vegan und besteht aus natürlich gewonnenen Inhaltsstoffen. --150 ml",150 ml,33.95,Glow Recipe,Toner,"Opuntia Ficus-Indica Extract, Citrullus Lanatus (Watermelon) Fruit Extract, Glycerin, Hyaluronic Acid, Water/Aqua/Eau, Gluconolactone, Sodium Polyglutamate, Betaine Salicylate, Salix Alba (Willow) Bark Extract, Melaleuca Alternifolia (Tea Tree) Extract, Hibiscus Sabdariffa Flower Extract, Lactobacillus/Watermelon Fruit Ferment Extract, Cucumis Sativus (Cucumber) Fruit Extract, Saccharum Officinarum (Sugarcane) Extract/Saccharum Officinarum/Extrait de Canne à Sucre, Glycyrrhiza Glabra (Licorice) Root Extract, Scutellaria Baicalensis Root Extract, Paeonia Suffruticosa Root Extract, Brassica Oleracea Capitata (Cabbage) Leaf Extract, Ipomoea Batatas Root Extract, Sorbitan Oleate, Levulinic Acid, Sodium Levulinate, Pyrus Communis (Pear) Fruit Extract, Rosa Damascena Flower Water, Fragaria Ananassa (Strawberry) Fruit Extract, Vaccinium Angustifolium (Blueberry) Fruit Extract, Cucumis Melo (Melon) Fruit Extract, Iris Florentina Root Extract, Vetiveria Zizanoides Root Extract.

Die Liste der Inhaltsstoffe kann sich ändern. Bitte beachte die Verpackung des gekauften Produkts.
","Verteile das Produkt nach der Reinigung am Morgen und am Abend in deinen Handflächen und trage es sanft auf Gesicht und Hals auf, bis es vollständig eingezogen ist.
 Du kannst es auch mit einem Wattebausch auftragen.
 Trage anschließend tagsüber einen Sonnenschutz auf.
 Augenpartie aussparen.",TRUE,TRUE,FALSE
Glow Recipe - Watermelon Glow Hue Drops - Getönte Tropfen Mit Niacinamid - watermelon Glow Niacinamide Hue Drops,https://media.sephora.eu/content/dam/digital/pim/published/G/GLOW_RECIPE/716203/339018-media_swatch.jpg?scaleWidth=500&scaleHeight=500&scaleMode=fit,"Unser Star-Produkt, die Tropfen, sind klinisch wirksam und jetzt auch getönt erhältlich.Dieses Serum sorgt für einen ebenmäßigen Teint und verleiht der Haut eine strahlende Ausstrahlung. Niacinamid trägt dazu bei, die Haut im Laufe der Zeit zu glätten.
Die transparente, modulierbare Farbe Sun Glow ist für eine Vielzahl von Hauttypen geeignet und sorgt für ein natürliches Strahlen ohne Streifen oder Flecken. Dieses Mehrzweckserum enthält aufhellende und feuchtigkeitsspendende Inhaltsstoffe. --40ml",40ml,33.95,Glow Recipe,Serum,"Aqua/Water/Eau, Propanediol, Glycereth-26, Glycerin, Niacinamide, 2,3-Butanediol, 1,2-Hexanediol, Cetyl Ethylhexanoate, Citrullus Lanatus Fruit Extract, Centella Asiatica Extract, Sodium Hyaluronate, Mica, Coffea Arabica Seed Extract, Polyglyceryl-3 Methylglucose Distearate, Tromethamine, Glyceryl Stearate SE, Carbomer, Acrylates/C10-30 Alkyl Acrylate Crosspolymer, Ethylhexylglycerin, Xanthan Gum, Polyquaternium-51, Butylene Glycol, Tocopherol, Fragrance/Parfum, Benzyl Benzoate, Iron Oxides (CI 77491, CI 77499), Titanium Dioxide (CI 77891).

Die Liste der Inhaltsstoffe kann sich ändern. Bitte beachten Sie die Verpackung des gekauften Produkts","Am Ende deiner Morgenroutine 1-2 Pumpstöße auf Gesicht und Hals auftragen, um einen natürlichen Glow und eine gesunde Ausstrahlung auf deinem ganzen Gesicht zu erzielen.",TRUE,TRUE,FALSE
Glow Recipe - Watermelon Glow Niacinamide Dew Balm Sunscreen Stick - Spf 30 - 16.5g,https://media.sephora.eu/content/dam/digital/pim/published/G/GLOW_RECIPE/728076/348921-media_swatch.jpg?scaleWidth=500&scaleHeight=500&scaleMode=fit,"Ein täglicher feuchtigkeitsspendender Sonnenschutz mit biologischen UV-Filtern und feuchtigkeitsspendenden Wirkstoffen, der die Haut schützt und gleichzeitig Feuchtigkeit spendet, ohne zu weißeln. --30ml",30ml,33.95,Glow Recipe,Sonnenschutz,"Water/Aqua/Eau, Homosalate, Butyloctyl Salicylate, Ethylhexyl Salicylate, Diisopropyl Adipate, Oleyl Erucate, Butyl Methoxydibenzoylmethane, Niacinamide, Glycerin, Cetearyl Alcohol, Diheptyl Succinate, Ammonium Polyacryloyldimethyl Taurate, Phenoxyethanol, Coco-Glucoside, Capryloyl Glycerin/Sebacic Acid Copolymer, Glycine Soja Oil, Xylitylglucoside, Hydroxyacetophenone, Fragrance/Parfum, Tocopherol, Anhydroxylitol, Citrullus Lanatus Seed Oil, Pongamia Pinnata Seed Extract, Xylitol, Polyglyceryl-3 Diisostearate, Ethylhexylglycerin, Hyaluronic Acid, Oryza Sativa Extract, Oryza Sativa Germ Extract, Sodium Phytate, Hexyl Cinnamal, Glucose, Limonene, Hydrogenated Palm Glycerides Citrate.


Die Liste der Inhaltsstoffe kann sich ändern. Bitte beachten Sie die Verpackung des gekauften Produkts​","Trage die Creme vor dem Make-up großzügig auf Gesicht und Hals auf, um die Haut mit Feuchtigkeit zu versorgen, sie für das Make-up vorzubereiten und zu schützen, ohne zu krümeln, zu fetten oder zu weißeln. Kann bei Bedarf mit einer zusätzlichen Feuchtigkeitspflege kombiniert werden.
Trage die Creme mindestens alle zwei Stunden erneut auf, um einen optimalen SPF-Schutz zu erhalten und deine Ausstrahlung zu steigern!",TRUE,TRUE,FALSE
Glowery - Before Noon Glazing Pro-Collagen Mix - für mehr Elastizität,https://media.sephora.eu/content/dam/gdam/europe/digital/pim/published/G/GLOWERY/796947/390541-media_swatch-0.jpg?scaleWidth=750&scaleHeight=750&scaleMode=fit,"Before Noon ist eine feuchtigkeitsspendende Flüssigmilch, die die Hautbarriere stärkt, die Elastizität steigert und dank der Pro-Kollagen-Technologie bereits am Morgen die Strahlkraft belebt.
Die leichte und kraftvolle Pflege weckt die Haut schneller als ein doppelter Espresso und sorgt den ganzen Tag für einen frischen, geschmeidigen und strahlenden Teint. Sie hat eine solide Wirkstoff-Kombi: Ceramide zum Schutz, Kalpariane™ zum Straffen, Taladvance™ zur Beruhigung und Vitamin E zur Abwehr.

Eine cleane und smarte Combo, dank derer diese Flüssigmilch geradezu süchtig macht.

Hauttypen:
Normal · Trocken · Mischhaut · Empfindlich

Gezielte Lösung für:
Dehydrierung · Fahler Teint · Geschwächte Hautbarriere · Erste Anzeichen von Müdigkeit --150ml",150ml,38.95,Glowery,Toner,"Aqua (Water), Propanediol, Glycerin, Polyglyceryl-6 Stearate, Adansonia Digitata (Baobab) Seed Oil, Rosa Canina (Rosehip) Seed Oil, Caprylic/Capric Triglyceride, 1,2-Hexanediol, Caprylyl Glycol, Tocopherol, Polyglyceryl-6 Behenate, Sodium Hydroxide, Ceramide NP , Punica Granatum (Pomegranate) Seed Oil, Xanthan Gum, Carbomer, Helianthus Annuus (Sunflower) Seed Oil, Centella Asiatica Leaf Extract, Alaria Esculenta Extract

Die Liste der Inhaltsstoffe kann sich ändern. Bitte beachten Sie die Verpackung des gekauften Produkts.","• Nachdem du deine Haut mit lauwarmem Wasser befeuchtet hast, trägst du als ersten Schritt deiner Morgenroutine ein paar Tropfen auf Gesicht und Hals auf.
• Massiere sie gleichmäßig ein, bis sie vollständig eingezogen sind.
• Fahre mit einem Sonnenschutz fort, um die Haut tagsüber zu schützen.
• Für noch mehr Komfort trägst du anschließend eine reichhaltigere Creme auf, falls deine Haut zu Trockenheit neigt.
• Glowery-Tipp: Vermische das Produkt mit deiner Lieblingsfoundation für einen strahlenden Teint mit leuchtendem Glow!",TRUE,TRUE,TRUE
Glowery - Butter Balm - Nährende Und Reparierende Geschichtspflege - am Butter Balm 50ml,https://media.sephora.eu/content/dam/digital/pim/published/G/GLOWERY/796948/390542-media_swatch-0.jpg?scaleWidth=500&scaleHeight=500&scaleMode=fit,"Butter Balm ist ein zartschmelzender, reparierender Balsam, der 12 Stunden lang intensive Feuchtigkeit spendet und zugleich die Hautbarriere stärkt.
Die biomimetische Pro-Kollagen-Technologie hilft der Haut, Feuchtigkeit zu speichern, ihre Geschmeidigkeit wiederzuerlangen und ein gesundes Strahlen zu offenbaren, wie nach mehreren Nächten erholsamen Schlafs. Die buttrige, zartschmelzende Textur zieht sofort ein, ohne sich fettig anzufühlen, und sorgt für eine glatte, geschmeidige und strahlende Haut. --50ml",50ml,38.95,Glowery,Feuchtigkeitspflege,"Aqua (Water), C15-19 Alkane, Propanediol, Adansonia Digitata (Baobab) Seed Oil, Cetearyl Alcohol, C12-16 Alcohols, Ethylhexylglycerin, Rosa Canina (Rosehip) Seed Oil, Glycerin, Caprylic/Capric Triglyceride, Palmitic Acid, Ammonium Acryloyldimethyltau- rate/VP Copolymer, Hydrogenated Lecithin, 1,2-Hexanediol, Caprylyl Glycol, Tocopherol, Xanthan Gum, Punica Granatum (Pomegranate) Seed Oil, Sodium Hyaluronate, Ascorbyl Glucoside, Olea Europaea (Olive) Leaf Extract, Zinc PCA, Helianthus Annuus (Sunflower) Seed Oil, Gentiana Lutea Root Extract, Alaria Esculenta Extract, Ascorbic Acid, Citric Acid, Sodium Hydroxide, Sphingomonas Ferment Extract

Die Liste der Inhaltsstoffe kann sich ändern. Bitte beachten Sie die Verpackung des gekauften Produkts."," Butter Balm kann jederzeit verwendet werden, wenn deine Haut einen Wohlfühl-Boost braucht!
• Trage ihn als letzten Schritt deiner Morgenroutine auf, um die Feuchtigkeit zu versiegeln und die Hautbarriere zu stärken.
• Trage abends eine großzügige Schicht als reparierende Nachtmaske auf, um die Hautbarriere wiederherzustellen und für langanhaltenden Komfort zu sorgen.

Dank seiner cremigen, aber leichten Textur, die schnell einzieht, ohne einen Fettfilm zu hinterlassen, eignet er sich als Tages- und/oder Nachtpflege.",TRUE,TRUE,TRUE
Glowery - Daily Dew Tiger Glass Glow Serum - Beruhigt & Glättet Die Haut - am Daily Dew 30ml,https://media.sephora.eu/content/dam/digital/pim/published/G/GLOWERY/796946/390540-media_swatch-0.jpg?scaleWidth=500&scaleHeight=500&scaleMode=fit,"Daily Dew ist ein leichtes Serum, das Rötungen beruhigt, das Hautbild glättet und die Hautbarriere stärkt, sodass die Haut sichtbar ebenmäßiger und strahlender wirkt.
Angereichert mit Niacinamid und Centella Asiatica hilft es der Haut, selbst bei Stress ihr Gleichgewicht wiederzufinden. Seine Pro-Kollagen-Technologie stimuliert die natürliche Regeneration und sorgt für einen beruhigten, frischen und strahlenden Teint. --30ml",30ml,24.95,Glowery,Serum,"Aqua (Water), Glycerin, Adansonia Digitata (Baobab) Seed Oil, Niacinamide, C14-22 Alcohols, Rosa Canina (Rosehip) Seed Oil, Caprylic/Capric Triglyceride, Sodium Chloride, Benzyl Alcohol, C12-20 Alkyl Glucoside, Xanthan Gum, Tocopherol, Citric Acid, Punica Granatum (Pomegranate) Seed Oil, Dehydroacetic Acid, Centella Asiatica Leaf Extract, Helianthus Annuus (Sunflower) Seed Oil, Alaria Esculenta Extract

Die Liste der Inhaltsstoffe kann sich ändern. Bitte beachten Sie die Verpackung des gekauften Produkts.","• Trage morgens 4 bis 5 Tropfen auf die saubere, leicht feuchte Haut auf.
• Klopfe das Produkt leicht in die Haut von Gesicht und Hals ein, bis es vollständig eingezogen ist.
• Verwende es als feuchtigkeitsspendendes, hautvorbereitendes Serum vor deiner Creme oder deinem Sonnenschutz.
• Kann für einen frischen, strahlenden Teint auch als Make-up-Grundlage verwendet werden.",TRUE,TRUE,TRUE
Glowery - No Walk Of Shame S.o.s. Hydrating Cream - Feuchtigkeitscreme - no Walk Of Shame 50ml,https://media.sephora.eu/content/dam/digital/pim/published/G/GLOWERY/796951/390543-media_swatch-0.jpg?scaleWidth=500&scaleHeight=500&scaleMode=fit,"No Walk of Shame ist eine S.O.S.-Feuchtigkeitscreme, die müde Haut mit Schlafmangel revitalisiert, beruhigt und intensiv mit Feuchtigkeit versorgt.
Formuliert mit der Ceramide Prism Technology™, stärkt sie die Hautbarriere, weckt die natürliche Strahlkraft der Haut und sorgt nach zu kurzen Nächten für ein wohliges Gefühl.
Das Ergebnis: eine pralle, strahlende und frische Haut wie nach acht Stunden Schlaf - auch dann, wenn es viel weniger waren. --50ml",50ml,38.95,Glowery,Feuchtigkeitspflege,"Water, Glycerin, Butylene Glycol, Propanediol, Caprylic/Capric Triglyceride, Cetyl Ethylhexanoate, 1,2-Hexanediol, Cetearyl Alcohol, Boron Nitride, Vinyl Dimethicone, Behenyl Alcohol, Stearic Acid, Sucrose Distearate, Cetearyl Olivate, Propylene Glycol Dicaprylate/Dicaprate, Palmitic Acid, Sorbitan Olivate, Dimethicone/Vinyl Dimethicone Crosspolymer, Behenic Acid, Carbomer, Hydrogenated Lecithin, Batyl Alcohol, Ammonium Acryloyldimethyltaurate/VP Copolymer, Glyceryl Stearate, Phytosteryl Isostearate, Aminomethyl Propanol, Ceramide NP, Ethylhexylglycerin, Citric Acid, Hyaluronic Acid, Hydrolyzed Hyaluronic Acid, Sodium Hyaluronate

Die Liste der Inhaltsstoffe kann sich ändern. Bitte beachten Sie die Verpackung des gekauften Produkts.","• Trage morgens oder abends eine haselnussgroße Menge auf die saubere Haut auf.
• Massiere das Produkt sanft in die Haut von Gesicht und Hals ein, bis es vollständig eingezogen ist.
• Verwende es als tägliche Feuchtigkeitscreme, als Nachtmaske, wenn die Haut nicht genug Schlaf abbekommt, oder als Multizonenbalsam für einen sofortigen Wohlfühlkick.

Nach dem Erwachen: eine frische, glatte und erholte Haut - der „Walk of Shame“ bleibt dir erspart.",TRUE,TRUE,TRUE
Glowery - Pillow Prep Waterlight Berry Toner - Antioxidativ Mit Heidelbeerextrakt - pillow Prep - Toner À La Myrtille 150ml,https://media.sephora.eu/content/dam/digital/pim/published/G/GLOWERY/797237/390552-media_swatch-0.jpg?scaleWidth=500&scaleHeight=500&scaleMode=fit,"Pillow Prep ist ein mit Heidelbeerextrakt angereichertes antioxidatives Gesichtswasser, das die Haut reinigt, glättet, wieder ins Gleichgewicht bringt und zugleich die Zellerneuerung anregt.
Die frische, leichte Textur entfernt letzte Verunreinigungen, verfeinert das Hautbild und stellt den pH-Wert wieder her, um die Haut auf die abendliche Pflege vorzubereiten.
Das Ergebnis: eine reine, zarte und strahlende Haut, die vor dem Schlafengehen perfekt besänftigt wird. --150ml",150ml,38.95,Glowery,Toner,"Aqua (Water), Niacinamide, Glycerin, Vaccinium Myrtillus Fruit Extract, Saccharum Officinarum (Sugar Cane) Extract, Sodium Benzoate, Sodium Hydroxide, Citrus Aurantium Dulcis (Orange) Fruit Extract, Citrus Limon (Lemon) Fruit Extract, Ascorbyl Glucoside, Acer Saccharum (Sugar Maple) Extract, Olea Europaea (Olive) Leaf Extract, Zinc PCA, Lactic Acid, Ascorbic Acid

Die Liste der Inhaltsstoffe kann sich ändern. Bitte beachten Sie die Verpackung des gekauften Produkts."," Trage Pillow Prep abends auf die saubere und trockene Haut auf.
• Klopfe das Gesichtswasser sanft mit den Händen oder einem Wattebausch ein.
• Lass es einige Sekunden einziehen, bevor du dein Serum oder deine Creme aufträgst.
• Nutze es als ersten Schritt nach der Reinigung. Kontakt mit den Augen vermeiden.",TRUE,TRUE,TRUE
Guerlain - Abeille Royale Fortifying Lotion - Stärkende Gesichtslotion,https://media.sephora.eu/content/dam/gdam/europe/digital/pim/published/G/GUERLAIN/521253/216568-media_swatch.jpg?scaleWidth=240&scaleHeight=240&scaleMode=fit,"25-mal konzentrierter als Gelée Royale(1)dank Mikroverkapselung hilft die Fortifying Lotion der Haut, den verschiedenen Stressfaktoren und der Umweltverschmutzung zu widerstehen, die ihre Qualität und Schönheit sichtbar beeinträchtigen.

Sie ist für alle Hauttypen geeignet, auch für empfindliche, und führt die Haut wieder in ihren optimalen Zustand zurück: ausgeglichen, hydratisiert, geschmeidig und strahlend .
Tag für Tag wird die Hautbarriere gestärkt, die Haut ist widerstandsfähiger und scheint vor den Zeichen der Hautalterung geschützt zu sein. --150ml",150ml,63.95,Guerlain,Toner,"Aqua (Water), Propanediol, Glycerin, Butylene Glycol, Polyglycerin-3, Mel (Honey), Royal Jelly, Lecithin, Chlorphenesin, Dipotassium Glycyrrhizate, Polyacrylate Crosspolymer-6, 1,2-Hexanediol, Caprylyl Glycol, Trisodium Ethylenediamine Disuccinate, Parfum (Fragrance), Citric Acid, Tocopherol, Angelica Keiskei Extract, Helianthus Annuus (Sunflower) Seed Oil.

Die Liste der Inhaltsstoffe kann sich ändern. Bitte beachte die Verpackung des gekauften Produkts.

","Als ersten wichtigen Schritt der Abeille Royale-Routine tragen Sie die Lotion morgens und abends auf die gereinigte Haut auf.

1. Geben Sie einige Tropfen der Lotion in Ihre Handfläche und reiben Sie Ihre Hände aneinander.
2. Durch sanftes Einklopfen auf das Gesicht auftragen.
3. Zum Abschluss der Anwendung den Hals sanft einwickeln.

Die Haut ist nun perfekt für die nächste Phase der Hautpflege vorbereitet.",FALSE,TRUE,FALSE
Hamel - Vegan Relief Water Essence Sun Cream SPF50+ PA++++,https://korean-skincare.de/cdn/shop/files/Product-page-sizes_4f97487a-c296-44d3-8116-78f4631a5388.jpg?v=1751321175,"Die Hamel Vegan Relief Water Essence Sun Cream SPF50+ PA++++ ist ein chemischer Sonnenschutz, der einen hohen Sonnenschutz bietet und gleichzeitig deine Haut pflegt. Die leichte Essenztextur sorgt für ein angenehmes, nicht fettiges Gefühl.

Diese vegane Sonnencreme kombiniert starken UV-Schutz mit hautfreundlichen Inhaltsstoffen wie Niacinamid, Centella Asiatica Extrakt und Camellia Sinensis Leaf Extract, die die Haut beruhigen und mit Feuchtigkeit versorgen. Die Formel ist außerdem mit Houttuynia Cordata Extrakt und Eucalyptus Globulus Leaf Extract angereichert, um die Haut zu beruhigen und zu erfrischen und ist somit ideal für die tägliche Anwendung. --50ml
",50ml,21.95,Hamel,Sonnenschutz,"Purified Water, Dibutyl Adipate, Propanediol, Butyloctyl Salicylate, Diethylamino Hydroxybenzoyl Hexyl Benzoate, Polymethylsilsesquioxane, Ethylhexyl Triazone, Niacinamide, Methylene Bis-Benzotriazolyl Tetramethylbutylphenol, Coco-Caprylate/Caprate, Caprylyl Methicone, Diethylhexyl Butamido Triazone, Glycerin, Butylene Glycol, 1,2-Hexanediol, Camellia Sinensis Leaf Extract, Centella Asiatica Extract, Melaleuca Alternifolia Leaf Extract, Houttuynia Cordata Extract, Eucalyptus Globulus Leaf Extract, Salvia Sclarea Oil, Pentylene Glycol, Behenyl Alcohol, Poly C10-30 Alkyl Acrylate, Polyglyceryl-3 Methylglucose Distearate, Decyl Glucoside, Tromethamine, Carbomer, Acrylates/C10-30 Alkyl Acrylate Crosspolymer, Sodium Stearoyl Glutamate, Polyacrylate Crosspolymer-6, Ethylhexylglycerin, Adenosine, Xanthan Gum, Tocopherol

Die Liste der Inhaltsstoffe kann sich ändern. Bitte beachte die Verpackung des gekauften Produkts.
","Als letzten Schritt deiner Hautpflegeroutine trägst du eine angemessene Menge gleichmäßig auf dein Gesicht auf und klopfst sie leicht ein, damit sie in die Haut einzieht.",TRUE,TRUE,FALSE
Haruharu Wonder - Black Rice 10 Hyaluronic Cream,https://korean-skincare.de/cdn/shop/files/Product-page-sizes_d92a9283-56f4-4b06-92b9-f5e3d663aaa1.jpg?v=1751270776,"Die Haruharu WONDER Black Rice 10 Hyaluronic Cream ist eine neue pflegende Creme, die mit ihren 95% natürlich gewonnenen Inhaltsstoffen intensive Feuchtigkeit und Nährstoffe liefert. Mit 10.000 ppm Schwarzer-Reis-Extrakt hilft diese Creme, den Zeichen der Hautalterung vorzubeugen, indem sie die Elastizität der Haut verbessert und reichhaltige Nährstoffe liefert.

Die Formulierung enthält außerdem Hyaluronsäure, um die Haut mit Feuchtigkeit zu versorgen, und Nachtkerzenöl, um die Hautregeneration zu fördern. Mit ihrer Mischung aus wirksamen Inhaltsstoffen wie Panax-Ginseng-Wurzelextrakt und mehreren Formen von Hyaluronsäure sorgt diese Creme für einen hydratisierten, verjüngten und jugendlichen Teint.Die Haruharu WONDER Black Rice 10 Hyaluronic Cream ist eine neue pflegende Creme, die mit ihren 95% natürlich gewonnenen Inhaltsstoffen intensive Feuchtigkeit und Nährstoffe liefert. Mit 10.000 ppm Schwarzer-Reis-Extrakt hilft diese Creme, den Zeichen der Hautalterung vorzubeugen, indem sie die Elastizität der Haut verbessert und reichhaltige Nährstoffe liefert.

Die Formulierung enthält außerdem Hyaluronsäure, um die Haut mit Feuchtigkeit zu versorgen, und Nachtkerzenöl, um die Hautregeneration zu fördern. Mit ihrer Mischung aus wirksamen Inhaltsstoffen wie Panax-Ginseng-Wurzelextrakt und mehreren Formen von Hyaluronsäure sorgt diese Creme für einen hydratisierten, verjüngten und jugendlichen Teint. --50ml",50ml,15.50,Haruharu Wonder,Feuchtigkeitspflege,"Water, Caprylic/Capric Triglyceride, Carthamus Tinctorius (Safflower) Seed Oil, Oenothera Biennis (Evening Primrose) Oil, Propanediol, Sorbitan Olivate, Cetearyl Olivate, Polyglyceryl-3 Stearate, Oryza Sativa (Rice) Extract, Cetearyl Alcohol, Glycerin, Sunflower Seed Oil Glycerides, Aspergillus Ferment, Zanthoxylum Piperitum Fruit Extract, Usnea Barbata Extract, Pulsatilla Koreana Extract, Phyllostachys Pubescens Shoot Bark Extract, Lavandula Angustifolia Oil, Cetyl Palmitate, Sodium Gluconate, Sorbitan Palmitate, 1,2-Hexanediol, Xanthan Gum, Panax Ginseng Root Extract, Sodium Hyaluronate, Butylene Glycol, Potassium Hyaluronate, Hydroxypropyltrimonium Hyaluronate, Hydrolyzed Sodium Hyaluronate, Hydrolyzed Hyaluronic Acid, Hyaluronic Acid, Pentylene Glycol, Cyclodextrin, Sodium Hyaluronate Crosspolymer, Sodium Acetylated Hyaluronate, Linalool, Limonene

Die Liste der Inhaltsstoffe kann sich ändern. Bitte beachte die Verpackung des gekauften Produkts.
","Eine angemessene Menge der Creme auftragen.
Von der Innenseite des Gesichts nach außen hin verteilen, dabei die Augen- und Mundpartie aussparen.
Zum Einziehen sanft in die Haut einklopfen.",TRUE,FALSE,FALSE
Haruharu Wonder - Black Rice Hyaluronic Toner Free Of Alcohol & Fragrance 150 ml,https://www.mystationary.de/media/68/48/03/1775868692/1b1a6d43d1264059d9ba106b9efd8931c7665307_MS_0063801_image_1_560761_black_rice_hyaluronic_toner_hydratacni_tonikum_pro_citlivou_plet.jpg?ts=1775868693,"Diese Version des meistverkauften Black Rice Hyaluronic Toner von haruharu wonder ist frei von Alkohol und Duftstoffen, und besteht zu 95% aus natürlichen Inhaltsstoffen, darunter aus 2.000 ppm koreanischem schwarzem Reisextrakt sowie Hyaluronsäure und Beta-Glucan, um dir eine intensive Feuchtigkeitsversorgung zu gewährleisten und gleichzeitig deine Hautzellen zu fördern. Der Toner wurde entwickelt, um dir einfach ein erfrischendes Finish zu verleihen. --300ml",300ml,23.95,Haruharu Wonder,Toner,"Water, Betaine, Glycerin, Sodium Phytate, Propanediol, Oryza Sativa (Rice) Extract, Phyllostachys Pubescens Shoot Bark Extract, Aspergillus Ferment, Panax Ginseng Root Extract, Cyclodextrin, Scutellaria Baicalensis Root Extract, Hyaluronic Acid, Beta-Glucan, Cellulose Gum, Xanthan Gum, Butylene Glycol, Usnea Barbata (Lichen) Extract, Zanthoxylum Piperitum Fruit Extract, Pulsatilla Koreana Extract, Tamarindus Indica Seed Gum, Polyglyceryl-10 Laurate, Polyglyceryl-10 Myristate, Glucose, 1,2-Hexanediol, Alcohol, Lavandula Angustifolia (Lavender) Oil, Linalool.

Die Liste der Inhaltsstoffe kann sich ändern. Bitte beachte die Verpackung des gekauften Produkts.
","Verwende den HaruHaru Wonder Black Rice Hyaluronic Toner nach der Reinigung. Gib eine angemessene Menge auf ein Wattepad oder direkt in die Hände und klopfe den Toner sanft in die Haut ein, bis er vollständig eingezogen ist. Morgens und abends anwenden",TRUE,FALSE,FALSE
Haruharu Wonder - Black Rice Moisture Airfit Daily Sunscreen SPF50+ PA++++,https://korean-skincare.de/cdn/shop/files/Product-page-sizes_435f52cb-1d2a-42b0-85e1-e5a0281b9861.jpg?v=1751270783,"Effektiver Sonnenschutz mit Haruharu WONDER Black Rice Moisture Airfit Daily Sunscreen SPF50+ PA++++. Dieses chemische Sonnenschutzmittel bietet eine federleichte Lösung mit einem leistungsstarken Breitbandspektrum von SPF50+ PA++++, um Ihre Haut vor schädlichen UV-Strahlen zu schützen, ohne weiße Rückstände zu hinterlassen. Mit der feuchtigkeitsspendenden Wirkung von schwarzem Reisextrakt spendet der Bio-Sonnenschutz mit Cremetextur Feuchtigkeit und bietet antioxidative Vorteile. --50ml",50ml,18.95,Haruharu Wonder,Sonnenschutz,"Water, Dibutyl Adipate, Propanediol, Butyloctyl Salicylate, Ethylhexyl Triazone, Terephthalylidene Dicamphor Sulfonic Acid, Glycerin, Niacinamide, Tromethamine, Polyglyceryl-3 Distearate, 1,2-Hexanediol, Pentylene Glycol, Diethylamino Hydroxybenzoyl Hexyl Benzoate, Cetearyl Alcohol, Caprylyl Methicone, Polysilicone-15, Stellaria Media (Chickweed) Extract, Helianthus Annuus (Sunflower) Flower Extract, Vaccinium Vitis-Idaea Fruit Extract, Oryza Sativa (Rice) Extract, Bellis Perennis (Daisy) Flower Extract, Houttuynia Cordata Extract, Oryza Sativa (Rice) Bran Oil, Hydrogenated Lecithin, Polymethylsilsesquioxane, Palmitic Acid, Butylene Glycol, Stearic Acid, Glyceryl Stearate, Bis-Ethylhexyloxyphenol Methoxyphenyl Triazine, Potassium Cetyl Phosphate, Poly C10-30 Alkyl Acrylate, Methylpropanediol, Carbomer, Ammonium Acryloyldimethyltaurate/VP Copolymer, Acrylates/C10-30 Alkyl Acrylate Crosspolymer, Glyceryl Stearate Citrate, Ethylhexylglycerin, Adenosine, Polyether-1, Myristic Acid, Biosaccharide Gum-1, Tocopherol, Moringa Oleifera Seed Oil, Ceramide NP, Phytosphingosine, Phenethyl Alcohol, Sodium Chloride, Disodium Phosphate, Potassium Chloride, Potassium Phosphate

Die Liste der Inhaltsstoffe kann sich ändern. Bitte beachte die Verpackung des gekauften Produkts.
","Als letzten Schritt der Hautpflege-Routine auftragen.
Sanft auf der Haut verteilen und einmassieren, dabei die Augen- und Mundpartie aussparen.
Je nach Bedarf im Laufe des Tages erneut auftragen, um maximalen Sonnenschutz zu gewährleisten.",TRUE,TRUE,TRUE
Haruharu Wonder - Black Rice Pure Mineral Relief Daily Sunscreen SPF50+ PA++++,https://korean-skincare.de/cdn/shop/files/Product-page-sizes_b21c7fdc-e745-4a20-a376-46ba982de88a.jpg?v=1751274393,"Sanfter und dennoch wirksamer Sonnenschutz mit dem Haruharu Wonder Black Rice Pure Mineral Relief Daily Sunscreen SPF50+ PA++++. Diese mineralische Sonnencreme ohne Nanopartikel wurde für empfindliche Haut entwickelt und bietet SPF50+ PA++++ für ein breites Spektrum an UV-Blockern, die deine Haut vor schädlichen Strahlen schützen. --50ml",50ml,18.55,Haruharu Wonder,Sonnenschutz,"Water (Aqua), Zinc Oxide, Cyclohexasiloxane, Butyloctyl Salicylate, Propanediol, Propylheptyl Caprylate, Caprylyl Methicone, Polyglyceryl-3 Polydimethylsiloxyethyl Dimethicone, Methyl Methacrylate Crosspolymer, Niacinamide, Methyl Trimethicone, Isododecane, Stellaria Media Extract, Helianthus Annuus Flower Extract, Vaccinium Vitis-Idaea Fruit Extract, Oryza Sativa Extract, Bellis Perennis Flower Extract, Houttuynia Cordata Extract, Oryza Sativa Bran Oil, Sodium Hyaluronate, Hydrogenated Lecithin, Disteardimonium Hectorite, Magnesium Sulfate, Triethoxycaprylylsilane, Butylene Glycol, 1,2-Hexanediol, Polyglyceryl-2 Dipolyhydroxystearate, Polymethylsilsesquioxane, Lauryl Polyglyceryl-3 Polydimethylsiloxyethyl Dimethicone, Glyceryl Caprylate, Caprylyl Glycol, Ethylhexylglycerin, Tocopherol, Glycerin, Moringa Oleifera Seed Oil, Ceramide, Phytosphingosine, Phenethyl Alcohol, Sodium Chloride, Disodium Phosphate, Potassium Chloride, Potassium Phosphate

Die Liste der Inhaltsstoffe kann sich ändern. Bitte beachte die Verpackung des gekauften Produkts.
","Als letzten Schritt der Hautpflege-Routine auftragen.
Sanft auf der Haut verteilen und einmassieren, dabei die Augen- und Mundpartie aussparen.
Je nach Bedarf im Laufe des Tages erneut auftragen, um maximalen Sonnenschutz zu gewährleisten.",TRUE,TRUE,TRUE
Heimish - Artless Glow Base SPF50+,https://korean-skincare.de/cdn/shop/files/Product-page-sizes_5d4c014f-e11b-466a-8984-6209d0be2280.jpg?v=1751308533,"Die Heimish Artless Glow Base ist ein Make-up-Primer mit einer schwerelosen und feuchtigkeitsspendenden Formel, die ein sanftes und gleichmäßiges Auftragen ermöglicht und die Haut den ganzen Tag über weich und strahlend macht. Milde pflanzliche Inhaltsstoffe wie Hagebuttenfrucht, Thymianextrakt, Origanum majorana Blattextrakt und Pfefferminzextrakt nähren und verbessern die Elastizität. Perfekt, um allein oder unter dem Make-up verwendet zu werden. --40ml",40ml,18.55,Heimish,Sonnenschutz,"Water, Butylene Glycol, Ethylhexyl Methoxycinnamate, Ethylhexyl Salicylate, Phenylbenzimidazole Sulfonic Acid, Stearyl Alcohol, Triethanolamine, Octocrylene, Niacinamide, Diethylamino Hydroxybenzoyl Hexyl Benzoate, Hydroxyethyl Acrylate/Sodium Acryloyldimethyl Taurate Copolymer, Butyl Methoxydibenzoylmethane, Synthetic Fluorphlogopite, Titanium Dioxide (CI 77891), Mica (CI 77019), PEG-100 Stearate, Hydrogenated Lecithin, Glyceryl Stearate, Beeswax, Caprylyl Glycol, Carbomer, Adenosine, Disodium EDTA, Tin Oxide, Carmine, Thymus Vulgaris Leaf Extract, Origanum Majorana Leaf Extract, Mentha Piperita (Peppermint) Leaf Extract, Rosa Canina Fruit Extract, Fragrance (Parfum)

Die Liste der Inhaltsstoffe kann sich ändern. Bitte beachte die Verpackung des gekauften Produkts.
",Eine angemessene Menge des Produkts vor dem Make-up auf das Gesicht auftragen.,FALSE,TRUE,FALSE
House of Hur - Weightless Sun Fluid,https://korean-skincare.de/cdn/shop/files/HouseofHur_WeightlessSunFluid_Packshot.jpg?v=1773146099,"Das House of Hur Weightless Sun Fluid bietet eine cremige und dennoch erfrischende Lösung für den Sonnenschutz. Mit einer wirksamen Mischung aus 26 % Jeju-Yuja-Extrakt und 19 % reinem neuseeländischem Honigextrakt bietet dieser Sonnenschutz effektive Vorteile und fühlt sich dabei leicht auf der Haut an. Der Schutz deiner Haut vor längerer UV-Belastung ist entscheidend, um Falten, feinen Linien und vorzeitiger Hautalterung vorzubeugen. --50ml",50ml,19.55,House of Hur,Sonnenschutz,"Citrus Junos Fruit Extract, Water, Honey Extract, Dibutyl Adipate, Ethylhexyl Triazone, Terephthalylidene Dicamphor Sulfonic Acid, Silica, Butylene Glycol, Methylpropanediol, Tromethamine, Polyglyceryl-3 Distearate, 1,2-Hexanediol, Caprylyl Methicone, Diethylamino Hydroxybenzoyl Hexyl Benzoate, Polysilicone-15, Ammonium Acryloyldimethyltaurate/VP Copolymer, Potassium Cetyl Phosphate, Bis-Ethylhexyloxyphenol Methoxyphenyl Triazine, Glyceryl Stearate, Pentylene Glycol, Polyacrylate Crosspolymer-6, Hydroxyacetophenone, Polyether-1, Glyceryl Stearate Citrate, Ethylhexylglycerin, Disodium EDTA

Die Liste der Inhaltsstoffe kann sich ändern. Bitte beachte die Verpackung des gekauften Produkts.
","Trage die Creme 15 Minuten vor dem Sonnenbad auf die der Sonne ausgesetzten Hautpartien von Gesicht und Körper auf.
Für einen optimalen Sonnenschutz während des Tages alle zwei Stunden erneut auftragen.",FALSE,TRUE,TRUE
Hyalu B5 -SURACTIVATED CREAM LSF 30,https://www.apodiscounter.de/images/product_images/popup_images/19948517.jpg,"Die La Roche-Posay Hyalu B5 Suractivated Cream mit LSF 30 ist eine Anti-Aging-Pflege, die Falten sichtbar mildert, die Hautschutzbarriere stärkt und intensiv Feuchtigkeit spendet.
 Die Formel mit Hyaluronsäure, Vitamin B5 und Ectoin beruhigt empfindliche Haut und sorgt für ein strafferes, glatteres und aufgepolstertes Hautbild. Der integrierte LSF 30 schützt zusätzlich vor UVA- und UVB-Strahlen.
 Die reichhaltige, nicht komedogene Textur fühlt sich angenehm auf der Haut an und hinterlässt ein geschmeidiges Hautgefühl. Die Creme ist für alle Hauttypen geeignet, auch für empfindliche Haut.
 LSF 30 --50ml",50ml,27.39,Hyalu B5,Sonnenschutz,"Aqua / Water / Eau, Glycerin, C12-15 Alkyl Benzoate, Diisopropyl Sebacate, Phenylbenzimidazole Sulfonic Acid, Alcohol Denat., Bis-Ethylhexyloxyphenol Methoxyphenyl Triazine, Triethanolamine, Panthenol, Dimethicone, Ethylhexyl Triazone, Butyl Methoxydibenzoylmethane, Octyldodecanol, Cetyl Alcohol, Behenyl Alcohol, Zea Mays Starch / Corn Starch, Alpinia Galanga Leaf Extract, Stearic Acid, Sorbitan Isostearate, Cetearyl Alcohol, Cetearyl Glucoside, PEG-100 Stearate, Sodium Hyaluronate, Sodium Hydroxide, Sodium Polyacrylate Starch, Sodium Stearoyl Glutamate, Myristic Acid, Palmitic Acid, Adenosine, Ammonium Polyacryloyldimethyl Taurate, Ectoin, Hydroxyacetophenone, Hydroxyethyl Acrylate/Sodium Acryloyldimethyl Taurate Copolymer, Caprylic/Capric Triglyceride, Capryloyl Salicylic Acid, Citric Acid, Trisodium Ethylenediamine Disuccinate, Acetyl Glucosamine, Xanthan Gum, Pentylene Glycol, Phytic Acid, Poly C10-30 Alkyl Acrylate, Polyepsilon-Lysine, Polysorbate 60, Butylene Glycol, Phenoxyethanol, Parfum / Fragrance

Die Liste der Inhaltsstoffe kann sich ändern. Bitte beachte die Verpackung des gekauften Produkts.
",Sanft mit den Fingerspitzen auf die gereinigte Haut einmassieren. Nach dem Hyalu B5 Suractivated Serum verwenden.nft mit den Fingerspitzen auf die gereinigte Haut einmassieren. Nach dem Hyalu B5 Suractivated Serum verwenden.,TRUE,FALSE,FALSE
Hydrance - Hydrating Cream SPF 30 - Hydratační ochannÍ½ krém,https://www.mystationary.de/media/c3/90/7e/1775885296/e1e1270fefbdff8cd75be405f6d692f2a22688eb_MS_0063142_image_1_576154_hydrance_hydrating_cream_spf_30_hydratacni_ochanny_krem.jpg?ts=1775885300,"Die Hydrance Hydrating Cream SPF 30 ist eine feuchtigkeitsspendende Schutzcreme, die die Haut intensiv mit Feuchtigkeit versorgt und gleichzeitig vor UV-Strahlung schützt.
 Die cremige Textur hilft, die Haut geschmeidig zu machen, Spannungsgefühle zu lindern und den natürlichen Feuchtigkeitshaushalt zu unterstützen. Sie sorgt für ein angenehmes Hautgefühl und einen frischen, gepflegten Teint.
 SPF 30 --40ml",40ml,29.95,Hydrance,Sonnenschutz,"Avène Thermal Spring Water, Hyaluronic Acid, Aloe Polysaccharides, SPF 30, HEV Blue Light Filter

Die Liste der Inhaltsstoffe kann sich ändern. Bitte beachte die Verpackung des gekauften Produkts.
","Morgens nach der Reinigung gleichmäßig auf Gesicht, Hals und ggf. Dekolleté auftragen. Die Creme eignet sich ideal als tägliche Tagespflege und kann auch unter Make-up verwendet werden. Bei längerer Sonnenexposition regelmäßig nachcremen, insbesondere nach Schwitzen oder Abtrocknen.",TRUE,TRUE,TRUE
I'm From - Black Rice Toner,https://korean-skincare.de/cdn/shop/files/I_mFrom_BlackRiceToner_Packshot.jpg?v=1768221317,"Der I’m From Black Rice Toner ist ein pflegender, antioxidantienreicher Toner, der die Hautbarriere stärkt, die Elastizität verbessert und für einen gesunden Glanz sorgt. Mit schwarzem Reisextrakt, der von Natur aus reich an Antioxidantien ist, schützt dieser Toner die Haut vor Umweltstress und spendet gleichzeitig tiefgehende, lang anhaltende Feuchtigkeit.
--150ml",150ml,21.95,I'm From,Toner,"Water, Oryza Sativa Seed Water, Dicaprylyl Ether, Methylpropanediol, Hydrogenated Poly(C6-14 Olefin), 1,2-Hexanediol, Niacinamide, Sodium Chloride, Glycerin, Melia Azadirachta Flower Extract, Propanediol, Hydrogenated Lecithin, Polyglyceryl-10 Myristate, Coccinia Indica Fruit Extract, Ethylhexylglycerin, Adenosine, Xanthan Gum, Theobroma Cacao Cocoa Extract, Dextrin, Polyglycerin-3, Oryza Sativa Rice Extract, Tocopherol, Sodium Hyaluronate Crosspolymer, Polyglyceryl-10 Laurate, Butylene Glycol, Oryza Sativa Rice Bran Oil, Polyglutamic Acid, Panthenol, Xylose, Glycolic Acid, Disodium EDTA, Anthocyanin.

Die Liste der Inhaltsstoffe kann sich ändern. Bitte beachte die Verpackung des gekauften Produkts.
","Trag eine angemessene Menge auf ein Wattepad oder deine Hände auf.
Trag das Produkt sanft entlang der Hautkonturen auf.
Lass das Gesichtswasser vollständig in die Haut einziehen und fahr dann mit deiner gewohnten Hautpflege fort.",TRUE,TRUE,TRUE
INNISFREE - Enzym-Pads Grüntee und Vitamin C - Anti-Flecken-Pflege,https://media.sephora.eu/content/dam/gdam/europe/digital/pim/published/I/INNISFREE/761284/367236-media_swatch.jpg?scaleWidth=240&scaleHeight=240&scaleMode=fit,"Die Pads mit Grüntee-Enzym und Vitamin C mildern sichtbar Pigmentflecken und lassen fahle Haut wieder strahlen, während sie gleichzeitig das Hautbild verfeinern.

Grüntee-Enzym peelt sanft und entfernt abgestorbene Hautzellen, während Vitamin C den Teint zum Strahlen bringt.

Bei täglicher Anwendung wird das Hautbild verbessert, die Haut erhält mehr Ausstrahlung und Feuchtigkeit und wirkt revitalisiert. --170ml",170ml,29.95,INNISFREE,Toner,"Water/Aqua/Eau, Butylene Glycol, Glycerin, Niacinamide, 1,2-Hexanediol, Panthenol, Allantoin, Magnesium Ascorbyl Phosphate, Hydroxyethylcellulose, Citric Acid, Ethylhexylglycerin, Polyglyceryl-10 Laurate, Dipropylene Glycol, Dipotassium Glycyrrhizate, Sodium Phytate, Dextrin, Sodium Hyaluronate, Sodium Citrate, Gluconolactone, Methyl Diisopropyl Propionamide, Propanediol, Cyclodextrin, Beta-Glucan, Protease*, Citrus Reticulata (Tangerine) Peel Extract, Tocopherol, Glutathione, Ferulic Acid, Madecassoside.

*Protease: Exfoliating Enzyme from Green Tea.

Die Liste der Inhaltsstoffe kann sich ändern. Bitte beachte die Verpackung des gekauften Produkts.
","Lege das Pad nach der Reinigung für 10 bis 20 Minuten auf die gewünschten Stellen.

Fahre anschließend für mit dem Pad über das gesamte Gesicht und den Hals, um eine zusätzliche Peelingwirkung zu erzielen.

Entferne das Pad und klopfe überschüssige Lotion sanft ein, damit sie vollständig aufgenommen werden kann.

Kann täglich, morgens und abends, verwendet werden.",TRUE,TRUE,TRUE
INNISFREE - Green Tea Seed Hyaluronic Cream - Feuchtigkeitscreme - green Tea Seed Hya Cream 50 Ml,https://media.sephora.eu/content/dam/digital/pim/published/I/INNISFREE/720537/402318-media_swatch-0.jpg?scaleWidth=500&scaleHeight=500&scaleMode=fit,"Deine Haut ist dehydriert und geschwächt? Unsere Bestseller-Gesichtscreme versorgt deine Haut sofort mit intensiver und langanhaltender Feuchtigkeit.

Mit ihrer cremigen und leichten Textur hat diese Feuchtigkeitscreme auch eine beruhigende Wirkung auf die Haut. Sie wurde entwickelt, um das Feuchtigkeits- und Talgniveau der Haut ins Gleichgewicht zu bringen. Sie stärkt die Hautbarriere, damit sie sichtbar gesünder und strahlender ist. --50 ml",50 ml,28.95,INNISFREE,Feuchtigkeitspflege,"Water / Aqua / Eau, Propanediol, Glycerin, Stearyl Dimethicone, Methyl Trimethicone, Pentaerythrityl Tetraethylhexanoate, Butylene Glycol Dicaprylate/Dicaprate, Glyceryl Polymethacrylate, 1,2-Hexanediol, Polymethylsilsesquioxane, Squalane, Hydroxyethyl Acrylate/Sodium Acryloyldimethyl Taurate Copolymer, Polyglyceryl-3 Methylglucose Distearate, Carbomer, Hydrogenated Lecithin, Cholesterol, Glyceryl Stearate, Tromethamine, Sodium Stearoyl Glutamate, Lactobacillus Ferment Lysate, Hyaluronic Acid, Panthenol, Allantoin, Sodium Metaphosphate, Camellia Sinensis Seed Oil, Cetearyl Alcohol, Xanthan Gum, Glyceryl Caprylate, Butylene Glycol, Ethylhexylglycerin, Sorbitan Isostearate, Sodium Hyaluronate, Camellia Sinensis Leaf Extract, Madecassoside, Lactic Acid, Dextrin, Theobroma Cacao (Cocoa) Extract, Hydrolyzed Hyaluronic Acid, Sodium Hyaluronate Crosspolymer, Camellia Sinensis Seed Extract, Ceramide NP, Tocopherol, Phytosphingosine, Sodium Acetylated Hyaluronate

Die Liste der Inhaltsstoffe kann sich ändern. Bitte beachten Sie die Verpackung des gekauften Produkts.","Nach dem Serum eine kleine Menge gleichmäßig auf Gesicht und Hals auftragen. Sanft einklopfen, damit das Produkt besser aufgenommen wird. Morgens und abends anwenden. Morgens anschließend eine Sonnenschutzcreme auftragen.",FALSE,TRUE,TRUE
INNISFREE- Hyaluronsäure-serum Mit Grünem Tee - Feuchtigkeits-serum - green Tea Seed Hya Serum 80ml,https://media.sephora.eu/content/dam/digital/pim/published/I/INNISFREE/720536/402317-media_swatch-0.jpg?scaleWidth=500&scaleHeight=500&scaleMode=fit,"Stärke die natürliche Feuchtigkeitsbarriere der Haut und bringe sie zum Strahlen!

Deine Haut ist dehydriert und geschwächt? Unser Bestseller-Serum versorgt deine Haut sofort mit intensiver und langanhaltender Feuchtigkeit!

Das Serum hat eine leichte Textur und wurde formuliert, um das Feuchtigkeits- und Talgniveau der Haut ins Gleichgewicht zu bringen. Es stärkt darüber hinaus die Hautbarriere, damit sie sichtbar gesünder wirkt und wieder mit Feuchtigkeit versorgt ist.

Die kraftvolle Synergie von Beauty Green Tea™ und einer eingekapselten Mischung aus 5 Hyaluronsäure-Derivaten bietet eine umfassende Versorgung mit Feuchtigkeit und zieht schnell ein. --80ml",80ml,28.95,INNISFRE,Serum,"Water / Aqua / Eau, Propanediol, Glycerin, 1,2-Hexanediol, Niacinamide, Betaine, Saccharide Isomerate, Camellia Sinensis Seed Oil, Xylitol, Cetearyl Olivate, Hydrogenated Lecithin, Butylene Glycol, Sorbitan Olivate, Lactobacillus Ferment Lysate, Acrylates/C10-30 Alkyl Acrylate Crosspolymer, Squalane, Panthenol, Allantoin, Hydroxyethyl Acrylate/Sodium Acryloyldimethyl Taurate Copolymer, Tromethamine, Ethylhexylglycerin, Ceratonia Siliqua (Carob) Gum, Sodium Metaphosphate, Camellia Sinensis Leaf Extract, Dipotassium Glycyrrhizate, Sodium Hyaluronate, Hyaluronic Acid, Dextrin, Theobroma Cacao (Cocoa) Extract, 3-O-Ethyl Ascorbic Acid, Sorbitan Isostearate, Sodium Citrate, Citric Acid, Glyceryl Oleate, Tocopherol, Lecithin, Sucrose, Lauryl Glucoside, Polyglyceryl-6 Laurate, Myristyl Glucoside, Xanthan Gum, Lactic Acid, Hydrolyzed Hyaluronic Acid, Sodium Hyaluronate Crosspolymer, Sodium Acetylated Hyaluronate

Die Liste der Inhaltsstoffe kann sich ändern. Bitte beachten Sie die Verpackung des gekauften Produkts.","2 bis 3 Pumpmengen gleichmäßig auf das gesamte Gesicht und den Hals verteilen. Sanft einklopfen, damit das Produkt besser aufgenommen wird. Morgens und abends anwenden.",TRUE,TRUE,TRUE
INNISFREE- Serum Mit Retinol Und Salicylsäure - Serum Gegen Hautunreinheiten - retinol Salicylic Anti-blemish Serum,https://media.sephora.eu/content/dam/digital/pim/published/I/INNISFREE/761286/367238-media_swatch.jpg?scaleWidth=500&scaleHeight=500&scaleMode=fit,"Erlebe ein reineres Hautgefühl mit dieser sanften Formel!

Unser mildes Anti-Unreinheiten-Serum mit Retinol und Salicylsäure ist ein nicht reizendes, hochwirksames Serum, das einen gesunden Hautzyklus fördert, auch bei zu Akne neigender Haut!

Das Serum wurde entwickelt, um Hautunreinheiten zu behandeln, das Hautbild zu verfeinern und Aknenarben zu mildern.

Retinol in Kombination mit Salicylsäure, Niacinamid und einem beruhigenden Grüntee-Komplex (Grüntee-Ceramid + Grüntee-Biom) verbessert den allgemeinen Hautzustand und schützt vor Hautausschlägen. --30ml",30ml,36.95,INNISFRE,Serum,"Water/Aqua/Eau, Glycerin, Butylene Glycol, Niacinamide, Salicylic Acid, Dicaprylyl Carbonate, Tromethamine, Betaine, 1,2-Hexanediol, Hydrogenated Lecithin, Ammonium Acryloyldimethyltaurate/VP Copolymer, Caprylic/Capric Triglyceride, Hydroxyethyl Acrylate/Sodium Acryloyldimethyl Taurate Copolymer, Cholesterol, Helianthus Annuus (Sunflower) Seed Oil, Allantoin, Lactobacillus Ferment Lysate, Glycine Soja (Soybean) Oil, Tocopherol, Tocopheryl Acetate, Sodium Methyl Stearoyl Taurate, Propanediol, Daucus Carota Sativa (Carrot) Root Extract, Ethylhexylglycerin, Adenosine, Sorbitan Isostearate, Camellia Sinensis Seed Extract, Asiaticoside, Madecassic Acid, Retinol, Asiatic Acid, Phytosphingosine, Stearyl Glycyrrhetinate, Hyaluronic Acid, Ceramide NP, Beta-Glucan, Beta-Carotene.

Die Liste der Inhaltsstoffe kann sich ändern. Bitte beachte die Verpackung des gekauften Produkts.
","TRAGE MORGENS UND ABENDS 1 BIS 2 PUMPSTÖSSE DES PRODUKTS SANFT AUF GESICHT UND HALS AUF, BEVOR DU DIE CREME VERWENDEST.",FALSE,TRUE,TRUE
"ISNTREE -
Onion Newpair Sunscreen SPF40 PA+++",https://korean-skincare.de/cdn/shop/files/Product-page-sizes_cd54f0bf-57a9-4ca9-a510-3f6ad7cbbab2.jpg?v=1751297732,"Schütze deine Haut vor der Sonne mit dem Isntree Onion Newpair Sunscreen, der mit einem robusten SPF 40 PA+++ einen umfassenden Schutz vor UV-Strahlen bietet. Mit 5% rotem Zwiebelextrakt und einem Multi-Vita-Komplex schützt dieser chemische Sonnenschutz deine Haut nicht nur, sondern verleiht ihr auch ein strahlendes Aussehen. Allantoin und Herzblattextrakt spenden Feuchtigkeit und beruhigen die gereizte Haut. Die einzigartige, violett getönte Cremetextur neutralisiert nicht nur gelbe Untertöne, sondern sorgt auch für einen grundierungsähnlichen Effekt, der für eine glatte Haut sorgt. Mit dieser Sonnencreme kannst du deine Sonnenschutzroutine aufwerten und deine Haut gesund und strahlend aussehen lassen. --50ml",50ml,18.55,ISNTREE,Sonnenschutz,"Water, Homosalate, Ethylhexyl Methoxycinnamate, Allium Cepa Bulb Extract, Ethylhexyl Salicylate, Octocrylene, Butyloctyl Salicylate, Butyl Methoxydibenzoylmethane, Butylene Glycol, Niacinamide, Acrylates Copolymer, Polymethylsilsesquioxane, C20-22 Alkyl Phosphate, C20-22 Alcohols, 1,2-Hexanediol, Glycerin, Caprylyl Methicone, Pentylene Glycol, Houttuynia Cordata Extract, Hydrogenated Lecithin, Cetyl Alcohol, Dicaprylyl Carbonate, Glyceryl Stearate, Silica, Tromethamine, Poly C10-30 Alkyl Acrylate, Titanium Dioxide, Coco-Caprylate/Caprate, Dimethicone/Vinyl Dimethicone Crosspolymer, Dimethiconol, Trisiloxane, Polyacrylate Crosspolymer-6, Sodium Acrylate/Sodium Acryloyldimethyl Taurate Copolymer, Polyisobutene, Ethylhexylglycerin, Kaolin, Adenosine, Polyhydroxystearic Acid, Xanthan Gum, Alumina, Triethoxycaprylylsilane, Sorbitan Oleate, Caprylyl/Capryl Glucoside, Allantoin, Tocopherol, Panthenol, Caprylic/Capric Triglyceride, Polyglyceryl-10 Diisostearate, Glycoproteins, Menadione, Ultramarines (CI 77007)

Die Liste der Inhaltsstoffe kann sich ändern. Bitte beachte die Verpackung des gekauften Produkts.
","Als letzten Schritt deiner Hautpflegeroutine auftragen.
Sanft auf der Haut verteilen und einmassieren, dabei die Augen- und Mundpartie aussparen.
Für maximalen Sonnenschutz kannst du die Creme den ganzen Tag über nach Bedarf auftragen.",TRUE,TRUE,TRUE
ISNTREE - Hyaluronic Acid Watery Sun Gel SPF50+ PA++++,https://korean-skincare.de/cdn/shop/files/417x840_fa9a9322-7999-4108-a0bf-dd0553a34706.jpg?v=1751270774,"Erlebe leichten Sonnenschutz mit unserem Hyaluronsäure Watery Sun Gel SPF50+ PA++++. Diese fortschrittliche Formel kombiniert effektive UV-Filter wie Ethylhexyl Salicylate und Homosalate, um deine Haut vor schädlichen Strahlen zu schützen. Angereichert mit pflegenden Inhaltsstoffen wie Ceramide NP und Centella Asiatica-Extrakt hilft es, die Feuchtigkeitsbarriere deiner Haut zu erhalten und gleichzeitig Empfindlichkeiten zu lindern und zu beruhigen. Der Zusatz von Hyaluronsäure und ihren Derivaten spendet intensive Feuchtigkeit und macht deine Haut prall und geschmeidig. Die nicht fettende, wässrige Textur zieht schnell ein und ist damit die ideale Wahl für den täglichen Sonnenschutz. --50ml
",50ml,15.65,ISNTREE,Sonnenschutz,"Water, Butylene Glycol, Ethylhexyl Salicylate, Homosalate, Dibutyl Adipate, Niacinamide, Bis-Ethylhexyloxyphenol Methoxyphenyl Triazine, Cyclopentasiloxane, Methylene Bis-Benzotriazolyl Tetramethylbutylphenol, Polysilicone-15, Diethylamino Hydroxybenzoyl Hexyl Benzoate, 1,2-Hexanediol, Pentylene Glycol, Pinus Pinaster Bark Extract, Ceramide NP, Centella Asiatica Extract, Glycerin, Portulaca Oleracea Extract, Houttuynia Cordata Extract, Olea Europaea Fruit Oil, Ficus Carica Fruit Extract, Sodium Hyaluronate, Ceteth-10, Hydrogenated Lecithin, Decyl Glucoside, Propanediol, Tocopherol, Astaxanthin, Hyaluronic Acid, Sodium Hyaluronate Crosspolymer, Ascorbyl Propyl Hyaluronate, Hydrolyzed Hyaluronic Acid, Hydroxypropyltrimonium Hyaluronate, Acrylates/C10-30 Alkyl Acrylate Crosspolymer, Sodium Acetylated Hyaluronate, Hydrolyzed Sodium Hyaluronate, Adenosine, Xanthan Gum, Cetyl PEG/PPG-10/1 Dimethicone, Tromethamine, Carbomer, Propylene Glycol, Ethylhexylglycerin

Die Liste der Inhaltsstoffe kann sich ändern. Bitte beachte die Verpackung des gekauften Produkts.

","Als letzten Schritt deiner Hautpflegeroutine auftragen.
Gib eine ausreichende Menge des Hyaluronsäure-Sonnengels auf deine Handfläche.
Verteile und massiere das Gel sanft auf deinem Gesicht und allen unbedeckten Hautstellen. Trage das Gel bei Bedarf den ganzen Tag über auf, um den bestmöglichen Sonnenschutz zu erhalten.",TRUE,TRUE,TRUE
ISNTREE - Yam Root Milk Tone Up Sun Cream SPF50+ PA++++,https://korean-skincare.de/cdn/shop/files/Product-page-sizes_01a57cfc-a184-4669-a343-dd09609a882b.jpg?v=1751321172,"Verbessere deine Sonnenschutzroutine mit der Isntree Yamswurzelmilch Tone Up Sun Cream SPF50+ PA++++, einem mineralischen Sonnenschutzmittel, das über den UV-Schutz hinausgeht. Diese cremeartige Formel mit einem starken LSF 50 PA++++ kombiniert Yamswurzelextrakt und Panthenol, um die Haut tiefgehend zu hydratisieren und zu beruhigen und gleichzeitig die Hautbarriere zu stärken. Der Phyto-Mucin-Komplex und der Vegan Milk Complex schützen nicht nur vor Feuchtigkeitsverlust, sondern haben auch eine straffende Wirkung. --50ml",50ml,22.45,ISNTREE,Sonnenschutz,"Water, Zinc Oxide, Cyclohexasiloxane, Dioscorea Japonica Root Extract, Butyloctyl Salicylate, Panthenol, Propanediol, Dicaprylyl Ether, Isododecane, Propylheptyl Caprylate, Polyglyceryl-3 Polydimethylsiloxyethyl Dimethicone, Niacinamide, Caprylyl Methicone, Titanium Dioxide, Disteardimonium Hectorite, Oryza Sativa Extract, Avena Sativa Meal Extract, Corchorus Olitorius Leaf Extract, Angelica Keiskei Extract, Nelumbo Nucifera Root Extract, Hibiscus Esculentus Fruit Extract, Glycine Max Seed Extract, Sodium Hyaluronate, Triethoxycaprylylsilane, Magnesium Sulfate, Lauryl Polyglyceryl-3 Polydimethylsiloxyethyl Dimethicone, 1,2-Hexanediol, Polyglyceryl-2 Dipolyhydroxystearate, Polymethylsilsesquioxane, Glyceryl Caprylate, Caprylyl Glycol, Aluminum Hydroxide, Ethylhexylglycerin, Polymethyl Methacrylate, Adenosine, Tocopherol, Butylene Glycol, Iron Oxides (CI 77492), Iron Oxides (CI 77491), Iron Oxides (CI 77499)

Die Liste der Inhaltsstoffe kann sich ändern. Bitte beachte die Verpackung des gekauften Produkts.
","Als letzten Schritt deiner Hautpflegeroutine auftragen.
Sanft auf der Haut verteilen und einmassieren, dabei die Augen- und Mundpartie aussparen.
Für maximalen Sonnenschutz kannst du die Creme den ganzen Tag über nach Bedarf auftragen.",TRUE,TRUE,TRUE
IUNIK - Beta Glucan Barrier Sunscreen,https://korean-skincare.de/cdn/shop/files/Korean-Skincare-Official_9055cb98-d57b-417b-9b08-25240809cd82.jpg?v=1756879499,"Entdecke den ultimativen täglichen Schutz mit dem iUNIK Beta Glucan Barrier Sunscreen – einer leichten K-Beauty-Formel mit LSF 50+ PA++++, die empfindliche Haut schützt und pflegt, ohne zu fetten oder einen weißen Film zu hinterlassen.

Mit Beta-Glucan für tiefe Feuchtigkeitsversorgung, Aging-Shield Peptide™ für mehr Straffheit und GreenDiol® zur Feuchtigkeitsspeicherung stärkt diese vegane Sonnencreme die Hautbarriere, beruhigt Irritationen und sorgt für ein mattes, serumähnliches Finish, das sich nahtlos unter Make-up auftragen lässt. --60ml",60ml,20.95,IUNIK,Sonnenschutz,"Water (Aqua), Dibutyl Adipate, 2,3-Butanediol, Ethylhexyl Triazone, Propanediol, Diethylamino Hydroxybenzoyl Hexyl Benzoate, Drometrizole Trisiloxane, Terephthalylidene Dicamphor Sulfonic Acid, 1,2-Hexanediol, Butyloctyl Salicylate, Behenyl Alcohol, Tromethamine, Diethylhexyl Butamido Triazone, Diisopropyl Sebacate, Vinyl Dimethicone, Arachidyl Alcohol, Acrylates/C10-30 Alkyl Acrylate Crosspolymer, Methyl Methacrylate Crosspolymer, Caprylyl Methicone, Batyl Alcohol, Stearic Acid, Sodium Polyacryloyldimethyl Taurate, Arachidyl Glucoside, Polyacrylate Crosspolymer-6, Stearyl Alcohol, Allantoin, Ethylhexylglycerin, Panthenol, Lecithin, Caprylic/Capric Triglyceride, Microcrystalline Cellulose, Cellulose Gum, Glucose, Butylene Glycol, Propanediol, Beta-Glucan, Maltodextrin, Chlorella Ferment, Lactobacillus Ferment, Panax Ginseng Extract, Sodium Benzoate, Glyceryl Caprylate, Acetyl Hexapeptide-8

Die Liste der Inhaltsstoffe kann sich ändern. Bitte beachte die Verpackung des gekauften Produkts.

","Großzügig auftragen: Gib eine ausreichende Menge iUNIK Beta Glucan Barrier Sunscreen als letzten Schritt deiner Hautpflege auf deine Fingerspitzen oder Handfläche.
Gleichmäßig verteilen: Massiere die Sonnencreme sanft auf Gesicht und Hals ein und achte darauf, dass du alles abdeckst, um optimalen UV-Schutz zu bekommen.
Einmassiere: Klopfe das Produkt leicht in die Haut ein, damit es besser einzieht und ein mattes, nicht fettendes Finish hinterlässt.
Bei Bedarf erneut auftragen: Trage das Produkt alle 2 Stunden oder nach dem Schwitzen, Schwimmen oder Abtrocknen erneut auf, um den Schutz von SPF 50+ PA++++ aufrechtzuerhalten. Für beste Ergebnisse täglich anwenden.",TRUE,TRUE,TRUE
IUNIK - Centella Calming Daily Sunscreen SPF 50+ PA++++,https://korean-skincare.de/cdn/shop/files/Centella-Calming-Daily-Sunscreen-60ml_SINGLE_7767917b-bb37-46ed-ace8-c324c9e3ba65.jpg?v=1751270779,"Der iUNIK Centella Calming Daily Sunscreen SPF 50+ PA++++ ist ein Breitspektrum-Sonnenschutz, der die Haut vor schädlichen UV-Strahlen schützt. Der enthaltene Centella Asiatica-Extrakt hat eine beruhigende Wirkung auf die Haut. Die leichte, wässrige Textur zieht schnell ein und hinterlässt keine weißen Rückstände. --60ml",60ml,14.00,IUNIK,Sonnenschutz,"Centella Asiatica Extract (49%), Water, Dibutyl Adipate, Diethylamino Hydroxybenzoyl Hexyl Benzoate, Ethylhexyl Triazone, Glycerin, Niacinamide, Polymethyl Methacrylate, Methylene Bis-Benzotriazolyl Tetramethylbutylphenol, Polysilicone-15, 1,2-Hexanediol, Beta-Glucan, Allantoin, Butylene Glycol, Pentylene Glycol, Arachidyl Alcohol, Sodium Stearoyl Glutamate, Polyglyceryl-3 Methylglucose Distearate, Sorbitan Sesquioleate, Behenyl Alcohol, Decyl Glucoside, Caprylyl Glycol, Arachidyl Glucoside, Hydroxyacetophenone, Acrylates/C10-30 Alkyl Acrylate Crosspolymer, Carbomer, Polyacrylate Crosspolymer-6, Adenosine, Dipotassium Glycyrrhizate, Glucose, T-Butyl Alcohol, Xanthan Gum, Tromethamine, Disodium EDTA

Die Liste der Inhaltsstoffe kann sich ändern. Bitte beachte die Verpackung des gekauften Produkts.
","Als letzten Schritt der Hautpflegeroutine verwenden. Eine angemessene Menge auf die Haut auftragen.
Gleichmäßig auf die der UV-Strahlung ausgesetzte Haut auftragen, dabei die Augenpartie aussparen.
Den Sonnenschutz sanft einklopfen und in die Haut einarbeiten, bis er vollständig eingezogen ist. Für optimalen Sonnenschutz während des ganzen Tages alle 2 Stunden erneut auftragen.",TRUE,FALSE,TRUE
JayJun - Okra Phyto Mucin Deep Activating Cream Toner,https://korean-skincare.de/cdn/shop/files/1_1000x_4dcf0322-5b38-4d6c-a99b-afa594967a10.jpg?v=1752037521,"Der JAYJUN Okra Phyto Mucin Deep Activating Cream Toner ist ein Cremetoner, der die Haut mit einer Formel aus Okra-Fruchtextrakt und einem pflanzlichen Mucin-Komplex nährt und mit Feuchtigkeit versorgt, um sie zu festigen. Die Okra Phyto Mucin Deep Line ist eine intensive Anti-Aging-Hautpflege, die aktive Mucine in höherer Konzentration zusammen mit einem leistungsstarken Peptidkomplex verwendet. --150ml",150ml,27.95,JayJun,Toner,"Water, Butylene Glycol, Caprylic/Capric Triglyceride, 1,2-Hexanediol, Glycerin, Niacinamide, Hibiscus Esculentus Fruit Extract, Sorbitan Sesquioleate, Cetearyl Alcohol, Polyglyceryl-3 Methylglucose Distearate, Glyceryl Stearate, Stearic Acid, Olea Europaea (Olive) Fruit Oil, Glyceryl Glucoside, Panthenol, Sodium Hyaluronate, Glutathione, Dioscorea Japonica Root Extract, Centella Asiatica Extract, Nelumbo Nucifera Root Extract, Houttuynia Cordata Extract, Artemisia Vulgaris Extract, Natto Gum, Undaria Pinnatifida Extract, Corchorus Olitorius Leaf Extract, Laminaria Japonica Extract, Myrciaria Dubia Fruit Extract, Phaseolus Radiatus Seed Extract, Betula Alba Bark Extract, Rumex Crispus Root Extract, Acetyl Hexapeptide-8, Palmitoyl Pentapeptide-4, Palmitoyl Tripeptide-5, Palmitoyl Tripeptide-1, Copper Tripeptide-1, Carnosine, Acetyl Tetrapeptide-9, Acetyl Tetrapeptide-5, Acetyl Tetrapeptide-3, Acetyl Tetrapeptide-2, Acetyl Octapeptide-3, Nonapeptide-1, Carbomer, Adenosine, Arginine, Sodium Polyacrylate, Disodium EDTA.

Die Liste der Inhaltsstoffe kann sich ändern. Bitte beachte die Verpackung des gekauften Produkts.
","Trage eine angemessene Menge nach der Reinigung auf.
Massiere den Inhalt ein",TRUE,TRUE,TRUE
Jungkraut - Alpine Performance Face Fluid - Men,https://jungkraut.de/cdn/shop/files/Jungkraut_Skincare_For_Men_Product_Image_Alpine_Performance_Face_Fluid_1.webp?v=1776286203&width=600,"Das Alpine Performance Face Fluid ist eine leichte, schnell einziehende Tagespflege für Männer mit Anspruch.

Es spendet Feuchtigkeit, unterstützt die Regeneration und hilft der Haut, sich gegen Umweltstress und erste Anzeichen der Hautalterung zu behaupten – ohne schwere Texturen und ohne Zeitverlust. --50ml

",50ml,56.00,Jungkraut,Feuchtigkeitspflege,"Aqua, Glycerin, Undecane, Hydrogenated Coco-Glycerides, Silica, Helianthus Annuus Seed Oil, Glyceryl Stearate Citrate, Tridecane, Ectoin, Betula Alba Bark Extract, Aronia Melanocarpa Fruit Extract, Sambucus Nigra Flower Extract, Opuntia Ficus-Indica Seed Oil, Avena Sativa Kernel Extract, Honey Extract, Canola Oil, Sodium Hyaluronate, Pistacia Lentiscus Gum / Pistacia Lentiscus (Mastic) Gum, Zymomonas Ferment Extract, Rhododendron Ferrugineum Extract, Parfum, Lysolecithin, Sclerotium Gum, Xanthan Gum, Lactic Acid, Pullulan, Lecithin, Sodium Stearoyl Glutamate, Hydrogenated Lecithin, Tocopherol, Citric Acid, Sodium Hydroxide, Alcohol, Potassium Sorbate, Sodium Anisate, Sodium Levulinate, Linalool, Citral, Limonene

Die Liste der Inhaltsstoffe kann sich ändern. Bitte beachte die Verpackung des gekauften Produkts.
","2–3 Pumpstösse morgens nach der Reinigung genügen. Für alle Hauttypen geeignet, auch sensible Haut.",FALSE,FALSE,FALSE
Jungkraut - Botanical Power Face Wash men,https://jungkraut.de/cdn/shop/files/JungkrautSkincareForMenProductImageBotanicalPowerFaceWashMain.webp?v=1776285711&width=990,"Unser Waschgel reinigt deine Haut gründlich, ohne sie auszutrocknen. Mit einer schnellen Anwendung morgens und abends erzielst du ein reines Hautbild – ohne störenden Glanz. Perfekt für jeden Männerhauttyp und angereichert mit Inulin zur Stärkung deiner Hautflora. --100ml",100ml,32.00,Jungkraut,Gesichtsreinigung,"Water, Sodium Coco-Sulfate, Glycerin, Lauryl Glucoside, Decyl Glucoside, Inulin, Alpha-Glucan Oligosaccharide, Cucumis Sativus Fruit Extract, Urtica Dioica Leaf Extract, Mentha Citrata Leaf Extract, Citric Acid, Hydrogenated Palm Glycerides Citrate, Coco-Glucoside, Parfum, Tocopherol, Sodium Cocoyl Glutamate, Sodium Chloride, Glyceryl Oleate, Disodium Cocoyl Glutamate, Potassium Sorbate, Sodium Benzoate, Linalool, Limonene

Die Liste der Inhaltsstoffe kann sich ändern. Bitte beachten Sie die Verpackung des gekauften Produkts.
","Das Gesicht mit Wasser befeuchten.
Den Pumphub einmal betätigen und das Gel in den Händen leicht aufschäumen lassen.
Auf das Gesicht einmassieren.
Gründlich mit warmem Wasser abspülen.

Für die tägliche Anwendung morgens und abends.",TRUE,TRUE,FALSE
Kenzoki - Kenzoki Youth Flow - Youth Preserved Toner - kenzoki Yf Toner 200ml,https://media.sephora.eu/content/dam/digital/pim/published/K/KENZO/560262/270528-media_swatch.jpg?scaleWidth=500&scaleHeight=500&scaleMode=fit,"Entdecke KENZOKI YOUTH PRESERVED TONER, den ersten Schritt in deinem Youth Flow Pflegeritual. Die erfrischende Textur mit entspannendem Duft zieht sofort ein und sorgt für ein angenehmes Hautgefühl. Das Anti-Aging-Tonic versorgt die Haut 24 Stunden* lang mit Feuchtigkeit und hilft, Falten zu glätten und ihrer Entstehung vorzubeugen. Das Gesichtswasser enthält ein starkes Wirkstoffduo: Wasserextrakt aus der Blüte des Heiligen Lotus und Ölextrakte sowie natürlich vorkommender Malvenextrakt, um die Jugendlichkeit der Haut zu stimulieren. Auf sanfte Weise wird die Haut von Unreinheiten gereinigt und überschüssiger Talg entfernt. Tag für Tag fühlt sich die Haut zarter an, das Hautbild ist verfeinert, die Gesichtszüge sind entspannt und die Haut ist sichtbar strahlender und ebenmäßiger. Das Anti-Aging-Tonic hilft der Haut, sich gegen Schäden durch Umweltverschmutzung und oxidativen Stress zu schützen. So wird die Jugendlichkeit der Haut bewahrt und sie scheint widerstandsfähiger gegen äußere Einflüsse zu sein. --200ml",200ml,24,Kenzoki,Toner,"Aqua (Water), Glycerin, Alcohol, Propanediol, Diglycerin, Polysorbate 20, Parfum (Fragrance), Pentylene Glycol, Chlorphenesin, 1,2-Hexanediol, Caprylyl Glycol, Polyacrylate Crosspolymer-6, Sodium Citrate, Butylene Glycol, Malva Sylvestris (Mallow) Extract, Adenosine, Xanthan Gum, Citric Acid, Tocopherol, Caprylic/Capric Triglyceride, Potassium Sorbate, Nelumbo Nucifera Flower Extract, 15737.

Die Liste der Inhaltsstoffe kann sich ändern. Bitte beachte die Verpackung des gekauften Produkts.
","Durchfeuchte ein Wattepad mit dem Tonic und trage es in kreisenden Bewegungen auf Gesicht und Hals auf. Das Produkt einklopfen, bis es vollständig eingezogen ist.",TRUE,FALSE,FALSE
Kiehl's Since 1851 - Calendula Foaming Wash - Face Wash,https://media.sephora.eu/content/dam/gdam/europe/digital/pim/published/K/KIEHLS/533828/225484-media_swatch.jpg?scaleWidth=750&scaleHeight=750&scaleMode=fit,"Das Calendula Deep Cleansing Foaming Face Wash reinigt hochwirksam und bietet die ideale Basis für superweiche Haut. Dank der besonderen Gel-Formel, die sich bei Kontakt mit Wasser zu einem herrlich cremigen und reichhaltigen Schaum entwickelt, werden überschüssiges Fett und Schmutz abgetragen, ohne zu strapazieren. Spürbar revitalisiert und sichtbar frischer sorgen wertvolle Wirkkomplexe für das anschließende Pflegeplus. Einen besonderen Effekt erzielen pflanzliches Glyzerin und die pflegenden Extrakte der Ringelblume. Gemeinsam verbessern sie den Feuchtigkeitshaushalt des Teints und verleihen ihm, frei von Seifen und Parabenen, eine Extraportion jugendlicher Frische. --230ml",230ml,38.95,Kiehl's Since 1851,Gesichtsreinigung,"Water/Aqua/Eau, Sodium Cocoyl Glycinate, Coco-Betaine, Glycerin, Acrylates Copolymer, Sodium Chloride, Phenoxyethanol, Sodium Hydroxide, Citric Acid, Citrus Limon Peel Oil (Lemon Peel Oil), Limonene, Tetrasodium EDTA, Propylene Glycol, Geranium Maculatum Oil, Chamomilla Recutita Flower Oil (Matricaria Flower Oil), Citral, Calendula Officinalis Flower Extract, Cymbopogon Schoenanthus Oil, Artemisia Absinthium Extract

Die Liste der Inhaltsstoffe kann sich ändern. Bitte beachten Sie die Verpackung des gekauften Produkts.
",Tragen Sie eine kleine Menge auf die Fingerspitzen auf. Mit kreisenden Bewegungen nach oben in die feuchten Gesichtsbereiche einmassieren. Augenpartie aussparen. Gründlich abspülen.,TRUE,TRUE,FALSE
Kiehl's Since 1851 - Calendula Herbal - Extract Toner - calendula Af Toner 250ml,https://media.sephora.eu/content/dam/digital/pim/published/K/KIEHL/533951/225607-media_swatch.jpg?scaleWidth=500&scaleHeight=500&scaleMode=fit,"Reinigt und beruhigt normale bis fettige Haut sanft. Die Formel enthält keinen Alkohol und keine aggressiven synthetischen Austrocknungsmittel.
Das Gesichtswasser kann zur Pflege von Problemzonen verwendet werden und ist ein Kundenfavorit. --250 ml",250 ml,44.95,Kiehl's Since 1851,Toner,"Aqua/Water/Eau, Propylene Glycol, Propanediol, Hedera Helix Leaf/Stem Extract – Ivy Leaf/Stem Extract, Calendula Officinalis Flower, Calendula Officinalis Flower Extract, Althaea Officinalis Root Extract, Allantoin, Glycerin, Hydrogenated Starch Hydrolysate, Hydrolyzed Yeast, Caprylyl Glycol, Citric Acid, Trisodium Ethylenediamine Disuccinate, 1,2-Hexanediol, Phenoxyethanol, Chlorphenesin, Caramel (F.I.L. N70050253/1).

Die Liste der Inhaltsstoffe kann sich ändern. Bitte beachte die Verpackung des gekauften Produkts.
","Toner auf einen Wattepad geben und sanft über das Gesicht streichen.
 Die unmittelbaren Augenkonturen dabei auslassen.",TRUE,TRUE,TRUE
Kiehl's Since 1851 - Calendula Water Cream - Feuchtigkeitscreme - calendula Serum-infused Water Cr 100ml,https://media.sephora.eu/content/dam/digital/pim/published/K/KIEHL/630652/293498-media_swatch.jpg?scaleWidth=500&scaleHeight=500&scaleMode=fit,"Beim Auftragen entfaltet diese einzigartige, leichte Feuchtigkeitscreme ihre Wirkstoffe und hinterlässt ein hydratisiertes, weiches Gefühl sowie eine angenehme Frische auf der Haut. Nach nur einer Woche wird die Haut sichtbar ebenmäßiger und erstrahlt mit einem wunderschönen Glow. Bei regelmäßiger Anwendung werden Rötungen sichtbar reduziert, die Hautstruktur verbessert und Unebenmäßigkeiten verringert. Zudem gewinnt die Haut an Elastizität und trockene, feine Linien werden reduziert. Die Haut ist 24h lang mit Feuchtigkeit versorgt. --100ml",100ml,97.95,Kiehl's Since 1851,Feuchtigkeitspflege,"Aqua / Water, Dimethicone, Glycerin, Propylene Glycol, Propanediol, Panthenol, Dimethicone/PEG-10/15 Crosspolymer, Bisabolol, Diisopropyl Sebacate, Cymbopogon Schoenanthus Oil, Calendula Officinalis Flower, Calendula Officinalis Flower Extract, Artemisia Absinthium Extract, Chamomilla Recutita Flower Oil / Matricaria Flower Oil, Citrus Limon Peel Oil / Lemon Peel Oil, PEG-10 Dimethicone, Sodium Chloride, Sodium Citrate, Dipropylene Glycol, Citric Acid, Trisodium Ethylenediamine Disuccinate, Polymethylsilsesquioxane, Tocopherol, Phenoxyethanol, Chlorphenesin, Geranium Maculatum Oil, Linalool, Geraniol, Farnesol, Limonene, Citral, Citronellol

Die Liste der Inhaltsstoffe kann sich ändern. Bitte beachte die Verpackung des gekauften Produkts.
",Trage die Calendula Serum-Infused Water Cream am Morgen und Abend in kreisenden Aufwärtsbewegungen sanft auf die gereinigte Haut auf. Meide dabei den direkten Augenkontakt.,TRUE,TRUE,FALSE
Kiehl's Since 1851 - Clearly Corrective - Dark Spot Solution - clearly Corrective Dark Spot Sol 50ml,https://media.sephora.eu/content/dam/digital/pim/published/K/KIEHL/533871/225527-media_swatch.jpg?scaleWidth=500&scaleHeight=500&scaleMode=fit,"Die Formel hilft bei kontinuierlicher täglicher Anwendung, der Bildung zukünftiger dunkler Hautflecken und anderer Hautverfärbungen vorzubeugen.
Sie ist silikonfrei, parabenfrei und frei von Duftstoffen. Außerdem enthält sie keine Farbstoffe und keine optischen Diffusoren. --50 ml",50 ml,79.95,Kiehl's Since 1851,Serum,"Aqua/Water, Propylene Glycol, Glycerin, Alcohol Denat., PEG/PPG/Polybutylene Glycol-8/5/3 Glycerin, Hydroxypropyl Tetrahydropyrantriol, 3-O-Ethyl Ascorbic Acid, PPG-6-Decyltetradeceth-30, Phenoxyethanol, Salicylic Acid, Xanthan Gum, Hydroxyethylcellulose, Potassium Hydroxide, Citric Acid, Sodium Citrate, Tocopheryl Acetate, Lavandula Angustifolia Oil/Lavender Oil, Disodium EDTA, Adenosine, Linalool, Butylene Glycol, Tocopherol, Citrus Aurantium Tachibana Peel Extract, Paeonia Suffruticosa Root Extract (F.I.L. D186619/1).

Die Liste der Inhaltsstoffe kann sich ändern. Bitte beachte die Verpackung des gekauften Produkts.
","Das Gesicht mit einem Mizellenwasser von Make-up-Resten und Schmutz befreien
  Anschließend 2-3 Tropfen des Serums auf die Fingerspitzen geben
  In sanft kreisenden Bewegungen von innen nach außen in die Gesichtshaut einmassieren oder punktuell auftragen
  Danach eine Feuchtigkeitspflege auf die Haut auftragen
  Zum Schluss die sensible Augenpartie mit der Creamy Eye Treatment Avocado Augencreme pflegen",TRUE,FALSE,FALSE
Kiehl's Since 1851 - Clearly Corrective - Exfol Cleanser - clearly Corrective Exfol Cleans 150ml,https://media.sephora.eu/content/dam/digital/pim/published/K/KIEHLS/533831/225487-media_swatch.jpg?scaleWidth=500&scaleHeight=500&scaleMode=fit,"Die aufhellende Gesichtsreinigung Exfoliating Cleanser befreit die Haut von schädlichen Umwelteinflüssen, indem die Haut sanft exfoliert wird, um somit die Reinheit der Haut wieder herstellen zu können. Auch bei öliger Haut kann das überschüssige Öl der Haut durch Anwendung der Gesichtsreinigung entfernt werden. Durch vermehrte Anwendung der Gesichtsreinigung erscheint die Textur der Haut sanfter und glatter, sodass die Haut gründlich gereinigt erscheint und durch ein natürliches Strahlen überzeugt. Die Reinigung ist Seifen- und sulfatfrei. --150ml",150ml,36.45,Kiehl's Since 1851,Gesichtsreinigung,"Water/Aqua, Sodium Cocoyl Glycinate, Coco-Betaine, Glycerin, Acrylates Copolymer, Perlite, Sodium Chloride, Phenoxyethanol, Sodium Hydroxide, Chlorphenesin, Salicylic Acid, Hydroxypropyl Tetrahydropyrantriol, Propylene Glycol, Lavandula Angustifolia (Lavender) Oil, Disodium EDTA, Linalool, Butylene Glycol, Citrus Aurantium Tachibana Peel Extract, Paeonia Suffruticosa Root Extract, Citric Acid

Die Liste der Inhaltsstoffe kann sich ändern. Bitte beachten Sie die Verpackung des gekauften Produkts.
","Die sanfte Reinigung mit exfolierenden Eigenschaften in kleiner Dosierung auf die Fingerspitzen geben und anschließend auf das angefeuchtete Gesicht auftragen. Nun mit sanft kreisenden Bewegungen in die Gesichtshaut einmassieren, dabei die Augenpartie aussparen. Danach die Creme gründlich abspülen, wobei auch ein feuchter Waschlappen verwendet werden kann. Für eine umfassende Pflege empfiehlt sich die Verwendung einer passenden Feuchtigkeitscreme.",TRUE,TRUE,FALSE
Kiehl's Since 1851 - Cucumber Herbal - Cleanser,https://media.sephora.eu/content/dam/gdam/europe/digital/pim/published/K/KIEHLS/533833/225489-media_swatch.jpg?scaleWidth=750&scaleHeight=750&scaleMode=fit,"Der Cucumber Herbal Cleanser befreit die Haut besonders sanft und beruhigend von überschüssigen Fetten, Schmutz und Unreinheiten - für ein Frischegefühl, das den ganzen Tag anhält. Er ist besonders für trockene und empfindliche Haut geeignet. Die einzigartige Gel-Lotion wird zu federleichtem Schaum, der sanft über die Haut gleitet. Wirkungsvolle Entfernung von Make-up, ohne den natürlichen Feuchtigkeitsgehalt der Haut zu beeinträchtigen. Die besänftigende, pflegende Formulierung eignet sich für die tägliche Anwendung bei allen Hauttypen, besonders für trockene oder empfindliche Haut. Für ein optimales Pflegeergebnis im Anschluss den Cucumber Herbal Alcohol-Free Toner verwenden. --150ml",150ml,28.95,Kiehl's Since 1851,Gesichtsreinigung,"Water/Aqua, Propylene Glycol, Glycerin, Sodium Methyl Cocoyl Taurate, Coco-Betaine, Sodium Cocoyl Isethionate, Sodium Chloride, Acrylates/C10-30 Alkyl Acrylate Crosspolymer, Glycol Distearate, Phenoxyethanol, Glyceryl Stearate, Citric Acid, PEG-100 Stearate, PPG-5-Ceteth-20, Sodium Hydroxide, Coconut Acid, Caprylyl Glycol, Coco-Glucoside, PEG-55 Propylene Glycol Oleate, Salicylic Acid, Chlorphenesin, Cucumis Sativus Fruit Extract (Cucumber Fruit Extract), Polyquaternium-53, Disodium EDTA, Glyceryl Oleate, Lavandula Hybrida Oil, Citrus Limon Peel Oil (Lemon Peel Oil), PEG-30 Dipolyhydroxystearate, Trideceth-6, Limonene, Rosmarinus Officinalis Leaf Oil (Rosemary Leaf Oil), Linalool, Benzoic Acid

Die Liste der Inhaltsstoffe kann sich ändern. Bitte beachten Sie die Verpackung des gekauften Produkts.
",Eine kleine Menge auf deine Fingerspitzen geben. Den Cucumber Herbal Cleanser in kreisenden Bewegungen sanft aufschäumen. Augenkontakt vermeiden. Anschließend mit lauwarmem Wasser abspülen.,TRUE,TRUE,FALSE
Kiehl's Since 1851 - Cucumber Herbal - Toner - cucumber Toner Af 250ml,https://media.sephora.eu/content/dam/digital/pim/published/K/KIEHLS/533838/225494-media_swatch.jpg?scaleWidth=500&scaleHeight=500&scaleMode=fit,"Das mildeste aller unserer Toner, ideal für trockene und empfindliche Hauttypen.
Mit feinsten sanften pflanzlichen Extrakten sorgt er für eine gelinderte, ausgeglichene und mild adstringierende Wirkung.
Hinterlässt die Haut weich, sauber, gelindert und gestrafft. --250ml",250ml,27.45,Kiehl's Since 1851,Toner,"Aqua/Water, Propanediol, Propylene Glycol, Phenoxyethanol, Sodium PCA, Sodium Benzoate, Allantoin, Chamomilla Recutita Flower Extract/Matricaria Flower Extract, Glucose, Cucumis Sativus Fruit Extract/Cucumber Fruit Extract, Aloe Barbadensis Leaf Juice Powder, Camphor, Urtica Dioica Extract/Nettle Extract, Equisetum Arvense Extract, Betula Alba Leaf Extract, CI 19140/Yellow 5, Potassium Sorbate, CI 14700/Red 4, CI 42090/Blue 1, Sodium Hydroxide, Citric Acid (F.I.L. D215531/1).

Die Liste der Inhaltsstoffe kann sich ändern. Bitte beachte die Verpackung des gekauften Produkts.
",Als erstes die Gesichtshaut gründlich mit einem passenden Waschgel reinigen und anschließend abtrocknen. Nun das alkoholfreie Gesichtswasser auf ein Wattepad geben und den Toner mit tupfenden Bewegungen auf dem Gesicht und im Halsbereich auftragen. Danach empfiehlt sich die Verwendung einer auf den Hauttyp abgestimmten Feuchtigkeitscreme. Der Toner kann darüber hinaus auch zwischendurch zur Erfrischung verwendet werden.,TRUE,TRUE,FALSE
Kiehl's Since 1851 - Daily Refining - Milk-peel Toner - milk Peel Toner 200ml,https://media.sephora.eu/content/dam/digital/pim/published/K/KIEHLS/533839/225495-media_swatch.jpg?scaleWidth=500&scaleHeight=500&scaleMode=fit,"Unser Milk-Peel Toner ist sanft genug für den täglichen Gebrauch und verwöhnt die Haut mit einem Peeling-Effekt, während die pflegende Milch-Textur sie regeneriert.
Der zweifach wirkende exfolierende Toner mit Lipo-Hydroxysäure, 23 % Mandelmilch, Squalan und Distelsamenöl peelt die Haut sanft und löst Unreinheiten. Gleichzeitig füllt er den Feuchtigkeitsgehalt der Haut wieder auf und sorgt für einen reinen Teint sowie ein glattes, angenehmes Hautgefühl.
 Der Toner wurde klinisch getestet und hilft, Hautrückstände sanft zu entfernen, ohne Irritationen zu verursachen. Die Haut fühlt sich hydratisiert, gepflegt und angenehm an. --200 ml",200 ml,77.45,Kiehl's Since 1851,Toner,"Aqua/Water, Hydrogenated Polydecene, Caprylic/Capric Triglyceride, Squalane, Carthamus Tinctorius Seed Oil/Safflower Seed Oil, 1,2-Hexanediol, PEG-6 Caprylic/Capric Glycerides, PEG-40 Glyceryl Cocoate, Phenoxyethanol, Sodium Coceth Sulfate, Capryloyl Salicylic Acid, Tromethamine, Ethylhexylglycerin, Citrus Nobilis Peel Oil/Mandarin Orange Peel Oil, Adenosine, Limonene, Caprylyl Glycol, Anthemis Nobilis Flower Oil, Cupressus Sempervirens Leaf/Nut/Stem Oil, Prunus Amygdalus Dulcis Seed Extract/Sweet Almond Seed Extract, Benzyl Alcohol, Xanthan Gum, Silybum Marianum Extract, Tocopherol, Dehydroacetic Acid, Lactic Acid.

Die Liste der Inhaltsstoffe kann sich ändern. Bitte beachte die Verpackung des gekauften Produkts.
","Schüttle den Toner vor Gebrauch gut, damit sich die zwei Phasen Formel miteinander vermischt.
 Befeuchte zweimal täglich ein Wattepad mit dem Milk-Peel Toner und streiche sanft über Dein sauberes und trockenes Gesicht. Spare dabei die Augenpartie aus.
 Um optimale Ergebnisse zu erzielen, verwende unseren sanft exfolierenden Toner täglichen jeden Morgen und Abend nach der Reinigung und vor dem Auftragen eines Serums.
 Kombiniere den Milk-Peel toner mit unserem Clearly Corrective Dark Spot Solution [LINK TO PDP] für einen strahlenden, klaren Teint.",TRUE,TRUE,FALSE
Kiehl's Since 1851 - Facial Fuel - Energizing Face Wash - facial Fuel Cleanser 250ml men,https://media.sephora.eu/content/dam/digital/pim/published/K/KIEHLS/533958/225614-media_swatch.jpg?scaleWidth=500&scaleHeight=500&scaleMode=fit,"Facial Fuel Energizing Face Wash ist ein erfrischender Gesichtsreiniger für Herren, der für alle Hauttypen geeignet ist.
Das effektive Waschgel von Kiehl’s belebt und weckt die Haut mit stimulierendem Koffein und kühlend frischem Menthol. Neben dem morgendlichen Frischekick hat die pflegende Gesichtsreinigung durch das Koffein auf eine abschwellende Wirkung. So sieht das Gesicht selbst nach einer kurzen Nacht auch direkt nach dem Aufwachen und Gesichtwaschen frisch und vitalisiert aus.

Die revitalisierende Gesichtsreinigung enthält außerdem Zitrusextrakte und Vitamin E, die antioxidativ wirken und das Gesicht vor schädlichen Umweltflüssen und freien Radikalen schützen. Gleichzeitig wird die Haut belebt und sanft regeneriert. Müde, stumpfe Haut wirkt frischer, erholter und gesünder. Vitamin E hat zusätzlich eine nährende, hautberuhigende und feuchtigkeitsspendende Wirkung. Dadurch bereitet der Facial Fuel Energizing Face Wash Männergesichtsreiniger von Kiehl's die Haut optimal auf die anschließende Rasur vor.

Besonders effektiv pflegt Kiehl's Facial Fuel Energizing Face Wash in Kombination mit dem Facial Fuel Moisturizer SPF19, der feuchtigkeitsspendenden Männer Gesichtscreme von Kiehl's. --250ml",250ml,28.45,Kiehl's Since 1851,Gesichtsreinigung,"Water/Aqua, Glycerin, Ammonium Lauryl Sulfate, Propylene Glycol, Triethanolamine, Caprylyl Glycol, Coco-Betaine, Acrylates/Steareth-20 Methacrylate Copolymer, TEA-Lauryl Sulfate, Coco-Glucoside, Phenoxyethanol, Citric Acid, Decyl Glucoside, Acrylates/C10-30 Alkyl Acrylate Crosspolymer, Parfum/Fragrance, Chlorphenesin, Disodium EDTA, Sodium Chloride, Zea Mays Germ Oil (Corn Germ Oil), Caffeine, Menthol, Limonene, Polyquaternium-39, Tocopherol, Benzoic Acid, Ammonium Sulfate, Sodium Lauryl Sulfate, Castanea Sativa Seed Extract (Chestnut Seed Extract), Citrus Aurantium Dulcis Juice (Orange Juice), Citrus Limon Juice (Lemon Juice), Sodium Benzoate, Potassium Sorbate, Ethylhexylglycerin, CI 42090 (Blue 1), CI 14700 (Red 4)

Die Liste der Inhaltsstoffe kann sich ändern. Bitte beachten Sie die Verpackung des gekauften Produkts.
","Kiehl's Facial Fuel Cleanser kann morgens und abends verwendet werden. Das Reinigungsgel zwischen den Händen aufschäumen und mit sanften, massierenden Bewegungen auf dem Gesicht verteilen. Dabei die Augenpartie aussparen. Anschließend das Gesicht gründlich waschen, gegebenenfalls rasieren und zum Abschluss eine Feuchtigkeitspflege anwenden. Augenkontakt vermeiden. Bei Augenkontakt sofort mit fließendem Wasser ausspülen.",TRUE,TRUE,FALSE
"Kiehl's Since 1851 - Facial Fuel - Scrub men

",https://media.sephora.eu/content/dam/gdam/europe/digital/pim/published/K/KIEHLS/533912/225568-media_swatch.jpg?scaleWidth=750&scaleHeight=750&scaleMode=fit,"Geben Sie Ihrer Haut neue Energie mit einem belebenden Gesichtspeeling. Das Facial Fuel Energizing Scrub entfernt Unreinheiten und peelt die Haut, um Rauheit zu mildern und die Haut für eine gründlichere und angenehmere Rasur zu glätten. Diese Formel enthält eine belebende Mischung aus Koffein, Menthol, Vitamin E und Zitrusextrakten sowie Peelingpartikel aus Aprikosenkernen. Beleben Sie die Haut für ein ebenmäßiges und erfrischtes Aussehen. Zur Anwendung das Gesicht anfeuchten, sanft in die Haut einmassieren und gut abspülen. Empfohlen für eine zwei- bis dreimalige Anwendung pro Woche. Für Männerhaut. --100ml",100ml,32.95,Kiehl's Since 1851,Gesichtsreinigung,"Water/Aqua, Myristic Acid, Perlite, Palmitic Acid, Potassium Hydroxide, Disodium Ricinoleamido MEA-Sulfosuccinate, Lauric Acid, PEG-7 Glyceryl Cocoate, Prunus Armeniaca (Apricot) Seed Powder, Stearic Acid, Glycerin, Benzyl Alcohol, Phenoxyethanol, Ceteareth-60 Myristyl Glycol, Magnesium Aluminum Silicate (Argilla), Parfum/Fragrance, Disodium EDTA, Menthol, Limonene, Caffeine, Glycine Soja (Soybean) Oil, Tocopherol, BHT, Dipropylene Glycol, Decylene Glycol, Castanea Sativa Seed Extract (Chestnut Seed Extract), Linalool, Pentylene Glycol, Hydrolyzed Soy Protein, Citrus Aurantium Dulcis Juice (Orange Juice), Citrus Limon Juice (Lemon Juice), Sodium Benzoate, Methylisothiazolinone, Potassium Sorbate, Ethylhexylglycerin, Sodium Hydroxide, Citric Acid

Die Liste der Inhaltsstoffe kann sich ändern. Bitte beachten Sie die Verpackung des gekauften Produkts.
","Das Peeling zwei- bis dreimal wöchentlich auf das angefeuchtete Gesicht auftragen. Anschließend sanft einmassieren, dabei die Augenpartie aussparen. Nach der Anwendung das Gesicht gründlich mit warmem Wasser abspülen und abtrocknen. Um die Pflege für anspruchsvolle Männerhaut zu ergänzen, eignen sich die speziell darauf abgestimmten Pflegeprodukte aus dem Sortiment von Kiehl’s.",TRUE,TRUE,FALSE
Kiehl's Since 1851 - Gently Effective Blemish-treating Cleans - Gesichtswasser - acne Treat Cleansing Paste,https://media.sephora.eu/content/dam/digital/pim/published/K/KIEHL/762795/365037-media_swatch.jpg?scaleWidth=500&scaleHeight=500&scaleMode=fit,"Unsere Reinigungspaste mildert wissenschaftlich erwiesen Hautunreinheiten ohne die Haut auszutrocknen. Sie enthält 2% Salicylsäure zur Bekämpfung und Vorbeugung von Hautunreinheiten, Kaolin-Tonerde und Aktivkohle zur Absorption von Öl und zum Bekämpfen von Unreinheiten, während beruhigendes Cica-Centella pflanzlichen Ursprungs und Glycerin dazu beitragen, die Hautbarriere zu stärken und dem Austrocknen der Haut vorzubeugen. •Mildert Hautunreinheiten •Bekämpft und beugt Hautunreinheiten vor •Beruhigt die Haut •Stärkt die Hautbarriere •Beugt das Austrocknen der Haut vor. --150ml",150ml,28.95,Kiehl's Since 1851,Toner,"Aqua/Water/Eau, Glycerin, Kaolin, Sodium Cocoyl Isethionate, Glyceryl Stearate SE, Cetyl Alcohol, Niacinamide, Salicylic Acid, Glycolipids, Alpha-Glucan Oligosaccharide, Carrageenan, Beta-Glucan, Centella Asiatica Extract, Ceramide NP, Charcoal Powder, Chitosan, Lactic Acid, Sodium Benzoate, Sodium Hydroxide, Trisodium Ethylenediamine Disuccinate (F.I.L. N70048279/1).

Die Liste der Inhaltsstoffe kann sich ändern. Bitte beachte die Verpackung des gekauften Produkts.
","Unsere Unreinheiten-Reinigungspaste kann auf drei verschiedene Arten verwendet werden. Erstens als Cleanser: - Das Gesicht mit Wasser anfeuchten - Die Paste in der Hand verteilen und dann auf dem Gesicht aufschäumen - Gründlich abwaschen und abtrocknen, gefolgt von den Seren und der Feuchtigkeitscreme Deiner Wahl Unsere Formel kann auch als Maske verwendet werden: Lasse die Formel etwa 10 Minuten einwirken, wasche sie dann gründlich ab und tupfe dein Gesicht trocken ab. Die Paste kann auch als lokale Pickelbekämpfung über Nacht verwendet werden, um bestimmte Pickel direkt anzugehen.",FALSE,TRUE,TRUE
Kiehl's Since 1851 - Hydro-plumping Serum Concentrate - Serum - hydro Plumping Retex Serum Conc 75ml,https://media.sephora.eu/content/dam/digital/pim/published/K/KIEHL/566217/256454-media_swatch.jpg?scaleWidth=500&scaleHeight=500&scaleMode=fit,"Mit dem Hydro-Plumping Re-Texturizing Serum Concentrate präsentiert Kiehl’s eine Pflege-Innovation für mehr jugendliche Spann- & Strahlkraft. Das feuchtigkeitsspendende Gesichtsserum verleiht müder und gestresster Haut mit jeder Anwendung jugendliche Frische und einen strahlend schönen Teint. Trockene Haut wird intensiv mit Feuchtigkeit versorgt, sodass Spannungsgefühle und Juckreiz keine Chance haben.

Das Feuchtigkeitsserum ist mit einer Liquid-to-Serum Technologie ausgestattet. Diese ist tiefenwirksam und mildert Anzeichen dehydrierter und reifer Haut. Fältchen, Trockenheit oder einen fahlen Teint wirken mit jedem Auftragen gemildert. Das Gesichtsserum sorgt dafür, dass Deine Haut Feuchtigkeit langanhaltend speichert - so wie ein Magent. Die Formel mit ausgewählten Inhaltsstoffen eignet sich für jeden Hauttyp und auch für sensible Haut. Fältchen und feine Linien werden gemildert. Angereichert mit Glycerin auf pflanzlicher Basis, polstert die Anti-Aging-Pflege Deine Haut auf und hält sie geschmeidig. Dank der revolutionären Formel wird das konzentrierte Serum zum Hautpflege-Booster für jugendlich strahlende und glattere Haut. --75ml",75ml,86.95,Kiehl's Since 1851,Serum,"Aqua/Water/Eau, Glycerin, Dimethicone, Propanediol, Gluconolactone, Dimethicone/PEG-10/15 Crosspolymer, Sodium Chloride, Sodium Dextran Sulfate, Sodium Hydroxide, Phenoxyethanol, Citric Acid, Chlorphenesin, Sodium Citrate, Trisodium Ethylenediamine Disuccinate, PEG-10 Dimethicone, Adenosine, Dipropylene Glycol, Tocopherol (F.I.L. N70045426/1).

Die Liste der Inhaltsstoffe kann sich ändern. Bitte beachte die Verpackung des gekauften Produkts.","Reinige Deine Gesichtshaut vor der Anwendung mit einem milden Reinigungsschaum
Verwende anschließend einen Toner, um die Haut optimal auf die anstehende Gesichtspflege vorzubereiten
Zwei Pumpstöße des Gesichtsserums entnehmen und in den Handflächen verteilen
Anschließend auf die Haut im Gesicht auftragen und sanft von innen nach außen verstreichen
Tipp: Verwende nach dem Gesichtsserum die Ultra Facial Cream. Der Kiehl's Klassiker versorgt Deine Haut für bis zu 24 Stunden mit Feuchtigkeit. Trage die Creme in Aufwärtsbewegungen auf. So straffst Du Deine Gesichtshaut zusätzlich.",TRUE,TRUE,TRUE
Kiehl's Since 1851 - Midnight Recovery Cleansing Oil - Reinigungsöl - midnight Recovery Cleansing Oil 175ml,https://media.sephora.eu/content/dam/digital/pim/published/K/KIEHLS/533824/225480-media_swatch.jpg?scaleWidth=500&scaleHeight=500&scaleMode=fit,"Das Midnight Recovery Botanical Cleansing Oil von Kiehl’s ist ein luxuriöses Reinigungsöl für die abendliche Pflegeroutine und eignet sich für alle Hauttypen. Es befreit die Haut sanft von Make-up-Rückständen, Schmutz und überschüssigem Talg, ohne sie zu belasten.
 Die Formel enthält Nachtkerzenöl, Lavendelöl und Squalan. Diese Inhaltsstoffe helfen, die Haut porentief zu reinigen, sie zu beruhigen und mit Feuchtigkeit zu versorgen. Das Pflegeöl hinterlässt die Haut zart, geschmeidig und optimal gepflegt. --175ml",175ml,36.45,Kiehl's Since 1851,Gesichtsreinigung,"Ethylhexyl Palmitate, Zea Mays Germ Oil (Corn Germ Oil), Isopropyl Myristate, Caprylic/Capric Triglyceride, Polyglyceryl-10 Dioleate, Polyglyceryl-6 Dicaprate, Oenothera Biennis Oil (Evening Primrose Oil), Polyglyceryl-2 Oleate, Coriandrum Sativum Seed Oil (Coriander Seed Oil), Helianthus Annuus Seed Oil (Sunflower Seed Oil), Phenoxyethanol, Squalane, Lavandula Angustifolia Oil (Lavender Oil), Isopropyl Lauroyl Sarcosinate, Dicaprylyl Ether, Dicaprylyl Carbonate, Geranium Maculatum Oil, Rosmarinus Officinalis Leaf Oil (Rosemary Leaf Oil), Linalool, Tocopherol, Citronellol, Geraniol, Limonene, Glycine Soja Oil (Soybean Oil), Glyceryl Stearate Citrate

Die Liste der Inhaltsstoffe kann sich ändern. Bitte beachten Sie die Verpackung des gekauften Produkts.
","Geben Sie am Abend drei bis vier Pumpstöße in Ihre Handfläche und massieren Sie das Midnight Recovery Botanical Cleansing Oil von Kiehl’s sanft in die trockene Haut ein. Anschließend befeuchten Sie die Haut, sodass das Öl emulgiert und zur Reinigungsmilch wird. Danach spülen Sie Ihr Gesicht gründlich ab und tupfen Sie es mit einem sauberen, weichen Handtuch trocken. Zum Schluss tragen Sie Ihre übliche Nachtpflege auf.",TRUE,TRUE,FALSE
Kiehl's Since 1851 - Powerful Strength Line Reducing - Concentrate Serum - powerful Serum 15ml,https://media.sephora.eu/content/dam/digital/pim/published/K/KIEHL/533876/225532-media_swatch.jpg?scaleWidth=500&scaleHeight=500&scaleMode=fit,"Der Anti-Aging Bestseller enthält eine effizienteren Vitamin-C und Hyaluronsäure
- Formel, die sofort und nachhaltig Linien und Falten vermindert. Das Konzentrat enthält mit 12,5% reinen Vitamin-C. --15ml",15ml,27.95,Kiehl's Since 1851,Serum,"Dimethicone, Propylene Glycol, Glycerin, Ascorbic Acid, Cetyl PEG/PPG-10/1 Dimethicone, Dimethicone Crosspolymer, Ascorbyl Glucoside, Lauroyl Lysine, Boron Nitride, Hydroxyethylpiperazine Ethane Sulfonic Acid, Adenosine, Hydrolyzed Hyaluronic Acid, Limonene, Citrus Aurantium Dulcis Peel Oil/Orange Peel Oil, Citrus Limon Peel Oil/Lemon Peel Oil, Citral, Pentaerythrityl Tetra-di-t-Butyl Hydroxyhydrocinnamate (F.I.L. Z298188/1).

Die Liste der Inhaltsstoffe kann sich ändern. Bitte beachte die Verpackung des gekauften Produkts.
",Zunächst sollte die Haut gründlich gereinigt werden. Das Powerful Strength Line Reducing Concentrate Serum sollte zweimal pro Tag auf dem Gesicht aufgetragen werden (die Augenpartie sollte hierbei ausgespart werden). Das Serum kann alleine oder auch unter deiner Lieblings-Feuchtigkeitscreme verwendet werden.,TRUE,TRUE,FALSE
Kiehl's Since 1851 - Pure Serum 5% Niacinamide - super Serum Niacnmide 5% Srm 30ml,https://media.sephora.eu/content/dam/digital/pim/published/K/KIEHL/664179/316239-media_swatch.jpg?scaleWidth=500&scaleHeight=500&scaleMode=fit,"Unser glanzmilderndes Gesichtsserum mit Niacinamid ist minimalistisch formuliert und enthält lediglich zehn Inhaltsstoffe, die dabei helfen, das Erscheinungsbild von Unebenmäßigkeiten und überschüssigen Talg zu mildern. Unsere wirksame Formel mit 5 % Niacinamid hilft dabei, Glanz zu mildern und die Haut zu beruhigen. --30ml",30ml,35.95,Kiehl's Since 1851,Serum,"Aqua/Water, Niacinamide, Glycerin, Propanediol, Methyl Gluceth-20, Hydroxyacetophenone, Sodium Hyaluronate, Caprylyl Glycol, Carbomer, Sodium Hydroxide (F.I.L. Z296889/1).

Die Liste der Inhaltsstoffe kann sich ändern. Bitte beachte die Verpackung des gekauften Produkts.
","Das Ultra Pure High-Potency Serum 5 % Niacinamide morgens und abends nach der Gesichtsreinigung auf die saubere und trockene Haut auftragen. Dank der Pipette gelingt eine exakte Dosierung. Einfach 4-5 Tropfen direkt auf die Gesichtshaut geben und sanft einmassieren. Das Serum kann bei Bedarf mit anderen Seren wie dem Ultra Pure High-Potency Serum 9,8 % Glycolic Acid oder Ultra Pure High-Potency Serum 1,5 % Hyaluronic Acid von Kiehl's ideal kombiniert werden. Anschließend noch eine pflegende Gesichtscreme auftragen, um die Pflegeroutine abzuschließen.",TRUE,TRUE,TRUE
Kiehl's Since 1851 - Pure Serum Glycolic Acid 10% - super Serum Glyclc Acid Srm 10% 30ml,https://media.sephora.eu/content/dam/digital/pim/published/K/KIEHL/664178/316238-media_swatch.jpg?scaleWidth=500&scaleHeight=500&scaleMode=fit,"Unser sanftes Glykolsäure-Gesichtsserum ist minimalistisch formuliert und enthält lediglich sieben Inhaltsstoffe, welche die Haut sichtbar zum Strahlen bringen und sichtbar das Erscheinungsbild von Poren verfeinern. Die wirksame und konzentrierte Formel mit 9,8 % Glykolsäure hilft sichtbar dabei, die Hautstruktur zu verfeinern – für geschmeidigere und strahlendere Haut. --30ml",30ml,35.95,Kiehl's Since 1851,Serum,"Aqua/Water, Glycolic Acid, Glycerin, Alcohol Denat., Sodium Hydroxide, Sodium Hyaluronate, Hydroxyethylcellulose (F.I.L. Z297829/1).

Die Liste der Inhaltsstoffe kann sich ändern. Bitte beachte die Verpackung des gekauften Produkts.
","Am Abend vier Tropfen des Glykolsäure-Serums mit der Pipette auf die gereinigte und trockene Haut auftragen. Anschließend das Serum im Gesicht sanft verteilen und in die Haut in kreisenden Bewegungen einarbeiten. Bei Bedarf kann das Serum mit weiteren Seren kombiniert werden. Hierfür eignet sich besonders das Ultra Pure High-Potency Serum 5 % Niacinamide oder Ultra Pure High-Potency Serum 1,5 % Hyaluronic Acid von Kiehl's. Anschließend eine passende Feuchtigkeitspflege für die Nacht auftragen, um die Hautpflegeroutine abzuschließen.",TRUE,FALSE,TRUE
Kiehl's Since 1851 - Rare Earth - Cleanser - rare Earth Deep Pore Cleanser 150ml,https://media.sephora.eu/content/dam/digital/pim/published/K/KIEHLS/533948/225604-media_swatch.jpg?scaleWidth=500&scaleHeight=500&scaleMode=fit,"Kiehl's Deep Pore Daily Cleanser eignet für alle, die ihre Haut nicht nur reinigen, sondern gleichzeitig auch pflegen möchten.

Diese hochwirksame Gesichtsreinigung wurde dafür entwickelt, die Haut porentief zu reinigen und von Verunreinigungen und anderen Rückständen zu befreien, ohne dabei den empfindlichen Hydrolipidfilm der Haut anzugreifen.

Der Deep Pore Daily Cleanser ist für jeden Hauttyp geeignet und zu Unreinheiten neigende, fettige Haut geeignet. Das Reinigungsgel fürs Gesicht verfeinert das Hautbild nachhaltig und wirkt klärend. Durch den Einsatz von Amazonas-Tonerde und feinsten Kieselgur-Partikeln wird die Haut schonend gepeelt, wodurch das Erscheinungsbild vergrößerter Poren sichtbar und langanhaltend verbessert wird. Das in diesem Reinigungsgel enthaltene Allantoin wirkt antibakteriell und entzündungshemmend, während die ölabsorbierende Kaolin-Tonerde Ihre Haut porentief reinigt und ihr einen strahlenden Teint verleiht.

Was am Ende der Anwendung von Kiehl's Deep Pore Daily Cleanser übrig bleibt, ist ein Gefühl von wunderbar gepflegter, gereinigter und regenerierter Haut.--150ml",150ml,25.95,Kiehl's Since 1851,Gesichtsreinigung,"Water/Aqua/Eau, Kaolin, Glycerin, Sodium Cocoyl Glycinate, Coco-Betaine, Alcohol Denat., Acrylates Copolymer, Sodium Chloride, Titanium Dioxide (CI 77891), Phenoxyethanol, Glycol Distearate, PEG-14M, Sodium Benzoate, Perlite, Aloe Barbadensis Leaf Juice Powder, Salicylic Acid, Avena Sativa Kernel Flour (Oat Kernel Flour), Tocopherol, Sodium Hydroxide, Allantoin

Die Liste der Inhaltsstoffe kann sich ändern. Bitte beachten Sie die Verpackung des gekauften Produkts.
",Der Deep Pore Daily Cleanser von Kiehl's kann täglich morgens und/oder abends angewandt werden. Dazu eine großzügige Menge des Waschgels auf die feuchte Haut aufgetragen. In kreisenden Bewegungen wird der Reiniger nun mit den Fingerspitzen in Gesicht und Hals einmassiert. Die Augenpartie sollte dabei ausgespart werden. Abschließend den Deep Pore Daily Cleanser mit lauwarmem Wasser abspülen und ein ausgeglichenes Hautgefühl erleben.,TRUE,FALSE,TRUE
Kiehl's Since 1851 - Retinol Micro-dose Treatment - Serum - super Serum Derm Rnl,https://media.sephora.eu/content/dam/digital/pim/published/K/KIEHL/570796/258621-media_swatch.jpg?scaleWidth=500&scaleHeight=500&scaleMode=fit,"Das Retinol Skin-Renewing Daily Micro-Dose Serum sorgt für ein jugendlicheres Hautbild. Es enthält Retinol, das hilft, Fältchen zu mildern und den Teint zu verfeinern.
Das Anti-Aging-Serum unterstützt eine straffere, glattere Haut und begünstigt die Hautregeneration. Peptide und Ceramide stärken die Hautbarriere und fördern die Zellerneuerung. So werden die positiven Effekte des Retinols unterstützt, während die Haut regeneriert wird und jugendlicher aussieht. --30ml",30ml,52.95,Kiehl's Since 1851,Serum,"Aqua/Water, Glycerin, Butylene Glycol, Pentylene Glycol, Niacinamide, Cetyl Alcohol, Isohexadecane, Isononyl Isononanoate, Diisopropyl Sebacate, 2-Oleamido-1,3-Octadecanediol, 4-t-Butylcyclohexanol, Acetyl Dipeptide-1 Cetyl Ester, Adenosine, Ceramide NP, Hydroxypalmitoyl Sphinganine, Lauroyl Lysine, Octyldodecanol, Pentaerythrityl Tetra-di-t-Butyl Hydroxyhydrocinnamate, Sodium Chloride, Sodium Hyaluronate, Sodium Hydroxide, Trisodium Ethylenediamine Disuccinate, Retinol, Tocopherol, Dicaprylyl Ether, Ammonium Polyacryloyldimethyl Taurate, Behenyl Alcohol, Caprylyl Glycol, Carbomer, Cetearyl Alcohol, Cetearyl Glucoside, Glycine Soja Oil/Soybean Oil, Helianthus Annuus Seed Oil/Sunflower Seed Oil, Hydroxyethylcellulose, Lecithin, Phenethyl Alcohol, Poloxamer 188, Polycaprolactone, Sorbitan Laurate, Steareth-100, CI 40800/Beta-Carotene, Chlorphenesin, Phenoxyethanol (F.I.L. D266621/1).

Die Liste der Inhaltsstoffe kann sich ändern. Bitte beachte die Verpackung des gekauften Produkts.","Wann wende ich das Daily Micro-Dose Retinol-Serum an?
 Unsere Formel mit Retinol ist genau so formuliert, dass sie sich gut in Deine tägliche Hautpflegeroutine integrieren lässt. So kannst Du das Retinol-Tagesserum von der ersten Anwendung an täglich verwenden, um hautregenerierende Ergebnisse zu erzielen. Dabei werden gleichzeitig unerwünschte Wirkungen gemildert, die während der Retinisierungsphase auftreten könnten. Unsere mikrodosierte Retinol-Formel kann morgens und abends nach der Gesichtsreinigung angewendet werden.
 Hinweis: Retinol kann die Empfindlichkeit der Haut gegenüber Sonne erhöhen - daher ist es wichtig, tagsüber einen Sonnenschutz zu verwenden und direkte Sonneneinstrahlung zu meiden, wenn Du eine Formel mit Retinol in Deine Hautpflegeroutine aufnimmst",TRUE,TRUE,FALSE
Kiehl's Since 1851 - Super Multi-corrective Cream Spf30 - Gesichtscreme - super Multi Correct Spf30 50ml,https://media.sephora.eu/content/dam/digital/pim/published/K/KIEHLS/533937/225593-media_swatch.jpg?scaleWidth=500&scaleHeight=500&scaleMode=fit,"Die Gesichtscreme Super Multi Corrective Cream SPF 30 von Kiehl's pflegt und schützt die Haut. Die Tagecreme ist frei von Duftstoffen und eignet sich optimal für normale und für sensible Haut. Als Anti-Aging-Tagespflege liftet und glättet sie Ihren Teint. Sie modelliert Ihr Gesicht sanft und mildert kleine Fältchen.

Die Formel mit hochwertigen Wirkstoffen sorgt für eine Unterstützung der natürlichen Regeneration. Die Super Multi Corrective Cream SPF 30 von Kiehl's bietet einen hohen UV Schutz mit LSF 30. Sie mildert durch dieses breite Schutzspektrum sonnenverursachte Anzeichen der Hautalterung. Zu den Inhaltsstoffen der Creme gehören Jasminblütenauszüge, Buchen-Extrakt und Hyaluronsäure. Jasmin fördert die Zellerneuerung Ihrer Haut und lässt sie straffer und glatter erscheinen. Buchen-Extrakt wirkt festigend und verleiht der Haut einen pralleren und damit jugendlicheren Eindruck. Hyaluronsäure versorgt sie mit ausreichend Feuchtigkeit und macht sie elastischer. --50ml",50ml,83.95,Kiehl's Since 1851,Sonnenschutz,"Water, Glycerin, Dimethicone, Glyceryl Stearate, Hydroxypropyl Tetrahydropyrantriol, Silica, PEG-100 Stearate, Propylene Glycol, Euphorbia Cerifera (Candelilla) Wax, Phenoxyethanol, Ammonium Polyacryloyldimethyl Taurate, Stearic Acid, Dicaprylyl Carbonate, Cetyl Alcohol, Palmitic Acid, Capryloyl Salicylic Acid, Caprylyl Glycol, Xanthan Gum, Dimethicone/Vinyl Dimethicone Crosspolymer, Fragrance, Disodium EDTA, Tocopherol, Sodium Hyaluronate, Adenosine, Linalool, Sodium Hydroxide, Jasminum Officinale (Jasmine) Flower Extract, Citronellol, Geraniol, Citral, Benzyl Alcohol, Citric Acid

Die Liste der Inhaltsstoffe kann sich ändern. Bitte beachte die Verpackung des gekauften Produkts.
",Die Haut sanft und gründlich mit einem geeigneten Waschgel reinigen und tonisieren. Bei Bedarf ein Serum und eine Augencreme verwenden. Dann die hydratisierende Gesichtscreme mit UV-Schutz gleichmäßig auftragen und sanft einmassieren.,TRUE,FALSE,FALSE
Kiehl's Since 1851 - Super-multi Corrective Soft Cream - super Multi Correct Light,https://media.sephora.eu/content/dam/digital/pim/published/K/KIEHL/706192/329928-media_swatch.jpg?scaleWidth=500&scaleHeight=500&scaleMode=fit,"Die Kiehl’s Super Multi-Corrective Soft Cream ist eine vielseitige Anti-Aging-Creme, die Anzeichen der Hautalterung wie Falten, Trockenheit und vergrößerte Poren sichtbar mildert. Sie eignet sich für alle Hauttypen, auch für empfindliche Haut.
 Die Formel enthält Proxylane, ein patentiertes Anti-Aging-Molekül, das die Haut festigt. Adenosin unterstützt die hauteigene Kollagenproduktion und lässt die Haut praller erscheinen. Capryloyl Glycine hilft, das Gleichgewicht der Haut zu bewahren und überschüssiges Öl zu reduzieren.
 Die Creme eignet sich auch ideal für Mischhaut, die zu einer fettigen T-Zone und trockenen Hautstellen neigt. --50ml",50ml,83.95,Kiehl's Since 1851,Feuchtigkeitspflege,"Aqua / Water, Glycerin, Hydroxypropyl Tetrahydropyrantriol, Niacinamide, Alcohol Denat., Dimethicone, Butylene Glycol, Propylene Glycol, Betaine, Coco-Caprylate/Caprate, Squalane, Caprylyl Methicone, Ammonium Acryloyldimethyltaurate/VP Copolymer, Hydroxyethylpiperazine Ethane Sulfonic Acid, Inonotus Obliquus (Mushroom) Extract, Adenosine, Capryloyl Glycine, Menthoxypropanediol, Methyldihydrojasmonate, Palmitoyl Tetrapeptide-7, Palmitoyl Tripeptide-1, Sodium Hydroxide, Tetrasodium Glutamate Diacetate, Tocopheryl Acetate, Hydrogenated Lecithin, Acrylates/C10-30 Alkyl Acrylate Crosspolymer, Aluminum Starch Octenylsuccinate, Carbomer, Cetearyl Alcohol, Cetearyl Glucoside, Polysorbate 20, Sodium Lactate, t-Butyl Alcohol, Dimethiconol, Stearyl Dimethicone, Chlorphenesin, Phenoxyethanol

Die Liste der Inhaltsstoffe kann sich ändern. Bitte beachte die Verpackung des gekauften Produkts.
","Die Super Multi-Corrective Soft Cream von Kiehl's täglich am Morgen und Abend auf die gereinigte Haut auftragen. Dafür eine münzgroße Menge für Gesicht, Hals und Dekolleté sanft einmassieren, bis die Creme vollständig von der Haut aufgenommen wurde. Die Augen- und Lippenpartie dabei aussparen. Abschließend Sonnenschutz auftragen, um einer vorzeitigen Hautalterung durch UV-Strahlen vorzubeugen.",TRUE,FALSE,FALSE
Kiehl's Since 1851 - Ultra Facial - Cream - ultra Facial Cream 125ml,https://media.sephora.eu/content/dam/digital/pim/published/K/KIEHL/533862/225518-media_swatch.jpg?scaleWidth=500&scaleHeight=500&scaleMode=fit,"Diese beliebte Gesichtscreme ist ein Bestseller und eignet sich für jeden Hauttyp. Sie versorgt die Haut bis zu 24 Stunden lang mit Feuchtigkeit, schützt vor dem Austrocknen und sorgt für ein geschmeidiges Hautgefühl. --28ml",28ml,57.95,Kiehl's Since 1851,Feuchtigkeitspflege,"Aqua / Water, Glycerin, Dimethicone, Squalane, Bis-PEG-18 Methyl Ether Dimethyl Silane, Sucrose Stearate, Stearyl Alcohol, PEG-8 Stearate, Myristyl Myristate, Prunus Armeniaca Kernel Oil / Apricot Kernel Oil, Phenoxyethanol, Persea Gratissima Oil / Avocado Oil, Glyceryl Stearate, Cetyl Alcohol, Oryza Sativa Bran Oil / Rice Bran Oil, Olea Europaea Fruit Oil / Olive Fruit Oil, Chlorphenesin, Stearic Acid, Palmitic Acid, Carbomer, Acrylates/C10-30 Alkyl Acrylate Crosspolymer, Trisodium Ethylenediamine Disuccinate, Prunus Amygdalus Dulcis Oil / Sweet Almond Oil, Xanthan Gum, Ethylhexylglycerin, Sodium Hydroxide, Tocopherol, Glycine Soja Oil / Soybean Oil, Pseudoalteromonas Ferment Extract, Myristic Acid, Hydroxypalmitoyl Sphinganine, Salicylic Acid, Helianthus Annuus Seed Oil / Sunflower Seed Oil, Rosmarinus Officinalis Leaf Extract / Rosemary Leaf Extract, Citric Acid

Die Liste der Inhaltsstoffe kann sich ändern. Bitte beachte die Verpackung des gekauften Produkts.
","Nachdem die Haut gründlich gereinigt und mit einem Toner neutralisiert worden ist eine erbsengroße Menge der Gesichtscreme auf die Fingerspitzen geben. In kreisenden Bewegungen ebenmäßig auf dem Gesicht verteilen und leicht einmassieren. Kann am Morgen und / oder Abend sowie nach Bedarf angewendet werden; tagsüber empfehlen wir die ULTRA FACIAL CREAM SPF 30.
 

 Die besondere Wirksamkeit der Ultra Facial Creme bei extremen Wetterbedingungen haben wir in einer Expedition unter Beweis gestellt. Mit der Ultra Facial Cream unterstützte Kiehl's das Team der ""Grönland First Ascent"" - Expedition bei der erstmaligen Besichtigung des vom grönländischen Eis bedeckten Gipfels am 30. Mai 2005.",TRUE,TRUE,TRUE
Kiehl's Since 1851 - Ultra Facial - Oil Free Toner - ultra Facial Oil Free Toner 250ml,https://media.sephora.eu/content/dam/digital/pim/published/K/KIEHLS/533840/225496-media_swatch.jpg?scaleWidth=500&scaleHeight=500&scaleMode=fit,"Das Ultra Facial Oil-Free Toner Gesichtswasser befreit die Haut von Fett und Rückständen und sorgt für ein frisches Strahlen. Es entfernt Schmutz und überschüssiges Fett effektiv, ohne die Haut zu strapazieren oder auszutrocknen.
 Die ölfreie, pH-neutrale Formel ist frei von Parabenen, Alkohol, Farb- und Duftstoffen und eignet sich besonders für schnell fettende Haut. Silberhaargraswurzel-Extrakt und Antarcticine beruhigen die Haut und unterstützen einen hydratisierten, gesund aussehenden Glow. --250 ml",250 ml,24.95,Kiehl's Since 1851,Toner,"Aqua/Water, Glycerin, Propanediol, Phenoxyethanol, Propylene Glycol, Potassium Sorbate, Acrylates/C10-30 Alkyl Acrylate Crosspolymer, Triethanolamine, Citric Acid, Imperata Cylindrica Root Extract, Pseudoalteromonas Ferment Extract, Sodium Hyaluronate, Cucumis Sativus Juice/Cucumber Fruit Extract, Caprylyl Glycol, Carbomer.

Die Liste der Inhaltsstoffe kann sich ändern. Bitte beachte die Verpackung des gekauften Produkts.
",Als erstes die Gesichtshaut mit einem speziell auf die Bedürfnisse von fettiger Haut abgestimmten Waschgel gründlich reinigen. Anschließend das Gesichtswasser für fettige Haut auf ein Wattepad geben und damit das Gesicht sanft abtupfen. Dabei die direkte Augenpartie aussparen. Ein Abspülen ist nach der Anwendung nicht notwendig. Für eine intensive Reinigung kann das Gesichtswasser morgens sowie abends verwendet werden und optimal um ein Waschgel und eine Feuchtigkeitscreme ergänzt werden.,TRUE,TRUE,TRUE
Kiehl's Since 1851 - Ultra Facial Barrier Cleanser - Reinigungslotion,https://media.sephora.eu/content/dam/gdam/europe/digital/pim/published/K/KIEHL/775551/372896-media_swatch.jpg?scaleWidth=750&scaleHeight=750&scaleMode=fit,"Die cremig-schäumende Formel entfernt sanft Schmutz, Öl und Unreinheiten sowie Make-Up und spendet gleichzeitig Feuchtigkeit und stärkt die Hautbarriere. Unsere Reinigung mit Squalan, Aminosäuren und Glycerin ist ohne Duftstoffe und Seife hergestellt und eignet sich für alle Hauttypen, auch für empfindliche Haut. --150ml",150ml,29.95,Kiehl's Since 1851,Gesichtsreinigung,"Water/Aqua/Eau, Propylene Glycol, Polyglyceryl-4 Caprate, Pentylene Glycol, Parfum/Fragrance, Glycerin, Limonene, Citric Acid, Linalool, Sodium Benzoate, Tetrasodium Glutamate Diacetate, Geraniol, Citronellol, Coumarin, Benzyl Alcohol, Citral, Isoeugenol, Citrus Aurantium Amara Flower Extract (Bitter Orange Flower Extract)

Die Liste der Inhaltsstoffe kann sich ändern. Bitte beachten Sie die Verpackung des gekauften Produkts.
","Eine kleine Menge in die Handfläche geben und mit Wasser vermischen. Aufschäumen, um einen cremigen Schaum zu erzeugen. Massiere den Schaum mit kreisenden Aufwärtsbewegungen in der Gesichts- und Halsregion ein. Gründlich abwaschen. Zweimal täglich anwenden. Vermeide den Kontakt mit den Augen. Falls es zu einem Kontakt kommt, gründlich mit Wasser auswaschen.",TRUE,TRUE,FALSE
Kiehl's Since 1851 - Ultra Light - Daily Defense Spf 50 - uv Defense Antipolution Spf50 30ml,https://media.sephora.eu/content/dam/digital/pim/published/K/KIEHLS/533883/225539-media_swatch.jpg?scaleWidth=500&scaleHeight=500&scaleMode=fit,"Die Kiehl’s Ultra Light Daily UV Defense SPF 50 PA+++ ist eine leichte Anti-Aging-Sonnenpflege, die die Haut vor schädlicher UVA- und UVB-Strahlung sowie äußeren Umwelteinflüssen schützt.
 Der hohe Lichtschutzfaktor 50 hilft, vorzeitiger Hautalterung vorzubeugen, während die Formel die Haut gleichzeitig mit Feuchtigkeit versorgt. Baikalwurzelextrakt und Zellulosekügelchen unterstützen die natürliche Hautbarriere und helfen, die Haut vor Umweltbelastungen zu schützen.
 Bei regelmäßiger Anwendung wirkt die Haut glatter, strahlender und jugendlicher.
 SPF 50 PA+++
 --30 ml",30 ml,41.45,Kiehl's Since 1851,Sonnenschutz,"Aqua/Water, Ethylhexyl Methoxycinnamate, Dimethicone, Glycerin, Drometrizole Trisiloxane, Terephthalylidene Dicamphor Sulfonic Acid, Propylene Glycol, Titanium Dioxide, Alcohol Denat., Triethanolamine, Stearic Acid, Potassium Cetyl Phosphate, Nylon-12, Palmitic Acid, PEG-100 Stearate, Glyceryl Stearate, Phenoxyethanol, Cetyl Alcohol, Cellulose, Bis-Ethylhexyloxyphenol Methoxyphenyl Triazine, Diethylamino Hydroxybenzoyl Hexyl Benzoate, Citric Acid, Aluminum Hydroxide, Caprylyl Glycol, Sodium Cocoyl Sarcosinate, Carbomer, Tocopherol, Tromethamine, Scutellaria Baicalensis Extract / Scutellaria Baicalensis Root Extract, Acrylamide/Sodium Acryloyldimethyltaurate Copolymer, Isohexadecane, Xanthan Gum, Myristic Acid, Disodium EDTA, Adenosine, Polysorbate 80, Arginine, Mannitol, Disodium Adenosine Triphosphate, RNA, Pyridoxine HCl, Sorbitan Oleate, Sorbitol, Pentylene Glycol, BHT, Histidine HCl, Zea Mays Kernel Extract / Corn Kernel Extract, Sodium Chloride, Faex Extract / Yeast Extract, Phenylalanine, Mentha Piperita Extract / Peppermint Extract, Rosa Gallica Flower Extract, Tyrosine, Sorbic Acid

Die Liste der Inhaltsstoffe kann sich ändern. Bitte beachte die Verpackung des gekauften Produkts.
",Verwenden Sie die Kiehl's Ultra Light Daily UV Defense SPF50 Pa+++ Sonnenschutzcreme am besten morgens nach der Reinigung des Gesichts. Tragen Sie das Produkt großzügig auf und lassen Sie es vollständig einziehen. Wiederholen Sie die Anwendung nach Bedarf mehrmals im Laufe des Tages.,TRUE,FALSE,FALSE
Kiehl's Since 1851 - Vital Skin-strengthening - Super Serum - super Serum Visibly Vibrant 50ml,https://media.sephora.eu/content/dam/digital/pim/published/K/KIEHLS/533881/225537-media_swatch.jpg?scaleWidth=500&scaleHeight=500&scaleMode=fit,"Das Vital Skin-Strengthening Super Serum dringt in acht oberflächliche Hautschichten ein und hilft, Anzeichen der Hautalterung sichtbar zu reduzieren. Feine Linien und Falten werden gemildert, während glanzlose, fahle und matte Haut revitalisiert wird und frischer wirkt.
Die Formel mit 11-kDa-Hyaluronsäure und einem adaptiven Kräuterkomplex unterstützt die Haut dabei, sich sichtbar zu erneuern und ihre Widerstandsfähigkeit zu stärken. Sie schützt vor äußeren Einflussfaktoren wie Sonneneinstrahlung, Umweltverschmutzung, Stress, Schlafmangel, Ernährung und Temperaturschwankungen, die zu frühen Anzeichen der Hautalterung beitragen können.
Das Serum verbessert die Ausstrahlung, stärkt die Haut und sorgt für ein strahlendes, gesund aussehendes Hautbild. Es ist für alle Hauttypen geeignet, auch für empfindliche Haut.
 --50 ml",50 ml,87.95,Kiehl's Since 1851,Serum,"Aqua/Water, Dimethicone, Glycerin, Alcohol Denat., Hamamelis Virginiana Water/Witch Hazel Water, Propanediol, Phenoxyethanol, Tocopherol, Ammonium Polyacryloyldimethyl Taurate, Schisandra Chinensis Fruit Extract, Capryloyl Salicylic Acid, Caprylyl Glycol, Xanthan Gum, PEG-60 Hydrogenated Castor Oil, Panax Ginseng Root Extract, Sodium Acetylated Hyaluronate, PEG-20 Methyl Glucose Sesquistearate, Disodium EDTA, Ocimum Sanctum Leaf Extract, Citrus Aurantium Dulcis Peel Oil/Orange Peel Oil, Limonene, Adenosine, Sodium Hydroxide, Methyldihydrojasmonate, Citric Acid, Eugenol, Sodium Benzoate, Pelargonium Graveolens Flower Oil, Citral, Potassium Sorbate, Lavandula Angustifolia Oil/Lavender Oil, Cymbopogon Schoenanthus Oil, Citronellol, Linalool, Geraniol, Rosmarinus Officinalis Leaf Oil/Rosemary Leaf Oil, FMLA 685832 32, F.I.L. Code D241983/2.

Die Liste der Inhaltsstoffe kann sich ändern. Bitte beachte die Verpackung des gekauften Produkts.","Morgens und abends:
  Reinigung: Reinige dein Gesicht und deinen Hals gründlich mit einem auf deinen Hauttyp abgestimmten Reinigungsprodukt.
 Vorbereitung: Verwende ein Gesichtswasser, um den pH-Wert deiner Haut auszugleichen und sie optimal auf die nachfolgende Pflege vorzubereiten.
 Serum: Gib zwei bis drei Pumphübe des Serums in deine Handflächen.
 Anwendung: Verteile das Serum sanft mit den Fingerspitzen in kreisenden, aufwärtsgerichteten Bewegungen auf Gesicht und Hals. Vermeide dabei die Augenpartie. Sollte das Serum dennoch in die Augen gelangen, spüle sie gründlich mit Wasser aus.
 Pflege: Trage nach dem Serum deine gewohnte Tages- oder Nachtpflege auf.
  Tipp: Das Vital Skin-Strengthening Super Serum lässt sich hervorragend mit anderen Seren kombinieren.",TRUE,FALSE,FALSE
L’Oréal Paris -  Men Expert - Power Age - Serum mit Mehrfachwirkung Men,https://cdn2.parfumdreams.de/image/product/120388-0-0-0.webp?box=528,"Speziell für die Bedürfnisse anspruchsvoller Männerhaut entwickelt, setzt das L’Oréal Paris Men Expert Power Age Serum auf eine Kombination aus zwei Hyaluronsäure-Varianten. Die Formel enthält sowohl Micro- als auch Macro-Hyaluronsäure, um die Hautoberfläche intensiv mit Feuchtigkeit zu versorgen. Durch diese Hydratisierung kann das Serum dazu beitragen, das Hautbild optisch zu glätten und gestraffter erscheinen zu lassen. Trockene Partien erhalten Pflege, wodurch das Erscheinungsbild von feinen Linien oder Falten gemildert werden kann. Die leichte Konsistenz zieht nach dem Auftragen zügig ein und hinterlässt kein fettiges oder klebriges Gefühl auf der Haut. Für eine optimale Routine werden morgens und abends einige Tropfen auf das gereinigte Gesicht gegeben. Auch der Nachhaltigkeitsaspekt spielt eine Rolle, da die Produktion in Deutschland unter Nutzung erneuerbarer Energien erfolgt und die Verpackung recycelte Materialien beinhaltet. --30ml",30ml,17.99,L’Oréal Paris,Serum,"Aqua/Water, Bifida Ferment Lysate, Glycerin, Alcohol Denat., Dimethicone, Hydroxyethylpiperazine Ethane Sulfonic Acid, Mentha Piperita Extract/Peppermint Extract, Adenosine, Faex Extract/Yeast Extract, Hydroxyacetophenone, Sodium Hyaluronate, Sodium Hydroxide, Trisodium Ethylenediamine Disuccinate, Ascorbyl Glucoside, Tocopherol, Octyldodecanol, Acetic Acid, Ammonium Polyacryloyldimethyl Taurate, Caprylyl Glycol, Lactic Acid, PEG-20 Methyl Glucose Sesquistearate, Pentylene Glycol, Xanthan Gum, Citral, Citronellol, Coumarin, Limonene, Linalool, Sodium Benzoate, Parfum/Fragrance (F.I.L. Z70014407/1).

Die Liste der Inhaltsstoffe kann sich ändern. Bitte beachte die Verpackung des gekauften Produkts.","Täglich morgens und abends vor der Feuchtigkeitspflege auf das gereinigte Gesicht auftragen.
Schritt 1: 3 Tropfen auf die Handfläche geben.
Schritt 2: Die Hände aneinander reiben.
Schritt 3: Mit kleinen kreisenden Bewegungen in die Haut einmassieren.",TRUE,FALSE,FALSE
L’Oréal Paris - Men Expert - Barber Club - Flash Repair Serum Men,https://cdn2.parfumdreams.de/image/product/143358-233579-0-0.webp?box=528,"Mit dem L'Oréal Men Expert Barber Club Flash Repair Serum lässt sich die tägliche Routine nach der Rasur unkompliziert ergänzen. Die spezielle Formulierung mit zehn Prozent Panthenol und Pro-Vitamin B5 kann ein entspanntes Hautgefühl nach der Rasur unterstützen. Ätherisches Zedernholzöl verleiht dem Produkt einen dezenten, holzig-würzigen Duft, der den Start in den Tag angenehm begleitet. Dank der leichten Textur zieht das Serum zügig ein, ohne ein klebriges oder fettiges Gefühl zu hinterlassen. Das spart Zeit im Alltag und ermöglicht das direkte Auftragen weiterer Kosmetikprodukte. Über die praktische Pipette des braunen Glasfläschchens lassen sich die Tropfen exakt dosieren. Anwender massieren das Produkt einfach nach der Reinigung sanft in die Gesichtspartien und den Bart ein. Dabei kommt die Herstellung gänzlich ohne Tierversuche aus. Diese Anwendung eignet sich für alle Barttypen. Im Anschluss rundet eine passende Gesichtscreme das tägliche Ritual ab. --30ml",30ml,17.99,L’Oréal Paris,Serum,"Aqua/Water, Panthenol, Glycerin, Alcohol Denat., Hydroxyethylpiperazine Ethane Sulfonic Acid, C15-19 Alkane, Hydrolyzed Rice Protein, Citric Acid, Octyldodecanol, Ammonium Polyacryloyldimethyl Taurate, Bisabolol, Caprylyl Glycol, Cedrus Atlantica Oil/Extract, PEG-20 Methyl Glucose Sesquistearate, Pentylene Glycol, Sodium Hyaluronate, Sphingomonas Ferment Extract, Tetrasodium Glutamate Diacetate, Tocopherol, Xanthan Gum, Carvone, Juniperus Virginiana Oil, Limonene, Linalyl Acetate, Pinene, Pogostemon Cablin Oil, Terpineol, Vanillin, Phenoxyethanol, Parfum/Fragrance (F.I.L. Z70066841/2).

Die Liste der Inhaltsstoffe kann sich ändern. Bitte beachte die Verpackung des gekauften Produkts.
",Das Barber Club Flash Repair Serum von L’Oréal Paris nach der Reinigung und/oder Rasur auf Haut und Bart auftragen. Dabei mithilfe der Pipette ein paar Tropfen entnehmen und sanft einmassieren. Im Anschluss empfiehlt sich die Verwendung einer passenden Feuchtigkeitspflege.,TRUE,FALSE,FALSE
L’Oréal Paris - Men Expert - Derma Control Niacinamide Anti-Unreinheiten Serum Men,https://cdn2.parfumdreams.de/image/product/135737-219298-0-0.webp?box=528,"Speziell für die besonderen Ansprüche von öliger und zu Unreinheiten neigender Haut wurde das L’Oréal Paris Men Expert Derma Control Niacinamide Anti-Unreinheiten Serum konzipiert. Im Fokus der Rezeptur stehen 3 % Niacinamid sowie Salicylsäure, ergänzt durch weitere Komponenten wie Glycerin und Milchsäure. Durch diese gezielte Zusammensetzung kann das Serum dazu beitragen, das optische Erscheinungsbild von Unreinheiten zu mildern. Eine besonders leichte Konsistenz zeichnet das Produkt aus, wodurch die Flüssigkeit zügig einzieht, ohne einen klebrigen Film oder fettige Rückstände zu hinterlassen. Die Anwendung gestaltet sich unkompliziert, da bereits drei Tropfen für das gesamte Gesicht ausreichen. Diese werden idealerweise morgens und abends auf die zuvor gereinigte Haut massiert, wobei der Bereich um die Augen ausgespart bleiben sollte. Das Serum eignet sich für verschiedene Hauttypen, einschließlich sensibler Haut, und lässt sich problemlos in bestehende Routinen integrieren. Nach dem Auftragen kann wie gewohnt eine weitere Creme verwendet werden. Die dermatologisch getestete Formel in der handlichen 30 ml Flasche bietet eine sinnvolle Ergänzung für Männer, die Wert auf ein klares Hautbild legen. --30ml",30ml,14.99,L’Oréal Paris,Serum,"Aqua/Water, Alcohol Denat., Niacinamide, Glycerin, Propanediol, Ascorbyl Glucoside, Hydroxyacetophenone, Hydroxyethylpiperazine Ethane Sulfonic Acid, Lactic Acid, Phytic Acid, Sodium Hydroxide, Hydroxypropyl Guar, PEG-60 Hydrogenated Castor Oil, Salicylic Acid, Parfum/Fragrance.

Die Liste der Inhaltsstoffe kann sich ändern. Bitte beachte die Verpackung des gekauften Produkts.
","Mithilfe der Pipette einige Tropfen des Derma Control Anti-Unreinheiten Serums von L’Oréal Men Expert nach der Reinigung auf das trockene Gesicht auftragen und sanft einarbeiten. Dabei kann es sowohl großflächig als auch punktuell verwendet werden, um gezielt Unreinheiten und Pickelmalen entgegenzuwirken. Die Hautpflegeroutine für Männer kann mit weiteren Produkten der Derma Control-Serie optimiert werden.",TRUE,FALSE,FALSE
La Mer - The Cool Micellar Cleanser - Micellar Water - the Cool Micellar Cleans 200ml/6.7floz,https://media.sephora.eu/content/dam/digital/pim/published/L/LA_MER/721041/342872-media_swatch.jpg?scaleWidth=500&scaleHeight=500&scaleMode=fit,"Eine neue reine, kostbare und leistungsstarke Form der Gesichtsreinigung: The Cleansing Micellar Water. Es beseitigt Unreinheiten und entfernt Make-up, während die Haut gleichzeitig mit essentieller Feuchtigkeit und wichtiger Energie versorgt wird - alles in einem Schritt. Sofort wirkende Wassermoleküle reinigen die Haut gründlich, lösen Schmutzpartikel und sogar wasserfestes Make-up - die Haut wird tiefenwirksam gereinigt und gleichzeitig gepflegt. Die Besonderheit: Die regenerierenden Kräfte der legendären Miracle Broth™ und die marinen Nährstoffe sind Herzstück der neuen Reinigung. --200ml",200ml,97.45,La Mer,Toner,"Water/Aqua/Eau, Propanediol, Polysorbate 20, Bis-PEG-12 Dimethicone, Trehalose, Algae Extract, Sesamum Indicum (Sesame) Seed Oil, Medicago Sativa (Alfalfa) Seed Powder, Helianthus Annuus (Sunflower) Seedcake, Prunus Amygdalus Dulcis (Sweet Almond) Seed Meal, Eucalyptus Globulus (Eucalyptus) Leaf Oil, Sodium Gluconate, Copper Gluconate, Calcium Gluconate, Magnesium Gluconate, Zinc Gluconate, Tocopheryl Succinate, Niacin, Sesamum Indicum (Sesame) Seed Powder, Glycerin, Sea Salt/Maris Sal/Sel Marin, Ethylhexylglycerin, Caffeine, Sodium Hyaluronate, Laminaria Digitata Extract, Dictyopteris Polypodioides Extract, Castanea Sativa (Chestnut) Seed Extract, Butylene Glycol, Macrocystis Pyrifera (Kelp) Extract, Sucrose, Fragrance (Parfum), Limonene, Linalool, Benzyl Benzoate, Coumarin, Citronellol, Disodium EDTA-Copper, Citric Acid, Sodium Hydroxide, Phenoxyethanol, Blue 1 (CI 42090) <ILN51384>.

Die Liste der Inhaltsstoffe kann sich ändern. Bitte beachte die Verpackung des gekauften Produkts.
","Es gibt viele Anwendungsmöglichkeiten des neuen Micellar Cleansing Waters. Sie können die Reinigung als ersten Schritt Ihrer Pflege-Routine verwenden, unterwegs Ihr Makeup entfernen oder nach dem Sport Ihre Haut erfrischen und reinigen. Wenn ein Reinigungsschritt nicht genug ist (denken Sie an stark deckendes Make-up oder Umweltaggressoren), verwenden Sie zuerst The Micellar Water zur Entfernung von Make-up und im Anschluss einen ergänzenden La Mer Cleanser.",TRUE,TRUE,FALSE
La Mer - The Essence Foaming Cleanser - Reinigungsschaum - 30ml,https://media.sephora.eu/content/dam/digital/pim/published/L/LA_MER/721043/342874-media_swatch.jpg?scaleWidth=500&scaleHeight=500&scaleMode=fit,"Dieser sanfte Reinigungsschaum entfernt gründlich Unreinheiten sowie überschüssiges Öl und hinterlässt ein weiches, revitalisiertes Hautgefühl. Er sorgt für einen strahlenden, frischen und gesund aussehenden Teint.
--30 ml",30 ml,28.45,La Mer,Gesichtsreinigung,"Water/Aqua/Eau, Glycerin, Myristic Acid, Behenic Acid, Palmitic Acid, Sodium Methyl Cocoyl Taurate, Potassium Hydroxide, Lauric Acid, Stearic Acid, Phenoxyethanol, Algae Extract, Sesamum Indicum (Sesame) Seed Powder, Zinc Gluconate, Sesamum Indicum (Sesame) Seed Oil, Eucalyptus Globulus (Eucalyptus) Leaf Oil, Medicago Sativa (Alfalfa) Seed Powder, Sodium Gluconate, Calcium Gluconate, Copper Gluconate, Magnesium Gluconate, Niacin, Helianthus Annuus (Sunflower) Seedcake, Prunus Amygdalus Dulcis (Sweet Almond) Seed Meal, Tocopheryl Succinate, Citrus Aurantifolia (Lime) Peel Extract, Sea Salt (Maris Sal/Sel Marin), Spirulina Platensis (Algae) Powder, Ascophyllum Nodosum Extract, Lactobacillus Ferment, Asparagopsis Armata Extract, Ecklonia Cava Extract, Tourmaline, Caffeine, Butylene Glycol, Sodium Hyaluronate, Macrocystis Pyrifera (Kelp) Extract, Sodium Coco-PG-Dimonium Chloride Phosphate, Trehalose, Pearl Powder, Sorbitol, Sodium PCA, Nephrite Powder, Homarine HCl, Acetyl Dipeptide-1 Cetyl Ester, Sucrose, Erythritol, Urea, Polyquaternium-51, Hydroxyethylcellulose, PEG-3 Distearate, Laureth-3, Triacetin, Propanediol, Alcohol Denat., Parfum/Fragrance, Linalool, Limonene, BHT, Chlorphenesin, Potassium Sorbate, Sorbic Acid, Sodium Bicarbonate, Tetrasodium EDTA, Disodium EDTA, Blue 1 (CI 42090), Yellow 6 (CI 15985), Green 5 (CI 61570), Yellow 5 (CI 19140)

Die Liste der Inhaltsstoffe kann sich ändern. Bitte beachten Sie die Verpackung des gekauften Produkts.
","Massieren Sie es über die feuchte Haut, um einen reichhaltigen, schäumenden Schaum zu erzeugen. Gründlich abspülen. Augenpartie aussparen.",FALSE,FALSE,FALSE
La Mer - The Essential Tonic - Gesichtswasser - 100ml,https://media.sephora.eu/content/dam/digital/pim/published/L/LA_MER/721044/342875-media_swatch.jpeg?scaleWidth=500&scaleHeight=500&scaleMode=fit,"Dieses revitalisierende Tonic mit einer Mischung aus reichhaltigen Inhaltsstoffen erfrischt und strafft die Haut nach der Reinigung. Die Haut wird revitalisiert, gereinigt und ins Gleichgewicht gebracht. Für eine gesunde Ausstrahlung. --100ml",100ml,54.45,La Mer,Toner,"Water/Aqua/Eau, Polysorbate 20, Algae Extract, Methyl Gluceth-20, Glycereth-26, Sesamum Indicum (Sesame) Seed Oil, Medicago Sativa (Alfalfa) Seed Powder, Helianthus Annuus (Sunflower) Seedcake, Prunus Amygdalus Dulcis (Sweet Almond) Seed Meal, Eucalyptus Globulus (Eucalyptus) Leaf Oil, Sodium Gluconate, Copper Gluconate, Calcium Gluconate, Magnesium Gluconate, Zinc Gluconate, Tocopheryl Succinate, Niacin, Sesamum Indicum (Sesame) Seed Powder, Aspergillus Ferment, Lactobacillus Ferment, Yeast Extract/Faex/Extrait de Levure, Butylene Glycol, Sodium Hyaluronate, Glycerin, Caffeine, Sodium PCA, Trehalose, Ecklonia Cava Extract, Acetyl Dipeptide-1 Cetyl Ester, Caprylyl Glycol, Citrus Aurantifolia (Lime) Peel Extract, Laminaria Saccharina Extract, Laminaria Digitata Extract, Cladosiphon Okamuranus Extract, Homarine HCl, Acetyl Hexapeptide-8, Urea, Erythritol, Sucrose, PEG-8, Hydroxyethylcellulose, Xanthan Gum, Dextrin, Polyquaternium-51, PEG-7 Glyceryl Cocoate, Laureth-3, Propanediol, Alcohol Denat., Triacetin, Fragrance (Parfum), Linalool, Tocopheryl Acetate, Magnesium Ascorbyl Phosphate, Citric Acid, Disodium EDTA, Sodium Citrate, Chlorphenesin, Sodium Benzoate, Phenoxyethanol, Potassium Sorbate, Red 4 (CI 14700), Yellow 5 (CI 19140), Red 33 (CI 17200) <ILN52374>.

Die Liste der Inhaltsstoffe kann sich ändern. Bitte beachte die Verpackung des gekauften Produkts.
",Nach der Reinigung ein Wattepad mit dem Gesichtswasser befeuchten und Gesicht und Hals sanft streichen. Anschließend die La Mer Pflegeroutine fortfahren.,TRUE,FALSE,FALSE
La Mer - The Lifting Firming - Serum - lifting And Firming Serum 30ml,https://media.sephora.eu/content/dam/digital/pim/published/L/LA_MER/669826/319732-media_swatch.jpg?scaleWidth=500&scaleHeight=500&scaleMode=fit,"Dieses multidimensionale Treatment festigt und strafft die Haut, Konturen erscheinen sichtbar definierter. Das Serum hilft, die oberen und unteren Gesichtspartien zu konturieren und das jugendliche Aussehen zu bewahren. Dank unserer Miracle Broth™, die der Haut eine jugendliche Ausstrahlung schenkt und dem neuen The Restructuring Ferment wirkt die Haut voller – für ein strafferes Aussehen. --15ml",15ml,319.45,La Mer,Serum,"Water/Aqua/Eau, Dimethicone, Algae Extract, Methyl Trimethicone, Trisiloxane, Bis-PEG-18 Methyl Ether Dimethyl Silane, Butylene Glycol, Caprylic/Capric Triglyceride, PEG-10 Dimethicone, Glycerin, Saccharomyces/Rice Ferment Filtrate, Isododecane, Sea Salt/Maris Sal/Sel Marin, Isopropyl Isostearate, Sesamum Indicum (Sesame) Seed Oil, Medicago Sativa (Alfalfa) Seed Powder, Helianthus Annuus (Sunflower) Seedcake, Prunus Amygdalus Dulcis (Sweet Almond) Seed Meal, Eucalyptus Globulus (Eucalyptus) Leaf Oil, Sodium Gluconate, Copper Gluconate, Calcium Gluconate, Magnesium Gluconate, Zinc Gluconate, Tocopheryl Succinate, Niacin, Sesamum Indicum (Sesame) Seed Powder, Hydrogenated Polyisobutene, Porphyridium Cruentum Extract, Isohexadecane, Aspergillus Ferment, Yeast Extract/Faex/Extrait de Levure, Sodium Hyaluronate, Sigesbeckia Orientalis (St. Paul's Wort) Extract, Citrus Aurantifolia (Lime) Peel Extract, Caffeine, Squalane, Citrullus Lanatus (Watermelon) Fruit Extract, Thermus Thermophillus Ferment, Lens Esculenta (Lentil) Fruit Extract, Pyrus Malus (Apple) Fruit Extract, Phoenix Dactylifera (Date) Fruit Extract, Pullulan, Hordeum Distichon (Barley) Extract/Extrait d'Orge à Deux Rangs, Brassica Campestris (Rapeseed) Sterols, Triticum Vulgare (Wheat) Germ Extract, Sodium Lactate, Laminaria Digitata Extract, Caprylyl Glycol, Dipeptide Diaminobutyroyl Benzylamide Diacetate, Sodium PCA, Laminaria Saccharina Extract, Gold, Ethylhexylglycerin, Acetyl Hexapeptide-8, Prunus Persica (Peach) Flower Extract, Peat Extract, Palmitoyl Hexapeptide-14, Palmitoyl Hexapeptide-12, PEG-8, Hexylene Glycol, Dimethyl Isosorbide, Propylene Carbonate, Alcohol Denat., Barium Sulfate, Silica, Polyethylene, Disteardimonium Hectorite, Polysilicone-11, Glyceryl Polymethacrylate, Hydroxypropyl Methylcellulose, Fragrance (Parfum), Limonene, Linalool, Hydroxycitronellal, Geraniol, Citronellol, Benzyl Salicylate, Tocopherol, BHT, Magnesium Ascorbyl Phosphate, Tocopheryl Acetate, Disodium EDTA, Phenoxyethanol, Potassium Sorbate, Sodium Benzoate, Mica, Yellow 5 (CI 19140), Red 4 (CI 14700), Red 33 (CI 17200) (ILN51304).

Die Liste der Inhaltsstoffe kann sich ändern. Bitte beachte die Verpackung des gekauften Produkts.
","Das Produkt auf die Finger geben und  sanft auf Stirn, Wangen, Kiefer, Hals und Dekolleté auftragen. Mit der flachen Hand das Produkt vom Kinn zur Nase und dann unterhalb der Wangenknochen hin zur Schläfe auftragen. Wiederholen Sie den Vorgang in entgegengesetzter Richtung.",TRUE,FALSE,FALSE
La Mer - The Moisturizing Fresh Cream - Trockene Haut - the Moisturizing Fresh Cream 30ml,https://media.sephora.eu/content/dam/digital/pim/published/L/LA_MER/721677/343240-media_swatch.jpg?scaleWidth=500&scaleHeight=500&scaleMode=fit,"Die NEUE The Moisturizing Fresh Cream verleiht ein luxuriöses, frisches und angenehmes Hautgefühl. Sie schenkt der Haut frische Energie für die Erneuerung und schützt sie gleichzeitig vor Schäden und zukünftigen Anzeichen der Hautalterung. --30ml",30ml,171.95,La Mer,Feuchtigkeitspflege,"Water / Aqua / Eau, Dimethicone, Algae Extract, Glycerin, Yeast Extract / Faex / Extrait de Levure, Trisiloxane, Limnanthes Alba (Meadowfoam) Seed Oil, Alcohol Denat., Octyldodecyl Stearoyl Stearate, Butylene Glycol, Isopentyldiol, Ammonium Acryloyldimethyltaurate/VP Copolymer, Citrus Aurantifolia (Lime) Peel Extract, Sesamum Indicum (Sesame) Seed Oil, Medicago Sativa (Alfalfa) Seed Powder, Helianthus Annuus (Sunflower) Seedcake, Prunus Amygdalus Dulcis (Sweet Almond) Seed Meal, Eucalyptus Globulus (Eucalyptus) Leaf Oil, Sodium Gluconate, Copper Gluconate, Calcium Gluconate, Magnesium Gluconate, Zinc Gluconate, Tocopheryl Succinate, Niacin, Sesamum Indicum (Sesame) Seed Powder, Bis-PEG-18 Methyl Ether Dimethyl Silane, Lactobacillus Ferment, Trametes Versicolor Extract, Trehalose, Squalane, Laminaria Saccharina Extract, Sigesbeckia Orientalis (St. Paul’s Wort) Extract, Caffeine, Dipalmitoyl Hydroxyproline, Whey Protein / Lactis Protein / Proteine du Petit-Lait, Hydrolyzed Rice Extract, Sodium Hyaluronate, Laminaria Digitata Extract, Caprylyl Glycol, Iris Florentina Root Extract, Acetyl Hexapeptide-8, Palmitoyl Hexapeptide-12, Sucrose, Saccharide Isomerate, PEG-8, Hydrogenated Lecithin, Oleth-10, Acrylates/C10-30 Alkyl Acrylate Crosspolymer, Glyceryl Polymethacrylate, Fragrance (Parfum), Limonene, Linalool, Citronellol, Geraniol, Hydroxycitronellal, Tocopheryl Acetate, BHT, Magnesium Ascorbyl Phosphate, Disodium EDTA, Sodium Citrate, Citric Acid, Tromethamine, Phenoxyethanol, Potassium Sorbate, Sodium Benzoate

Die Liste der Inhaltsstoffe kann sich ändern. Bitte beachte die Verpackung des gekauften Produkts.
","1. Mit dem Spatel eine erbsengroße Menge entnehmen.
2. Zwischen den Fingerspitzen verreiben.
3. Morgens und abends sanft in die Haut eindrücken.",FALSE,FALSE,FALSE
La Mer - The Revitalizing Hydrating Serum - Trockene Haut - 30 Ml,https://media.sephora.eu/content/dam/digital/pim/published/L/LA_MER/372274/63494-media_swatch.jpg?scaleWidth=500&scaleHeight=500&scaleMode=fit,"Dieses unglaublich leichte und erfrischende La Mer Revitalizing Hydrating Serum umhüllt die Haut von der ersten Anwendung an mit einer Welle von Feuchtigkeit und beruhigt die Haut bei Trockenheit.

Die Haut wird von innen heraus aufgepolstert, so dass feine Linien und andere frühe Anzeichen der Hautalterung sichtbar reduziert werden.

Youth Energy Ferment wurde mit einer leistungsstarken Synergie aus Meereswirkstoffen, Nährstoffen und essentiellen Vitaminen entwickelt und hilft der Haut, ihre Vitalität wiederzuerlangen. Müder Teint und Anzeichen von Müdigkeit verschwinden und machen Platz für eine neue, strahlende Vitalität.

Das Revitalizing Bydrating Serum wirkt wie eine ""Mikrosphäre"", die es der Haut ermöglicht, sich selbst vor äußeren Aggressoren zu schützen, die die Haut sichtbar ermüden und die Hautalterung beschleunigen können.
Miracle Broth mit regenerativen Kräften, versorgt die Haut mit Energie und hilft, ihr Aussehen zu reparieren. --30 ml",30 ml,198.95,La Mer,Serum,"Water (-)/Aqua/Eau De-Structuree (-), Declustered Water (+)/Aqua/Eau De-Structuree (+), Butylene Glycol, Glycerin, Algae (Seaweed) Extract, Bis-PEG-12 Dimethicone, Hydrogenated Lecithin, Caprylic/Capric Triglyceride, Sucrose, Limnanthes Alba (Meadowfoam) Seed Oil, Sesamum Indicum (Sesame) Seed Oil, Medicago Sativa (Alfalfa) Seed Powder, Helianthus Annuus (Sunflower) Seedcake, Prunus Amygdalus Dulcis (Sweet Almond) Seed Meal, Eucalyptus Globulus (Eucalyptus) Leaf Oil, Sodium Gluconate, Copper Gluconate, Calcium Gluconate, Magnesium Gluconate, Zinc Gluconate, Tocopheryl Succinate, Niacin, Sesamum Indicum (Sesame) Seed Powder, Citrus Aurantifolia (Lime) Peel Extract, Commiphora Mukul Resin Extract, Codium Tomentosum Extract, Polygonum Cuspidatum Root Extract, Vitis Vinifera (Grape) Seed Extract, Humulus Lupulus (Hops) Extract, Citrus Reticulata (Tangerine) Peel Extract, Asparagopsis Armata Extract, Salicornia Herbacea Extract, Alcaligenes Polysaccharides, Glucose, Porphyridium Cruentum Extract, Sigesbeckia Orientalis (St. Paul's Wort) Extract, Squalane, Cholesterol, Caffeine, Undaria Pinnatifida Extract, Ascophyllum Nodosum Extract, Laminaria Digitata Extract, Sea Salt/Maris Sal/Sel Marin, Castanea Sativa (Chestnut) Seed Extract, Plankton Extract, Glycine Soja (Soybean) Seed Extract, Acetyl Hexapeptide-8, Trehalose, Lactoperoxidase, Dimethicone, Lecithin, Dipotassium Glycyrrhizate, Glycine Soja (Soybean) Protein, Rosmarinus Officinalis (Rosemary) Leaf Extract, Punica Granatum (Pomegranate) Fruit Juice, Glucose Oxidase, Linolenic Acid, Hydrolyzed Rice Extract, Laminaria Saccharina Extract, Yeast Extract/Faex/Extrait de Levure, Acetyl Glucosamine, Bisabolol, Glycosaminoglycans, Ethylhexylglycerin, Sodium PCA, Tourmaline, Linoleic Acid, Sorbitol, Urea, Tocopheryl Acetate, Pentylene Glycol, Sodium Hyaluronate, Polyquaternium-51, Ethylbisiminomethylguaiacol Manganese Chloride, Hydroxypropyl Cyclodextrin, Magnesium Ascorbyl Phosphate, Nordihydroguaiaretic Acid, Sodium Hydroxide, Alcohol Denat., Carbomer, Xanthan Gum, Potassium Sorbate, Fragrance (Parfum), Disodium EDTA, BHT, Phenoxyethanol, Amyl Cinnamal, Hexyl Cinnamal, Benzyl Benzoate, Citronellol, Limonene, Coumarin, Linalool, Blue 1 (CI 42090), Red 4 (CI 14700).

Die Liste der Inhaltsstoffe kann sich ändern. Bitte beachte die Verpackung des gekauften Produkts.
","Morgens und abends ein bis zwei Pumphübe sanft auf Gesicht und Hals geben.
Anschließend die La Mer Feuchtigkeitscreme auftragen.
",FALSE,FALSE,FALSE
"La Roche Posay -  Effaclar Mizellen Reinigungsfluid, 200 ml Lotion",https://nbg1.your-objectstorage.com/inspirax-image-server-bucket/06609618_08.jpeg,Hochwertige medizinische Hautpflege für empfindliche Haut. Die Lotion wird auf die Haut aufgetragen und eignet sich als Dermokosmetik aus der Apotheke.,,19.26,La Roche Posay,Toner,"Aqua/Water, PEG-7 Caprylic/Capric Glycerides, Poloxamer 124, Poloxamer 184, PEG-6 Caprylic/Capric Glycerides, Glycerin, Polysorbate 80, Zinc PCA, Sodium Hydroxide, Disodium EDTA, BHT, Myrtrimonium Bromide, Parfum/Fragrance.

Die Liste der Inhaltsstoffe kann sich ändern. Bitte beachte die Verpackung des gekauften Produkts.
",Morgens und/oder abends einen Wattebausch mit der Lotion tränken und Gesicht und Hals reinigen. Die Haut im Anschluss behutsam mit einem Handtuch oder sauberen Wattepad trocken tupfen.,TRUE,TRUE,FALSE
La Roche Posay - Effaclar Cleansing gel 200 ml,https://www.mystationary.de/media/07/56/45/1775836495/254d1b9b0ed31d0c7002e31b90a1a544c5abf440_MS_0065709_image_1_3337872411083.jpg?ts=1775836497,"Die Formel enthält die Hauptwirkstoffe Glycacil, Zink-PCA und Zitronensäure. Sie hilft, die Haut zu klären, überschüssiges Öl zu reduzieren und abgestorbene Hautzellen sanft zu lösen.
Die reinigende Gel-Formel entfernt Schmutz, Ablagerungen und Talg von der Hautoberfläche, ohne das empfindliche Gleichgewicht der Haut zu stören oder sie auszutrocknen. Die Haut fühlt sich sauber und beruhigt an und wird durch das Thermalwasser von La Roche-Posay gepflegt. --200ml",200ml,20.95,La Roche Posay,Gesichtsreinigung,"Water, Decyl Glucoside, Sodium Laureth Sulfate, PEG-120 Methylglucose Dioleate, Polyglyceryl-3 Hydroxylauryl Ether, PEG-4 Dilaurate, PEG-4 Laurate, Zinc PCA, Disodium EDTA, Citric Acid, Polyquaternium-7, Iodopropynyl Butylcarbamate, PEG-4, Methylparaben, Propylparaben, Fragrance

Die Liste der Inhaltsstoffe kann sich ändern. Bitte beachten Sie die Verpackung des gekauften Produkts.
","Morgens und/oder abends anwenden. Eine kleine Menge des Gesichtsreinigers mit sanften, kreisenden Bewegungen auf Stirn, Nase, Kinn und Hals aufschäumen und sorgfältig abspülen. Nutze lauwarmes Wasser, um die Poren zu öffnen und zu reinigen.",TRUE,TRUE,FALSE
La Roche Posay - Effaclar Hochkonzentriertes Serum,https://www.versandapo.de/images/product_images/popup_images/16652236.jpg,"Das La Roche-Posay Effaclar Hochkonzentrierte Serum ist für fettige und zu Akne neigende Haut geeignet. Es hilft, Unreinheiten und Pickelmalen entgegenzuwirken und die Poren zu verfeinern.
 Die klärende Formel kombiniert Salicylsäure, Glykolsäure und LHA, um verstopfte Poren zu öffnen, überschüssigen Talg zu reduzieren und selbst hartnäckige Unreinheiten zu mildern.
 Das Serum hinterlässt ein ebenmäßiges, sichtbar geglättetes Hautbild. --30ml",30ml,35.19,La Roche Posay,Serum,"Aqua/Water, Alcohol Denat., Propanediol, Glycolic Acid, Niacinamide, Dimethyl Isosorbide, Pentylene Glycol, Salicylic Acid, Sodium Hydroxide, PEG-60 Hydrogenated Castor Oil, Hydroxyethylpiperazine Ethane Sulfonic Acid, Citric Acid, PEG-30 Glyceryl Cocoate, Capryloyl Salicylic Acid, Biosaccharide Gum-1, Maltodextrin, Phytic Acid, Polyquaternium-10, Parfum/Fragrance.

Die Liste der Inhaltsstoffe kann sich ändern. Bitte beachte die Verpackung des gekauften Produkts.
","Einmal täglich abends anwenden, die Pipette auf die Fingerspitzen geben und das Produkt sanft in die Haut drücken, dabei die Augenpartie aussparen; während der Anwendung direkte Sonneneinstrahlung vermeiden und täglich SPF auftragen.",TRUE,FALSE,FALSE
La Roche Posay - Hyalu B5 Serum-konzentrat,https://www.versandapo.de/images/product_images/popup_images/08102856_aktion.jpg,"Das La Roche-Posay Hyalu B5 Serum-Konzentrat ist ein Anti-Falten-Serum für empfindliche Haut. Es hilft, Anzeichen von Falten zu mildern, die Haut sichtbar aufzupolstern und sie geschmeidiger wirken zu lassen.
 Die leichte, schnell einziehende Formel kombiniert vier Formen von Hyaluronsäure mit Vitamin B5. Sie unterstützt den natürlichen Regenerationsprozess der Hautschutzbarriere und sorgt für einen langanhaltenden Feuchtigkeitseffekt.
 Das Serum ist für alle Hauttypen geeignet und nicht komedogen. --30ml",30ml,70.19,La Roche Posay,Serum,"Aqua/Water, Glycerin, Alcohol Denat., Propylene Glycol, Panthenol, Pentylene Glycol, Dimethicone, PEG-6 Caprylic/Capric Glycerides, PPG-6-Decyltetradeceth-3, Glyceryl Isostearate, Madecassoside, Sodium Hyaluronate, Ammonium Polyacryloyldimethyl Taurate, Disodium EDTA, Hydrolyzed Hyaluronic Acid, Caprylyl Glycol, Citric Acid, Xanthan Gum, Butylene Glycol, Tocopherol, Phenoxyethanol, Parfum/Fragrance.

Die Liste der Inhaltsstoffe kann sich ändern. Bitte beachte die Verpackung des gekauften Produkts.
","Morgens und abends nach der Gesichtsreinigung 3–4 Tropfen auf Gesicht und Hals auftragen, dabei die Augenpartie aussparen, das Serum sanft mit den Fingerspitzen einmassieren und anschließend allein, unter einer Feuchtigkeitspflege oder mit täglicher Feuchtigkeitspflege und SPF verwenden.",TRUE,FALSE,FALSE
"La Roche Posay - Pure Vitamin C12 Serum antioxidatives Hautbild erneuerndes Anti-Falten Serum-Konzentrat, 30 ml Lösung",https://nbg1.your-objectstorage.com/inspirax-image-server-bucket/45288778f227a5d7b618aa7644b3f138.jpg,Hochwertige medizinische Hautpflege für trockene Haut mit Falten. Die Lösung wird auf die Haut aufgetragen und eignet sich als Dermokosmetik aus der Apotheke. --30ml,30ml,45.58,La Roche Posay,Serum,"Aqua/Water/Eau, Ascorbic Acid, Dimethicone, Glycerin, Alcohol Denat., Potassium Hydroxide, Polysilicone-11, Silica, Pentaerythrityl Tetraethylhexanoate, PEG-20 Methyl Glucose Sesquistearate, Sodium Hyaluronate, Adenosine, Poloxamer 338, Ammonium Polyacryloyldimethyl Taurate, Hydrolyzed Hyaluronic Acid, Caprylic/Capric Triglyceride, Caprylyl Glycol, Citric Acid, Laureth-7, Trisodium Ethylenediamine Disuccinate, Bis-PEG/PPG-16/16 PEG/PPG-16/16 Dimethicone, Acetyl Dipeptide-1 Cetyl Ester, Xanthan Gum, Pentylene Glycol, Polyacrylamide, C13-14 Isoalkane, Tocopherol, Pentaerythrityl Tetra-di-t-Butyl Hydroxyhydrocinnamate, Salicylic Acid, Parfum/Fragrance.

Die Liste der Inhaltsstoffe kann sich ändern. Bitte beachte die Verpackung des gekauften Produkts.
","Nach der Reinigung 3–4 Tropfen auf Gesicht, Hals und Dekolleté auftragen, dabei die Augenpartie aussparen; das Serum kann allein oder unter einer Feuchtigkeitspflege morgens oder abends verwendet werden.",TRUE,FALSE,FALSE
Lancaster - Sun Beauty - Gesichtscreme Spf 30 - sun Beauty Face Cream Spf30,https://media.sephora.eu/content/dam/digital/pim/published/L/LANCASTER/586423/272100-media_swatch.jpeg?scaleWidth=500&scaleHeight=500&scaleMode=fit,"In unserer Sun Beauty Gesichtscreme SPF30 steckt der fortschrittlichste Sonnenschutz. Unser cleaner, ozeanfreundlicher und sehr sensorisch texturierter Sonnenschutz deckt nicht nur 100 % des Sonnenlichtspektrums* ab, sondern hilft auch, die Haut vor sonnenbedingten Schäden zu schützen. Diese einzigartige Formel ist sehr leicht, nicht fettend und wird auf der Haut sofort unsichtbar. Sie sorgt für eine gesund aussehende, goldene Bräune in der Hälfte der Zeit, in der die Haut der Sonne ausgesetzt ist.**

Diese Gesichtscreme verschmilzt sofort mit der Haut, ohne weiße Spuren zu hinterlassen, und trocknet mit einem makellosen, samtigen Finish, das die Haut nachhaltig mit Feuchtigkeit versorgt und sie verschönert. --50ml",50ml,29.95,Lancaster,Sonnenschutz,"Aqua/Water/Eau, Diisopropyl Adipate, Decyl Cocoate, Glycerin, Alcohol, Dicaprylyl Carbonate, Butyl Methoxydibenzoylmethane, Bis-Ethylhexyloxyphenol Methoxyphenyl Triazine, Ethylhexyl Triazone, Polyglyceryl-6 Stearate, Glyceryl Stearate SE, Poly C10-30 Alkyl Acrylate, Silica, Isoamyl p-Methoxycinnamate, Bambusa Arundinacea Stem Powder, Boron Nitride, Parfum/Fragrance, Xanthan Gum, Ethylhexyl Salicylate, Sorbitan Caprylate, Polyglyceryl-6 Behenate, Mica, Carbomer, Sodium Benzoate, Disodium EDTA, Mauritia Flexuosa Fruit Oil, Linalyl Acetate, Potassium Sorbate, Citronellol, Linalool, Citric Acid, Bifida Ferment Lysate, Pentylene Glycol, Alpha-Isomethyl Ionone, Cananga Odorata Oil/Extract, Jasminum Officinale (Jasmine) Flower Extract, Hydroxycitronellal, Geraniol, Hydrolyzed Citrus Aurantium Dulcis Fruit Extract, Dimethylmethoxy Chromanol, Benzyl Benzoate, Geranyl Acetate, Tocopherol, Beta-Caryophyllene, Cinnamomum Zeylanicum Bark Oil, Benzyl Alcohol, Cinnamal, Titanium Dioxide (CI 77891)

Die Liste der Inhaltsstoffe kann sich ändern. Bitte beachte die Verpackung des gekauften Produkts.
","Tragen Sie die Sun Beauty Gesichtscreme SPF30 auf Gesicht und Dekolleté auf, bevor Sie sich der Sonne aussetzen.",TRUE,FALSE,FALSE
Lancaster - Sun Beauty - Stick Face Spf50 - sun Beauty Stick Visage Spf50 19g,https://media.sephora.eu/content/dam/digital/pim/published/L/LANCASTER/815434/402324-media_swatch-0.jpg?scaleWidth=500&scaleHeight=500&scaleMode=fit,"Mit seiner einfachen, praktischen Anwendung ist der Lancaster Sun Beauty Face Stick SPF50 dein idealer mitnahmetauglicher Verbündeter für Outdoor-Abenteuer - mit Ultrabreitband-Lichtschutz, der sich deinem Alltag anpasst. Mit einer transparenten Formulierung, die ansatzfrei über die Haut gleitet und sich gut verteilen lässt, und Full-Light-Technologiey, die auf 100 % des Sonnenspektrums abzielt*, bietet dieser Sonnenschutz-Stick umfassenden UV-Schutz. --19gr",19gr,27.45,Lancaster,Sonnenschutz,"Octyldodecanol, Isoamyl Laurate, Diethylamino Hydroxybenzoyl Hexyl Benzoate, Triheptanoin, Dibutyl Lauroyl Glutamide, Dibutyl Ethylhexanoyl Glutamide, Bis-Ethylhexyloxyphenol Methoxyphenyl Triazine, Ethylhexyl Triazone, Diethylhexyl Butamido Triazone, Parfum/Fragrance, Simmondsia Chinensis (Jojoba) Seed Oil, Phaeodactylum Tricornutum Extract, Dimethylmethoxy Chromanol, Tocopherol, Helianthus Annuus (Sunflower) Seed Oil

Die Liste der Inhaltsstoffe kann sich ändern. Bitte beachte die Verpackung des gekauften Produkts.
","Trage den Lancaster Sun Beauty Face Stick SPF50 vor dem Aufenthalt in der Sonne auf das gesamte Gesicht oder gezielt auf empfindliche oder besonders stark der Sonne ausgesetzte Partien, wie einen unbedeckten Kopf, Scheitel, Stirn, Augenpartie, Wangenknochen, Ohren, Nase, Lippenpartie, Kieferpartie, Hals, Dekolleté, Schultern, Tattoos, sichtbare Unregelmäßigkeiten, Pigmentflecken, Sommersprossen, Schönheitsflecken, Narben usw. auf.|Wiederhole die Anwendung häufig, um den Schutz aufrechtzuerhalten, insbesondere nach dem Schwimmen, Schwitzen oder Abtrocknen.|Babys und Kleinkinder nicht direkt der Sonne aussetzen.|Übermäßige Sonneneinwirkung stellt eine ernsthafte Gesundheitsgefährdung dar, selbst mit Verwendung eines Sonnenschutzproduktes.|Recycle den leeren Gesichts-Sonnenschutz-Stick den örtlichen Vorschriften entsprechend.",TRUE,TRUE,FALSE
Lancôme - Gelatée Confort Reinigungsmilch - Flacon Pompe 200 Ml,https://media.sephora.eu/content/dam/digital/pim/published/L/LANCO/87269/67930-media_swatch.jpg?scaleWidth=500&scaleHeight=500&scaleMode=fit,Die Abschminkmilch mit ultraweicher Textur befreit die Haut selbst von hartnäckigem Make-up. Angereichert mit nährenden Lacto-Proteinen sowie feuchtigkeitsspendenden und beruhigenden Wirkstoffen ist sie eine wahre Wohltat für die Haut. --200 ml,200 ml,18.45,Lancôme,Gesichtsreinigung,"Water/Aqua, Butyrospermum Parkii (Shea) Butter, Glycerin, Dimethicone, Polyethylene, Paraffin, Paraffinum Liquidum (Mineral Oil), Glyceryl Stearate, PEG-1 Stearate, Sodium Laureth Sulfate, Acrylates Copolymer, Red 33 (CI 17200), Tocopherol, Cyclodextrin, Sodium Hydroxide, Hydroxyethylcellulose, Phenoxyethanol, Stearic Acid, Yeast Extract, Polysorbate 6, Palmitic Acid, Honey, Mannitol, Isobutane, Alpha-Isomethyl Ionone, Carbomer, Disodium Succinate, Cetyl Alcohol, Methylparaben, Prunus Amygdalus Dulcis (Sweet Almond) Protein, Hexyl Cinnamal, Glycine Soja Oil (Soybean Oil), Parfum/Fragrance

Die Liste der Inhaltsstoffe kann sich ändern. Bitte beachten Sie die Verpackung des gekauften Produkts.
","Tägliche Anwendung: morgens und abends. 1. Tragen Sie die Abschminkmilch mit den Fingern in kreisenden Bewegungen (Stirn, Wangen, Kinn) und zum Abschluss auf Gesichtsmitte und Hals auf. 2. Entfernen Sie die überschüssige Abschminkmilch mit einem Papiertuch. 3. Zum perfekten Abschluss des Abschminkens ist die Verwendung eines Gesichtswassers unerlässlich. Die Abschminkmilch mit ultraweicher Textur befreit die Haut selbst vom hartnäckigsten Make-up. Angereichert mit nährenden Lacto-Proteinen, feuchtigkeitsspendenden und beruhigenden Wirkstoffen ist sie eine wahre Wohltat für die Haut. Eigenschaft: reinigend, feuchtigkeitsspendend, beruhigend.",FALSE,TRUE,FALSE
Lancôme - Génifique Ultimate Serum 50 ml,https://cdn.perfumetrader.de/media/catalog/product/cache/1/image/400x400/602f0fa2c1f0d1ba5e241f914e856ff9/placeholder/default/product-placeholder_3.png,"Die Innovation in der Reparaturwissenschaft**: Neues Génifique Ultimate, stärkendes Serum für zweifache Hautreparatur.
 Kombiniert mit Hyaluronsäure, Süssholz-Wurzel Extrakt und unseren ikonischen prä- und probiotischen Extrakten, bietet die neue Formel die ultimative Reparaturlösung, die Rötungen und feine Linien bekämpft und eine glatte Haut fördert. 
Bekämpft Hautschäden und verbessert die allgemeine Hautqualität ab der 1. Woche. --30ml",30ml,72.90,Lancôme,Serum,"Aqua/Water/Eau, Bifida Ferment Lysate, Glycerin, Pentylene Glycol, Polymnia Sonchifolia Root Juice, Dimethicone, Alpha-Glucan Oligosaccharide, Sodium Carboxymethyl Beta-Glucan, Sodium Hyaluronate, Salicyloyl Phytosphingosine, Adenosine, Mannose, Ammonium Polyacryloyldimethyl Taurate, Dipotassium Glycyrrhizate, Hydroxyacetophenone, Caprylyl Glycol, Tetrasodium Glutamate Diacetate, Citric Acid, Lactic Acid, Lactobacillus, Acetic Acid, Maltodextrin, Xanthan Gum, Faex Extract/Yeast Extract/Extrait de Levure, Octyldodecanol, Butylene Glycol, Sodium Benzoate, Parfum/Fragrance (F.I.L. N70038952/1).

Die Liste der Inhaltsstoffe kann sich ändern. Bitte beachte die Verpackung des gekauften Produkts.
","1. SCHRAUBE DEN SELBSTLADENDEN UND HOCHPRÄZISEN TROPFER AB 2. INHALT DES TROPFERS IN DIE HAND GEBEN 3. MASSIERE DAS SERUM AUF DIE SAUBERE HAUT, NACH DEM TONER ODER DER GESICHTSESSENZ, MORGENS UND ABENDS.",TRUE,TRUE,FALSE
Lancôme - Rose Sugar Scrub - Gesichtspeeling - 100 Ml,https://media.sephora.eu/content/dam/digital/massivpimupload/L/LANCO/438824/483-media_swatch.jpg?scaleWidth=500&scaleHeight=500&scaleMode=fit,"Das wärmende Peeling mit Zuckerkristallen, Argan-Körnchen und Rosenextrakten reinigt sanft, entfert abgestorbene Hautzellen und lässt die Haut erstrahlen. --100 ml",100 ml,18.95,Lancôme,Gesichtsreinigung,"Glycerin, Propylene Glycol, Sucrose, Mel / Honey, Ci 14700 / Red 4, Ci 17200 / Red 33, Sodium Hyaluronate, Argania Spinosa Shell Powder, Peg-30 Dipolyhydroxystearate, Arginine, Triethanolamine, Trideceth-6, Salicylic Acid, Panthenol, Propanediol, Acrylates/C10-30 Alkyl Acrylate Crosspolymer, Rosa Damascena Flower Water, Citric Acid, Prunus Amygdalus Dulcis Oil / Sweet Almond Oil, Fragrance. 

Die Liste der Inhaltsstoffe kann sich ändern. Bitte beachte die Verpackung des gekauften Produkts.","Tragen Sie das Peeling gleichmäßig auf. Beginnend an der Stirn, um die Augenkontur, über die Wangen, Nase und Kinn bis zur unteren Gesichtskontur und Halspartie hinunter.",FALSE,TRUE,FALSE
Lancôme - Tonique Confort Reinigungswasser - Das Feuchtigkeitsspendende Reinigungswasser - 200 Ml,https://media.sephora.eu/content/dam/digital/pim/published/L/LANCO/737633/354039-media_swatch.jpg?scaleWidth=500&scaleHeight=500&scaleMode=fit,"Das Gesichtswasser entfernt Unreinheiten außergewöhnlich sanft, beruhigt die Haut und spendet ihr Feuchtigkeit.
Die Formulierung mit einem Wirkstoff-Komplex aus Honig und Hefe-Extrakt ist eine pflegende Wohltat für die Haut. --200 ml",200 ml,24.95,Lancôme,Toner,"Aqua/Water/Eau, Glycerin, Malva Sylvestris Flower/Leaf/Stem Water – Mallow Flower/Leaf/Stem Water, Rosa Centifolia Flower Water, Squalane, Sodium Hyaluronate, Sodium Hydroxide, Hydroxyacetophenone, Caprylyl Glycol, Citric Acid, Acrylates/C10-30 Alkyl Acrylate Crosspolymer, Potassium Sorbate, Sodium Benzoate, Chlorphenesin, Parfum/Fragrance (F.I.L. N70040628/1).

Die Liste der Inhaltsstoffe kann sich ändern. Bitte beachte die Verpackung des gekauften Produkts.
",Nach der Reinigung Gesichtswasser mit einem Wattepad oder den Fingerspitzen auf das Gesicht auftragen. Anschließend eine Feuchtigkeitspflege auftragen. Die Augenkonturen aussparen.,TRUE,TRUE,FALSE
"Laneige - Bouncy & Firm Serum – Aufpolsterndes, Festigendes Und Glättendes Serum - bouncy & Firm Serum",https://media.sephora.eu/content/dam/digital/pim/published/L/LANEIGE/757139/364227-media_swatch.jpg?scaleWidth=500&scaleHeight=500&scaleMode=fit,"Das Geheimnis für eine glatte, straffe und pralle Haut und einen strahlenden Teint? Das Bouncy & Firm Serum mit Kollagen und Peptiden, das die Haut aufpolstert, strafft und glättet! --30ml",30ml,44.95,Laneige,Serum,"Water/Aqua/Eau, Propanediol, Glycerin, Methylpropanediol, Isononyl Isononanoate, Niacinamide, 1,2-Hexanediol, Polyglycerin-3, Caprylic/Capric Triglyceride, Triethylhexanoin, Butylene Glycol, Triolein, Acrylates/C10-30 Alkyl Acrylate Crosspolymer, Tromethamine, Hydrogenated Poly(C6-20 Olefin), Carbomer, Ethylhexylglycerin, Pentylene Glycol, Tocopherol, Adenosine, HDI/Trimethylol Hexyllactone Crosspolymer, Ascorbyl Tetraisopalmitate, Sodium Metaphosphate, Fragrance/Parfum, Beta-Glucan, Prunus Armeniaca (Apricot) Kernel Oil, Xanthan Gum, Linalool, Achillea Millefolium Extract, Camellia Japonica Seed Extract, Geraniol, Ferulic Acid, Caprylyl Glycol, Paeonia Albiflora Root Extract, Yellow 6 (CI 15985), Red 33 (CI 17200), Soluble Collagen, Vegetable Oil/Olus Oil/Huile Végétale, Acetyl Heptapeptide-4, Paeonia Albiflora Flower Extract, Acetyl Hexapeptide-8, Sodium Hydroxide, Acetyl Tetrapeptide-2, Acetyl Octapeptide-3.

Die Liste der Inhaltsstoffe kann sich ändern. Bitte beachte die Verpackung des gekauften Produkts.
",Morgens und abends nach der Reinigung und dem Gesichtswasser gleichmäßig auf das Gesicht auftragen.,FALSE,TRUE,FALSE
Laneige - Cream Skin Cerapeptide - Toner & Moisturizer - cream Skin Toner & Moisturizer,https://media.sephora.eu/content/dam/digital/pim/published/L/LANEIGE/731540/363953-media_swatch.jpg?scaleWidth=500&scaleHeight=500&scaleMode=fit,"Ein hybrides 2-in-1-Produkt mit innovativer, leichter Textur, das Creme und Gesichtswasser kombiniert und die Haut intensiv mit Feuchtigkeit versorgt.
 Die Formel ist mit Cerapeptid angereichert, das die Haut intensiv nährt, sichtbar strafft und ihre Feuchtigkeitsbarriere stärkt. --170ml",170ml,32.95,Laneige,Toner,"Water/Aqua/Eau, Butylene Glycol, Glycerin, Limnanthes Alba (Meadowfoam) Seed Oil, Isopentyldiol, 1,2-Hexanediol, Squalane, Polyglyceryl-10 Stearate, Glyceryl Stearate Citrate, Sodium Stearoyl Glutamate, Inulin Lauryl Carbamate, Glyceryl Caprylate, Ethylhexylglycerin, Propanediol, Disodium EDTA, Carbomer, Mannitol, Acrylates/Stearyl Methacrylate Copolymer, Tremella Fuciformis Sporocarp Extract, Hyaluronic Acid, Camellia Sinensis Leaf Extract, Xanthan Gum, Ceramide NP, Camellia Japonica Flower Extract, Tocopherol, Acetyl Tetrapeptide-11.

Die Liste der Inhaltsstoffe kann sich ändern. Bitte beachte die Verpackung des gekauften Produkts.
",Nur zur äußerlichen Anwendung geeignet. Direkten Augenkontakt vermeiden. Bei Kontakt mit den Augen gründlich mit Wasser ausspülen. Bei Hautreizungen die Anwendung abbrechen und ärztlichen Rat einholen. Außerhalb der Reichweite von Kindern aufbewahren.,TRUE,TRUE,TRUE
Laneige - Hydro Uv Defense Ex Sunscreen - Sonnenschutz Spf 50 - hydro Uv Defense Ex 50ml,https://media.sephora.eu/content/dam/digital/pim/published/L/LANEIGE/757168/364636-media_swatch.jpg?scaleWidth=500&scaleHeight=500&scaleMode=fit,"Der Hydro UV Defense EX Sunscreen SPF 50 ist eine leichte Sonnencreme, die die Haut schützt, mit Feuchtigkeit versorgt und beruhigt. Die nicht fettende Textur zieht schnell ein und hinterlässt ein unsichtbares Finish, wodurch sie sich ideal für den täglichen Gebrauch eignet.
Die Formel mit Centella Asiatica unterstützt die Beruhigung und Regeneration der Haut. Ionisiertes Mineralwasser spendet intensive Feuchtigkeit und sorgt für ein frisches, strahlendes Hautgefühl. UV-Filter schützen vor UVA- und UVB-Strahlen und helfen, vorzeitiger Hautalterung sowie Sonnenbrand vorzubeugen.
 Die Haut wirkt geschützt, hydratisiert und revitalisiert.
 SPF 50
 --50 ml",50 ml,24,Laneige,Sonnenschutz,"Water / Aqua / Eau, Propanediol, Octocrylene, Homosalate, Ethylhexyl Salicylate, Butyloctyl Salicylate, Glycerin, Butyl Methoxydibenzoylmethane, Diphenylsiloxy Phenyl Trimethicone, Silica, Phenyl Trimethicone, Caprylyl Methicone, Behenyl Alcohol, VP/Eicosene Copolymer, Trimethylsiloxysilicate, C14-22 Alcohols, Glyceryl Stearate, PEG-100 Stearate, 1,2-Hexanediol, Cetyl Alcohol, Potassium Cetyl Phosphate, Polyacrylate-13, Polyisobutene, C12-20 Alkyl Glucoside, Ethylhexylglycerin, Fragrance / Parfum, Disodium EDTA, Polysorbate 20, Sorbitan Isostearate, Lavandula Angustifolia (Lavender) Flower Water, Butylene Glycol, Aloe Barbadensis Leaf Extract, Pentylene Glycol, Centella Asiatica Flower/Leaf/Stem Extract, Brassica Oleracea Italica (Broccoli) Extract, Hibiscus Abelmoschus Extract, Tocopherol, Magnesium Sulfate, Calcium Chloride, Xanthan Gum, Citric Acid, Sodium Benzoate, Potassium Sorbate, Manganese Sulfate, Chenopodium Quinoa Seed Extract, Zinc Sulfate, Ascorbyl Glucoside

Die Liste der Inhaltsstoffe kann sich ändern. Bitte beachte die Verpackung des gekauften Produkts.
","15 Minuten vor der Sonnenexposition großzügig auftragen. Regelmäßig nachcremen, um den Schutz aufrechtzuerhalten, insbesondere nach dem Baden, Schwitzen oder Abtrocknen. Trage beim Schwimmen oder wenn du schwitzt eine wasserfeste Sonnencreme auf. Sich in der Sonne aufzuhalten erhöht das Risiko für Hautkrebs und vorzeitige Hautalterung. Zur Verringerung dieses Risikos solltest du regelmäßig einen Sonnenschutz mit Lichtschutzfaktor 15 oder höher verwenden und andere Schutzmaßnahmen ergreifen, wie z. B. die Begrenzung der Sonnenexposition und das Tragen von langärmeligen Hemden, Hosen, Hüten und Sonnenbrillen.",TRUE,TRUE,FALSE
Laneige - Radian-c Cream - radianc-c Hydrating Cream 30ml,https://media.sephora.eu/content/dam/digital/pim/published/L/LANEIGE/544222/232335-media_swatch.jpg?scaleWidth=500&scaleHeight=500&scaleMode=fit,"Diese Creme versorgt die Haut intensiv mit Feuchtigkeit und verleiht ihr mehr Ausstrahlung. Sie hilft, das Erscheinungsbild von Unreinheiten, Flecken und sichtbaren Hautirritationen zu reduzieren, und sorgt für einen reinen, ebenmäßigen sowie strahlenden Teint.
Die Radian-C Super Blend Technology™ kombiniert Vitamin C und Vitamin E mit einer innovativen Formel, die ihre Wirksamkeit unterstützt. Die antioxidativen Vitamine helfen, den Hautton auszugleichen, die Haut glatter erscheinen zu lassen und sichtbare Unreinheiten zu mildern.
 Das Produkt ist dermatologisch getestet, nicht komedogen, vegan und für alle Hauttypen geeignet.
 --30 ml",30 ml,24,Laneige,Feuchtigkeitspflege,"Water / Aqua / Eau, 3-O-Ethyl Ascorbic Acid, Glycerin, Cetearyl Alcohol, Caprylic/Capric Triglyceride, Propanediol, Methyl Trimethicone, Hydrogenated Poly(C6-14 Olefin), Pentaerythrityl Tetraethylhexanoate, Cetearyl Olivate, Potassium Cetyl Phosphate, 1,2-Hexanediol, Sorbitan Olivate, Hydroxyethyl Acrylate/Sodium Acryloyldimethyl Taurate Copolymer, Limonene, Polymethyl Methacrylate, Ammonium Acryloyldimethyltaurate/Beheneth-25 Methacrylate Crosspolymer, Citric Acid, Fragrance / Parfum, Thymol Trimethoxycinnamate, Disodium EDTA, Ethylhexylglycerin, Sorbitan Isostearate, Sodium Citrate, Linalool, Tocopherol, Madecassoside, Citral, Geraniol

Die Liste der Inhaltsstoffe kann sich ändern. Bitte beachte die Verpackung des gekauften Produkts.
","Abends einen Klecks des Produkts in die Hände geben und sanft in das Gesicht einmassieren, damit das Produkt besser einziehen kann.",TRUE,TRUE,FALSE
Laneige - Water Bank - Mildes Reinigungsgel - water Bank - Gel Nettoyant Doux,https://media.sephora.eu/content/dam/digital/pim/published/L/LANEIGE/750988/362514-media_swatch.jpg?scaleWidth=500&scaleHeight=500&scaleMode=fit,"Das milde Reinigungsgel ist ideal für normale bis trockene Haut. Es entfernt Make-up effektiv und schützt gleichzeitig die Hautbarriere. Die leichte, nicht reizende Textur sorgt für eine saubere und erfrischte Haut, die sich angenehm anfühlt.
Die Formel enthält blaue Hyaluronsäure, die tiefenwirksam Feuchtigkeit spendet und die Hautbarriere stärkt. Allantoin hilft, die Haut zu beruhigen, Reizungen zu reduzieren und sie weich und geschmeidig zu machen. Ein Aminosäurekomplex pflegt die Haut intensiv und unterstützt ihre Gesundheit und Regeneration. --250ml",250ml,28.95,Laneige,Gesichtsreinigung,"Water/Aqua/Eau, Glycerin, Lauryl Hydroxysultaine, Sodium Cocoyl Isethionate, Sodium Methyl Cocoyl Taurate, Glyceryl Stearate SE, Caprylyl/Capryl Glucoside, Lauryl Betaine, Sodium Chloride, Hydroxypropyl Starch Phosphate, Polyglyceryl-6 Caprylate, Polyglyceryl-4 Caprate, Trihydroxystearin, Glycol Distearate, 1,2-Hexanediol, Polyquaternium-7, Citric Acid, Xanthan Gum, Cetearyl Olivate, Sorbitan Olivate, Allantoin, Hydrolyzed Hyaluronic Acid, Arginine, Aspartic Acid, Glutamic Acid, Sodium Benzoate, Panthenol

Die Liste der Inhaltsstoffe kann sich ändern. Bitte beachten Sie die Verpackung des gekauften Produkts.
","1. Als tägliche Reinigung: 1-2 Pumphübe auf die feuchte Haut auftragen, einmassieren und mit reichlich Wasser abspülen.
 2. Als Make-up-Entferner: 2-3 Pumphübe des Produkts auf die trockene Haut auftragen, mit Wasser aufschäumen und gründlich abspülen.",TRUE,TRUE,TRUE
Laneige - Water Bank Cream Moisturizer - Feuchtigkeitscreme - Water Bank Cream 50ml,https://media.sephora.eu/content/dam/digital/pim/published/L/LANEIGE/714973/345948-media_swatch.jpg?scaleWidth=500&scaleHeight=500&scaleMode=fit,"Die Water Bank Hyaluronic Blue Feuchtigkeitscreme versorgt die Haut intensiv mit Feuchtigkeit und stärkt die Hautbarriere. Sie schenkt den ganzen Tag und die ganze Nacht über ein angenehmes, gepflegtes Hautgefühl.
Die nicht klebrige, leicht einziehende Textur versorgt die Haut tiefenwirksam mit Feuchtigkeit und sorgt für ein gesundes, frisches Hautbild. Die Creme ist besonders für normale Haut geeignet.
Die Formel enthält blaue Hyaluronsäure, die durch ihre besonders kleinen Moleküle effektiv Feuchtigkeit spendet. Der Pepta-Panthenol-Komplex mit Peptiden und Panthenol hilft, die Haut zu straffen und die Hautbarriere zu stärken. Feuchtigkeitsspender, die hauteigene Lipide wie Ceramide, Cholesterin und Fettsäuren nachahmen, unterstützen eine optimale Feuchtigkeitsversorgung.
Die Haut wirkt beruhigt, glatt und natürlich strahlend. Die Formel ist nicht komedogen und dermatologisch getestet.
--50 ml",50 ml,37.95,Laneige,Feuchtigkeitspflege,"Water / Aqua / Eau, Glycerin, Butylene Glycol, Squalane, Dicaprylyl Ether, Polyglyceryl-3 Methylglucose Distearate, Methyl Trimethicone, Glyceryl Stearate, Pentaerythrityl Tetraethylhexanoate, 1,2-Hexanediol, Stearyl Dimethicone, Bis-Hydroxyethoxypropyl Dimethicone, Cetyl Alcohol, Lactobacillus Ferment Lysate, Caprylic/Capric/Myristic/Stearic Triglyceride, Palmitic Acid, Stearic Acid, Panthenol, Hydroxyethyl Acrylate/Sodium Acryloyldimethyl Taurate Copolymer, Propanediol, Acrylates/C10-30 Alkyl Acrylate Crosspolymer, Xanthan Gum, Glyceryl Caprylate, Dextrin, Tromethamine, Ethylhexylglycerin, Disodium EDTA, Sorbitan Isostearate, Allantoin, Hydrolyzed Hyaluronic Acid, Ceramide NP, Fragrance / Parfum, Beta-Glucan, Cholesterol, Mannitol, Tocopherol, Acetyl Tetrapeptide-11, Undaria Pinnatifida Extract

Die Liste der Inhaltsstoffe kann sich ändern. Bitte beachte die Verpackung des gekauften Produkts.
","Morgens und abends nach der Reinigung, dem Gesichtswasser und dem Serum gleichmäßig auf das Gesicht auftragen.",TRUE,TRUE,FALSE
Laneige - Water Bank Uv Barrier Sunscreen Spf50 - Ultraleichte Sonnencreme - water Bank Uv Barrier Sunscreen 50ml,https://media.sephora.eu/content/dam/digital/pim/published/L/LANEIGE/796958/392321-media_swatch-0.jpg?scaleWidth=500&scaleHeight=500&scaleMode=fit,"Diese ultraleichte Sonnencreme bietet hohen Schutz vor UVA- und UVB-Strahlen sowie vor schädlichen äußeren Einflüssen. Gleichzeitig spendet sie intensive Feuchtigkeit, stärkt die Hautbarriere und hilft, Anzeichen vorzeitiger Hautalterung vorzubeugen.
Die serumleichte Textur zieht angenehm ein, hinterlässt kein fettiges Finish und keine weißen Rückstände. Sie eignet sich ideal als Make-up-Basis oder als letzter Schritt der Pflegeroutine.
Die Formel mit Hyaluronsäure und Heidelbeerextrakt versorgt die Haut mit Feuchtigkeit und schützt sie zuverlässig vor UV-Strahlung.
 SPF 50 PA++++
--50 ml",50 ml,29.95,Laneige,Sonnenschutz,"Water / Aqua / Eau, Diethylhexyl Succinate, Propanediol, Drometrizole Trisiloxane, Ethylhexyl Triazone, Diethylamino Hydroxybenzoyl Hexyl Benzoate, Terephthalylidene Dicamphor Sulfonic Acid, 1,2-Hexanediol, Behenyl Alcohol, Methyl Trimethicone, Tromethamine, Sodium Polyacryloyldimethyl Taurate, Butylene Glycol, Polyacrylate Crosspolymer-6, C20-24 Alkyl Dimethicone, Arachidyl Alcohol, Caprylyl Glycol, Sodium Methyl Stearoyl Taurate, Ethylhexylglycerin, Arachidyl Glucoside, Fragrance / Parfum, Allantoin, Hydrolyzed Hyaluronic Acid, Sodium Metaphosphate, Bisabolol, Rubus Fruticosus (Blackberry) Fruit Extract, Fragaria Vesca (Strawberry) Leaf Extract, Tocopherol, Sodium Hyaluronate, Sodium Hyaluronate Crosspolymer, Hyaluronic Acid, Sodium Acetylated Hyaluronate

Die Liste der Inhaltsstoffe kann sich ändern. Bitte beachte die Verpackung des gekauften Produkts.
","Trage jeden Morgen sowie vor jedem Sonnenbad, nach der Reinigung, dem Gesichtswasser, dem Serum und deiner Feuchtigkeitspflege eine gleichmäßige Schicht auf dein Gesicht auf.
 Wiederhole die Anwendung alle zwei Stunden, um einen optimalen Schutz zu erhalten.",TRUE,TRUE,FALSE
"Lightinderm - Brightening Serum - Glow-serum-kapseln Mit Niacinamid Und Andrographis - 4 X 2,1 Ml",https://media.sephora.eu/content/dam/digital/pim/published/L/LIGHTINDERM/798909/390438-media_swatch-0.jpg?scaleWidth=500&scaleHeight=500&scaleMode=fit,"Die Wirksamkeit eines Serums, verstärkt durch LED-Licht und Massagen: 100 % ebenmäßigerer Teint

Die Brightening-Kapseln zur Verwendung mit dem Lightinderm-Gerät bieten ein umfassendes Konzept: 1 Kapsel = 1 Woche, 4 Kapseln = 1 Monat.
Diese Pflege wirkt gegen Pigmentunregelmäßigkeiten, glättet die Hautoberfläche und bringt den Teint zum Strahlen. --4 x 2,1 ml","4 x 2,1 ml",74.95,Lightinderm,Serum,"Aqua (Water), Propanediol, Heptyl Undecylenate, Coco-Caprylate/Caprate, Niacinamide, Squalane, Lentinus Edodes Mycelium Extract, Myristyl Alcohol, Sodium Acrylates Copolymer, Glyceryl Stearate, PEG-100 Stearate, Glycerin, C12-16 Alcohols, Hydroxyethyl Acrylate/Sodium Acryloyldimethyl Taurate Copolymer, 3-O-Ethyl Ascorbic Acid, Myristyl Glucoside, Lecithin, Caprylyl Glycol, 1,2-Hexanediol, Ethylhexylglycerin, Andrographis Paniculata Leaf Extract, Hydrogenated Lecithin, Palmitic Acid, Sodium Tocopheryl Phosphate, Sodium Hyaluronate, Glycyrrhiza Glabra (Licorice) Root Extract, Polysorbate 60, Sorbitan Isostearate, Citric Acid, Cystoseira Tamariscifolia Extract, Sodium Benzoate, Sodium Levulinate, Tocopherol, Helianthus Annuus (Sunflower) Seed Oil.

Die Liste der Inhaltsstoffe kann sich ändern. Bitte beachte die Verpackung des gekauften Produkts.
","Anwendung

1) Auf sauberer und trockener Haut anwenden. Die Repair-Kapsel in das Lightinderm-Gerät einsetzen und darauf achten, dass sie gut einrastet.

2) Drücke die Ein-Taste, bis sich das Gerät einschaltet und die Lichter des gewählten Programms aktiviert werden.

3) Schraube den Verschluss der Kapsel ab und drücke erneut auf die Ein-Taste, um die Behandlung zu starten (Dauer: 3 Minuten).

4) Trage die Pflege auf, indem du die von Experten empfohlenen Bewegungen auf beiden Seiten des Gesichts wiederholst:
- Stirn: Glättung von unten nach oben, mittlerer bis intensiver Druck.
- Krähenfüße: horizontale Bewegungen vom äußeren Augenwinkel zur Schläfe hin.
- Augenkontur: Gleite über die Unterseite des inneren Augenwinkels und bis nach oben entlang des Wangenknochens.
- Wangenknochen (Lachmuskel): horizontale Bewegungen vom Nasenflügel bis zum Ende des Jochbeins.
- Mundkontur: horizontale glättende Bewegung von der Nasolabialfalte zum Ohr hin, um den Musculus risorius zu stimulieren.",TRUE,TRUE,TRUE
"Lightinderm - Purity Serum - Serum-kapseln Gegen Hautunreinheiten Mit Salicylsäure - 4 X 2,1 Ml",https://media.sephora.eu/content/dam/digital/pim/published/L/LIGHTINDERM/798908/390437-media_swatch-0.jpg?scaleWidth=500&scaleHeight=500&scaleMode=fit,"Die einzige bewährte Technologie, die Akne an der Quelle korrigiert: -40 % Unreinheiten

Die Purity-Kapseln zur Verwendung mit dem Lightinderm-Gerät bieten ein umfassendes Konzept:
1 Kapsel = 1 Woche, 4 Kapseln = 1 Monat.

Diese Behandlung zielt auf die Ungleichgewichte ab, die für unschönen Glanz, erweiterte Poren und Unreinheiten verantwortlich sind, um die Haut tiefenwirksam zu klären.
Das Ergebnis: eine ausgeglichene, beruhigte und sichtlich gesündere Haut.

Warum Purity?
Übermäßige Talgproduktion, verstopfte Poren, Entzündungen: Mischhaut bis fettige Haut begünstigt Pickel und Unreinheiten.
Purity wirkt an der Quelle, um Unreinheiten und überschüssigen Talg zu beseitigen, Rötungen zu beruhigen und ihrer Neuentstehung vorzubeugen.

Das neue Zeitalter der Hautregeneration: eine durch Technologie optimierte Pflege
--4 x 2,1 ml","4 x 2,1 ml",74.95,Lightinderm,Serum,"Aqua (Water), Glycerin, Niacinamide, Coco-Caprylate/Caprate, Maltooligosyl Glucoside, Hexylene Glycol, Capryloyl Glycine, Caprylic/Capric Triglyceride, Sodium Polyacrylate Starch, Hydrogenated Starch Hydrolysate, Butylene Glycol, Acacia Senegal Gum, Salicylic Acid, Sodium Polyacrylate, Caesalpinia Spinosa Fruit Extract, Xanthan Gum, 3-O-Ethyl Ascorbic Acid, Caffeine, Sodium Tocopheryl Phosphate, Xylitylglucoside, Sodium Hyaluronate, Citric Acid, Epilobium Fleischeri Flower/Leaf/Stem Extract, Kappaphycus Alvarezii Extract, Phenethyl Alcohol, Saccharide Isomerate, Marsdenia Cundurango Bark Extract, Potassium Sorbate, Tocopherol, Cynara Scolymus (Artichoke) Leaf Extract, Helianthus Annuus (Sunflower) Seed Oil.

Die Liste der Inhaltsstoffe kann sich ändern. Bitte beachte die Verpackung des gekauften Produkts.
","Anwendung

1) Purity ist die erste ausgleichende Pflege, die durch die einzigartige Kombination von Licht, photoaktiven Inhaltsstoffen und einer gezielten Gewebemassage bis in die tieferen Hautschichten wirkt.

2) In nur 3 Minuten pro Tag erreicht es eine unübertroffene Wirkung gegen Hautunreinheiten:

3) Auf sauberer und trockener Haut anwenden. Die Purity-Kapsel in das Lightinderm-Gerät einsetzen. Dieses erkennt das Programm automatisch und passt die Lichtintensität an.

4) Drücke 2 Sekunden lang auf die Ein-Taste, bis sich das Gerät einschaltet.

5) Schraube den Verschluss der Kapsel ab und drücke kurz auf die Ein-Taste, um die Behandlung zu starten (Dauer: 3 Minuten).

6) Trage die Pflege auf, indem du die von Chantal Lehmann entwickelten Massagebewegungen anwendest:
- Obere Stirn: Beginne in der Mitte und arbeite dich nach oben bis zum Haaransatz vor.
- T-Zone (unterer Stirnbereich/zwischen den Augenbrauen): Massiere horizontal entlang des Brauenbogens.
- Nase und Nasenflügel: Bewege das Gerät von oben nach unten und konzentriere dich dabei besonders auf die Seiten.
- Wangen: Beginne am Nasenflügel und arbeite dich horizontal bis zum Ende des Jochbeins vor.
- Mundkontur: Massiere waagerecht vom Nasenflügel bis zu den Mundwinkeln.
- Lippenkonturen und Kinn: Arbeite dich in kreisenden Bewegungen von der Nasolabialfalte aus bis zur Mitte des Kinns vor.
- Unteres Gesicht/Kiefer: Beginne in der Mitte des Kinns und gehe in horizontalen Bewegungen entlang des Unterkiefers vor.

Das Gerät gibt alle 15 Sekunden einen Signalton von sich, um anzuzeigen, dass es Zeit ist, die Gesichtszone zu wechseln.
Nach 3 Minuten ist die Behandlung beendet und das Lightinderm-Gerät schaltet sich automatisch aus.",TRUE,TRUE,FALSE
"Lightinderm - Redness Refill Serum - Perfektionierendes Serum Mit Niacinamid, Ha Und Vit. C - 4 X 2,1 Ml",https://media.sephora.eu/content/dam/digital/pim/published/L/LIGHTINDERM/799528/390441-media_swatch-0.jpg?scaleWidth=500&scaleHeight=500&scaleMode=fit,"Die Wirksamkeit eines Serums, verstärkt durch LED-Licht und Massagen: 90 % glattere und strahlendere Haut

Die Skin-Perfect-Kapseln zur Verwendung mit dem Lightinderm-Gerät bieten ein umfassendes Konzept: 1 Kapsel = 1 Woche, 4 Kapseln = 1 Monat.
Diese Pflege wirkt wie echtes Biohacking für die Haut, spendet tiefenwirksame Feuchtigkeit, verfeinert das Hautbild und sorgt für einen ebenmäßigen Teint.
Das Ergebnis: eine aufgepolsterte, geschmeidigere Haut, die wie neu geboren wirkt. --4 x 2,1 ml","4 x 2,1 ml",54.95,Lightinderm,Serum,"Aqua (Water), Glycerin, Niacinamide, Coco-Caprylate/Caprate, Maltooligosyl Glucoside, Hexylene Glycol, Capryloyl Glycine, Caprylic/Capric Triglyceride, Sodium Polyacrylate Starch, Hydrogenated Starch Hydrolysate, Butylene Glycol, Acacia Senegal Gum, Salicylic Acid, Sodium Polyacrylate, Caesalpinia Spinosa Fruit Extract, Xanthan Gum, 3-O-Ethyl Ascorbic Acid, Caffeine, Sodium Tocopheryl Phosphate, Xylitylglucoside, Sodium Hyaluronate, Citric Acid, Epilobium Fleischeri Flower/Leaf/Stem Extract, Kappaphycus Alvarezii Extract, Phenethyl Alcohol, Saccharide Isomerate, Marsdenia Cundurango Bark Extract, Potassium Sorbate, Tocopherol, Cynara Scolymus (Artichoke) Leaf Extract, Helianthus Annuus (Sunflower) Seed Oil.

Die Liste der Inhaltsstoffe kann sich ändern. Bitte beachte die Verpackung des gekauften Produkts.
","1) Auf sauberer und trockener Haut anwenden. Die Skin-Perfect-Kapsel in das Lightinderm-Gerät einsetzen: Das Programm wird automatisch erkannt und die Lichtintensität angepasst.

2) Drücke die Ein-Taste, um das Gerät einzuschalten, und schraube dann den Verschluss der Kapsel ab.

3) Betätige erneut die Ein-Taste, um die Behandlung zu starten (Dauer: 3 Minuten).

4) Trage die Pflege mittels der von Chantal Lehmann entwickelten Experten-Massagebewegungen auf, um die Haut zu stimulieren und die Wirksamkeit der Wirkstoffe zu verstärken:
- Stirn: kreisende Bewegungen von unten nach oben, um die Haut zu glätten und zu straffen.
- Wangenknochen: Führe in der Mitte kreisförmige Bewegungen aus, um die Dichte der Haut und ihre Stahlkraft wiederherzustellen.
- Lippenkonturen: horizontale Glättung der Nasolabialfalte nach außen, um die Lachmuskeln zu stimulieren.
- Gesichtskonturen: Gleite für einen natürlichen Straffungseffekt mit festem Druck vom Kinn aus zum Kiefer.

Alle 15 Sekunden weist dich ein Signalton darauf hin, dass es Zeit ist, die Gesichtszone zu wechseln. Die Behandlung wird nach 3 Minuten automatisch beendet.
Skin Perfect regt eine verbesserte Hautfunktion an, stimuliert die Mikrozirkulation, kurbelt die Zellvitalität an und offenbart eine klarere, glattere und strahlendere Haut, und das bereits nach 14 Tagen.",TRUE,TRUE,FALSE
"Lightinderm - Repair Serum - Regenerierende Serum-kapseln Mit Niacinamid & Photolyase - 4 X 2,1 Ml",https://media.sephora.eu/content/dam/digital/pim/published/L/LIGHTINDERM/799527/390440-media_swatch-0.jpg?scaleWidth=500&scaleHeight=500&scaleMode=fit,"Die Wirksamkeit eines Serums, verstärkt durch LED-Licht und Massagen: 100 % weniger Anzeichen von Hautalterung

Die Repair-Kapseln zur Verwendung mit dem Lightinderm-Gerät bieten ein umfassendes Konzept: 1 Kapsel = 1 Woche, 4 Kapseln = 1 Monat.
Mit seiner exklusiven Kombination aus LED-Licht × Wirkstoffen medizinischer Qualität × Gewebemassage wirkt Repair inmitten der Zellen, um lichtbedingte Schäden zu reparieren, Falten zu glätten und die Strahlkraft der Haut wiederherzustellen.
Ergebnis: gemilderte Falten, wiederhergestellte Dichte und sichtlich verstärkte Strahlkraft. --4 x 2,1 ml","4 x 2,1 ml",84.95,Lightinderm,Serum,"Aqua (Water), Niacinamide, Dicaprylyl Carbonate, Glycerin, Heptyl Undecylenate, Propanediol, C12-16 Alcohols, Cellulose, Hydrogenated Lecithin, Palmitic Acid, Sodium Acrylates Copolymer, Caprylyl Glycol, 1,2-Hexanediol, Ethylhexylglycerin, Ascorbyl Tetraisopalmitate, Caffeine, Tocopheryl Acetate, Lecithin, Sodium Hyaluronate, Xanthan Gum, Caesalpinia Spinosa Fruit Extract, Padina Pavonica Thallus Extract, Kappaphycus Alvarezii Extract, Laminaria Saccharina Extract, Plankton Extract, Hydroxyacetophenone, Phenethyl Alcohol, Tocopherol, Acetyl Hexapeptide-8.

Die Liste der Inhaltsstoffe kann sich ändern. Bitte beachte die Verpackung des gekauften Produkts.
","Anwendung

1) Auf sauberer und trockener Haut anwenden. Die Repair-Kapsel in das Lightinderm-Gerät einsetzen und darauf achten, dass sie gut einrastet.

2) Drücke die Ein-Taste, bis sich das Gerät einschaltet und die Lichter des gewählten Programms aktiviert werden.

3) Schraube den Verschluss der Kapsel ab und drücke erneut auf die Ein-Taste, um die Behandlung zu starten (Dauer: 3 Minuten).

4) Trage die Pflege auf, indem du die von Experten empfohlenen Bewegungen auf beiden Seiten des Gesichts wiederholst:
- Stirn: Glättung von unten nach oben, mittlerer bis intensiver Druck.
- Krähenfüße: horizontale Bewegungen vom äußeren Augenwinkel zur Schläfe hin.
- Augenkontur: Gleite über die Unterseite des inneren Augenwinkels und bis nach oben entlang des Wangenknochens.
- Wangenknochen (Lachmuskel): horizontale Bewegungen vom Nasenflügel bis zum Ende des Jochbeins.
- Mundkontur: horizontale glättende Bewegung von der Nasolabialfalte zum Ohr hin, um den Musculus risorius zu stimulieren.
- Gesichtskonturen (Platysma): Starte vom Kinn aus und folge der Kiefernlinie bis nach außen.

Das Gerät gibt alle 15 Sekunden einen Signalton von sich, um den Wechsel der Gesichtszone anzuzeigen.
Die Behandlung wird nach 3 Minuten automatisch beendet.
",TRUE,TRUE,FALSE
"Lightinderm - Spotless Serum - Serum-kapseln Gegen Pigmentflecken Mit Niacinamid & Vitamin C - 4 X 2,1 Ml",https://media.sephora.eu/content/dam/digital/pim/published/L/LIGHTINDERM/798906/390436-media_swatch-0.jpg?scaleWidth=500&scaleHeight=500&scaleMode=fit,"Die Wirksamkeit eines Serums, verstärkt durch LED-Licht und Massagen: 100 % weniger Pigmentflecken

Das Spotless-Programm, das für die Verwendung mit dem Lightinderm-Gerät entwickelt wurde, bietet ein umfassendes Konzept: 1 Kapsel = 1 Woche, 4 Kapseln = 1 Monat.
Das Spotless-Programm zielt auf die tieferen Ursachen von Pigmentstörungen ab, um das Erscheinungsbild von Flecken zu korrigieren, ihre Neubildung zu verhindern und einen ebenmäßigen Teint zu erzielen. --4 x 2,1 ml","4 x 2,1 ml",84.95,Lightinderm,Serum,"Aqua (Water), Propanediol, Heptyl Undecylenate, Coco-Caprylate/Caprate, Niacinamide, Squalane, Lentinus Edodes Mycelium Extract, Myristyl Alcohol, Sodium Acrylates Copolymer, Glyceryl Stearate, PEG-100 Stearate, Glycerin, C12-16 Alcohols, Hydroxyethyl Acrylate/Sodium Acryloyldimethyl Taurate Copolymer, 3-O-Ethyl Ascorbic Acid, Myristyl Glucoside, Lecithin, Caprylyl Glycol, 1,2-Hexanediol, Ethylhexylglycerin, Andrographis Paniculata Leaf Extract, Hydrogenated Lecithin, Palmitic Acid, Sodium Tocopheryl Phosphate, Sodium Hyaluronate, Glycyrrhiza Glabra (Licorice) Root Extract, Polysorbate 60, Sorbitan Isostearate, Citric Acid, Cystoseira Tamariscifolia Extract, Sodium Benzoate, Sodium Levulinate, Tocopherol, Helianthus Annuus (Sunflower) Seed Oil.

Die Liste der Inhaltsstoffe kann sich ändern. Bitte beachte die Verpackung des gekauften Produkts.
","Anwendung

1) Auf sauberer und trockener Haut, idealerweise morgens als Ergänzung zu deiner Sonnenpflege anwenden. Setze die Spotless-Kapsel in das Lightinderm-Gerät ein und achte darauf, dass sie gut einrastet.

2) Drücke auf die Ein-Taste (an der Vorderseite des Geräts), bis sich das Gerät einschaltet.
Die Lichter des gewählten Programms werden automatisch aktiviert.

3) Schraube anschließend den Verschluss der Kapsel ab.

4) Betätige kurz die Ein-Taste, um die Behandlung zu starten (Dauer: 3 Minuten).

5) Führe die von Chantal Lehmann entwickelten Massagebewegungen aus, um das Eindringen der Wirkstoffe zu optimieren:
- Obere Stirn: Beginne zwischen den beiden Augenbrauen und arbeite dich mit mittlerem Druck bis zum Haaransatz vor.
- Mitte der Stirn: Arbeite dich von der Mitte der Stirn aus waagerecht bis zu den Schläfen vor.
- Außenseite der Wangen: Beginne in der Mitte der Stirn und arbeite dich waagerecht bis zu den Schläfen vor.
- Krähenfüße: Dehne den betroffenen Bereich sanft und massiere dann tief in der Hauptfalte mit kreisenden Bewegungen von innen nach außen.
Das Gerät gibt alle 15 Sekunden einen Signalton von sich, um anzuzeigen, dass es Zeit ist, die Gesichtszone zu wechseln.
Nach 3 Minuten ist die Behandlung beendet und das Lightinderm-Gerät schaltet sich automatisch aus.

In nur 3 Minuten geht Spotless tiefenwirksam die Ursachen der Hyperpigmentierung an. Eine schnelle, aber wirkungsvolle Routine, die Tag für Tag eine reinere, ebenmäßigere Haut hervorbringt.",TRUE,TRUE,TRUE
Ligne St Barth - Feuchtigkeitsspendende Gesichtsfluid - Homme - Men,https://cdn2.parfumdreams.de/image/product/39740-0-0-2.webp?box=528,"Das LIGNE ST BARTH Feuchtigkeitsspendende Gesichtsfluid - Homme ist eine leichte Emulsion, die auf die besonderen Bedürfnisse der Haut abgestimmt ist. Seine Rezeptur mit tropischer Mangobutter orientiert sich an der hauteigenen Lipidstruktur und hinterlässt ein angenehm geschmeidiges Hautgefühl. Das Fluid kann die natürliche Spannkraft und Elastizität der Haut unterstützen. --125ml",125ml,90.00,Ligne St Barth,Serum,"Aqua (Water), Caprylic/Capric Triglyceride, Glycerin, Butylene Glycol, Pentylene Glycol, Cocos Nucifera (Coconut) Oil, Mangifera Indica (Mango) Seed Butter, Butyrospermum Parkii (Shea) Butter, Hydrogenated Phosphatidylcholine, Tocopheryl Acetate, Squalane, Xanthan Gum, 1,2-Hexanediol, Parfum (Fragrance), Isopropyl Palmitate, Caprylyl Glycol, Tromethamine, Carbomer, Tetrasodium Glutamate Diacetate, Ceramide NP, Sodium Hydroxide, Limonene, Acetyl Cedrene, Hexamethylindanopyran, Linalyl Acetate, Tetramethyl Acetyloctahydronaphthalenes, Citrus Limon (Lemon) Peel Oil, Lavandula Oil/Extract.

Die Liste der Inhaltsstoffe kann sich ändern. Bitte beachte die Verpackung des gekauften Produkts.
","Tragen Sie es nach der Reinigung mit den Fingerspitzen auf die Gesichtshaut auf und klopfen es sanft ein, der Augenbereich wird jedoch nicht mitbehandelt. Augenseren tragen Sie ausschließlich auf die Augenpartie auf. Geben Sie eine kleine Menge des Serums auf die Fingerspitze und applizieren Sie es auf die untere Augenpartie. Anschließend klopfen Sie das Produkt leicht vom inneren Augenwinkel nach außen in die Haut ein. Nach der Anwendung eines Serums können Sie die Haut mit Ihrer gewohnten Pflegecreme verwöhnen.",TRUE,TRUE,FALSE
Mario Badescu - Acne Facial Cleanser - 177 Ml,https://media.sephora.eu/content/dam/digital/pim/published/M/MARIO_BADESCU/469784/434819-media_swatch.jpg?scaleWidth=500&scaleHeight=500&scaleMode=fit,"Dieser Reiniger reinigt fettige und Problemhaut tiefgehend und klärt sie für einen gesünder wirkenden Teint.
Vegan : Produkte aus natürlich gewonnenen Inhaltsstoffen. --177 ml",177 ml,14.45,Mario Badescu,Gesichtsreinigung,"Aqua (Water, Eau), Glycerin, Propylene Glycol, Triethanolamine, Aloe Barbadensis Leaf Juice, Sodium Laureth Sulfate, Isopropyl Alcohol, Salicylic Acid, Dimethicone, Chamomilla Recutita (Matricaria) Flower Extract, Thymus Vulgaris (Thyme) Leaf Extract, Sodium Hyaluronate, Carbomer, Parfum (Fragrance), Diazolidinyl Urea, Methylparaben, Propylparaben, Citric Acid, Potassium Sorbate, Sodium Benzoate, Benzyl Benzoate

Die Liste der Inhaltsstoffe kann sich ändern. Bitte beachte die Verpackung des gekauften Produkts.","Anwendung: Kühl und trocken aufbewahren. Reiniger sanft in die feuchte Haut einmassieren, dann mit lauwarmem Wasser abspülen. Augenkontur aussparen. Im Fall von Augenkontakt gründlich mit Wasser ausspülen.",TRUE,FALSE,FALSE
Mario Badescu - Acne Facial Cleanser - Gesichtsreiniger - acne Gentle Foaming Facial Cleanser,https://media.sephora.eu/content/dam/digital/pim/published/M/MARIO_BADESCU/583737/270545-media_swatch.jpg?scaleWidth=500&scaleHeight=500&scaleMode=fit,"Ein milder Reiniger, der Verunreinigungen entfernt und die Haut sauber sowie frisch hinterlässt, ohne einen Fettfilm zu hinterlassen. Das Produkt ist vegan und besteht aus natürlich gewonnenen Inhaltsstoffen. --177ml",177ml,10.45,Mario Badescu,Gesichtsreinigung,"Water/Aqua/Eau, Coco-Betaine, Sodium Lauroyl Glycinate, Glycerin, Acrylates Copolymer, Aloe Barbadensis Leaf Juice, Phenoxyethanol, Sodium Hydroxide, Propylene Glycol, Saccharomyces/Xylinum/Black Tea Ferment, BHT, Ethylhexylglycerin, Chamomilla Recutita (Matricaria) Extract, Oenothera Biennis (Evening Primrose) Flower Extract, Potassium Sorbate, Sodium Benzoate, Citric Acid

Die Liste der Inhaltsstoffe kann sich ändern. Bitte beachten Sie die Verpackung des gekauften Produkts.
","An einem kühlen und trockenen Ort aufbewahren.
 Mit kreisenden Bewegungen mit den Fingerspitzen vorsichtig in die feuchte Haut einmassieren, dann mit reichlich warmem Wasser abwaschen.
 Bei Kontakt mit den Augen mit reichlich Wasser ausspülen.",TRUE,TRUE,TRUE
"Mario Badescu - Facial Spray - Aloe, Cucumber & Green Tea - Mini",https://media.sephora.eu/content/dam/gdam/europe/digital/pim/published/M/MARIO_BADESCU/504127/161752-media_swatch.jpg?scaleWidth=750&scaleHeight=750&scaleMode=fit,"Belebe fahle und müde wirkende Haut mit einer Konzentration nährstoffreicher Pflanzenextrakte sowie Gurken- und Pfefferminzhydrolaten. Dieser Sprühnebel für das Gesicht liefert einen erfrischenden Feuchtigkeitscocktail, während Grüntee vor freien Radikalen schützt, die für die Hautalterung verantwortlich sind.
Revitalisiert und erfrischt die Haut.
Vegan : Produkte aus natürlich gewonnenen Inhaltsstoffen. --59ml",59ml,5.45,Mario Badescu,Toner,"Aqua (Water, Eau), Propylene Glycol, Mentha Piperita (Peppermint) Leaf Water, Cucumis Sativus (Cucumber) Fruit Water, Aloe Barbadensis Leaf Juice, Camellia Sinensis Leaf Extract, Cucumis Sativus (Cucumber) Fruit Extract, Fucus Vesiculosus (Bladderwrack) Extract, Propanediol, Polysorbate 20, Ethylhexylglycerin, Benzophenone-4, Parfum (Fragrance), Sodium Chloride, Citric Acid, Potassium Sorbate, Sodium Benzoate, Hexyl Cinnamal, Limonene, Linalool, CI 19140 (Yellow 5), CI 42090 (Blue 1)

Die Liste der Inhaltsstoffe kann sich ändern. Bitte beachten Sie die Verpackung des gekauften Produkts.","Sprühe es vor der Verwendung deiner Feuchtigkeitscreme auf, um die Feuchtigkeitsversorgung zu intensivieren, im Laufe des Tages, um die Haut zu revitalisieren und zu erfrischen, oder nach dem Auftragen von Make-up für ein frisches Finish.",TRUE,TRUE,FALSE
Mary&May - CICA Soothing Sun Cream SPF50+ PA++++,https://korean-skincare.de/cdn/shop/files/Mary_May_CICASoothingSunCreamSPF50_PA__Packshot.jpg?v=1778835884,"Die MARY & MAY CICA Soothing Sun Cream SPF50+ PA++++ ist eine multifunktionale, rifffreundliche Sonnencreme, die der Haut Feuchtigkeit spendet, sie beruhigt und einen hautaufhellenden und Anti-Aging-Effekt hat. Sie verfügt über einen UV-Schutz von SPF 50+ PA++++ und enthält 10.000 ppm F-CICA COMPLEX (sieben mit Hefe fermentierte Centella Asiatica-Derivate) für eine beruhigende Wirkung. Die leichte Textur der Sonnencreme zieht schnell in die Haut ein, ohne einen weißen Fleck zu hinterlassen. --50ml",50ml,15.65,Mary&May,Sonnenschutz,"Water, Dibutyl Adipate, Propanediol, Diethylamino Hydroxybenzoyl Hexyl Benzoate, Polymethylsilsesquioxane, Ethylhexyl Triazone, Niacinamide, Methylene Bis-Benzotriazolyl Tetramethylbutylphenol, Coco-Caprylate/Caprate, Butylene Glycol, Caprylyl Methicone, Diethylhexyl Butamido Triazone, Glycerin, 1,2-Hexanediol, Pentylene Glycol, Behenyl Alcohol, Poly C10-30 Alkyl Acrylate, Polyglyceryl-3 Methylglucose Distearate, Decyl Glucoside, Tromethamine, Fragrance (Parfum), Carbomer, Acrylates/C10-30 Alkyl Acrylate Crosspolymer, Sodium Stearoyl Glutamate, Polyacrylate Crosspolymer-6, Ethylhexylglycerin, Adenosine, Xanthan Gum, Centella Asiatica Root Extract, Centella Asiatica Leaf Extract, Centella Asiatica Extract, Saccharomyces Ferment, T-Butyl Alcohol, Tocopherol, Asiaticoside, Madecassoside, Betaine, Inositol, Madecassic Acid, Sodium Hyaluronate, Asiatic Acid

Die Liste der Inhaltsstoffe kann sich ändern. Bitte beachte die Verpackung des gekauften Produkts.
","Trage die Creme 30 Minuten vor dem Aufenthalt in der Sonne auf die sonnenexponierten Bereiche von Gesicht und Körper auf.
Alle zwei Stunden erneut auftragen, um den perfekten Sonnenschutz für den Tag zu gewährleisten.",TRUE,FALSE,FALSE
Medicube - Deep Vita C Capsule Cream - Aufhellende Gesichtscreme - deep Vita C Capsule Cream 55g,https://media.sephora.eu/content/dam/digital/pim/published/M/MEDICUBE/794154/386451-media_swatch-0.jpg?scaleWidth=500&scaleHeight=500&scaleMode=fit,"Eine Creme mit Vitamin C und doppelter Textur. Sie wirkt gezielt gegen Unregelmäßigkeiten im Teint, Pigmentflecken und den Verlust von Strahlkraft.

Diese modulierbare Formel kombiniert eine goldene Kapsel mit Vitamin, die 50 % Sanddornextrakt, 5 % Niacinamid und reines Vitamin C enthält, mit einem transparenten, erfrischenden Gel, das mit Ferula-Säure und den Vitaminen E, Q und P angereichert ist.
Bei jedem Aufplatzen setzen die Kapseln eine Frische und stabilisierte antioxidative Kraft frei, die für einen sichtbar strahlenden und gleichmäßigen Teint sorgen. --55g",55g,29.95,Medicube,Feuchtigkeitspflege,"Hippophae Rhamnoides Water, Butylene Glycol, 1,2-Hexanediol, Glycerin, Water, Niacinamide, Methylpropanediol, Propanediol, Dipropylene Glycol, Caprylic/Capric Triglyceride, Glycereth-26, Ethylhexyl Palmitate, Cetearyl Alcohol, Arginine, Cetearyl Olivate, Sorbitan Olivate, Ammonium Acryloyldimethyltaurate/VP Copolymer, Helianthus Annuus (Sunflower) Seed Oil, Glycine Soja (Soybean) Oil, Bixa Orellana Seed Oil, Tocopherol, Polyglyceryl-10 Laurate, Simethicone, Carbomer, Ethylhexylglycerin, Hydrogenated Lecithin, Polyglyceryl-10 Stearate, Panthenol, Sodium Ascorbyl Phosphate, Folic Acid, Pyridoxine, Biotin, Cyanocobalamin, Thiamine HCl, Beta-Carotene, Riboflavin, Linoleic Acid, Polyacrylate-13, Polyisobutene, Polysorbate 20, Sorbitan Isostearate, Adenosine, Fragrance, Disodium EDTA, Glyceryl Stearate, Hydrolyzed Sclerotium Gum, Gluconolactone, Sodium Hyaluronate, Ascorbyl Propyl Hyaluronate, Alpha-Arbutin, Pentylene Glycol, Hydroxyphenyl Propamidobenzoic Acid, Ascorbyl Palmitate, Ubiquinone, Ferulic acid, 3-O-Ethyl Ascorbic Acid, Ascorbyl Glucoside, Rutin, Hydroxycinnamic Acid, Bisabolol , Ascorbic Acid

Die Liste der Inhaltsstoffe kann sich ändern. Bitte beachten Sie die Verpackung des gekauften Produkts.","Mische die Vitaminkapsel und das transparente Gel in einem für deinen Hauttyp geeigneten Verhältnis.
Erhöhe den Gelanteil für eine leichtere Textur; erhöhe den Kapselanteil für mehr Feuchtigkeit und Elastizität.
Trage die Mischung morgens und abends nach dem Serum auf Gesicht und Hals auf.",TRUE,TRUE,FALSE
Medicube - Pdrn Pink Cica Soothing Toner - Glow Gesichtswasser - pdrn Pink Cica Soothing Toner 250ml,https://media.sephora.eu/content/dam/digital/pim/published/M/MEDICUBE/801616/391251-media_swatch-0.jpg?scaleWidth=500&scaleHeight=500&scaleMode=fit,"Ein aufhellendes Gesichtswasser mit Rosen-PDRN, das das Hautbild verbessert und für einen natürlichen Glow sorgt. Die Lotion unterstützt einen klaren, strahlenden Teint und bietet zahlreiche pflegende Vorteile für die Haut.
Die Formel verfeinert das Hautbild, fördert den natürlichen Glow und hilft, den Teint zu vereinheitlichen. Rosen-PDRN unterstützt die Vitalität der Haut und stärkt die Hautbarriere, während ein Komplex aus 5 Peptidarten die Strahlkraft und Straffheit der Haut fördert.
--250 ml",250 ml,22.95,Medicube,Toner,"Water, Butylene Glycol, Glycerin, Niacinamide, 1,2-Hexanediol, Xylitol, Sodium Citrate, Ethylhexylglycerin, Allantoin, Caprylyl Glycol, Citric Acid, Adenosine, Polyglyceryl-10 Laurate, Disodium EDTA, Polyglyceryl-4 Laurate, Caprylyl/Capryl Glucoside, Cyanocobalamin, Rosa Damascena Extract, Sodium DNA, Gluconolactone, Prunus Mume Fruit Extract, Pyrus Malus (Apple) Fruit Extract, Carica Papaya (Papaya) Fruit Extract, Vitis Vinifera (Grape) Fruit Extract, Centella Asiatica Leaf Extract, Centella Asiatica Extract, Sodium Hyaluronate, Zea Mays (Corn) Leaf Extract, Copper Tripeptide-1, Acetyl Hexapeptide-8, Palmitoyl Pentapeptide-4, Palmitoyl Tetrapeptide-7, Palmitoyl Tripeptide-1, Glycine, Glutamic Acid, Arginine.

Die Liste der Inhaltsstoffe kann sich ändern. Bitte beachte die Verpackung des gekauften Produkts.
",Trage eine passende Menge auf das Gesicht auf.,TRUE,TRUE,TRUE
Medicube - Pdrn Pink Collagen Toning Gel Toner Pad - Straffende Glow Gesichtspads - pdrn Pink Collagen Toning Toner Pad,https://media.sephora.eu/content/dam/digital/pim/published/M/MEDICUBE/811492/401003-media_swatch-0.jpg?scaleWidth=500&scaleHeight=500&scaleMode=fit,"Innovative Gel-Pads mit Kollagen, die entwickelt wurden, um die Haut in einem einzigen Schritt mit Feuchtigkeit zu versorgen, zu straffen und aufzuhellen.
Die Gel-Pads mit praller Textur sind mit PDRN und ultraniedermolekularem Kollagen formuliert. Sie unterstützen die Elastizität der Haut und sorgen für einen strahlenden, ebenmäßigen Teint.
Die PDRN-Technologie hilft, Pigmentflecken, Aknenarben und Hautunregelmäßigkeiten sichtbar zu mildern und einen Glass-Skin-Effekt zu fördern. Niedermolekulares Kollagen polstert die Haut auf, glättet sie und verbessert ihre Festigkeit. Niacinamid und Madecassosid beruhigen Irritationen und stärken die Hautbarriere.
Die erfrischende Gel-Textur hinterlässt ein strahlendes, frisches Finish und eignet sich ideal für die tägliche Anwendung. --70 pads",70 pads,28.95,Medicube,Toner,"Water, Glycerin, Methylpropanediol, Niacinamide, Xylitol, Hydroxyacetophenone, Octyldodeceth-16, Diglycerin, Allantoin, Cellulose Gum, Ethylhexylglycerin, Hydroxyethylcellulose, Sodium Citrate, Sodium Gluconate, Dipropylene Glycol, Adenosine, Butylene Glycol, 1,2-Hexanediol, Citric Acid, Cyanocobalamin, Anthemis Nobilis Flower Oil, Pyrus Communis (Pear) Fruit Extract, Rosa Damascena Flower Water, Prunus Persica (Peach) Fruit Extract, Thuja Orientalis Extract, Jasminum Officinale (Jasmine) Flower Water, Citrus Aurantium Amara (Bitter Orange) Flower Extract, Centella Asiatica Extract, Allium Cepa (Onion) Bulb Extract, Chamomilla Recutita (Matricaria) Extract, Salvia Officinalis (Sage) Extract, Rosmarinus Officinalis (Rosemary) Leaf Oil, Hedera Helix (Ivy) Leaf/Stem Extract, Cucumis Melo (Melon) Fruit Extract, Hibiscus Esculentus Fruit Extract, Carum Petroselinum (Parsley) Extract, Corchorus Olitorius Leaf Extract, Polygonum Cuspidatum Root Extract, Collagen, Artemisia Annua Extract, Nelumbium Speciosum Flower Extract, Oryza Sativa (Rice) Extract, Saccharomyces Ferment, Sodium DNA, Capryloyl Salicylic Acid, Caprylic/Capric Triglyceride, Hydrogenated Phosphatidylcholine, Sucrose Stearate, Phaseolus Radiatus Seed Extract, Hydrogenated Lecithin, Cetearyl Alcohol, Retinol, Polyglyceryl-10 Myristate, Tocopheryl Acetate, Asiaticoside, Madecassic Acid, Madecassoside, Asiatic Acid.

Die Liste der Inhaltsstoffe kann sich ändern. Bitte beachte die Verpackung des gekauften Produkts.
","1. Öffne das Tütchen mit der PDRN Lachs-DNA-Essenz.
 2. Gib die PDRN-Essenz in den Behälter.
 3. Warte 5 Sekunden, bis sich das Pad in ein aufpolsterndes Kollagen-Gel verwandelt.
 4. Trage es für einen beruhigenden und erfrischenden Effekt auf die gewünschten Stellen auf.",FALSE,TRUE,FALSE
Medicube - Pdrn Pink Peptide Serum - Anti-aging Glow Serum - pdrn Pink Peptide Serum 30ml,https://media.sephora.eu/content/dam/digital/pim/published/M/MEDICUBE/801619/391254-media_swatch-0.jpg?scaleWidth=500&scaleHeight=500&scaleMode=fit,"Ein revitalisierendes Glow-Serum, das gegen einen unregelmäßigen Teint und Elastizitätsverlust wirkt. Formuliert mit Rosen-PDRN und einem Komplex aus 5 Peptiden.
Leicht und dennoch intensiv feuchtigkeitsspendend zieht es sofort in die Haut ein und macht sie geschmeidig-weich, aufgepolstert und strahlend. Schon nach zwei-wöchiger Anwendung ist eine sichtbare Verbesserung des Teints und der Festigkeit feststellbar. --30ml",30ml,22.95,Medicube,Serum,"Water,Glycerin,Dipropylene Glycol,Isopropyl Myristate,Glycereth-26,Niacinamide,1,2-Hexanediol,Sodium DNA, Butylene Glycol,Polyglycerin-3,Sodium Acrylate/Sodium Acryloyldimethyl Taurate Copolymer,Polyisobutene,Acrylates/C10-30 Alkyl Acrylate Crosspolymer,Milt Extract,Tromethamine,Glyceryl Acrylate/Acrylic Acid Copolymer,PVM/MA Copolymer,Ethylhexylglycerin,Caprylyl Glycol,Fragrance,Melia Azadirachta Leaf Extract,Adenosine,Caprylyl/Capryl Glucoside,Sorbitan Oleate,Melia Azadirachta Flower Extract,Sodium Hyaluronate,Disodium EDTA,Curcuma Longa (Turmeric) Root Extract,Cyanocobalamin,Hydrolyzed Collagen,Ubiquinone,Ocimum Sanctum Leaf Extract,Corallina Officinalis Extract,Palmitoyl Pentapeptide-4,Palmitoyl Tripeptide-1,Palmitoyl Tetrapeptide-7,Copper Tripeptide-1,Acetyl Hexapeptide-8,Salmon Egg Extract,Atelocollagen

Die Liste der Inhaltsstoffe kann sich ändern. Bitte beachten Sie die Verpackung des gekauften Produkts.",Trage eine passende Menge auf das Gesicht auf.,FALSE,TRUE,FALSE
Medicube - Red Toner 2.0,https://korean-skincare.de/cdn/shop/files/Medicube_RedToner2.0_Packshot.jpg?v=1759151111,"Red Toner 2.0 ist ein beruhigender, hautverträglicher Toner für zu Akne neigende und empfindliche Haut. Er kombiniert Niacinamid, Salicylsäure, kolloidalen Schwefel und über 19 verschiedene Pflanzenextrakte, um Rötungen zu lindern, die Talgproduktion zu regulieren und die Poren zu verfeinern, ohne einen klebrigen Film zu hinterlassen. Er hat eine leichte Textur und ist nicht komedogen, sodass er sich für die tägliche Anwendung morgens und abends eignet. --150ml",150ml,24.95,Medicube,Toner,"Water, Methylpropanediol, Alcohol, Butylene Glycol, Niacinamide, 1,2-Hexanediol, Methyl Gluceth-20, Betaine, Acrylates/C10-30 Alkyl Acrylate Crosspolymer, Tromethamine, Allantoin, C12-14 Alketh-12, Ethylhexylglycerin, Adenosine, Disodium EDTA, Dimethyl Sulfone, Melaleuca Alternifolia Leaf Oil, Salicylic Acid, Sodium Hyaluronate, Colloidal Sulfur, Zinc PCA, Pentylene Glycol, Levulinic Acid, 4-Terpineol, Troxerutin, Propanediol, Camellia Sinensis Leaf Extract, Centella Asiatica Leaf Extract, Cladosiphon Okamuranus Extract, Salix Alba Bark Extract, Decyl Glucoside, Coptis Japonica Extract, Coffea Arabica Seed Extract, Citrus Aurantium Bergamia Leaf Extract, Pinus Densiflora Leaf Extract, Asparagus Cochinchinensis Root Extract, Aureobasidium Pullulans Ferment, Lepidium Meyenii Root Extract, Hydroxycinnamic Acid, Rutin.

Die Liste der Inhaltsstoffe kann sich ändern. Bitte beachte die Verpackung des gekauften Produkts.
","Nach der Reinigung eine moderate Menge auf das Gesicht auftragen, dabei die Augenpartie aussparen.
Massiere sie sanft ein, damit sie besser einzieht.
Morgens und abends oder immer dann anwenden, wenn sich die Haut fettig oder gereizt anfühlt.
Anschließend Serum und Feuchtigkeitscreme auftragen.",TRUE,FALSE,FALSE
"Medicube - Triple Collagen Serum 4.0 - Straffendes, Feuchtigkeitsspendendes Gesichtsserum - triple Collagen Serum 4.0 55ml",https://media.sephora.eu/content/dam/digital/pim/published/M/MEDICUBE/794151/386448-media_swatch-0.jpg?scaleWidth=500&scaleHeight=500&scaleMode=fit,"Dieses Serum pflegt fahle Haut und verleiht ihr einen strahlenden Glass-Glow-Effekt. Die Formel mit dreifachem Kollagenkomplex versorgt die Haut mit Kollagen und weiteren essenziellen Nährstoffen, um ihre Elastizität und Ausstrahlung langfristig zu unterstützen.
Das Serum sorgt sofort für mehr Straffheit und Glow, polstert fahle sowie müde Haut auf und verbessert ihre Elastizität. Gleichzeitig stärkt es die Hautbarriere und spendet langanhaltend Feuchtigkeit für ein glattes, gesund strahlendes Hautbild.
--55 ml",55 ml,24.95,Medicube,Serum,"Aqua, Glycerin, Butylene Glycol, Cetyl Ethylhexanoate, Niacinamide, Glycereth-26, Alcohol Denat., 1,2-Hexanediol, Cyclopentasiloxane, Cyclohexasiloxane, Trehalose, Dimethicone, Carbomer, Cetearyl Olivate, Tromethamine, Sorbitan Olivate, Ethylhexylglycerin, Collagen Extract, Perfume, Adenosine, Disodium EDTA, Benzyl Benzoate, Linalool, Limonene, Geraniol, Atelocollagen, Desamido Collagen, Citronellol, Hydrolyzed Collagen, Sodium Hyaluronate, Soluble Collagen, Hyaluronic Acid, Hydroxycitronellal, Sodium Hyaluronate Crosspolymer, Hydrolyzed Sodium Hyaluronate, Hydrolyzed Hyaluronic Acid, Collagen, Collagen Amino Acids, Sodium Acetylated Hyaluronate, Procollagen, Hydroxypropyltrimonium Hyaluronate, Citral, Benzyl Alcohol.

Die Liste der Inhaltsstoffe kann sich ändern. Bitte beachte die Verpackung des gekauften Produkts.","Nach der Reinigung und dem Toner eine kleine Menge des MEDICUBE Triple Collagen Serum 4.0 auf Gesicht und Hals auftragen. Sanft einmassieren, bis es vollständig eingezogen ist. Für beste Ergebnisse morgens und abends verwenden",FALSE,FALSE,FALSE
Medicube - Zero Pore Moisture Sun Serum - Feuchtigkeitsspendendes Gesichtsserum Lsf 50+ - zero Pore Moisture Sun Serum 50ml,https://media.sephora.eu/content/dam/digital/pim/published/M/MEDICUBE/811495/401006-media_swatch-0.jpg?scaleWidth=500&scaleHeight=500&scaleMode=fit,"Ein ultraleichtes Sonnenschutzserum mit LSF 50+, das dank 10 Arten von Hyaluronsäure Feuchtigkeit spendet und gleichzeitig Talgüberschuss kontrolliert. Es zieht sofort ein, ohne weiße Rückstände zu hinterlassen, hilft, die Poren rein zu halten und beruhigt die Haut mithilfe von Panthenol und Allantoin. Niacinamid verfeinert das Hautbild und macht dieses Serum zu einem unsichtbaren Sonnenschutz, der ideal für fettige, empfindliche Haut ist, sowie für Haut, die zu erweiterten Poren neigt.
 --50ml",50ml,28.95,Medicube,Serum,"Water, Dibutyl Adipate, Propanediol, Butyloctyl Salicylate, 1,2-Hexanediol, Ethylhexyl Triazone, Heptyl Undecylenate, Niacinamide, Propylheptyl Caprylate, Bis-Ethylhexyloxyphenol Methoxyphenyl Triazine, Methylene Bis-Benzotriazolyl Tetramethylbutylphenol, Caprylyl Methicone, Diethylamino Hydroxybenzoyl Hexyl Benzoate, Methyl Methacrylate Crosspolymer, Behenyl Alcohol, Potassium Cetyl Phosphate, Polyglyceryl-3 Methylglucose Distearate, Carbomer, Polyester-5, Tromethamine, Decyl Glucoside, Dipropylene Glycol, Polyacrylate Crosspolymer-6, Xanthan Gum, Ethylhexylglycerin, Adenosine, Melia Azadirachta Leaf Extract, Melia Azadirachta Flower Extract, Glycerin, Disodium EDTA, Coccinia Indica Fruit Extract, Allantoin, Panthenol, Polymethylsilsesquioxane, Butylene Glycol, Eucalyptus Globulus Leaf Oil, Solanum Melongena (Eggplant) Fruit Extract, t-Butyl Alcohol, Simmondsia Chinensis (Jojoba) Seed Oil, Agave Tequilana Leaf Extract, Corallina Officinalis Extract, Curcuma Longa (Turmeric) Root Extract, Ocimum Sanctum Leaf Extract, Tocopherol, Cymbopogon Nardus (Citronella) Oil, Rosa Damascena Flower Oil, Houttuynia Cordata Extract, Sodium Hyaluronate, Hydrolyzed Hyaluronic Acid, Hydrolyzed Sodium Hyaluronate, Hydroxypropyltrimonium Hyaluronate, Sodium Acetylated Hyaluronate, Sodium Hyaluronate Crosspolymer, Hyaluronic Acid, Pentylene Glycol, Potassium Hyaluronate

Die Liste der Inhaltsstoffe kann sich ändern. Bitte beachten Sie die Verpackung des gekauften Produkts.","Schüttel das Produkt gut, um die Wasser- und Ölphase gut zu vermischen, entnimm dann eine angemessene Menge und trage sie sanft auf die Haut auf.
Leicht einklopfen, damit es gut einzieht.",TRUE,FALSE,FALSE
Medicube - Zero Pore Moisture Sun Serum - Feuchtigkeitsspendendes Gesichtsserum Lsf 50+ - zero Pore Moisture Sun Serum 50ml,https://media.sephora.eu/content/dam/digital/pim/published/M/MEDICUBE/811495/401006-media_swatch-0.jpg?scaleWidth=500&scaleHeight=500&scaleMode=fit,"Ein ultraleichtes Sonnenschutzserum mit LSF 50+, das dank 10 Arten von Hyaluronsäure Feuchtigkeit spendet und gleichzeitig Talgüberschuss kontrolliert. Es zieht sofort ein, ohne weiße Rückstände zu hinterlassen, hilft, die Poren rein zu halten und beruhigt die Haut mithilfe von Panthenol und Allantoin. Niacinamid verfeinert das Hautbild und macht dieses Serum zu einem unsichtbaren Sonnenschutz, der ideal für fettige, empfindliche Haut ist, sowie für Haut, die zu erweiterten Poren neigt.. --50ml",50ml,28.95,Medicube,Sonnenschutz,"Water, Dibutyl Adipate, Propanediol, Butyloctyl Salicylate, 1,2-Hexanediol, Ethylhexyl Triazone, Heptyl Undecylenate, Niacinamide, Propylheptyl Caprylate, Bis-Ethylhexyloxyphenol Methoxyphenyl Triazine, Methylene Bis-Benzotriazolyl Tetramethylbutylphenol, Caprylyl Methicone, Diethylamino Hydroxybenzoyl Hexyl Benzoate, Methyl Methacrylate Crosspolymer, Behenyl Alcohol, Potassium Cetyl Phosphate, Polyglyceryl-3 Methylglucose Distearate, Carbomer, Polyester-5, Tromethamine, Decyl Glucoside, Dipropylene Glycol, Polyacrylate Crosspolymer-6, Xanthan Gum, Ethylhexylglycerin, Adenosine, Melia Azadirachta Leaf Extract, Melia Azadirachta Flower Extract, Glycerin, Disodium EDTA, Coccinia Indica Fruit Extract, Allantoin, Panthenol, Polymethylsilsesquioxane, Butylene Glycol, Eucalyptus Globulus Leaf Oil, Solanum Melongena (Eggplant) Fruit Extract, t-Butyl Alcohol, Simmondsia Chinensis (Jojoba) Seed Oil, Agave Tequilana Leaf Extract, Corallina Officinalis Extract, Curcuma Longa (Turmeric) Root Extract, Ocimum Sanctum Leaf Extract, Tocopherol, Cymbopogon Nardus (Citronella) Oil, Rosa Damascena Flower Oil, Houttuynia Cordata Extract, Sodium Hyaluronate, Hydrolyzed Hyaluronic Acid, Hydrolyzed Sodium Hyaluronate, Hydroxypropyltrimonium Hyaluronate, Sodium Acetylated Hyaluronate, Sodium Hyaluronate Crosspolymer, Hyaluronic Acid, Pentylene Glycol, Potassium Hyaluronate

Die Liste der Inhaltsstoffe kann sich ändern. Bitte beachten Sie die Verpackung des gekauften Produkts.","Schüttel das Produkt gut, um die Wasser- und Ölphase gut zu vermischen, entnimm dann eine angemessene Menge und trage sie sanft auf die Haut auf.
Leicht einklopfen, damit es gut einzieht.",TRUE,FALSE,FALSE
Medicube - Zero Pore Sa Clear Capsule Cleansing Foam - Reinigungsschaum Für Die Poren - zero Pore Sa Capsule Cleansin Foam,https://media.sephora.eu/content/dam/digital/pim/published/M/MEDICUBE/811494/401005-media_swatch-0.jpg?scaleWidth=500&scaleHeight=500&scaleMode=fit,"Ein porenklärender Reinigungsschaum, der zugleich sanft und kraftvoll ist, formuliert mit blauen Exosomen-Mikrokapseln und BHA, um die Poren zu reinigen, das Hautbild zu glätten und der Haut erfrischende Feuchtigkeit zu spenden.
Die Kapseln – 500 Mal kleiner als die Poren – schmelzen bei Kontakt mit der Haut, um Verunreinigungen, Talgüberschuss und Mitesser zu entfernen und einen sichtbar klaren und verfeinerten Teint zum Vorschein zu bringen.


• Die Exosomen-Kapseln in Verbindung mit BHA weichen hartnäckige Mitesser auf, damit sie mühelos entfernt werden können.
• AHA + PHA glätten das unebenmäßige Hautbild und wirken sanft peelend, ohne Irritationen zu verursachen.
• Salicylsäure befreit verstopfte Poren und bewahrt gleichzeitig die Feuchtigkeit – ideal für zu Akne neigende und empfindliche Haut.
• Ein reichhaltiger und cremiger Schaum, der die Haut sauber, geschmeidig und angenehm hinterlässt, ohne Spannungsgefühle zu verursachen. --120ml",120ml,24.95,Medicube,Gesichtsreinigung,"Water, Glycerin, Sodium Cocoyl Glycinate, Sodium Lauroyl Glutamate, Lauryl Hydroxysultaine, Coco-Glucoside, Decyl Glucoside, 1,2-Hexanediol, Salicylic Acid, Sodium Chloride, Caprylyl Glycol, Hydroxypropyl Starch Phosphate, Silica, Fragrance, Acrylates/C10-30 Alkyl Acrylate Crosspolymer, Citric Acid, Polyquaternium-67, Dextrin, Zea Mays (Corn) Starch, Microcrystalline Cellulose, Mannitol, Disodium EDTA, Sucrose, Gardenia Florida Fruit Extract, Sodium Acetate, Ultramarines (CI 77007), Tocopheryl Acetate, Isopropyl Alcohol, Butylene Glycol, Gluconolactone, Mandelic Acid, Salix Alba (Willow) Bark Extract, Centella Asiatica Leaf Vesicles, Centella Asiatica Leaf Extract, Cladosiphon Okamuranus Extract, Camellia Sinensis Leaf Extract, Houttuynia Cordata Extract, Coffea Arabica (Coffee) Seed Extract, Pueraria Lobata Root Extract, Pinus Palustris Leaf Extract, Oenothera Biennis (Evening Primrose) Flower Extract, Ulmus Davidiana Root Extract, Citrus Aurantium Bergamia (Bergamot) Leaf Extract, Pinus Densiflora Leaf Extract

Die Liste der Inhaltsstoffe kann sich ändern. Bitte beachten Sie die Verpackung des gekauften Produkts.","1. Gib eine passende Menge des Cleansers in deine Handfläche.
2. Schäume ihn auf, indem du die Hände unter Zugabe von etwas Wasser gegeneinander reibst.
3. Massiere ihn sanft auf dein Gesicht.
4. Wasche alles gründlich mit lauwarmem Wasser ab.",TRUE,FALSE,FALSE
Merit Beauty - Great Skin Double Cleanse - Cleanser Und Make-up-entferner - great Skin Double Cleanse 150ml,https://media.sephora.eu/content/dam/digital/pim/published/M/MERIT_BEAUTY/787301/382548-media_swatch-0.jpg?scaleWidth=500&scaleHeight=500&scaleMode=fit,"Ein schäumender Zwei-Phasen-Cleanser, der Sonnencreme und Make-up effektiv entfernt und gleichzeitig sanft peelt. Er hinterlässt eine weiche und glatte Haut, ohne sie auszutrocknen. Ölfreie 2-in-1-Formel, die die Wirksamkeit eines Make-up-Entferners mit der Sanftheit eines Cleansers verbindet.

Tenside auf Haferbasis reinigen die Haut sanft, gleichzeitig entfernen sie Make-up, Sonnenschutz und Unreinheiten, während leichte Weichmacher die Haut geschmeidig, hydratisiert und rein machen.

Dank seines ausgewogenen pH-Wertes trägt der Cleanser zur Erhaltung einer ausgewogenen Hautbarriere bei.

Der Cleanser ist sanft genug, um morgens und abends verwendet zu werden. Dermatologisch getestet.

Vegan : Produkte aus natürlich gewonnenen Inhaltsstoffen. --150ml",150ml,34.95,Merit Beauty,Gesichtsreinigung,"Water (Aqua/Eau), Jojoba Esters, Isononyl Isononanoate, Neopentyl Glycol Dicaprylate/Dicaprate, Decyl Glucoside, Glycerin, Cocamidopropyl Hydroxysultaine, Sodium Methyl Cocoyl Taurate, Sodium Citrate, Betaine, Gluconolactone, Hydroxyacetophenone, Saccharide Isomerate, 1,2-Hexanediol, Caprylyl Glycol, Sodium Lauroyl Oat Amino Acids, Citric Acid, Caramel, Xanthan Gum, Sclareolide, Tocopherol, Bacillus Ferment

Die Liste der Inhaltsstoffe kann sich ändern. Bitte beachten Sie die Verpackung des gekauften Produkts.","Vor Gebrauch gut schütteln. 2 bis 4 Pumpstöße auf die trockene oder feuchte Haut auftragen.

Mindestens 30 Sekunden lang in kreisförmigen Bewegungen einmassieren, anschließend gut mit lauwarmem Wasser abwaschen.",TRUE,TRUE,FALSE
Merit Beauty - Great Skin Instant Glow Serum - Für Einen Strahlenden Teint - great Skin Great Skin Serum,https://media.sephora.eu/content/dam/digital/pim/published/M/MERIT_BEAUTY/801606/399427-media_swatch-0.jpg?scaleWidth=500&scaleHeight=500&scaleMode=fit,"Ein zweiphasiges Serum, das Feuchtigkeit spendet, die Haut aufpolstert und natürlich strahlen lässt.
Die flüssige und leichte Formel dringt in die Haut ein, um sie aufzupolstern, zu hydratisieren und auf das Make-up vorzubereiten.
Sie wurde entwickelt, um die Hautbarriere mit der Zeit zu stärken.
Konzipiert, um mit dem perfektionierenden Teint-Stick The Minimalist von MERIT BEAUTY verwendet zu werden, kann jedoch auch mit allen anderen Teintprodukten verwendet werden, um der Haut einen gesunden Glow zu verleihen. --50ml ",50ml,43.95,Merit Beauty,Serum,"Water, Propanediol, Caprylic/Capric Triglyceride, Isononyl Isononanoate, 1,2-Hexanediol, Niacinamide, Sodium Hyaluronate, Sodium Hyaluronate Crosspolymer, Hydrolyzed Sodium Hyaluronate, Sodium Acetylated Hyaluronate, Coptis Japonica Root Extract, Theobroma Cacao (Cocoa) Seed Extract, Tocopherol, Butylene Glycol, Pentylene Glycol, Ethylhexylglycerin, Citric Acid, Sodium Citrate, Dextrin, Trisodium Ethylenediamine Disuccinate

Die Liste der Inhaltsstoffe kann sich ändern. Bitte beachten Sie die Verpackung des gekauften Produkts.","Kann allein oder vor dem Make-up verwendet werden.
Schritt 1: Gut schütteln.
Schritt 2: Nach der Reinigung und vor der Feuchtigkeitscreme 2 bis 3 Pumpmengen sanft in die saubere Haut einmassieren.",TRUE,TRUE,TRUE
Miguhara - Green Tea Calming Essence Toner Origin,https://korean-skincare.de/cdn/shop/files/MHS10-TG_1000x_b5ee5343-5110-4aec-ac87-0d6a60358144.jpg?v=1751744124,"Der MIGUHARA Green Tea Calming Essence Toner Origin ist ein Anti-Aging Toner, der die Haut beruhigt und regeneriert. Dieses reizarme und milde Gesichtswasser wurde nur mit EWG-grünen Inhaltsstoffen formuliert und ist perfekt für sensible und gereizte Haut. Extrakte aus grünem Tee sorgen für eine beruhigende Pflege bei Hautrötungen, und Kamelienblattextrakt fördert die Regeneration der Haut. Dieses beruhigende Gesichtswasser ist perfekt, um gestresste Haut zu beruhigen und ihr gesundes Strahlen wiederherzustellen. --200ml",200ml,29.34,Miguhara,Toner,"Water, Camellia Sinensis Leaf Extract (54,000 ppm), Butylene Glycol, Glycerin, Diethoxyethyl Succinate, 1,2-Hexanediol, Panthenol, Bacillus Ferment, Sodium Hyaluronate, Betaine, Hydroxyethyl Acrylate/Sodium Acryloyldimethyl Taurate Copolymer, Acrylates/C10-30 Alkyl Acrylate Crosspolymer, Tromethamine, Ethylhexylglycerin, Sorbitan Isostearate, Caprylyl/Capryl Glucoside

Die Liste der Inhaltsstoffe kann sich ändern. Bitte beachte die Verpackung des gekauften Produkts.
","Eine angemessene Menge auf ein Wattepad auftragen
Sanft auftragen und dabei den Linien deiner Haut folgen
Massiere es sanft ein, um den Inhalt aufzunehmen",TRUE,TRUE,TRUE
Milk - Watermelon Jelly Glow - Aufhellendes Serum Mit Peptiden In Stick-form - watermelon Glow,https://media.sephora.eu/content/dam/digital/pim/published/M/MILK_MAKEUP/757721/364005-media_swatch.jpg?scaleWidth=500&scaleHeight=500&scaleMode=fit,"Ein gelartiges Serum in Stick-Form mit Peptiden und feuchtigkeitsspendenden Eigenschaften, das die Haut glättet, aufhellt und das Erscheinungsbild der Poren minimiert. Es sorgt für einen strahlenden, frischen Teint.
 Das feuchtigkeitsspendende, aufhellende Serum setzt auf milde Alternativen zu aggressiven Wirkstoffen, ohne Kompromisse bei der Wirksamkeit einzugehen. Peptide und Pflanzenextrakte helfen, den Teint zu vereinheitlichen und Falten sowie Unregelmäßigkeiten zu mildern.
 Das Produkt ist vegan und besteht aus natürlich gewonnenen Inhaltsstoffen. --13g",13g,27.95,Milk,Serum,"Aqua/Water/Eau, Aloe Barbadensis Leaf Juice, Glycerin, 2,3-Butanediol, Propanediol, Sorbitol, Citrullus Lanatus (Watermelon) Fruit Extract, Lepidium Sativum Sprout Extract, Lens Esculenta (Lentil) Seed Extract, Chondrus Crispus Extract, Hibiscus Rosa-Sinensis Flower Extract, Opuntia Vulgaris Extract, Tremella Fuciformis Polysaccharide, Chlorella Ferment, Palmitoyl Tripeptide-1, Palmitoyl Tetrapeptide-7, Butylene Glycol, Hydroxyacetophenone, Tocopherol, Sodium Hyaluronate, Citrulline, Carrageenan, 1,2-Hexanediol, Caprylyl Glycol, Ethylhexylglycerin, Carbomer, Xanthan Gum, Guar Hydroxypropyltrimonium Chloride, Agarose, Polysorbate 20, Sodium Lactate, Sodium PCA, Erythritol, Sodium Hydroxide, Propylene Glycol, Citric Acid, Sodium Carbonate, Sorbic Acid, Benzoic Acid, Potassium Sorbate, Sodium Benzoate, Phenoxyethanol, Red 40 (CI 16035).

Die Liste der Inhaltsstoffe kann sich ändern. Bitte beachte die Verpackung des gekauften Produkts.
","- Bei der ersten Anwendung den Schutzdeckel vorsichtig abnehmen und wegwerfen.
 - Nach dem Reiniger und dem Tonikum direkt auf die saubere Haut auftragen und zum Einziehen mit den Fingerspitzen einklopfen.
 - Kann morgens und abends angewendet werden.
 - Gut verschließen, um die Frische der Formel zu erhalten.
 Für zusätzliche Beruhigung im Kühlschrank aufbewahren.
 - Profi-Tipp: Zuerst das Cooling Water Jelly Ice (separat erhältlich) auftragen, um gestresste Haut zu erfrischen, dann Watermelon Jelly Glow, um ihr neue Leuchtkraft zu verleihen.",TRUE,TRUE,TRUE
MISSHA - All Around Safe Block Essence Sun EX SPF45 PA+++,https://korean-skincare.de/cdn/shop/files/Product-page-sizes_1d5886a9-66cb-43dd-b28e-211ee236d349.jpg?v=1751321160,"Die MISSHA All Around Safe Block Essence Sun EX SPF45 PA+++ ist eine leichte, essenzähnliche Sonnencreme, die einen hervorragenden Sonnenschutz bietet und gleichzeitig die Haut pflegt. Sie enthält Relief Water, das die Haut mit Feuchtigkeit versorgt und beruhigt und sie frisch und taufrisch macht, ohne zu kleben oder zu fetten.

Die Formel enthält Oriental Tea Newplex, der die Haut vor aggressiven Umwelteinflüssen schützt und den allgemeinen Hautschutz verbessert. Mit seiner erfrischenden, atmungsaktiven Textur lässt sich dieser Sonnenschutz mühelos auftragen, ohne einen weißen Schleier zu hinterlassen, so dass er sich ideal für die tägliche Anwendung eignet. --50ml",50ml,13.95,MISSHA,Sonnenschutz,"Water, Ethylhexyl Methoxycinnamate, Ethylhexyl Salicylate, Butylene Glycol, Phenylbenzimidazole Sulfonic Acid, Diethylamino Hydroxybenzoyl Hexyl Benzoate, C12-15 Alkyl Benzoate, Methyl Methacrylate Crosspolymer, Cetearyl Alcohol, Bis-Ethylhexyloxyphenol Methoxyphenyl Triazine, Glyceryl Stearate, Cetearyl Olivate, Sorbitan Olivate, Sodium Hydroxide, Dimethicone, Polysorbate 60, Polyacrylate-13, Caprylyl Glycol, PEG-100 Stearate, Ethylhexylglycerin, Polyisobutene, Fragrance (Parfum), Disodium EDTA, Sorbitan Sesquioleate, 1,2-Hexanediol, BHT, Polysorbate 20, Sorbitan Isostearate, Panthenol, Limonia Acidissima Extract, Rosa Davurica Bud Extract, Camellia Sinensis Leaf Extract, Chrysanthemum Indicum Flower Extract, Potassium Sorbate, Artemisia Princeps Leaf Extract, Cinnamomum Cassia Bark Extract, Diospyros Kaki Leaf Extract, Morus Alba Fruit Extract, Pueraria Lobata Root Extract, Propylene Glycol, Aloe Barbadensis Leaf Juice, Portulaca Oleracea Extract, Cucumis Sativus Fruit Extract, Morus Alba Root Extract, Nelumbo Nucifera Flower Extract, Hamamelis Virginiana Water, Glycyrrhiza Glabra Root Extract, VP/Hexadecene Copolymer, Cyclopentasiloxane, Alcohol, Acrylates/Dimethicone Copolymer, Phenoxyethanol, Citric Acid, Centaurea Cyanus Flower Water, Helichrysum Italicum Flower Water, Thymus Vulgaris Leaf Water, Sodium Benzoate, Limonene, Hexyl Cinnamal, Benzyl Benzoate, Linalool

Die Liste der Inhaltsstoffe kann sich ändern. Bitte beachte die Verpackung des gekauften Produkts.
","30 Minuten vor dem Aufenthalt in der Sonne auf die der Sonne ausgesetzten Bereiche von Gesicht und Körper auftragen.
Für den perfekten Sonnenschutz tagsüber alle zwei Stunden neu auftragen.",TRUE,FALSE,FALSE
MISSHA - All Around Safe Block Soft Finish Sun Milk SPF 50+ PA+++,https://korean-skincare.de/cdn/shop/files/Allaroundsafeblocksoftfinishsunmilkkoreanskincarenetherlands1.jpg?v=1751292337,"Die Missha All-round Safe Block Soft finish Sun Milk ist ein doppelschichtiger UV-Schutz, der selbst für Wasser und Schweiß undurchdringlich ist und den Teint während des Tragens den ganzen Tag über aufhellt und ebenmäßig erscheinen lässt. Hinterlässt ein glattes, nicht fettendes Finish. --70ml",70ml,19.95,MISSHA,Sonnenschutz,"Water, Cyclopentasiloxane, Silica, Zinc Oxide, Lauryl PEG-10 Tris(Trimethylsiloxy)silylethyl Dimethicone, Dipropylene Glycol, Butylene Glycol, Isopropyl Palmitate, Ethylhexyl Methoxycinnamate, Caprylyl Methicone, Ethylhexyl Salicylate, Titanium Dioxide (CI 77891), Alcohol Denat., C12-15 Alkyl Benzoate, Helichrysum Arenarium Extract, Quaternium-18 Bentonite, Dimethicone/Vinyl Dimethicone Crosspolymer, Bis-Ethylhexyloxyphenol Methoxyphenyl Triazine, Dimethicone, Magnesium Sulfate, Diethylamino Hydroxybenzoyl Hexyl Benzoate, Aluminum Hydroxide, Stearic Acid, Hydrogen Dimethicone, Glycerin, Fragrance (Parfum), Phenoxyethanol, Silica Dimethyl Silylate, Sodium Benzoate, Disodium EDTA, Tocopheryl Acetate, Potassium Sorbate, Polyhydroxystearic Acid, Caprylyl Glycol, Lecithin, Ethylhexyl Palmitate, Isostearic Acid, Polyglyceryl-3 Polyricinoleate, Limonia Acidissima Extract, Iron Oxides (CI 77492), Iron Oxides (CI 77491), Rosa Davurica Bud Extract, Psidium Guajava Leaf Extract, Aloe Barbadensis Leaf Extract, Abronia Villosa Leaf Extract, Cinchona Succirubra Bark Extract, Rhodiola Rosea Root Extract, VP/Hexadecene Copolymer, Acrylates/Dimethicone Copolymer

Die Liste der Inhaltsstoffe kann sich ändern. Bitte beachte die Verpackung des gekauften Produkts.
","Vor Gebrauch 4-5 Mal schütteln.
Als letzten Schritt der Grundpflege eine angemessene Menge auf das Gesicht auftragen.
Leicht einklopfen, bis es vollständig eingezogen ist.
Gleichmäßig auf Hals, Arme und Beine auftragen, wo sie der Sonne ausgesetzt sind.
Bei langfristiger Sonneneinstrahlung nach Bedarf erneut auftragen",TRUE,FALSE,FALSE
MISSHA - All-Around Safe Block Aqua Sun SPF50+ PA++++,https://korean-skincare.de/cdn/shop/files/Product-page-sizes_29ffa0f2-f987-4dac-97d6-a10ef072dc20.jpg?v=1751283343,"Das Missha All-Around Safe Block Aqua Sun Gel ist eine Formel auf Wasser-Gel-Basis, die schnell in die Haut einzieht und eine intensiv feuchtigkeitsspendende und kühlende Wirkung hat. Der UVA- und UVB-Filter bietet hervorragenden UV-Schutz. Gletscherwasser und Eispflanzenextrakt verbinden sich zu einer milden Wassergelbasis, die Feuchtigkeit spendet, kühlt und schnell einzieht. Die Extrakte der Antozone-Rose und der Thanaka beruhigen die Haut. Die Antozon-Rose schützt die Haut vor Umweltstress, der Thanaka-Extrakt sorgt für einen kühlenden Effekt. --50ml",50ml,14.95,MISSHA,Sonnenschutz,"Water, Homosalate, Alcohol Denat., Ethylhexyl Salicylate, Dipropylene Glycol, Butyl Methoxydibenzoylmethane, Silica, Methyl Methacrylate Crosspolymer, Bis-Ethylhexyloxyphenol Methoxyphenyl Triazine, Isoamyl p-Methoxycinnamate, Octocrylene, Bis-PEG/PPG-20/5 PEG/PPG-20/5 Dimethicone, Methoxy PEG/PPG-25/4 Dimethicone, Dimethicone, Caprylyl Glycol, Acrylates/C10-30 Alkyl Acrylate Crosspolymer, Caprylic/Capric Triglyceride, Fragrance (Parfum), Ethylhexylglycerin, Sodium Hydroxide, 1,2-Hexanediol, BHT, Disodium EDTA, Limonia Acidissima Extract, Butylene Glycol, VP/Hexadecene Copolymer, Cyclopentasiloxane, Acrylates/Dimethicone Copolymer, Chrysanthemum Indicum Flower Extract, Camellia Sinensis Leaf Extract, Phenoxyethanol, Morus Alba Fruit Extract, Cinnamomum Cassia Bark Extract, Artemisia Princeps Leaf Extract, Diospyros Kaki Leaf Extract, Pueraria Lobata Root Extract, Thymus Vulgaris (Thyme) Leaf Water, Centaurea Cyanus Flower Water, Helichrysum Italicum Flower Water, Limonene, Hexyl Cinnamal, Linalool, Benzyl Salicylate, Geraniol, Benzyl Benzoate, Citronellol

Die Liste der Inhaltsstoffe kann sich ändern. Bitte beachte die Verpackung des gekauften Produkts.
","30 Minuten vor dem Aufenthalt in der Sonne auf die der Sonne ausgesetzten Bereiche von Gesicht und Körper auftragen.
Für den perfekten Sonnenschutz tagsüber alle zwei Stunden neu auftragen",TRUE,FALSE,FALSE
MISSHA - All-Around Safe Block Waterproof Sun Milk SPF50+ PA++++,https://korean-skincare.de/cdn/shop/files/misshaAll-AroundSafeBlockWaterproofSunMilkSPF50_PAkoreanskincarenetherlands1.jpg?v=1751321161,"Die Missha All-round Safe Block Waterproof Sun Milk SPF50+PA ist ein feuchtigkeitsspendender, nicht fettender, nicht klebender Sonnenschutz, der umfassenden Schutz vor schädlichen UVA/UVB-Strahlen bietet und durch die Sonne gereizte Haut beruhigt. Mit einer leichten, feuchtigkeitsspendenden Textur lässt sich die All-round Safe Block Waterproof Sun Milk SPF50+PA geschmeidig auftragen und verleiht ein taufrisches Finish ohne weiße Rückstände. Zu den Inhaltsstoffen gehören Extrakte aus Aprikosenblüten, Lotusblüten, Chrysanthemenblüten und Kamelienblüten, die Feuchtigkeit und Nährstoffe spenden. Die Sonnenmilch enthält außerdem einen Thanaka-Extrakt, der einen kühlenden Effekt hat. --70ml",70ml,18.95,MISSHA,Sonnenschutz,"Water, Cyclopentasiloxane, Homosalate, Silica, Ethylhexyl Salicylate, Titanium Dioxide (CI 77891), Butylene Glycol, Lauryl PEG-10 Tris(Trimethylsiloxy)silylethyl Dimethicone, Diethylamino Hydroxybenzoyl Hexyl Benzoate, Glycerin, C12-15 Alkyl Benzoate, Alcohol Denat., Helichrysum Arenarium Extract, Bis-Ethylhexyloxyphenol Methoxyphenyl Triazine, Isopropyl Palmitate, Dimethicone, PEG-10 Dimethicone, Magnesium Sulfate, Aluminum Hydroxide, Dimethicone/Vinyl Dimethicone Crosspolymer, Stearic Acid, Fragrance (Parfum), Triethoxycaprylylsilane, Phenoxyethanol, Quaternium-18 Bentonite, Silica Dimethyl Silylate, Sodium Benzoate, Acrylates/Dimethicone Copolymer, Tocopheryl Acetate, Disodium EDTA, Potassium Sorbate, Caprylyl Glycol, VP/Hexadecene Copolymer, Psidium Guajava Leaf Extract, Cinchona Succirubra Bark Extract, Abronia Villosa Leaf Extract, Aloe Barbadensis Leaf Extract, Eucalyptus Globulus Leaf Extract, Rhodiola Rosea Root Extract

Die Liste der Inhaltsstoffe kann sich ändern. Bitte beachte die Verpackung des gekauften Produkts.
","Vor Gebrauch 4-5 Mal schütteln.
Eine angemessene Menge als letzten Schritt der Grundpflege auf das Gesicht auftragen.
Leicht einklopfen, bis es vollständig eingezogen ist.
Gleichmäßig auf Hals, Arme und Beine auftragen, wo die Haut der Sonne ausgesetzt ist.
Bei langfristiger Sonnenaussetzung nach Bedarf erneut auftragen.",TRUE,FALSE,FALSE
MISSHA - Time Revolution Night Repair Ampoule Cream 5x,https://korean-skincare.de/cdn/shop/files/Product-page-sizes_b44c2da6-d382-48bf-af18-771b7055b43a.jpg?v=1751274389,"Eines der Starprodukte von Missha hat ein Upgrade bekommen! Die Time Revolution Night Repair Ampoule Cream 5X bietet eine überarbeitete Formel für noch bessere Ergebnisse.

Die MISSHA Time Revolution Night Repair Ampoule Cream 5x ist eine feuchtigkeitsspendende Nachtcreme mit 51% Extreme Biome, die aus 10 verschiedenen, hochkonzentrierten, fermentierten Inhaltsstoffen besteht, um die Haut noch effektiver zu versorgen. Es ist klinisch erwiesen, dass sie müde Haut nach 10 Stunden Anwendung verbessert. Hilft der Haut Elastizität, Falten, Pigmentierung, Dichte, Spannkraft, Feuchtigkeit, Ausstrahlung, Hautstruktur, Lifting und Beruhigung. --50ml",50ml,35.95,MISSHA,Feuchtigkeitspflege,"Water, Glycerin, Methylpropanediol, Cyclohexasiloxane, Hydrogenated Polyisobutene, Caprylic/Capric Triglyceride, Triethylhexanoin, Cetearyl Alcohol, Niacinamide, Dimethiconol, 1,2-Hexanediol, Trehalose, Stearyl Alcohol, Beeswax, Cetyl Alcohol, Phytosteryl/Isostearyl/Cetyl/Stearyl/Behenyl Dimer Dilinoleate, Cetearyl Glucoside, Vinyl Dimethicone, Polyglyceryl-2 Stearate, Glyceryl Stearate, Palmitic Acid, Stearic Acid, Citrus Aurantium Bergamia (Bergamot) Fruit Oil, Hydroxyacetophenone, Dioscorea Japonica Root Extract, Ammonium Acryloyldimethyltaurate/VP Copolymer, Ethylhexylglycerin, Glycosyl Trehalose, Butylene Glycol, Alcohol, Bifida Ferment Lysate, Hydrogenated Starch Hydrolysate, Xanthan Gum, Adenosine, Raffinose, Glyceryl Polymethacrylate, Dextrin, Theobroma Cacao (Cocoa) Shell Powder, Pelargonium Graveolens Flower Oil, Lecithin, Disodium EDTA, Hydrogenated Lecithin, Camellia Sinensis Seed Oil, Argania Spinosa Kernel Oil, Olea Europaea (Olive) Fruit Oil, Helianthus Annuus (Sunflower) Seed Oil, Simmondsia Chinensis (Jojoba) Seed Oil, Camellia Japonica Seed Oil, Macadamia Integrifolia Seed Oil, Glucose, Centella Asiatica Extract, Ficus Carica (Fig) Fruit Extract, Polyquaternium-51, Cetearyl Olivate, Ceramide NP, Lavandula Angustifolia (Lavender) Oil, Citrus Aurantium Dulcis (Orange) Peel Oil, Sorbitan Olivate, Phellodendron Amurense Bark Extract, Lactobacillus Ferment, Myristic Acid, Lactobacillus/Acerola Cherry Ferment, Lactococcus Ferment, Leuconostoc/Radish Root Ferment Filtrate, Bifida Ferment Filtrate, Lactobacillus/Soybean Ferment Extract, Lactobacillus/Punica Granatum Fruit Ferment Extract, Lactobacillus Ferment Lysate, Lactococcus Ferment Lysate, Monascus Extract, Sucrose Distearate, Oryza Sativa (Rice) Extract, Dipropylene Glycol, Biosaccharide Gum-1, Saccharomyces Ferment, Beta Vulgaris (Beet) Root Extract, Daucus Carota Sativa (Carrot) Root Extract, Brassica Oleracea Capitata (Cabbage) Leaf Extract, Vaccinium Angustifolium (Blueberry) Fruit Extract, Solanum Melongena (Eggplant) Fruit Extract, Anthemis Nobilis Flower Oil, Tocopherol, Santalum Album (Sandalwood) Oil, Bacillus Ferment

Die Liste der Inhaltsstoffe kann sich ändern. Bitte beachte die Verpackung des gekauften Produkts.
","Verteile eine moderate Menge der Creme mit einem sauberen Spatel.
Verteile sie auf dem gesamten Gesicht und massiere sie sanft ein, damit sie besser einzieht.",FALSE,FALSE,FALSE
Mixsoon - Bean Cream,https://korean-skincare.de/cdn/shop/files/Product-page-sizes_e7973bd9-996e-47d1-bb00-8e7e0afd1e26.jpg?v=1751286949,"Die MIXSOON Bean Cream ist eine intensiv feuchtigkeitsspendende Creme mit Bohnen, Birnen und Granatäpfeln, die die Haut nährt, mit Feuchtigkeit versorgt und pflegt und ihr ein geschmeidiges, frisches Aussehen verleiht. Sie ist reich an essentiellen Aminosäuren, die feuchtigkeitsarme Haut intensiv mit Feuchtigkeit versorgen und das Hautbild verbessern. Der in der Formel enthaltene Bohnenferment-Extrakt bietet eine intensive Porenpflege, indem er sanft exfoliert und unebene Hautstrukturen glättet - für einen ebenmäßigen, weichen Teint. --50ml
 ",50ml,32.95,Mixsoon,Feuchtigkeitspflege,"Water, Glycerin, Caprylic/Capric Triglyceride, Hydrogenated Polyisobutene, Polyglyceryl-3 Distearate, Glyceryl Stearate Citrate, Hydrogenated Coco-Glycerides, Limnanthes Alba Seed Oil, Butylene Glycol, Diisostearyl Malate, Vinyl Dimethicone, Lactobacillus/Soybean Ferment Extract, Lactobacillus/Punica Granatum Fruit Ferment Extract, Saccharomyces/Barley Seed Ferment Filtrate, Lactobacillus/Pear Juice Ferment Filtrate, Panthenol, Dipotassium Glycyrrhizate, Hydrogenated Lecithin, Melia Azadirachta Flower Extract, Coccinia Indica Fruit Extract, Ethylhexylglycerin, Citrus Aurantium Bergamia Fruit Oil, Lavandula Angustifolia Oil, Anthemis Nobilis Flower Oil, Stearic Acid, Palmitic Acid, Oleic Acid, Cetearyl Alcohol, Hydroxyethyl Acrylate/Sodium Acryloyldimethyl Taurate Copolymer, Glyceryl Stearate, Hydroxyacetophenone, Sorbitan Isostearate, Carbomer, Tromethamine, Propanediol, Adenosine, Disodium EDTA, Sodium Polyacrylate

Die Liste der Inhaltsstoffe kann sich ändern. Bitte beachte die Verpackung des gekauften Produkts.
","Nach der Reinigung der Haut als letzten Schritt der Hautpflege gleichmäßig auftragen und leicht einklopfen, damit es in die Haut einziehen kann.",TRUE,TRUE,FALSE
Mixsoon - Centella Sun Cream SPF 50+ PA++++,https://korean-skincare.de/cdn/shop/files/Product-page-sizes_cba223ac-35fc-496c-9378-7bbfea18f648.jpg?v=1751279798,"Die MIXSOON Centella Sun Cream SPF 50+ PA++++ ist eine leichte und schnell einziehende Formel, die einen Breitbandschutz gegen UVA- und UVB-Strahlen bietet. Die Creme enthält Centella Asiatica und Adenosin, die die Haut nähren, aufhellen und mit Feuchtigkeit versorgen. Sie ist für alle Hauttypen geeignet, auch für empfindliche und zu Akne neigende Haut, und hinterlässt keine weißen oder klebrigen Rückstände. Mit ihrem hohen Lichtschutzfaktor hilft sie, Sonnenschäden, vorzeitiger Hautalterung und dunklen Flecken vorzubeugen. Für strahlende und geschützte Haut empfehlen wir die Centella Sun Cream von MIXSOON. --50ml
",50ml,21.95,Mixsoon,Sonnenschutz,"Water (Aqua), Dibutyl Adipate, Methylpropanediol, Alcohol Denat., Terephthalylidene Dicamphor Sulfonic Acid, 1,2-Hexanediol, Ethylhexyl Triazone, Glycerin, Polysilicone-15, Tromethamine, Polyglyceryl-3 Diisostearate, Caprylyl Methicone, Cetearyl Alcohol, Diethylamino Hydroxybenzoyl Hexyl Benzoate, Dipropylene Glycol, Polymethylsilsesquioxane, Palmitic Acid, Stearic Acid, Bis-Ethylhexyloxyphenol Methoxyphenyl Triazine, Glyceryl Stearate, Potassium Cetyl Phosphate, Polyether-1, Carbomer, Ammonium Acryloyldimethyltaurate/VP Copolymer, Glyceryl Stearate Citrate, Acrylates/C10-30 Alkyl Acrylate Crosspolymer, Lavandula Angustifolia Oil, Centella Asiatica Extract, Linalool, Ethylhexylglycerin, Geraniol

Die Liste der Inhaltsstoffe kann sich ändern. Bitte beachte die Verpackung des gekauften Produkts.
",Als letzten Schritt der Hautpflegeroutine eine angemessene Menge entnehmen und gleichmäßig auf den betroffenen Stellen verteilen.,TRUE,FALSE,FALSE
Mizon - Good Bye Blemish Fresh Toner,https://korean-skincare.de/cdn/shop/files/Mizon_GoodByeBlemishFreshToner_Packshot.jpg?v=1763712328,"Mizon Good Bye Blemish Fresh Toner ist ein leichter, ausgleichender Toner, der entwickelt wurde, um überschüssigen Talg zu regulieren, zu Unreinheiten neigende Haut zu beruhigen und das Hautbild zu verfeinern. Er enthält den patentierten Acnotide™-Peptidkomplex, Salicylsäure (BHA), Teebaumblattwasser und -extrakte, Weidenrindenextrakt, Niacinamid und mehrere Aminosäuren, um die Haut zu beruhigen, sanft zu peelen und einen klareren Teint zu unterstützen. --120ml",120ml,29.95,Mizon,Toner,"Water, Glycerin, Dipropylene Glycol, Niacinamide, 1,2-Hexanediol, Hydroxyacetophenone, Hydroxyethyl Urea, Salix Alba (Willow) Bark Extract, Dipotassium Glycyrrhizate, Salicylic Acid, Butylene Glycol, Panthenol, Melaleuca Alternifolia (Tea Tree) Leaf Water, Hydrogenated Lecithin, Glucose, Cetearyl Olivate, Sorbitan Olivate, Oligopeptide-191, Melaleuca Alternifolia (Tea Tree) Leaf Extract, Copper Tripeptide-1, Glycine, Glutamic Acid, Serine, Alanine, Arginine, Hexapeptide-61 Dimer, Solanum Melongena (Eggplant) Fruit Extract, Lupeol.

Die Liste der Inhaltsstoffe kann sich ändern. Bitte beachte die Verpackung des gekauften Produkts.

","Nach der Reinigung eine moderate Menge auf ein Wattepad oder in die Handflächen geben.
Sanft über das Gesicht streichen oder einklopfen, dabei die unmittelbare Augenpartie aussparen.
Anschließend Serum und Feuchtigkeitscreme auftragen.",TRUE,TRUE,TRUE
My Clarins - Beruhigende Tonic Lotion - Beruhigende Gesichtslotion,https://media.sephora.eu/content/dam/gdam/europe/digital/pim/published/C/CLARINS/716255/341827-media_swatch.jpg?scaleWidth=750&scaleHeight=750&scaleMode=fit,"Die Gesichtslotion zur Vervollständigung der Gesichtsreinigung, die sehr trockener oder empfindlicher Haut gewidmet ist. 

Angereichert mit einem Extrakt aus biologischer Kamille, der speziell ausgewählt wurde, um trockene Haut zu beruhigen und geschmeidig zu machen. 

Diese Formel ist außerdem mit dem Clarins [Mikrobiote-Complex] angereichert, der Polyphenole der Safranblüten und marines Präbiom kombiniert, um das Gleichgewicht der Hautmikrobiota zu erhalten. 

--200ml",200ml,22.95,My Clarins,Toner,"Aqua/Water/Eau, Propanediol, Glycerin, Methylpropanediol, Polyacrylate Crosspolymer-6, PPG-26-Buteth-26, PEG-40 Hydrogenated Castor Oil, Ethylhexylglycerin, Maris Aqua/Sea Water/Eau de Mer, Caprylyl Glycol, Disodium EDTA, Parfum/Fragrance, Phenylpropanol, Phenethyl Alcohol, Laminaria Digitata Extract, t-Butyl Alcohol, Chamomilla Recutita (Matricaria) Flower Extract, Sodium Hydroxide, Chlorella Vulgaris Extract, Saccharide Isomerate, Crocus Sativus Flower Extract [V3542B].

Die Liste der Inhaltsstoffe kann sich ändern. Bitte beachte die Verpackung des gekauften Produkts.
",Morgens und/oder abends auf die gereinigte Haut mit zwei Wattepads auftragen.,TRUE,FALSE,FALSE
My Clarins - Hydrating Tonic Lotion - Feuchtigkeit spendende für normale bis trockene Haut,https://media.sephora.eu/content/dam/gdam/europe/digital/pim/published/C/CLARINS/716257/341829-media_swatch.jpg?scaleWidth=750&scaleHeight=750&scaleMode=fit,"Erfrischende, leichte und angenehme Gesichtslotion zur Vervollständigung der Gesichtsreinigung für normale bis trockene Haut. 

Angereichert mit Extrakten aus biologischer Aloe vera- und Feige, die der Haut Feuchtigkeit spenden.

Diese Formel ist außerdem mit dem Clarins [Mikrobiote-Complex] angereichert, der Polyphenole der Safranblüte und marines Präbiom kombiniert, um das Gleichgewicht der Hautmikrobiota zu erhalten. 



Für den ökologischen Fußabdruck präsentiert Clarins dieses Produkt in einem noch umweltfreundlicheren Flakon mit einem leichteren Verschluss. Und zum ersten Mal ist es dank einer Nachfüllpackung nachfüllbar. --200ml",200ml,21.50,My Clarins,Toner,"Aqua/Water/Eau, Aloe Barbadensis Leaf Juice, Propanediol, Glycerin, Methylpropanediol, Propylene Glycol, PPG-26-Buteth-26, PEG-40 Hydrogenated Castor Oil, Ethylhexylglycerin, Maris Aqua/Sea Water/Eau de Mer, Parfum/Fragrance, Caprylyl Glycol, Disodium EDTA, Sodium Citrate, Limonene, Phenylpropanol, Phenethyl Alcohol, Laminaria Digitata Extract, Linalool, Ficus Carica (Fig) Fruit Extract, Citric Acid, Potassium Sorbate, Sodium Benzoate, Chlorella Vulgaris Extract, Geraniol, Saccharide Isomerate, Alpha-Isomethyl Ionone, Citral, Citronellol, Coumarin, Crocus Sativus Flower Extract [V3540A].

Die Liste der Inhaltsstoffe kann sich ändern. Bitte beachte die Verpackung des gekauften Produkts.
",Morgens und/oder abends auf die gereinigte Haut mit zwei Wattepads auftragen.,TRUE,TRUE,FALSE
My Clarins - Mousse Nettoyante Peau Neuve - Intensive Reinigungsmousse für jeden Hauttyp,https://media.sephora.eu/content/dam/gdam/europe/digital/pim/published/C/CLARINS/716253/341825-media_swatch.jpg?scaleWidth=750&scaleHeight=750&scaleMode=fit,"Dieser intensiv schäumende Reinigungsschaum sorgt für eine reine Haut, entfernt sanft Makeup und belebt die Ausstrahlung von fahlem Teint für einen sofortigen hauterneuernden Effekt. 

Die AHA-Säuren aus Tamarindenmark helfen, die Haut sanft zu peelen und ihr ein strahlendes Aussehen zu verleihen. 

Die Formel ist zusätzlich mit dem Clarins [Gentle Complex] mit biologischen Extrakten aus Gelbem Enzian und Zitronenmelisse angereichert, die dazu beitragen, die Haut zu beruhigen und geschmeidig zu machen. 

Moringa-Extrakt wird wegen seiner Fähigkeit Schmutzpartikel abzulösen, eingesetzt.

Die praktische Pumpflasche lässt sich leicht bedienen. --150ml",150ml,25.95,My Clarins,Gesichtsreinigung,"Aqua/Water/Eau, Glycerin, Disodium Cocoyl Glutamate, Citric Acid, Sorbitan Caprylate, Sodium Lauryl Glucose Carboxylate, Phenoxyisopropanol, Tartaric Acid, Sodium Citrate, Sodium Cocoamphoacetate, Caprylyl/Capryl Glucoside, Lauryl Glucoside, Sodium Cocoyl Glutamate, Parfum/Fragrance, Xanthan Gum, Xylitylglucoside, Propanediol, Anhydroxylitol, Tamarindus Indica Extract, Disodium Edta, Xylitol, Sodium Chloride, Sodium Phytate, Sodium Glycolate, Glucose, Sorbic Acid, Melissa Officinalis Leaf Extract*, Saponaria Officinalis Leaf Extract, Gentiana Lutea Extract*, Sodium Benzoate, Potassium Sorbate, Maltodextrin, Moringa Oleifera Seed Extract, [C3795A1].

Die Liste der Inhaltsstoffe kann sich ändern. Bitte beachten Sie die Verpackung des gekauften Produkts.","Befeuchten Sie die Haut und verteilen Sie den Schaum sanft auf Gesicht und Hals. Dann mit leicht kreisenden Bewegungen über Gesicht und Hals massieren, dabei die Augenpartie aussparen. 

Spülen Sie die Haut mit Wasser ab (morgens mit kühlem, abends mit lauwarmem Wasser). Anschließend eine dem Hauttyp entsprechende Gesichtslotion auftragen.",TRUE,TRUE,FALSE
My Clarins - My Clarins Pure-reset Resurfacing Blemish Serum - 30ml,https://media.sephora.eu/content/dam/digital/pim/published/C/CLARINS/709201/331524-media_swatch.jpg?scaleWidth=500&scaleHeight=500&scaleMode=fit,"Dieses frische und leichte Serum für junge Haut, angereichert mit Zink, Glykol- und Salicylsäure, trägt zu einem sofortigen Effekt für eine Haut ""wie neu"" bei. --30ml",30ml,27.95,My Clarins,Serum,"Aqua/Water/Eau, Alcohol, Propanediol, Pentylene Glycol, Glycolic Acid, Glycerin, Xanthan Gum, Sodium Hydroxide, Salicylic Acid, Propylene Glycol, PPG-26-Buteth-26, PEG-40 Hydrogenated Castor Oil, Parfum/Fragrance, Sodium Glycolate, Zinc Gluconate, Bidens Pilosa Extract, Cichorium Intybus (Chicory) Leaf Extract, Hexylene Glycol, Malus Domestica Fruit Extract, Caprylyl Glycol, Sodium Chloride [V4396A].

Die Liste der Inhaltsstoffe kann sich ändern. Bitte beachte die Verpackung des gekauften Produkts.
",Morgens und Abends auf das Gesicht auftragen.,TRUE,FALSE,FALSE
My Clarins - My Clarins Reveal Purple Gentle Radiance Scrub - Sanftes Gesichtspeeling - my Clarins Mc Reveal Purple Scrub,https://media.sephora.eu/content/dam/digital/pim/published/C/CLARINS/742919/356941-media_swatch.jpeg?scaleWidth=500&scaleHeight=500&scaleMode=fit,"Sanftes Peeling für das Gesicht und die Lippen mit zwei unterschiedlich großen Peelingkügelchen. Zucker-Mikrokristalle aus der Zuckerrübe sorgen für ein verfeinertes, gelichmäßigeres Hautbild und Mikroperlen pflanzlichen Ursprungs für eine glatte strahlende Haut. Dazu kommt Butter aus Wilder Mango, die der Haut Komfort und Geschmeidigkeit schenkt. --50ml",50ml,18.45,My Clarins,Gesichtsreinigung,"Caprylic/Capric Triglyceride, Squalane, Glycerin, Sucrose Laurate, Microcrystalline Cellulose, Propanediol, Water/Aqua/Eau, Sucrose, Sucrose Stearate, Octyldodecanol, Irvingia Gabonensis Kernel Butter, Hydrogenated Coco-Glycerides, Parfum/Fragrance, Red 33 (CI 17200), Yellow 6 (CI 15985), Blue 1 (CI 42090)

Die Liste der Inhaltsstoffe kann sich ändern. Bitte beachten Sie die Verpackung des gekauften Produkts.
",2-mal pro Woche auf das feuchte Gesicht und die Lippen auftragen. Augenpartie aussparen. Mit Wasser abspülen.,TRUE,TRUE,FALSE
"My Clarins - Pure-reset - Klärende, Mattierende Gesichtslotion - pure-reset Purifying Toner 200ml",https://media.sephora.eu/content/dam/digital/pim/published/C/CLARINS/719096/342148-media_swatch.jpg?scaleWidth=500&scaleHeight=500&scaleMode=fit,"Die klärende, mattierende Gesichtslotion von My Clarins ist vegan und beinhaltet den [HEALTHY PLANT COMPLEX]. Er beinhaltet biologisches Kokoswasser und biologischen Alpenrose-Extrakt und hilft dabei, deine Haut wieder ins Gleichgewicht zu bringen und die Ausstrahlung zu boosten. Der [HEALTHY PLANT COMPLEX] ist kombiniert mit:

- Fruchtsäuren des Tamarindenmarks verfeinern die Hauttextur
- Wiesenkönigin-Extrakt (biologische Pflanze) hat klärende Eigenschaften
- Extrakt aus biologischer Feige spendet der Haut intensiv Feuchtigkeit
-biologischer Extrakt des Gelben Enzians hat beruthigende Eigenschaften. --200ml",200ml,18.45,My Clarins,Toner,"Aqua/Water/Eau, Alcohol, Propanediol, Glycerin, Cocos Nucifera (Coconut) Fruit Juice, Butylene Glycol, Propylene Glycol, Sodium Benzoate, PPG-26-Buteth-26, Tartaric Acid, Disodium EDTA, PEG-40 Hydrogenated Castor Oil, Parfum/Fragrance, Citric Acid, Tamarindus Indica Extract, Spiraea Ulmaria Extract, Ficus Carica (Fig) Fruit Extract, Gentiana Lutea Extract, Rhododendron Ferrugineum Extract, Sorbic Acid, Potassium Sorbate [V4000A].

Die Liste der Inhaltsstoffe kann sich ändern. Bitte beachte die Verpackung des gekauften Produkts.
",Mit zwei Wattepads morgens und abends auf das gereinigte Gesicht auftragen.,TRUE,FALSE,FALSE
"Neutrogena - Glow Boost Revitalisierende Tagespflege, 50 ml Creme",https://nbg1.your-objectstorage.com/inspirax-image-server-bucket/17250468_01.jpg,"Die Neutrogena Glow Boost Revitalisierende Tagespflege ist eine Feuchtigkeitscreme, die fahle und müde wirkende Haut belebt und ihr neue Ausstrahlung verleiht.
Die leichte Creme versorgt die Haut mit Feuchtigkeit, sorgt für ein frisches Hautgefühl und unterstützt einen ebenmäßigen, strahlenden Teint. Sie eignet sich ideal für die tägliche Pflege.
--50 ml",50 ml,12.86,Neutrogena,Feuchtigkeitspflege,"Aqua, Dimethicone, Glycerin, Mandelic Acid, Gluconolactone, Acetyl Glucosamine, Triethyl Citrate, Hydroxyethyl Acrylate/Sodium Acryloyldimethyl Taurate Copolymer, Polyacrylate Crosspolymer-6, Butylene Glycol, Ethylhexylglycerin, Squalane, Aluminum Starch Octenylsuccinate, Dimethiconol, Mica, Silica, Tin Oxide, Cetearyl Olivate, Sorbitan Olivate, Sorbitan Isostearate, Polysorbate 60, Cetearyl Alcohol, Dimethicone Crosspolymer, Coco-Glucoside, t-Butyl Alcohol, Succinoglycan, Disodium EDTA, Sodium Hydroxide, Chlorphenesin, Phenoxyethanol, Parfum, Benzyl Salicylate, Citronellol, CI 77891, CI 16035

Die Liste der Inhaltsstoffe kann sich ändern. Bitte beachte die Verpackung des gekauften Produkts.
",Täglich auf das gereinigte Gesicht sowie den Hals auftragen und sanft einmassieren.,TRUE,TRUE,FALSE
Neutrogena - Hydro Boost Aqua Creme,https://www.versandapo.de/images/product_images/popup_images/16810913.jpg,"Die Neutrogena Hydro Boost Aqua Creme ist eine parfümfreie Feuchtigkeitspflege, die die Haut intensiv mit Feuchtigkeit versorgt.
Die Formel mit Hyaluron-Gel-Komplex und 100 % pflanzlicher Trehalose hilft, Feuchtigkeit zu speichern und kontinuierlich an die Haut abzugeben. So wird die Haut langanhaltend hydratisiert und fühlt sich frisch, geschmeidig und gepflegt an. --50ml",50ml,10.19,Neutrogena,Feuchtigkeitspflege,"Aqua, Glycerin, Isopropyl Palmitate, Cetyl Alcohol, Cetearyl Olivate, Sorbitan Olivate, Alanine, Maltose, Glycine, Allantoin, Lysine Hydrochloride, Arginine, Serine, Proline, Threonine, Ethylhexylglycerin, Pentylene Glycol, Ceramide NP, Tropolone, Sodium Hyaluronate, 1,2-Hexanediol, Caprylyl Glycol, Trehalose, Betaine, Urea, Fructose, Glucose, PCA, Sodium PCA, Glutamic Acid, Sodium Lactate, Palmitic Acid, Stearic Acid, Dimethicone, Sodium Chloride, Polyacrylate Crosspolymer-6, C10-30 Cholesterol/Lanosterol Esters, t-Butyl Alcohol, Sodium Hydroxide, Citric Acid, Tocopherol

Die Liste der Inhaltsstoffe kann sich ändern. Bitte beachte die Verpackung des gekauften Produkts.
",Täglich auf gereinigtes Gesicht und Hals auftragen. Kann unter dem Make-up oder über einem Serum aufgetragen werden.,FALSE,TRUE,TRUE
NiOBLU - Men – Feuchtigkeitsspendende Gesichtscreme,https://www.gs-kosmetik.de/wp-content/uploads/2026/06/Nioblu-Men-Feuchtigkeitsspendende-Gesichtscreme-1024x1024.webp,"Eine multiaktive Creme, die speziell für die Männerhaut und ihre Bedürfnisse entwickelt wurde. Mit ihrer leichten, nicht fettenden Textur zieht sie schnell ein, spendet Tag für Tag Feuchtigkeit und lässt das Hautbild frisch und gepflegt wirken. Über die Niosomen-Technologie (Nio-AGE) werden die Wirkstoffe gezielt freigesetzt. --100ml",100ml,35.00,NiOBLU,Feuchtigkeitspflege,"Aqua, Dicaprylyl Carbonate, Butylene Glycol, Glycerin, Dicaprylyl Ether, Glyceryl Stearate Citrate, Tocopheryl Acetate, Phloretin, Punica Granatum Seed Extract, Honokiol, Magnolol, Hydrogenated Starch Hydrolysate, Aloe Barbadensis Leaf Juice, Sodium Hyaluronate, Apricot Kernel Oil Polyglyceryl-6 Esters, Urea, Carbomer, Polyglyceryl-10 Oleate, Stearic Acid, Palmitic Acid, Sorbitan Palmitate, Lauric Acid, Myristic Acid, Citric Acid, Parfum, Phenoxyethanol, Benzyl Alcohol, Dehydroacetic Acid, Sodium Benzoate, Potassium Sorbate

Die Liste der Inhaltsstoffe kann sich ändern. Bitte beachte die Verpackung des gekauften Produkts.
",Eine angemessene Menge auf Gesicht und Hals auftragen und sanft einmassieren – idealerweise morgens.,TRUE,TRUE,FALSE
"Nivea - Erfrischendes Gesichtswass Norm. Haut Mischh, 200 ml Lösung",https://nbg1.your-objectstorage.com/inspirax-image-server-bucket/17624549_01.jpg,"Das erfrischende Gesichtswasser von NIVEA reinigt die Haut sanft und entfernt letzte Rückstände von Make-up, Schmutz und Reinigungsprodukten. Es klärt die Haut, belebt den Teint und sorgt für ein angenehm frisches Hautgefühl.
Die Formel ist für normale Haut und Mischhaut geeignet und hilft, die Haut optimal auf die nachfolgende Pflege vorzubereiten.
--200 ml",200 ml,5.45,Nivea,Toner,"Aqua, Alcohol Denat., Aloe Barbadensis Leaf Juice Powder, Sodium Hyaluronate, Glycerin, Cellulose Gum, Citric Acid, Polyglyceryl-4 Caprate, Caprylyl Glycol, Phenoxyethanol, Parfum.

Die Liste der Inhaltsstoffe kann sich ändern. Bitte beachte die Verpackung des gekauften Produkts.
","Mit einem Wattepad sanft auf die Haut einmassieren, dabei die Augenpartie aussparen.",TRUE,FALSE,FALSE
"Nivea - Hydra Skin Effect Regeneriere Gel-Cre Nacht, 50 ml Creme",https://nbg1.your-objectstorage.com/inspirax-image-server-bucket/17625141_01.jpg,"Die NIVEA Hydra Skin Effect Regenerierende Gel-Creme Nacht versorgt die Haut über Nacht intensiv mit Feuchtigkeit und unterstützt ihre natürliche Regeneration.
Die leichte Gel-Creme-Textur zieht angenehm ein und hinterlässt ein frisches, gepflegtes Hautgefühl. Am Morgen wirkt die Haut erholt, geschmeidig und mit Feuchtigkeit versorgt.
--50 ml",50 ml,17.75,Nivea,Feuchtigkeitspflege,"Aqua, Glycerin, Alcohol Denat., Cetearyl Alcohol, Distarch Phosphate, Glyceryl Stearate Citrate, 1,2-Hexanediol, Caprylic/Capric Triglyceride, Dibutyl Adipate, Myristyl Myristate, Octyldodecanol, Triisostearin, Sodium Hyaluronate, Tocopherol, Dicaprylyl Carbonate, Cetearyl Isononanoate, Carbomer, Ammonium Acryloyldimethyltaurate/VP Copolymer, Sodium Sulfate, Sodium Hydroxide, Phenoxyethanol, Parfum, CI 42090

Die Liste der Inhaltsstoffe kann sich ändern. Bitte beachte die Verpackung des gekauften Produkts.
",Tragen Sie die Nachtcreme Nivea Hydra Skin jeden Abend auf die gereinigte Haut auf.,TRUE,TRUE,FALSE
"Nivea - Hydra Skin Effect Wake-up Gel Tagespflege, 50 ml Creme",https://nbg1.your-objectstorage.com/inspirax-image-server-bucket/17625129_01.jpg,"Die NIVEA Hydra Skin Effect Wake-up Gel-Tagespflege versorgt die Haut intensiv mit Feuchtigkeit und sorgt für ein frisches, waches Hautgefühl.
Die leichte Gel-Textur zieht schnell ein, erfrischt die Haut und lässt sie glatter sowie strahlender wirken. Ideal für die tägliche Pflege am Morgen.
--50 ml",50 ml,16.14,Nivea,Feuchtigkeitspflege,"Aqua, Glycerin, Alcohol Denat., Cetearyl Alcohol, Distarch Phosphate, Glyceryl Stearate Citrate, 1,2-Hexanediol, Caprylic/Capric Triglyceride, Dibutyl Adipate, Myristyl Myristate, Octyldodecanol, Triisostearin, Sodium Hyaluronate, Tocopherol, Dicaprylyl Carbonate, Cetearyl Isononanoate, Carbomer, Ammonium Acryloyldimethyltaurate/VP Copolymer, Sodium Sulfate, Sodium Hydroxide, Phenoxyethanol, Parfum, CI 42090

Die Liste der Inhaltsstoffe kann sich ändern. Bitte beachte die Verpackung des gekauften Produkts.
",Täglich auf das gereinigte Gesicht sowie den Hals auftragen und sanft einmassieren.,TRUE,FALSE,FALSE
"Nivea - Pflegendes Gesichtswasser Trocken+Sens Haut, 200 ml Lösung",https://nbg1.your-objectstorage.com/inspirax-image-server-bucket/17624555_01.jpg,"Die sanfte Formel des NIVEA® Pflegendes Gesichtswassers ist angereichert mit Mandelöl und hautidentischem Hydramin. Sie reinigt sanft, ohne die Haut auszutrocknen, entfernt Rückstände und sorgt für geschmeidige Haut. Gleichzeitig ist das Gesichtswasser intensiv feuchtigkeitsspendend und pflegend.
 

 Die vegane Formel (ohne Inhaltsstoffe tierischen Ursprungs) ist zu 95 % biologisch abbaubar und frei von festen Mikroplastikpartikeln gemäß UNEP-Definition. Die Verträglichkeit von NIVEA Pflegendes Gesichtswasser ist dermatologisch bestätigt. --200ml",200ml,5.45,Nivea,Toner,"Aqua, Glycerin, PEG-8, PEG-40 Hydrogenated Castor Oil, Prunus Amygdalus Dulcis Oil, Polyquaternium-10, Citric Acid, Phenoxyethanol, 1,2-Hexanediol, Trisodium EDTA, Geraniol, Benzyl Alcohol, Linalool, Alpha-Isomethyl Ionone, Limonene, Parfum.

Die Liste der Inhaltsstoffe kann sich ändern. Bitte beachte die Verpackung des gekauften Produkts.
","Mit einem Wattepad sanft auf die Haut einmassieren, dabei die Augenpartie aussparen.",TRUE,TRUE,FALSE
"NIvea - Rosenblüte Gel-Creme 24h Tagespflege, 150 ml Creme",https://nbg1.your-objectstorage.com/inspirax-image-server-bucket/17625075_01.jpg,"Die NIVEA Rosenblüte Gel-Creme 24h Tagespflege versorgt die Haut langanhaltend mit Feuchtigkeit und sorgt für ein frisches, gepflegtes Hautgefühl.
Die leichte Gel-Creme-Textur zieht schnell ein und hinterlässt die Haut weich, geschmeidig und erfrischt. Mit Rosenblütenwasser verleiht sie der Haut einen natürlichen Glow und eignet sich ideal für die tägliche Pflege.
--50 ml",50 ml,10.22,NIvea,Feuchtigkeitspflege,"Aqua, Glycerin, Distarch Phosphate, Alcohol Denat., Caprylic/Capric Triglyceride, Glyceryl Stearate Citrate, Hydroxypropyl Starch Phosphate, Butylene Glycol Dicaprylate/Dicaprate, Cetearyl Alcohol, Myristyl Myristate, 1,2-Hexanediol, Rosa Damascena Flower Water, Sodium Hyaluronate, Cetearyl Isononanoate, Caesalpinia Spinosa Gum, Cellulose Gum, Microcrystalline Cellulose, Sodium Hydroxide, Sodium Benzoate, Potassium Sorbate, Sorbic Acid, Phenoxyethanol, Linalool, Geraniol, Citronellol, Citrus Aurantium Peel Oil, Limonene, Linalyl Acetate, Methyl Benzoate, Parfum, CI 16035

Die Liste der Inhaltsstoffe kann sich ändern. Bitte beachte die Verpackung des gekauften Produkts.
",Täglich auf das gereinigte Gesicht sowie den Hals auftragen und sanft einmassieren.,TRUE,FALSE,FALSE
"Nivea Sun -  AA&ANTI PIGMENTFL LF30 50, 50 ml Creme",https://nbg1.your-objectstorage.com/inspirax-image-server-bucket/14368100_01.jpg,"Die NIVEA SUN Anti-Age & Anti-Pigmentflecken Creme LSF 30 schützt die Haut vor UVA- und UVB-Strahlen und hilft, sonnenbedingter Hautalterung sowie Pigmentflecken vorzubeugen.
Die pflegende Formel spendet Feuchtigkeit, unterstützt ein ebenmäßiges Hautbild und sorgt für ein angenehmes Hautgefühl. Sie eignet sich ideal für die tägliche Anwendung im Gesicht.
LSF 30
--50 ml",50 ml,12.68,Nivea Sun,Sonnenschutz,"Aqua, Alcohol Denat., Butyl Methoxydibenzoylmethane, Ethylhexyl Triazone, C12-15 Alkyl Benzoate, Bis-Ethylhexyloxyphenol Methoxyphenyl Triazine, Isopropyl Palmitate, Butylene Glycol Dicaprylate/Dicaprate, Dibutyl Adipate, Cetearyl Alcohol, Distarch Phosphate, Phenylbenzimidazole Sulfonic Acid, Glyceryl Stearate, Tapioca Starch, Diethylamino Hydroxybenzoyl Hexyl Benzoate, Glycerin, Isobutylamido Thiazolyl Resorcinol (Thiamidol®), Glycyrrhiza Inflata Root Extract, Sodium Hyaluronate, Tocopheryl Acetate, Hydroxypropyl Starch Phosphate, Xanthan Gum, Sodium Stearoyl Glutamate, Cocoglycerides, Hydrogenated Coco-Glycerides, Hydrogenated Rapeseed Oil, Sodium Hydroxide, Sodium Chloride, Sodium Sulfate, Ethylhexylglycerin, Hydroxyacetophenone, Phenoxyethanol, Trisodium EDTA, Parfum, CI 15985, CI 16035

Die Liste der Inhaltsstoffe kann sich ändern. Bitte beachte die Verpackung des gekauften Produkts.
",Auf das gereinigte Gesicht verteilen.,TRUE,FALSE,FALSE
Nooance - Anti-redness Clarifying Care - Serum Gegen Rötungen Und Unreinheiten - 35 Ml,https://media.sephora.eu/content/dam/digital/pim/published/N/NOOANCE/800335/391256-media_swatch-0.jpg?scaleWidth=500&scaleHeight=500&scaleMode=fit,"Ein Serum für Haut, die zu Rötungen, Pigmentflecken und Unreinheiten neigt. Die klärende Pflege gegen Rötungen kombiniert hochleistungsfähige Wirkstoffe, um die Haut zu beruhigen, auszugleichen und ihr Gleichgewicht wiederherzustellen. Die leichte Textur zieht schnell ein, sorgt für sofortigen Komfort und korrigiert Unregelmäßigkeiten langanhaltend.
Dank einer einzigartigen Synergie aus korrigierenden Säuren sowie beruhigenden und schützenden Wirkstoffen stellt diese Pflege das Gleichgewicht der Haut wieder her, mildert Rötungen und offenbart eine klarere, strahlendere und ebenmäßigere Haut. --35 ml",35 ml,67.95,Nooance,Serum,"Aqua (Water), Azelaic Acid, Simmondsia Chinensis (Jojoba) Seed Oil, Tranexamic Acid, Glycerin, Dimethicone, Niacinamide, Pentylene Glycol, Citric Acid, Hydroxyethyl Acrylate/Sodium Acryloyldimethyl Taurate Copolymer, Lauryl Glucoside, Polyglyceryl-2 Dipolyhydroxystearate, Butylene Glycol, Bisabolol, Sclerotium Gum, Ethylhexylglycerin, Chlorphenesin, Allantoin, O-Cymen-5-Ol, Polysorbate 60, Sorbitan Isostearate, Glycyrrhiza Glabra (Licorice) Root Extract, Adenosine, Tocopherol.

Die Liste der Inhaltsstoffe kann sich ändern. Bitte beachte die Verpackung des gekauften Produkts.
","Trage es nach deinem hydratisierenden Elixier oder Gesichtswasser mit sanften, kreisenden Bewegungen auf die gereinigte Haut auf. Morgens und abends anwenden.",TRUE,TRUE,TRUE
Numbuzin - No.9+ NAD+ PDRN Glow Boosting Toner ,https://sv4-cdn.stylevana.com/media/catalog/product/cache/c6c38b469a8d7de195bc9611d2a4c394/n/u/numbuzin-no-9-nad-pdrn-glow-boosting-toner-150ml-801.jpg,"Der Numbuzin No.9 NAD PDRN Glow Boosting Toner ist ein super wirksamer, revitalisierender Toner, der deine Haut strahlen lässt, den Teint verbessert und die Hauterneuerung unterstützt. Mit einem fortschrittlichen NAD-Komplex und PDRN (Polydeoxyribonucleotide) hilft diese Formel, müde, stumpfe Haut zu beleben und fördert gleichzeitig die Elastizität und einen glatteren, gesünder aussehenden Teint. --150ml",150ml,23.95,Numbuzin,Toner,"Water, Methylpropanediol, Niacinamide, PEG/PPG-17/6 Copolymer, Propanediol, 1,2-Hexanediol, Tripropylene Glycol, Glyceryl Glucoside, Xylitylglucoside, PEG-40 Hydrogenated Castor Oil, Anhydroxylitol, Glycerin, Polyglyceryl-10 Laurate, Candida Bombicola/Glucose/Methyl Rapeseedate Ferment, C20-40 Pareth-10, Tocopheryl Acetate, Xylitol, Cetearyl Alcohol, Sodium DNA, Hydrogenated Lecithin, Glucose, Polyacrylate Crosspolymer-6, Ethylhexylglycerin, Adenosine, Ceramide NP, Sodium Phytate, Helianthus Annuus Sunflower Seed Oil, Melia Azadirachta Leaf Extract, Melia Azadirachta Flower Extract, Citric Acid, Hydroxyethylcellulose, Sodium Citrate, Phytosterols, Luffa Cylindrica Fruit Extract, Aloe Barbadensis Flower Extract, Solanum Melongena Eggplant Fruit Extract, t-Butyl Alcohol, Ocimum Sanctum Leaf Extract, Curcuma Longa Turmeric Root Extract, Corallina Officinalis Extract, Cyanocobalamin, Caprylic/Capric Triglyceride, Hydrolyzed Collagen, Butylene Glycol, Adenosine Triphosphate, Nicotinamide Adenine Dinucleotide, Resveratrol, Pullulan, Sodium Palmitoyl Sarcosinate, Palmitic Acid, C12-14 Pareth-12, Pisum Sativum Pea Peptide, Stearic Acid, Polyglyceryl-6 Laurate, Caprylyl Glycol, Dipeptide Diaminobutyroyl Benzylamide Diacetate, Dextran, Hydrolyzed Elastin, Soluble Collagen, Acetyl Tetrapeptide-3, Trifolium Pratense Clover Flower Extract, Disodium EDTA, Myristic Acid, Acetyl Hexapeptide-8, Mannose, sh-Octapeptide-4, sh-Decapeptide-7, Palmitoyl Pentapeptide-4, Palmitoyl Tripeptide-1, Copper Tripeptide-1, Hexapeptide-9, Nonapeptide-1, Tripeptide-1, Arachidic Acid, Collagen, Elastin, Glutathione, Palmitoyl Tetrapeptide-7, Arginine/Lysine Polypeptide, Oligopeptide-29, Oligopeptide-32, Acetyl Tetrapeptide-5, Acetyl Tetrapeptide-9, Acetyl Tetrapeptide-2, Acetyl Octapeptide-3, Acetyl Hexapeptide-1, Alanine/Histidine/Lysine Polypeptide Copper HCl, Acetyl Dipeptide-1 Cetyl Ester, Acetyl sh-Pentapeptide-1, Biotinoyl Tripeptide-1, Dipeptide-4, Hexapeptide-11, Hexapeptide-12, Lauric Acid, Myristoyl Pentapeptide-17, Myristoyl Hexapeptide-16, Myristoyl Pentapeptide-4, Nicotinoyl Tripeptide-1, Nonapeptide-7, Nicotinoyl Tripeptide-35, Nicotinoyl Dipeptide-26, Nicotinoyl Dipeptide-23, Octapeptide-2, Palmitoyl Tripeptide-5, Palmitoyl Hexapeptide-12, Pentapeptide-13, Palmitoyl Tetrapeptide-10, Palmitoyl Tripeptide-38, Palmitoyl Tripeptide-29, Palmitoyl Tripeptide-8, sr-Oligopeptide-91 Clostridium Botulinum Polypeptide-1, Tetrapeptide-44, Tetrapeptide-30, Tripeptide-10 Citrulline, Tripeptide-32, Tripeptide-29, sh-Polypeptide-22, sh-Oligopeptide-1, sh-Polypeptide-1, sh-Polypeptide-9, sh-Oligopeptide-2, sh-Polypeptide-11, sh-Polypeptide-3, sh-Polypeptide-16, sh-Polypeptide-62.

Die Liste der Inhaltsstoffe kann sich ändern. Bitte beachte die Verpackung des gekauften Produkts.
","Nach der Reinigung eine angemessene Menge mit den Händen oder einem Wattepad auf das Gesicht auftragen.
Sanft einklopfen, bis das Produkt vollständig eingezogen ist.
Morgens und abends anwenden, anschließend Serum und Feuchtigkeitscreme auftragen.",FALSE,FALSE,TRUE
Numbuzin - No1. Clear Filter Sun Essence SPF50+ PA++++,https://korean-skincare.de/cdn/shop/files/Numbuzin_No1.ClearFilterSunEssenceSPF50__Packshot.jpg?v=1763733930,"Schütze deine Haut vor den harten Sonnenstrahlen mit Numbuzin No.1 Clear Filter Sun Essence, einem wirksamen chemischen Sonnenschutzmittel mit einem beeindruckenden SPF50+ PA++++ Breitspektrumschutz. Angereichert mit beruhigenden Extrakten aus Houttuynia Cordata, Centella Asiatica und Glycyrrhiza Glabra (Süßholzwurzel), beruhigt sie gereizte Haut und bildet gleichzeitig eine schützende Feuchtigkeitsbarriere, die die Feuchtigkeit einschließt. --50ml",50ml,20.95,Numbuzin,Sonnenschutz,"Glycyrrhiza Glabra Root Water, Centella Asiatica Extract, Houttuynia Cordata Extract, Water, Dibutyl Adipate, Propanediol, Butyloctyl Salicylate, Ethylhexyl Triazone, Terephthalylidene Dicamphor Sulfonic Acid, Polymethylsilsesquioxane, Niacinamide, Tromethamine, Polyglyceryl-3 Distearate, 1,2-Hexanediol, Pentylene Glycol, Diethylamino Hydroxybenzoyl Hexyl Benzoate, Cetearyl Alcohol, Caprylyl Methicone, Polysilicone-15, Melia Azadirachta Leaf Extract, Coccinia Indica Fruit Extract, Eclipta Prostrata Extract, Melia Azadirachta Flower Extract, Anastatica Hierochuntica Extract, Hyacinthus Orientalis Extract, Polygonatum Officinale Rhizome/Root Extract, Lycium Chinense Fruit Extract, Velvet Extract, Ophiopogon Japonicus Root Extract, Polygonum Multiflorum Root Extract, Astragalus Membranaceus Root Extract, Atractyloides Lancea Root Extract, Laminaria Japonica Extract, Ulmus Davidiana Root Extract, Aloe Barbadensis Leaf Extract, Viola Mandshurica Flower Extract, Dioscorea Japonica Root Extract, Sodium Hyaluronate, Glyceryl Stearate, Bis-Ethylhexyloxyphenol Methoxyphenyl Triazine, Potassium Cetyl Phosphate, Butylene Glycol, Methylpropanediol, Carbomer, Acrylates/C10-30 Alkyl Acrylate Crosspolymer, Glyceryl Stearate Citrate, Ethylhexylglycerin, Xanthan Gum, Adenosine, Polyether-1, Madecassoside, Biosaccharide Gum-1, Glycerin, Dimethylsilanol Hyaluronate, Hydrolyzed Sodium Hyaluronate, Hydrolyzed Hyaluronic Acid

Die Liste der Inhaltsstoffe kann sich ändern. Bitte beachte die Verpackung des gekauften Produkts.
",Nimm eine angemessene Menge und trage sie gleichmäßig auf die Haut auf.,FALSE,TRUE,TRUE
Nuxe - Very Rose Mizellenwasser,https://www.versandapo.de/images/product_images/popup_images/19498899.jpg,"Das Nuxe Very Rose Mizellenwasser entfernt Make-up und reinigt Gesicht und Augen sanft. Die frische Formel eignet sich für alle Hauttypen und hinterlässt die Haut weich, beruhigt und sofort mit Feuchtigkeit versorgt.
 Angereichert mit Rosenextrakt besteht das Mizellenwasser zu 99 % aus Inhaltsstoffen natürlichen Ursprungs. Der zarte Rosenduft und die frische, nicht klebrige Textur sorgen für ein angenehmes Hautgefühl und sofortigen Komfort. --200ml",200ml,14.79,Nuxe,Toner,"Aqua/Water, Glycerin, Pentylene Glycol, Polyglyceryl-6 Caprylate, Polyglyceryl-4 Caprate, Parfum/Fragrance, Sodium Gluconate, Phenoxyethanol, Cetrimonium Bromide, Rose Flower Oil/Extract [N5805/B].

Die Liste der Inhaltsstoffe kann sich ändern. Bitte beachte die Verpackung des gekauften Produkts.
","Ein Wattepad, vorzugsweise wiederverwendbar, mit dem Mizellen-Reinigungswasser tränken. Über das gesamte Gesicht und die Augen streichen, bis das Make-up vollständig entfernt ist. Wiederholen Sie den Vorgang, bis das Wattepad sauber bleibt. Muss nicht abgewaschen werden. Abends zum Abschminken und morgens zum Reinigen anwenden.",TRUE,TRUE,FALSE
Nuxe Men - Multi-Action Serum Youth & Energy,https://cdn2.parfumdreams.de/image/product/140962-229103-0-0.webp?box=528,"Leichte Texturen und ein schnelles Einziehen zeichnen das Nuxe Men Multi-Action Serum Youth & Energy aus. Speziell für die Ansprüche männlicher Haut konzipiert, verbindet die in Frankreich entwickelte Formel pflanzliche Inhaltsstoffe mit fortschrittlicher Technologie. Im Zentrum der Rezeptur steht die ALFA [3R] Technologie, welche Alfalfa-Extrakt, Hyaluronsäure und Taglilien-Extrakt kombiniert. Ergänzt wird dieser Komplex durch einen patentierten Extrakt aus der Eschenrinde, der mittels eines Upcycling-Verfahrens gewonnen wird. Pflegende Komponenten wie Avocadoöl, Sheabutter und Walnussöl sind ebenfalls enthalten. Das Serum kann das Erscheinungsbild von Müdigkeit optisch reduzieren und die Hautoberfläche glatter erscheinen lassen. Auch bei Anzeichen von nachlassender Festigkeit kann die Anwendung unterstützend sein. Ein maskuliner, holziger Duft begleitet das Auftragen. Durch den silbernen Pumpverschluss lässt sich die Flüssigkeit präzise und hygienisch entnehmen. --30ml",30ml,38.55,Nuxe Men,Serum,"Aqua/Water, Glycerin, Caprylic/Capric Triglyceride, Propanediol, Persea Gratissima (Avocado) Oil, Diglycerin, Pentylene Glycol, Butyrospermum Parkii (Shea) Butter, Parfum/Fragrance, Arachidyl Alcohol, Juglans Regia (Walnut) Seed Oil, Behenyl Alcohol, Sodium Stearoyl Glutamate, Squalane, 1,2-Hexanediol, Caprylyl Glycol, Hyaluronic Acid, Arachidyl Glucoside, Rosa Canina Fruit Oil, Sodium Gluconate, Xanthan Gum, Medicago Sativa (Alfalfa) Extract, Polyglyceryl-4 Oleate, Sphingomonas Ferment Extract, Hemerocallis Fulva Flower Extract, Fraxinus Excelsior Bark Extract, Sodium Hyaluronate, Citric Acid, Tropolone, Tocopherol, Tetramethyl Acetyloctahydronaphthalenes, Linalool, Acetyl Cedrene, Cedrus Atlantica Oil/Extract, Pogostemon Cablin Oil, Citral, Pelargonium Graveolens Flower Oil, Limonene, Citronellol, Geraniol [N6003/A].

Die Liste der Inhaltsstoffe kann sich ändern. Bitte beachte die Verpackung des gekauften Produkts.","Morgens und/oder abends auf die gereinigte Haut von Gesicht und Hals auftragen.

Einige Tropfen in die Haut einmassieren, anschließend bei Bedarf eine Pflegecreme verwenden.

Für alle Hauttypen geeignet.",TRUE,TRUE,FALSE
Olehenriksen - Detox Drops - Gesichtswasser Gegen Hautunreinheiten Mit Salicylsäure 2%. - balance Detox Drops 2% Salicylic Toner,https://media.sephora.eu/content/dam/digital/pim/published/O/OLEHENRIKSEN/769040/372243-media_swatch.jpeg?scaleWidth=500&scaleHeight=500&scaleMode=fit,"Ein Gesichtswasser, das mit 2% Salicylsäure und dem Ferment der dänischen Purpurweide formuliert wurde, um Unreinheiten zu reduzieren und innerhalb einer Woche eine sichtbar ebenmäßigere Haut zu erhalten.
Reduzieren Sie sofort das Erscheinungsbild von Poren und mildern Sie Unreinheiten in nur 1 Woche mit diesem wirkungsvollen, klinisch erprobten Tonikum mit Salicylsäure. Diese leichte, nicht abreibende Formel ist sanft genug für die tägliche Anwendung. Sie peelt, zieht schnell ein und beruhigt die Haut mit Wacholderbeeren- und Gurkenextrakten. --120ml",120ml,31.95,Olehenriksen,Toner,"Aqua/Water/Eau, Juniperus Communis Fruit Extract, Polysorbate 20, Salicylic Acid, Methylpropanediol, Lactobacillus/Salix Purpurea Bark Ferment Extract, Lactobacillus Ferment, Cucumis Sativus (Cucumber) Fruit Extract, Glycerin, Lactic Acid, Citric Acid, Butylene Glycol, Menthyl Lactate, Decyl Glucoside, Lauryl Glucoside, Sodium Hydroxide.

Die Liste der Inhaltsstoffe kann sich ändern. Bitte beachte die Verpackung des gekauften Produkts.
",Nur zur äußerlichen Anwendung geeignet. Gemäß den Anweisungen verwenden. Kontakt mit den Augen vermeiden. Bei Kontakt mit den Augen sofort ausspülen.,TRUE,TRUE,FALSE
Olehenriksen - Glow 2oh Dark Spot Toner - Gesichtswasser Für Dunkle Flecken Mit Aha - 190 Ml,https://media.sephora.eu/content/dam/digital/pim/published/O/OLEHENRIKSEN/455064/111318-media_swatch.jpg?scaleWidth=500&scaleHeight=500&scaleMode=fit,"Glow 2OH Dark Spot Toner ist ein leistungsstarkes Gesichtswasser, das mit hochwirksamen AHAs (Glykol- und Milchsäure) angereichert ist, um die Hautstruktur zu glätten und den Hautton zu ebnen, während dunkle Flecken in nur 7 Tagen sichtbar verblassen.

Dieses leistungsstarke Gesichtswasser ist mit einer hohen Konzentration an AHAs und Hamameliswasser angereichert, um Pigmentflecken zu reduzieren. Außerdem wirkt es gegen Fältchen und Falten, hellt die Haut auf und glättet sie. Mit Extrakten aus Sandelholz, Kamille und Süßholz ist es sanft genug für eine tägliche Anwendung. Mit seinem unwiderstehlichen Zitronenzuckerduft und dem leichten Prickeln werden Sie es liebend gern vor dem Schlafengehen anwenden. Verwenden Sie es nach der Reinigung, um die Haut zu glätten und perfekt auf das Serum und die Feuchtigkeitscreme vorzubereiten. --190 ml",190 ml,29.95,Olehenriksen,Toner,"Aqua/Water/Eau, Glycolic Acid, Hamamelis Virginiana (Witch Hazel) Water, Lactic Acid, Sodium Hydroxide, Polysorbate 20, Phenoxyethanol, Parfum/Fragrance, Phytic Acid, Ethylhexylglycerin, Glycerin, Chamomilla Recutita (Matricaria) Flower Extract, Citrus Limon (Lemon) Fruit Extract, Glycyrrhiza Glabra (Licorice) Root Extract, Saccharum Officinarum (Sugar Cane) Extract, Santalum Album (Sandalwood) Extract, Benzoic Acid, Leuconostoc/Radish Root Ferment Filtrate, Tocopherol, Citral, Limonene, Linalool.

Die Liste der Inhaltsstoffe kann sich ändern. Bitte beachte die Verpackung des gekauften Produkts.
","Abends auf ein Wattepad geben und in kreisenden Bewegungen über das saubere, trockene Gesicht streichen. So sind Sie perfekt auf das Serum und die Feuchtigkeitscreme vorbereitet.
Tragen Sie anschließend das Gesichtsserum Ihrer Wahl auf, z. B. Banana Bright Vitamin C Serum für einen strahlenden Teint oder Dewtopia 20% Acid Night Treatment , um die Haut neu zu strukturieren. Anschließend die Feuchtigkeitscreme Ihrer Wahl auftragen, z. B. die Strength Trainer Peptide Boost Moisturizer zur Stärkung der Hautbarriere und Steigerung der Elastizität.

Nur zur äußerlichen Anwendung. Nur den Anweisungen entsprechend verwenden. Augenpartie aussparen. Bei Berührung mit den Augen sofort ausspülen.
Dieses Produkt enthält aktive Inhaltsstoffe; wir empfehlen, eine kleine Menge auf dem Unterarm zu testen.",TRUE,TRUE,FALSE
Olehenriksen - Lemonade Smoothing Srub - Aha Gesichtspeeling - Glättend & Neu Strukturierend - transform Lemonade Smoothing Scrub 90ml,https://media.sephora.eu/content/dam/digital/pim/published/O/OLEHENRIKSEN/533236/225175-media_swatch.jpg?scaleWidth=500&scaleHeight=500&scaleMode=fit,"Inspiriert von der erfrischenden Wirkung von Limonade im Sommer ist Lemonade Smoothing Scrub ein erfrischendes, exfolierendes Gesichtspeeling, das mit AHAs, Zitronenschalen und Zucker die Haut sofort neu strukturiert, glättet und das Erscheinungsbild von Poren reduziert.

Dieses neu strukturierende Gesichtspeeling mit Zweifachwirkung exfoliert Ihren Teint auf physikalische und chemische Weise. Hochwirksame AHAs helfen, abgestorbene Hautzellen zu lösen und zu entfernen, während Zitronenschalenpulver und ultrafeine Zucker-Peelingpartikel raue Haut sanft exfolieren. Dieses vegane Peeling enthält außerdem Indisches Basilikum und Kamille, die Ihre Haut beruhigen und entspannen.

Vegan : Produkte aus natürlich gewonnenen Inhaltsstoffen.  --90ml",90ml,37.45,Olehenriksen,Gesichtsreinigung,"Water/Aqua/Eau, Glycerin, Glycolic Acid, Sucrose, Hydrated Silica, Polyglyceryl-10 Dipalmitate, Propanediol, Lactic Acid, Sodium Cocoyl Isethionate, Polyacrylate Crosspolymer-6, Sodium Hydroxide, Sodium Lactate, Acrylamide/Sodium Acryloyldimethyltaurate Copolymer, Citrus Limon (Lemon) Peel Powder, Citrus Limon (Lemon) Fruit Extract, Ocimum Sanctum Leaf Extract, Chamomilla Recutita (Matricaria) Flower Extract, Glycyrrhiza Glabra (Licorice) Root Extract, Saccharum Officinarum (Sugarcane) Extract, Citrus Aurantifolia (Lime) Peel Extract, Santalum Album (Sandalwood) Extract, Citrus Limon (Lemon) Peel Oil, Citrus Aurantium Bergamia (Bergamot) Peel Oil, Leuconostoc/Radish Root Ferment Filtrate, Coconut Acid, Sodium Riboflavin Phosphate, Dimethylhydroxy Furanone, Isohexadecane, Polysorbate 80, Sodium Isethionate, Sorbitan Oleate, Triethyl Citrate, Vanillin, Pentaerythrityl Tetra-di-t-butyl Hydroxyhydrocinnamate, Caprylyl Glycol, Phenoxyethanol, Limonene, Linalool, Citral

Die Liste der Inhaltsstoffe kann sich ändern. Bitte beachten Sie die Verpackung des gekauften Produkts.
","Auf die feuchte Haut auftragen und mit kreisenden Bewegungen sanft einmassieren. Sie können es auch einfach auf der Haut lassen. Vor dem Abspülen bis zu 2 Minuten einwirken lassen oder sofort abspülen. 2-3 Mal pro Woche anwenden. Anschließend das aufhellende Gesichtsserum Banana Bright Vitamin C Serum für den Tag und das aufbauende Serum Dewtopia 20% Acids Night Treatment für die Nacht sowie die Feuchtigkeitscreme Ihrer Wahl anwenden.

Nur zur äußerlichen Anwendung. Nur den Anweisungen entsprechend verwenden. Die Augenpartie aussparen. Bei Berührung mit den Augen sofort ausspülen.
Dieses Produkt enthält aktive Inhaltsstoffe; wir empfehlen, eine kleine Menge auf dem Unterarm zu testen. Sonnenbrandgefahr: Dieses Produkt enthält eine Alphahydroxysäure (AHA), die die Empfindlichkeit Ihrer Haut gegenüber der Sonne und insbesondere die Möglichkeit eines Sonnenbrands erhöhen kann. Verwenden Sie einen Sonnenschutz, tragen Sie Schutzkleidung und beschränken Sie den Aufenthalt in der Sonne während und eine Woche nach der Anwendung dieses Produkts.",TRUE,TRUE,FALSE
Olehenriksen - Peach Glaze - Gesichtsreiniger Mit 2 % Niacinamid - peach Glaze Cleanser. 150ml,https://media.sephora.eu/content/dam/digital/pim/published/O/OLEHENRIKSEN/803241/402436-media_swatch-0.jpeg?scaleWidth=500&scaleHeight=500&scaleMode=fit,"Du willst mehr von deinem Cleanser?
Starte deine Pflegeroutine mit der klinischen Reinigung, nach der sich deine Haut sehnt. Die Ergebnisse des Peach Glaze Niacinamide Cleanser sind sofort und langfristig sichtbar. Der cremige Gesichtsreiniger bringt die Haut sichtbar zum Strahlen, verbessert Hautton und -struktur und spendet bei jeder Anwendung Feuchtigkeit. Er entfernt effektiv langanhaltendes Make-up, Sonnenschutz, Schmutz und Talgüberschuss von der Haut, ohne ihr ihre essenzielle Feuchtigkeit zu entziehen. Formuliert mit 2 % Niacinamid und Pfirsichsaft, der reich an Antioxidantien ist, verfeinert der Reiniger sichtbar die Poren und spendet der Haut Feuchtigkeit, sodass sie mit einem wunderschönen Glow strahlt. --150ml",150ml,27.95,Olehenriksen,Gesichtsreinigung,"Water/Aqua/Eau, Sodium Cocoyl Isethionate, Glycerin, Cocamidopropyl Hydroxysultaine, Sodium Hydroxypropyl Starch Phosphate, Coco-Glucoside, Niacinamide, Cocamidopropyl Betaine, Glycol Distearate, Prunus Persica (Peach) Juice, Rubus Chamaemorus Fruit Juice, Sodium Methyl Cocoyl Taurate, Lactobacillus Ferment, Leuconostoc/Radish Root Ferment Filtrate, Ethylhexylglycerin, Sodium Gluconate, Sodium Chloride, Guar Hydroxypropyltrimonium Chloride, Acrylates/C10-30 Alkyl Acrylate Crosspolymer, Citric Acid, Benzotriazolyl Dodecyl P-Cresol, Polycitronellol, Phenoxyethanol, Parfum/Fragrance, Yellow 5 (CI 19140), Red 40 (CI 16035)

Die Liste der Inhaltsstoffe kann sich ändern. Bitte beachten Sie die Verpackung des gekauften Produkts.
","Hände befeuchten und das Produkt aufschäumen lassen. Anschließend mit kreisenden Bewegungen in die Haut einmassieren, anschließend abwaschen. Trockne die Haut sanft ab und trage anschließend das Peach Glaze Glow Niacinamide Serum für einen strahlenden und wunderschönen Glow auf.",TRUE,TRUE,FALSE
Olehenriksen - Strawberry Smoothing Scrub - Gesichtspeeling Mit Aha - transform Strawberry Lemonade Scrub,https://media.sephora.eu/content/dam/digital/pim/published/O/OLEHENRIKSEN/762019/369148-media_swatch.jpeg?scaleWidth=500&scaleHeight=500&scaleMode=fit,"Neu + Limited Edition: Glättet und restrukturiert die Haut sofort mit Strawberry Lemonade Smoothing Scrub auf Basis von AHA und ultrafeinen Peelingsubstanzen.



Das Bestseller-Peeling von Ole Henriksen ist jetzt noch sanfter mit einem Hauch frischer Erdbeere. Das retexturierende Peeling mit Zweifachwirkung in limitierter Auflage peelt physisch und chemisch. AHA-Säuren lösen und entfernen abgestorbene Hautzellen, während Zitronenschalenpulver und ultrafeiner Zucker sanft die Haut glätten



Die wichtigsten Wirkstoffe und Eigenschaften:

- AHA 10 % (Glykol- und Milchsäure): entfernt chemisch abgestorbene Hautzellen und verfeinert sichtbar das Hautbild

- Ultrafeine Peelings und Zitronenschalenextrakt: mechanisches Peeling und glättende Wirkung auf die Haut

- Extrakte aus Basilikum und Kamille: beruhigen und besänftigen die Haut



Ergebnisse klinischer Tests:

In einer klinischen Studie mit 37 Personen nach einer Anwendung:

- 100 % der Anwender bestätigen, dass dieses Produkt die Haut glättet und retexturiert

- 100% der Nutzer bestätigen, dass dieses Produkt das Erscheinungsbild des Teints vereinheitlicht

- 100 % der Anwender bestätigen, dass dieses Produkt der Haut ein gesünderes Aussehen verleiht

--90ml",90ml,27,Olehenriksen,Gesichtsreinigung,"Water/Aqua/Eau, Glycerin, Glycolic Acid, Sucrose, Hydrated Silica, Propanediol, Lactic Acid, Polyglyceryl-10 Oleate, Polyglyceryl-10 Stearate, Sodium Cocoyl Isethionate, Sodium Hydroxide, Sodium Lactate, Polyacrylate Crosspolymer-6, Acrylamide/Sodium Acryloyldimethyltaurate Copolymer, Citrus Limon (Lemon) Peel Powder, Citrus Limon (Lemon) Fruit Extract, Ocimum Sanctum Leaf Extract, Chamomilla Recutita (Matricaria) Flower Extract, Glycyrrhiza Glabra (Licorice) Root Extract, Saccharum Officinarum (Sugarcane) Extract, Santalum Album (Sandalwood) Extract, Leuconostoc/Radish Root Ferment Lysate Filtrate, Sodium Riboflavin Phosphate, Isohexadecane, Polysorbate 80, Sorbitan Oleate, Parfum/Fragrance, Polycitronellol, Rubus Chamaemorus Seed Oil, Pentaerythrityl Tetra-di-t-butyl Hydroxyhydrocinnamate, Caprylyl Glycol, Phenoxyethanol, Citral, Citrus Aurantium Peel Oil, Citrus Aurantium Bergamia Peel Oil, Limonene, Linalyl Acetate, Red 40 (CI 16035)

Die Liste der Inhaltsstoffe kann sich ändern. Bitte beachten Sie die Verpackung des gekauften Produkts.
","Anwendungstipps:
- Auf die nasse Haut auftragen und sanft einmassieren
- Direkt abspülen oder bis zu zwei Minuten einwirken lassen - Zwei- bis dreimal pro Woche anwenden",TRUE,TRUE,FALSE
Olehenriksen - Truth Juice Daily Cleanser - Gesichtsreiniger Und Make-up-entferner Mit Pha - Truth Juice Daily Cleanser-,https://media.sephora.eu/content/dam/digital/pim/published/O/OLEHENRIKSEN/501136/163215-media_swatch.jpg?scaleWidth=500&scaleHeight=500&scaleMode=fit,"Ein schonendes und belebendes Reinigungsgel für die tägliche Anwendung, das die Haut gründlich reinigt, ohne ihr wichtige Stoffe zu entziehen, und gleichzeitig Schmutz, Talg und Augen-Make-up entfernt.

Der Truth Juice Daily Cleanser ist ein Multitasker. Dieser vegane Reiniger für jeden Tag mit Orangenwasser und PHA entfernt Schmutz, Talg und lang haftendes Augen-Make-up (ja, sogar Ihre Lieblingsmascara) und sorgt für eine erfrischte, energiegeladene Haut in nur einem Schritt. Mit Orangenwasser und PHA hilft es, abgestorbene Hautzellen zu lösen und zu entfernen, um für eine strahlende, energiegeladene Haut zu sorgen. Außerdem beleben die luxuriöse Cremegel-Textur und der unwiderstehliche Duft die Sinne.

Vegan : Produkte aus natürlich gewonnenen Inhaltsstoffen. --150ml",150ml,29.95,Olehenriksen,Gesichtsreinigung,"Water/Aqua/Eau, Sodium Cocoyl Isethionate, Sodium Cocoamphoacetate, Cocamidopropyl Hydroxysultaine, Sodium Chloride, Acrylates/Beheneth-25 Methacrylate Copolymer, Phenoxyethanol, Citrus Aurantium Dulcis (Orange) Oil, Glycol Distearate, Gluconolactone, Propanediol, Glycerin, 1,2-Hexanediol, Citrus Aurantium Dulcis (Orange) Peel Oil, Sodium Benzoate, Citrus Aurantium Dulcis (Orange) Fruit Water, Titanium Dioxide (CI 77891), Citrus Sinensis (Orange) Fruit Extract, Triethyl Citrate, Caprylhydroxamic Acid, Citrus Aurantium Dulcis (Orange) Fruit Extract, Citrus Limon (Lemon) Fruit Extract, Hippophae Rhamnoides Kernel Extract, Lycium Barbarum Fruit Extract, Rosa Canina Fruit Extract, Calcium Gluconate, Helianthus Annuus (Sunflower) Seed Oil, Leuconostoc/Radish Root Ferment Filtrate, Sodium Hydroxide, Yellow 6 (CI 15985), Citric Acid, Potassium Sorbate, Xanthan Gum, Sodium Citrate, Limonene, Linalool

Die Liste der Inhaltsstoffe kann sich ändern. Bitte beachten Sie die Verpackung des gekauften Produkts.
","Das Gesicht mit lauwarmem Wasser anfeuchten. Truth Juice Daily Cleanser in die feuchten Handflächen geben. Sanft in kreisenden Aufwärtsbewegungen einmassieren. Mit Wasser abspülen.
Vervollständigen Sie die Anwendung mit unserem Bestseller Serum Banana Bright Vitamin C Serum und tragen Sie anschließend unsere Feuchtigkeitspflege Nr. 1 Strength Trainer Peptide Boost Moisturizer auf, um die Hautbarriere und Elastizität zu optimieren.

Nur zur äußerlichen Anwendung. Nur den Anweisungen entsprechend verwenden.
Berührung mit den Augen vermeiden. Bei Berührung mit den Augen sofort ausspülen.",TRUE,TRUE,FALSE
ON THE WILD SIDE - Lotion Essentielle - Reinigende und feuchtigkeitsspendende Lotion ,https://media.sephora.eu/content/dam/gdam/europe/digital/pim/published/O/ON_THE_WILD_SIDE/572528/259371-media_swatch.jpg?scaleWidth=750&scaleHeight=750&scaleMode=fit,"Die On The Wild Side-Philosophie:
Bio-Pflegeprodukte, die zu 100 % aus natürlichen und wildwachsenden Inhaltsstoffen hergestellt werden, haut- und umweltfreundlich. Eine Einladung, zum Wesentlichen zurückzukehren, sich mit der wilden Natur verbunden zu fühlen, die Schönheit und die Schlichtheit auf eine ganz gelassene Art und Weise in Einklang zu bringen.

Warum wildwachsende Pflanzen?
Wir haben auf der Grundlage von Wirkstoffen, die Wildsammlungen entstammen, sowie auf handwerklichen, überlieferten und nachhaltigen Praktiken basierende Formeln entwickelt. Aus der unberührten Natur stammende Wildpflanzen wachsen entsprechend ihrem eigenen Rhythmus und enthalten reichhaltigere Aktivstoffe als kultivierte Pflanzen.

Diese mit hochwertigen Pflanzenölen angereicherte essenzielle Lotion reinigt, beruhigt und spendet sanft Feuchtigkeit für eine glatte und strahlende Haut. Sie reduziert Unreinheiten, verkleinert die Poren und verfeinert das Hautbild. Sie enthält wildwachsende Wirkstoffe aus Buchenknospen und Birkensaft.

Für alle Hauttypen geeignet. --100ml",100ml,30.00,ON THE WILD SIDE,Toner,"Melissa Officinalis Flower/Leaf/Stem Water(1), Aqua (Water), Glycerin, Argania Spinosa (Argan) Kernel Oil, Parfum (Fragrance), Betula Alba Juice(1), Bentonite Clay, Vitis Vinifera (Grape) Fruit Extract, Zingiber Officinale (Ginger) Root Extract, Boswellia Serrata (Olibanum) Resin Extract, Chlorella Vulgaris Extract, Maris Sal (Sea Salt), Fagus Sylvatica Bud Extract(1), Tocopherol, Polyglyceryl-10 Stearate, Sodium Anisate, Olive Oil Decyl Esters, Bentonite, Sodium Levulinate, Glyceryl Caprylate, Hydrated Silica, Squalene, Silica, Xanthan Gum, Lactic Acid, Citric Acid, CI 77491, Geraniol, Linalool.

Die Liste der Inhaltsstoffe kann sich ändern. Bitte beachte die Verpackung des gekauften Produkts.
","Mit einem Wattepad oder direkt mit den Handflächen auf die gereinigte Haut des Gesichts auftragen und von innen nach außen einklopfen.
Kann morgens und/oder abends aufgetragen werden",FALSE,TRUE,FALSE
Pai - British Summer Time Glow Spf 30 - Empfindliche Haut - british Summertime Glow Spf 30,https://media.sephora.eu/content/dam/digital/pim/published/P/PAI/731056/353480-media_swatch.jpg?scaleWidth=500&scaleHeight=500&scaleMode=fit,"Eine 2-in-1 Sonnenpflege, die die Haut schützt und vorbereitet und natürliche reflektierende Pigmente für sofortige Leuchtkraft enthält. Die innovative hybride Formel kombiniert den letzten Schritt der Beauty-Routine und den ersten Schritt der Schminkroutine und ist auch für empfindliche Haut optimal geeignet. Ein nicht fettiger mineralischer Sonnenschutz für Gesicht und Körper, der gleichzeitig für einen natürlichen Glow sorgt.



Nicht-nanometrisches Zinkoxid und umweltfreundlicher Baumwollextrakt bieten einen Breitbandschutz vor UVB- und UVA-Strahlen. Perlmuttschimmernde Pigmente aus ethisch beschaffenen Rohstoffen sorgen für sofortigen Glow für einen frischen sonnengeküssten Teint das ganze Jahr über. So strahlend, dass Du diesen Sonnenschutz nicht mehr missen wollen wirst. --40ml
",40ml,26.45,Pai,Sonnenschutz,"Aqua (Water), Zinc Oxide, Caprylic/Capric Triglyceride, Coconut Alkanes, Shea Butter Ethyl Esters, Cetearyl Alcohol, Butyrospermum Parkii (Shea) Butter, Coco-Glucoside, Pentylene Glycol, Glycerin, Inulin, Mica, Xanthan Gum, Caprylyl Glycol, Silica, Ricinus Communis (Castor) Seed Oil, Bentonite, Polyglyceryl-3 Polyricinoleate, Polyhydroxystearic Acid, Lecithin, Isostearic Acid, Gossypium Herbaceum Callus Culture, Simmondsia Chinensis (Jojoba) Seed Oil, Tocopherol, Titanium Dioxide, Fructose, Pongamia Pinnata Seed Extract, Sodium Phytate, Polyglyceryl-6 Polyricinoleate, Lactic Acid, Citric Acid, Jojoba Esters, Iron Oxides (CI 77499, CI 77491, CI 77492)

Die Liste der Inhaltsstoffe kann sich ändern. Bitte beachte die Verpackung des gekauften Produkts.
",Großzügig und gleichmäßig nach der Feuchtigkeitscreme und 15 Minuten vor dem Sonnenbad auftragen. Mindestens alle zwei Stunden nachcremen. ,TRUE,TRUE,TRUE
Pai - Carbon Star - Serum Gegen Unreinheiten - collection Carbon Star Face Oil 30ml,https://media.sephora.eu/content/dam/digital/pim/published/P/PAI/551940/270248-media_swatch.jpg?scaleWidth=500&scaleHeight=500&scaleMode=fit,"Detox-Nachtöl für das Gesicht

Ein klärendes Nachtöl, das dem Begriff „erholsamer Schlaf“ eine ganz neue Bedeutung verleiht. Ergebnisse: Weniger Unreinheiten und eine strahlende Haut am Morgen.
Hier kommt die Pflege, von der du schon immer geträumt hast. 

 --30ml",30ml,36.95,Pai,Serum,"Nigella Sativa Seed Oil(1) (Black Cumin Seed Oil), Caprylic/Capric Triglyceride, Copaifera Officinalis Resin(1) (Copaiba Balsam), Euterpe Oleracea Fruit Oil(1) (Açai Fruit Oil), Tocopherol (Vitamin E), Carapa Guianensis Seed Oil(1) (Andiroba Oil), Charcoal Powder.

(1) Organic Ingredient.
Of Total: 52% Organic, 100% Natural Origin.

Die Liste der Inhaltsstoffe kann sich ändern. Bitte beachte die Verpackung des gekauften Produkts.

","Abends 2-3 Tropfen in die leicht angefeuchtete Haut einmassieren, bis sie vollständig eingezogen sind.",TRUE,TRUE,FALSE
Pai - Fade Forward Serum Gegen Pigmentflecken - Empfindliche Haut - fade Forward Sérum Anti-taches,https://media.sephora.eu/content/dam/digital/pim/published/P/PAI/719467/344759-media_swatch.jpg?scaleWidth=500&scaleHeight=500&scaleMode=fit,"Fade Forward™ Meeresalgen-Serum gegen Pigmentflecken für empfindliche Haut

MAKELLOSER TEINT
Ein revolutionäres Serum für die tägliche Anwendung, das Hautflecken reduziert und der Entstehung neuer Flecken vorbeugt. Und das alles ohne Peelingsäuren, die zu Hautreizungen führen können.
Die Formel ist sanft zur Haut und gleichzeitig hochwirksam gegen Pigmentflecken. Sie enthält nachhaltige Meeresalgen, die Hyperpigmentierungen tief im Inneren der Haut bekämpfen, unabhängig von Hautfarbe, Hauttyp und Empfindlichkeit der Haut.
Natürliches, stabilisiertes Vitamin C stellt die natürliche Ausstrahlung deiner Haut wieder her und schützt sie gleichzeitig. Deine Haut strahlt, dein Selbstvertrauen auch.
Klinisch getestet auf empfindlicher Haut
Wie alle Produkte von Pai Skincare wurde auch Fade Forward™ in unabhängigen Hauttests geprüft und ist dermatologisch für für empfindliche Haut zugelassen. Die Lösung gegen Hyperpigmentierung bei extrem empfindlicher Haut.
Clean-Zertifikat
Fade Forward™ Meeresalgen-Serum gegen Pigmentflecken ist von COSMOS Natural zertifiziert, einem Standard, der die nachhaltige Bewirtschaftung und die effiziente Nutzung natürlicher Ressourcen garantiert. --30ml",30ml,42.95,Pai,Serum,"Aqua (Water), Pentylene Glycol, Citrus Limon Fruit Water* (Lemon Fruit Water), Glycerin, Heptyl Undecylenate, Hydrogenated Lecithin, Ascorbyl Tetraisopalmitate (Vitamin C), Himanthalia Elongata Extract (Algae), Xanthan Gum, Tocopherol* (Vitamin E), Arginine, Sodium Hyaluronate, Magnolia Officinalis Bark Extract (Magnolia Extract), Sodium Phytate, Ascorbic Acid (Vitamin C), Backhousia Citriodora Leaf Extract* (Lemon Myrtle), Lactic Acid, Citral (Naturally Occurring in Essential Oils).

100% Natural Origin.
*Organic Ingredient.

Die Liste der Inhaltsstoffe kann sich ändern. Bitte beachte die Verpackung des gekauften Produkts.
","Morgens und abends auf die gereinigte, leicht feuchte Haut auftragen. Unter der Feuchtigkeitscreme, dem Sonnenschutz oder dem Gesichtsöl auftragen.",TRUE,TRUE,FALSE
Pai - Phaze - Klärendes Gesichtsreinigungsgel - re-balance Phaze Gel Cleanser - 28ml,https://media.sephora.eu/content/dam/digital/pim/published/P/PAI/690622/322148-media_swatch.jpg?scaleWidth=500&scaleHeight=500&scaleMode=fit,"EINE REINE UND WEICHE HAUT WIE NIE ZUVOR
Ein besonders milder Reinigungsschaum mit PHA, der nur eine Mission hat: verstopfte Poren zu klären, ohne selbst die empfindlichste Haut zu schälen oder auszutrocknen.

Vegan : Produkte aus natürlich gewonnenen Inhaltsstoffen.--28ml",28ml,10.95,Pai,Gesichtsreinigung,"Water/Aqua, Decyl Glucoside, Cocamidopropyl Betaine, Lauryl Glucoside, Disodium Cocoyl Glutamate, Glycerin, Caprylyl/Capryl Glucoside, Inulin, Sodium Chloride, Sodium Levulinate, Gluconolactone, Glyceryl Oleate, Sorbitan Caprylate, Sodium Anisate, Saccharide Isomerate, Sodium Phytate, Fructose, Citrus Aurantifolia Peel Oil (Lime Oil), Boswellia Neglecta Resin Oil (Frankincense Oil), Rosmarinus Officinalis Leaf Oil (Rosemary Oil), Maltodextrin, Sodium Citrate, Hydrolyzed Gardenia Florida Extract, Gardenia Florida Fruit Extract, Citric Acid, Limonene

Die Liste der Inhaltsstoffe kann sich ändern. Bitte beachten Sie die Verpackung des gekauften Produkts.
",Ein bis zwei Pumpstöße auf die feuchte Haut auftragen. Massiere die Creme sanft in dein Gesicht ein und vermeide dabei die empfindliche Augenpartie. Abspülen und abtrocknen.,TRUE,TRUE,FALSE
Pai - Reinigender Salicylsäure-booster - Serum Gegen Unreinheiten - clarifying Booster - 20ml,https://media.sephora.eu/content/dam/digital/pim/published/P/PAI/690623/322149-media_swatch.jpg?scaleWidth=500&scaleHeight=500&scaleMode=fit,"Ein 100 % natürlicher Aktivstoff als Peeling für zu Unreinheiten neigender Haut.
Belebe deine Gesichtspflegeroutine mit einer kräftigen Dosis Salicylsäure. Das sanfte Peeling mit Wintergrün und Weißweidenrindenextrakt entfernt abgestorbene Hautzellen, welche die Poren verstopfen und so die Entstehung von Mitessern begünstigen können.
Die hochwirksamen natürlichen Booster wurden so entwickelt, dass sie mit Ihren normalen Produkten gemischt werden können. Belebe deine Gesichtspflegeroutine mit hochkonzentrierten Wirkstoffen, die deine Haut nicht sensibel machen. --10ml",10ml,14.45,Pai,Serum,"Aqua (Water), Chamomilla Recutita Flower Water, Pentylene Glycol, Alcohol Denat., Salix Alba Bark Extract (Willow), Glycerin, Salicylic Acid, Inulin, Xanthan Gum, Fructose, Sodium Hydroxide.

Die Liste der Inhaltsstoffe kann sich ändern. Bitte beachte die Verpackung des gekauften Produkts.
",1-2 Tropfen direkt auf die Haut auftragen oder mit der Feuchtigkeitscreme oder dem Serum mischen.,TRUE,FALSE,TRUE
PAT McGRATH LABS - Divine Skin Rose 001 The Essence - Lotion,https://media.sephora.eu/content/dam/gdam/europe/digital/pim/published/P/PAT_McGRATH_LABS/P10048817/90465-media_1.jpg?scaleWidth=265&scaleHeight=265&scaleMode=fit,"Pats ikonisches Geheimnis, das die Hautstruktur sichtbar glättet und geschmeidiger macht. Die Haut fühlt sich gepflegter an, ist mit Feuchtigkeit versorgt und erhält einen legendären, strahlenden Glow.

Der Signatur-Glow von Pat in einem Flakon. Eine transformierende Zwei-Phasen-Formel mit doppeltem Effekt zur Pflege von fahler und feuchtigkeitsarmer Haut. Ein wirkungsvoller Komplex mit Bio-Rose, der beruhigt und das Gleichgewicht wiederherstellt. HydraSphere 18 pflegt, spendet Feuchtigkeit und macht die Haut geschmeidig. Die Haut ist revitalisiert und perfekt für ein makelloses Auftragen des Make-ups vorbereitet. 



AUF EINEN BLICK:

Wird nach der Reinigung und vor der Feuchtigkeitspflege angewendet

Revolutionäre Zwei-Phasen-Technologie

Leichte Emulsion

Nährt, spendet Feuchtigkeit und bringt ins Gleichgewicht

Glättet die Hautstruktur und macht die Haut geschmeidig

Trägt dazu bei, die Hautbarriere wieder aufzubauen

Für alle Hauttypen geeignet

Nicht komedogen

Formuliert mit 97 % Inhaltsstoffen natürlichen Ursprungs

Ohne Silikone, Parabene, Sulfate, Gluten, Mineralöl, Petrolatum und Phthalate

Nicht an Tieren getestet --100ml",100ml,98.45,PAT McGRATH LABS,Toner,"Water/Aqua/Eau, Prunus Amygdalus Dulcis Oil, Glycerin, Caprylic/Capric Triglyceride, Propanediol, 1,2-Hexanediol, Rosa Damascena Flower Water, Rosa Centifolia Flower Extract, Macadamia Integrifolia Seed Oil, Ceramide NP, Phytosphingosine, Hippophae Rhamnoides Oil, Squalane, Panthenol, Allantoin, Tocopherol, Glycosyl Trehalose, Trehalose, Hydrogenated Lecithin, Hydrogenated Starch Hydrolysate, Polyglyceryl-10 Myristate, Cellulose Gum, Butylene Glycol, Ethylhexylglycerin, Hexyl Cinnamal, Fragrance (Parfum), Red 33 (CI 17200).

Die Liste der Inhaltsstoffe kann sich ändern. Bitte beachte die Verpackung des gekauften Produkts.
","ANWENDUNGSTIPPS:

Verwende das Produkt morgens und abends nach der Reinigung und vor deinen bevorzugten Seren, Ölen oder Feuchtigkeitscremes.

Die Formel eignet sich für alle Hauttypen und kann in jede Pflegeroutine integriert werden.

Schüttle den Flakon, um die zweiphasige Formel zu mischen und zu aktivieren.

Gib ein paar Tropfen in deine Handflächen und passe die Menge an die Bedürfnisse deiner Haut an.

Massiere das Gesicht und den Hals und übe dabei Druck nach oben und außen aus.



TIPP VON PAT: Für noch mehr Feuchtigkeit und Ausstrahlung den ganzen Tag lang kannst du die Essence in dein Gesicht einklopfen. (Auch auf Dekolleté, Schultern und Körper!)",TRUE,TRUE,FALSE
PATCHOLOGY - SKIN REMEDY Calm & Protect Micro Mist - Mikro-Nebel,https://media.sephora.eu/content/dam/gdam/europe/digital/pim/published/P/PATCHOLOGY/760110/367606-media_swatch.jpg?scaleWidth=750&scaleHeight=750&scaleMode=fit,"Entspannung. Erfrischung. Und los geht's.

Erfrische deine gestresste Haut mit diesem feinen, beruhigenden Gesichtsnebel. Er spendet sofort Feuchtigkeit, beruhigt, reduziert Rötungen, verfeinert die Poren und schützt vor blauem Licht – perfekt für schnelle Linderung unterwegs.

Positive Eigenschaften:
✔ Beruhigt und erfrischt gestresste Haut
✔ Reduziert Rötungen und verfeinert die Poren
✔ Spendet Feuchtigkeit und stärkt die Hautbarriere
✔ Feiner Nebel, der schnell einzieht, ohne zu kleben
✔ Verändert nicht das Make-up

Die wichtigsten Inhaltsstoffe:
Ectoin - Stärkt die Hautbarriere und schützt vor schädlichen Umwelteinflüssen
Probiotika – Wirkt ausgleichend und beruhigend bei empfindlicher Haut
Pflanzenmischung – Spendet tiefenwirksam Feuchtigkeit für einen sanften, gesunden Glow --50ml",50ml,13.95,PATCHOLOGY,Toner,"Water (Aqua/Eau), Butylene Glycol, Glycerin, 1,2-Hexanediol, Olea Europaea (Olive) Fruit Oil, Ectoin, Sodium Citrate, Polyglyceryl-3 Methylglucose Distearate, Ethylhexylglycerin, Citric Acid, Glyceryl Stearate SE, Methyl Glucose Sesquistearate, Sodium Phytate, Bifida Ferment Lysate, Propanediol, Hydrogenated Lecithin, Calendula Officinalis Flower Extract, Benzyl Glycol, Chamomilla Recutita (Matricaria) Flower Extract, Hydrolyzed Glycosaminoglycans, Sodium Hyaluronate, Centella Asiatica Extract, Ceramide NP, Hydroxydecyl Ubiquinone, Sodium Hyaluronate Crosspolymer, Hydrolyzed Hyaluronic Acid, Yeast Extract, Argania Spinosa Kernel Oil, Hydroxypropyltrimonium Hyaluronate, Hyaluronic Acid, Sodium Acetylated Hyaluronate.

Die Liste der Inhaltsstoffe kann sich ändern. Bitte beachte die Verpackung des gekauften Produkts.
","Anwendung:
Halte die Flasche 15-20 cm von deinem Gesicht entfernt und sprühe auf die gereinigte Haut, über das Make-up oder wann immer deine Haut eine Erfrischung braucht.
Du kannst das Produkt morgens, abends und den ganzen Tag über verwenden.",FALSE,TRUE,TRUE
Paula's Choice - C5 Super Boost Moisturiser - C5 Super Boost Feuchtigkeitscreme - 50ml,https://media.sephora.eu/content/dam/digital/pim/published/P/PAULA/764089/367120-media_swatch.jpg?scaleWidth=500&scaleHeight=500&scaleMode=fit,"Diese Gel-Creme kombiniert die feuchtigkeitsspendenden Vorteile einer Creme mit der Anti-Aging-Wirkung von Vitamin C. Sie hilft, die Haut strahlender und fester wirken zu lassen, den Teint auszugleichen und langanhaltend Feuchtigkeit zu spenden.
Die Formel mit 5 % stabilisiertem Vitamin C verleiht der Haut Glow, schützt vor schädlichen Umwelteinflüssen und unterstützt ein strafferes Hautbild, ohne die Haut zu reizen. Hexapeptid-5 hilft, die Haut sichtbar zu straffen und Feuchtigkeit zu bewahren. Eine Lipidmischung macht die Haut geschmeidig, stärkt die Hautbarriere und unterstützt die Feuchtigkeitsspeicherung. Die Creme bringt den Teint wieder zum Strahlen und hinterlässt die Haut weich, gepflegt und intensiv hydratisiert.
--50 ml",50 ml,55.95,Paula's Choice,Feuchtigkeitspflege,"Aqua, Dicaprylyl Carbonate, 3-O-Ethyl Ascorbic Acid, Dimethicone, Butylene Glycol, Polyglyceryl-6 Distearate, Ascorbyl Glucoside, Hydroxyethyl Acrylate/Sodium Acryloyldimethyl Taurate Copolymer, Squalane, Citrullus Lanatus (Watermelon) Seed Oil, Hydrogenated Lecithin, Theobroma Cacao (Cocoa) Seed Butter, Polyglyceryl-6 Polyricinoleate, Hydrogenated Phosphatidylcholine, Pentaerythrityl Tetra-Di-t-Butyl Hydroxyhydrocinnamate, Sodium Hyaluronate, Oryza Sativa (Rice) Bran Extract, Propanediol, Jojoba Esters, Tocopherol, Acetyl Zingerone, Caprylyl Glycol, Cetyl Alcohol, Polyglyceryl-3 Beeswax, Helianthus Annuus (Sunflower) Seed Extract, Ethylhexylglycerin, Hexylene Glycol, Acetyl sh-Hexapeptide-5 Amide Acetate, Sodium Phytate, Polysorbate 60, Sorbitan Isostearate, Lecithin, Rosmarinus Officinalis (Rosemary) Leaf Extract, Glycine Soja (Soybean) Oil, Lysolecithin, Bacillus Ferment, Citric Acid, Polyglutamic Acid, Beta-Sitosterol, Phytic Acid, Squalene, Phenoxyethanol, Sodium Benzoate, Potassium Sorbate, Sodium Hydroxide

Die Liste der Inhaltsstoffe kann sich ändern. Bitte beachte die Verpackung des gekauften Produkts.
",Ein- bis zweimal täglich auf Gesicht und Hals auftragen. Tagsüber im Anschluss immer einen Sonnenschutz mit mindestens LSF 30 verwenden.,FALSE,TRUE,TRUE
Paula's Choice - Clear - Gesichtsreiniger - 177ml,https://media.sephora.eu/content/dam/digital/pim/published/P/PAULA/764090/367117-media_swatch.jpg?scaleWidth=500&scaleHeight=500&scaleMode=fit,"Sanfter Cleanser mit Salicylsäure, der sich für Haut eignet, die zu Akne neigt. Er entfernt effektiv Talgüberschuss und Verunreinigungen und trägt dazu bei, Unreinheiten zu reduzieren, ohne die Haut zu irritieren oder auszutrocknen.

WICHTIGE INHALTSSTOFFE:
0,5 % Salicylsäure: trägt dazu bei, die Poren zu reinigen und Rötungen zu reduzieren.
Panthenol (Pro-Vitamin B5): ein Inhaltsstoff, der für seine feuchtigkeitsspendenden und beruhigenden Eigenschaften bekannt ist
Glycerin: kommt natürlich in der Haut vor und trägt zur Erhöhung der Hautfeuchtigkeit bei

POSITIVE EFFEKTE:
Reinigt sanft, ohne auszutrocknen oder einen fettigen Film zu hinterlassen. Er sorgt für eine saubere und beruhigte Haut, die bereit für die weiteren Produkte der Pflegeroutine ist.
Vegan : Produkte aus natürlich gewonnenen Inhaltsstoffen. --177ml",177ml,24.95,Paula's Choice,Gesichtsreinigung,"Aqua, Sodium Lauroyl Sarcosinate, Acrylates/Steareth-20 Methacrylate Copolymer, Glycerin, PEG-200 Hydrogenated Glyceryl Palmate, Sodium Laureth Sulfate, Salicylic Acid, Arginine, Butylene Glycol, PEG-7 Glyceryl Cocoate, Panthenol, Disodium EDTA, Citric Acid, PEG-60 Hydrogenated Castor Oil, Sodium Citrate, Phenoxyethanol, Caprylyl Glycol, Chlorphenesin

Die Liste der Inhaltsstoffe kann sich ändern. Bitte beachten Sie die Verpackung des gekauften Produkts.","Morgens und abends anwenden. Befeuchte das Gesicht und die Augen mit reichlich Wasser. Trage eine kleine Menge Cleanser mit sanften und gleichzeitig festen, kreisförmigen Bewegungen auf das Gesicht auf. Gründlich abwaschen. Wiederhole den Vorgang oder verwende ein Waschlappen, um hartnäckiges Make-up zu entfernen.",TRUE,TRUE,TRUE
Paula's Choice - Leichte Feuchtigkeitscreme Mit 5 % Vitamin C Und Lsf 50 - 60ml,https://media.sephora.eu/content/dam/digital/pim/published/P/PAULA/763976/367411-media_swatch.jpg?scaleWidth=500&scaleHeight=500&scaleMode=fit,"Eine leichte Gesichtscreme für die tägliche Anwendung mit Sonnenschutz. Sie ist mit Vitamin C und Aminosäuren angereichert, schützt die Haut, spendet Feuchtigkeit und bringt den Teint sichtbar zum Strahlen.
Die Formel mit 5 % Vitamin C hilft, Anzeichen der Hautalterung zu mildern, einen unregelmäßigen Teint aufzuhellen und die Haut zu beruhigen. Acetyl Zingerone, ein aus Ingwer gewonnenes Antioxidans, unterstützt den Schutz vor schädlichen Umwelteinflüssen. Porphyra-Umbilicalis-Extrakt schützt die Haut zusätzlich vor Umweltstressoren und wirkt synergetisch mit Vitamin C.
 Die leichte, feuchtigkeitsspendende Textur verleiht sofort Glow, ist auf der Haut kaum wahrnehmbar und eignet sich für alle Hauttypen und Hauttöne.
LSF 50
--60 ml",60 ml,53.95,Paula's Choice,Sonnenschutz,"Water (Aqua/Eau), Ethylhexyl Methoxycinnamate, Ethylhexyl Salicylate, Glycerin, Silica, Butyl Methoxydibenzoylmethane, 3-O-Ethyl Ascorbic Acid, Ascorbyl Glucoside, Octocrylene, Dimethicone, Propanediol, Tetrahexyldecyl Ascorbate, Acetyl Zingerone, Acrylates/C10-30 Alkyl Acrylate Crosspolymer, Diethylhexyl Syringylidenemalonate, Dimethicone/Vinyl Dimethicone Crosspolymer, Porphyra Umbilicalis Extract, Hydrogenated Lecithin, Ricinus Communis (Castor) Seed Oil, Sodium Hydroxide, Tocopherol, Xanthan Gum, Ethylhexylglycerin, Laureth-4, Phenoxyethanol, Potassium Sorbate, Sodium Benzoate, Titanium Dioxide, Iron Oxides (CI 77492), Iron Oxides (CI 77491), Iron Oxides (CI 77499)

Die Liste der Inhaltsstoffe kann sich ändern. Bitte beachte die Verpackung des gekauften Produkts.
","Großzügig als letzten Schritt der Morgenroutine auftragen. Lasse das Produkt einen Moment einziehen, bevor du Make-up aufträgst.",TRUE,TRUE,TRUE
Paula's Choice - Resist - Fortschrittliche Repair-creme - 50ml,https://media.sephora.eu/content/dam/digital/pim/published/P/PAULA/763991/367121-media_swatch.jpg?scaleWidth=500&scaleHeight=500&scaleMode=fit,"Diese nährende Creme enthält eine kraftvolle Mischung aus 5 Ceramiden, die hilft, die Hautbarriere wiederherzustellen und zu stärken. Sie unterstützt die Haut dabei, Feuchtigkeit zu speichern, damit die Barriere optimal funktionieren kann.
Bei regelmäßiger Anwendung hilft die Creme, den natürlichen Kollagengehalt der Haut zu bewahren und sorgt so für ein glatteres, strafferes Hautbild. Die leichte, seidige Textur hinterlässt ein angenehmes, kaum spürbares Finish auf der Haut.
Ceramide speichern Feuchtigkeit und tragen zur Erhaltung einer gesunden, geschmeidigen Haut bei. Tripeptid-5 unterstützt ein festeres Hautbild, während Wassermelonenkernöl die Hautbarriere stärkt.
Die Creme eignet sich für alle Hauttypen, spendet Feuchtigkeit und hilft, feine Linien sichtbar zu mildern.
--50 ml",50 ml,43.95,Paula's Choice,Feuchtigkeitspflege,"Aqua, 2,3-Butanediol, Dicaprylyl Carbonate, Glycerin, Glyceryl Stearate, Cocoglycerides, Ceramide AG, Ceramide NP, Hydroxyacetophenone, Sodium Hyaluronate, Ceramide EOP, Ceramide NG, Ceramide AP, Adenosine, Tocopherol, Butyrospermum Parkii (Shea) Butter, Palmitoyl Tripeptide-5, Hexylene Glycol, Trehalose, Cholesterol, Squalane, Sodium Phytate, Urea, Hydrogenated Lecithin, Citrullus Lanatus (Watermelon) Seed Oil, Caprylyl Glycol, Sodium PCA, Polyquaternium-51, Triacetin, Sodium Polyacrylate, Xanthan Gum, Ethylhexyl Stearate, Phenoxyethanol, Sodium Stearoyl Glutamate, Ethylhexylglycerin

Die Liste der Inhaltsstoffe kann sich ändern. Bitte beachte die Verpackung des gekauften Produkts.
",Ein- bis zweimal täglich auf Gesicht und Hals auftragen. Tagsüber im Anschluss immer einen Breitspektrum-Sonnenschutz mit mindestens LSF 30 verwenden.,FALSE,TRUE,TRUE
Peace Out Skincare - Reinigungsgel - Gegen Akne - acne Cleanser,https://media.sephora.eu/content/dam/digital/pim/published/P/PEACE_OUT_SKINCARE/728212/363177-media_swatch.jpg?scaleWidth=500&scaleHeight=500&scaleMode=fit,"Reduziert Rötungen und überschüssigen Talg, entfernt Make-up und bekämpft gleichzeitig Akne, damit deine Haut immer weich und gepflegt bleibt.--118ml ",118ml,31.45,Peace Out Skincare,Gesichtsreinigung,"Salicylic Acid 2%, Water/Aqua/Eau, Glycerin, Decyl Glucoside, Propanediol, Cocamidopropyl Dimethylamine, Magnesium Aluminum Silicate, Phenoxyethanol, Mica, Xanthan Gum, Titanium Dioxide C.I. No. 77891, Ethylhexylglycerin, Caramel, Lavandula Angustifolia (Lavender) Oil, Citric Acid, Linalool, Citrus Aurantium Bergamia (Bergamot) Fruit Oil, Limonene, Ceramide NP, Maltobionic Acid, Tocopherol

Die Liste der Inhaltsstoffe kann sich ändern. Bitte beachten Sie die Verpackung des gekauften Produkts.","Morgens/Abends: Drehe die Kappe nach rechts und drücke sie zusammen. Gib eine kleine Menge auf die feuchte Haut und massiere sie sanft in kreisenden Bewegungen in Gesicht und Hals ein. Augenpartie aussparen. Kann auch auf der Brust und dem Rücken verwendet werden. Spüle die Haut gründlich mit lauwarmem Wasser ab und klopfe sie trocken. Drehe die Kappe erneut, um sie zu schließen. Trage anschließend ein Serum, eine Feuchtigkeitscreme oder einen Sonnenschutz (morgens) auf.
Empfindlichkeitstest für Erstanwender: Trage das Produkt drei Tage lang einmal täglich auf eine kleine Fläche auf, um zu testen, ob du auf das Produkt reagierst.

Vorsicht: Jeglichen direkten Kontakt mit den Augen vermeiden. Nur zur äußerlichen Anwendung geeignet.",TRUE,TRUE,FALSE
PIXI - Antioxidant Tonic,https://media.sephora.eu/content/dam/gdam/europe/digital/pim/published/P/PIXI/718132/343499-media_swatch.jpg?scaleWidth=750&scaleHeight=750&scaleMode=fit,"Dieser einzigartige belebende Toner enthält unsere Mischung aus den im Norden wachsenden Superfrüchten und bringt die schützende und wohltuende Wirkung von Birkenwasser, Preiselbeeren, Erdbeeren, Kornblumen und Moltebeeren zum Einsatz. Das Produkt ist für die alltägliche Verwendung bestimmt, um die Hautschutzbarriere zu stärken, die Haut tiefenwirksam mit Feuchtigkeit zu versorgen und ins Gleichgewicht zu bringen, um sie straffer und geschmeidiger zu machen und ihr einen ausgezeichneten antioxidativen Schutz zu gewährleisten. --100ml ",100ml,9.95,PIXI,Toner,"Aqua/Water/Eau, Betula Alba Bark Water, Propanediol, Glycerin, Fragaria Vesca (Strawberry) Fruit Extract, Vaccinium Angustifolium (Blueberry) Fruit Extract, Vaccinium Vitis-Idaea Fruit Extract, Rubus Chamaemorus Fruit Extract, Hedychium Coronarium Root Extract, Niacinamide, Magnesium Ascorbyl Phosphate, Sodium Hyaluronate, Maris Aqua/Sea Water/Eau de Mer, Ceramide NP, Betaine, Panthenol, Lactobacillus Ferment Lysate Filtrate, Leuconostoc/Radish Root Ferment Filtrate, Populus Tremuloides Bark Extract, Sodium PCA, Polyglyceryl-4
Caprate, Polyglyceryl-6 Caprylate, Cellulose Gum, Algin, Tetrasodium Glutamate Diacetate, Sodium Citrate, Citric Acid, Potassium Sorbate, Sodium Benzoate, Tocopheryl Acetate, Ethylhexylglycerin, 1,2-Hexanediol,Phenoxyethanol.

Die Liste der Inhaltsstoffe kann sich ändern. Bitte beachte die Verpackung des gekauften Produkts.","- Verwendung: nach dem Schminken, zum Fixieren und zur Feuchtigkeitsversorgung.
- 1. Schritt: Gesicht reinigen.
- 2. Schritt: Ein Wattepad in die Glow Tonic Lotion tränken und mit kreisenden Bewegungen auf Gesicht, Hals und Dekolletee auftragen (Augenpartie aussparen).
- 3. Schritt: Anschließend ein Serum oder eine Feuchtigkeitspflege auftragen.",TRUE,TRUE,TRUE
PIXI - Clarity Tonic - Klärende Tonic-Lotion,https://media.sephora.eu/content/dam/gdam/europe/digital/pim/published/P/PIXI/530302/229677-media_swatch.jpg?scaleWidth=750&scaleHeight=750&scaleMode=fit,"Diese reinigende Tonic-Lotion enthält kraftvolle AHAs, Antioxidantien und ausgleichende Probiotika, die helfen, die Haut zu reinigen und das Erscheinungsbild der Poren zu reduzieren.
Geeignet für alle Hauttypen, insbesondere für atopische Haut.

Vegan : Produkte aus natürlich gewonnenen Inhaltsstoffen. --200ml",200ml,18.95,PIXI,Toner,"Aqua/Water/Eau, Aloe Barbadensis Leaf Juice, Propanediol, Glycerin, Sodium PCA, Betaine, Lactobacillus Ferment Lysate Filtrate, Glycolic Acid, Sodium Hyaluronate, Salicylic Acid, Glycyrrhiza Glabra (Licorice) Root Extract, Salix Alba (Willow) Bark Extract, Magnesium Ascorbyl Phosphate, Centella Asiatica Extract, Saccharum Officinarum (Sugarcane) Extract/Extrait de Canne à Sucre, Leuconostoc/Radish Root Ferment Filtrate, Populus Tremuloides Bark Extract, Lactic Acid, Sodium Citrate, Sodium Hydroxide, Ethylhexylglycerin, Citric Acid, Potassium Sorbate, Sodium Benzoate, Phenoxyethanol.

Die Liste der Inhaltsstoffe kann sich ändern. Bitte beachte die Verpackung des gekauften Produkts.

","Morgens und abends oder nach Bedarf anwenden.

Schritt 1:
Reinige das ganze Gesicht.

Schritt 2:
Tränke ein Wattepad mit Clarity Tonic und trage es in kreisenden Bewegungen auf Gesicht, Hals und Dekolleté auf (Augenpartie aussparen).

Schritt 3:
Anschließend mit einem Serum oder einer Feuchtigkeitscreme behandeln. Die Verwendung eines Sonnenschutzmittels wird tagsüber empfohlen, insbesondere nach der Verwendung eines Produkts, das AHAs enthält.",TRUE,TRUE,TRUE
PIXI - Collagen Tonic,https://media.sephora.eu/content/dam/gdam/europe/digital/pim/published/P/PIXI/512329/167631-media_swatch.jpg?scaleWidth=750&scaleHeight=750&scaleMode=fit,"Dieses pralle Tonikum trägt zu einem jünger aussehenden Teint bei, indem es feine Linien glättet und die Hauttextur verbessert.
Collagen Toner wird mit Frucht- und Pflanzenextrakten infundiert, um antioxidative Wirkung zu erzielen.

Vegan : Produkte aus natürlich gewonnenen Inhaltsstoffen. --250ml",250ml,15.45,PIXI,Toner,"Aqua/Water/Eau, Cocos Nucifera (Coconut) Water, Propanediol, Glycerin, Betaine, Acacia Seyal Gum Extract, Caprylic/Capric Triglyceride, Camellia Japonica Flower Extract, Sea Salt Extract, Camellia Sinensis Leaf Extract, Acetyl Hexapeptide-8, Coenochloris Signiensis Extract, Magnesium Chloride, Potassium Chloride, Zinc Chloride, Sodium Chloride, Palmitoyl Tripeptide-37, Magnesium Ascorbyl Phosphate, Lavandula Angustifolia (Lavender) Flower/Leaf/Stem Extract, Cupressus Sempervirens Leaf/Stem Extract, Cucumis Melo Cantalupensis Fruit Extract, Rubus Idaeus (Raspberry) Fruit Extract, Leuconostoc/Radish Root Ferment Filtrate, Pyrus Malus (Apple) Fruit Extract, Citrus Aurantium Amara (Bitter Orange) Flower Extract (Rosemary) Leaf Extract, Salvia Officinalis (Sage) Leaf Extract, PEG-40 Hydrogenated Castor Oil, Phenoxyethanol, Disodium EDTA, Citrus Aurantium Bergamia (Bergamot) Fruit Oil, Sodium Citrate, Citric Acid, Sodium Benzoate, Potassium Sorbate, Ethylhexylglycerin, Amyl Cinnamal, Linalool.

Die Liste der Inhaltsstoffe kann sich ändern. Bitte beachte die Verpackung des gekauften Produkts.","Aqua/Water/Eau, Cocos Nucifera (Coconut) Water, Propanediol, Glycerin, Betaine, Acacia Seyal Gum Extract, Caprylic/Capric Triglyceride, Camellia Japonica Flower Extract, Sea Salt Extract, Camellia Sinensis Leaf Extract, Acetyl Hexapeptide-8, Coenochloris Signiensis Extract, Magnesium Chloride, Potassium Chloride, Zinc Chloride, Sodium Chloride, Palmitoyl Tripeptide-37, Magnesium Ascorbyl Phosphate, Lavandula Angustifolia (Lavender) Flower/Leaf/Stem Extract, Cupressus Sempervirens Leaf/Stem Extract, Cucumis Melo Cantalupensis Fruit Extract, Rubus Idaeus (Raspberry) Fruit Extract, Leuconostoc/Radish Root Ferment Filtrate, Pyrus Malus (Apple) Fruit Extract, Citrus Aurantium Amara (Bitter Orange) Flower Extract (Rosemary) Leaf Extract, Salvia Officinalis (Sage) Leaf Extract, PEG-40 Hydrogenated Castor Oil, Phenoxyethanol, Disodium EDTA, Citrus Aurantium Bergamia (Bergamot) Fruit Oil, Sodium Citrate, Citric Acid, Sodium Benzoate, Potassium Sorbate, Ethylhexylglycerin, Amyl Cinnamal, Linalool.



Die Liste der Inhaltsstoffe kann sich ändern. Bitte beachte die Verpackung des gekauften Produkts.",TRUE,TRUE,FALSE
PIXI - Glow Tonic Gesichtswasser - 250 Ml,https://media.sephora.eu/content/dam/digital/massivpimupload/P/PIXI/341575/68630-media_swatch.jpg?scaleWidth=500&scaleHeight=500&scaleMode=fit,"Hol dir den berühmten Pixi Glow! Das Kultgesichtswasser, Verbraucherinnenliebling und Verkaufshit, das die Zellerneuerung beschleunigt und einen lebendigeren, strahlenderen Teint enthüllt. Der Teint ist klarer, das Hautbild wird glatter und glatter. Harmonisiert, klärt und beruhigt für strahlendere, gesündere Haut. --250 ml",250 ml,16.95,PIXI,Toner,"Aqua, Aloe Barbadensis Leaf Juice, Hamamelis Virginiana (Witch Hazel) Leaf Extract, Aesculus Hippocastanum (Horse Chestnut) Seed Extract, Glycolic Acid, Ammonium Glycolate, Glycerin, Butylene Glycol, Hexylene Glycol, Fructose, Glucose, Sucrose, Urea, Dextrin, Alanine, Glutamic Acid, Aspartic Acid, Hexyl Nicotinate, Panax Ginseng Root Extract, Phenoxyethanol, Sodium Benzoate, Biotin, Polysorbate 20, Fragrance.

Die Liste der Inhaltsstoffe kann sich ändern. Bitte beachte die Verpackung des gekauften Produkts.
","Anwendung & Gebrauchsanweisung
Morgens und abends nach der Reinigung verwenden. Ein Wattepad mit dem Gesichtswasser tränken und damit über Gesicht, Hals und Dekolleté streichen (die Augenpartie dabei aussparen).

Anschließend ein Serum oder eine Feuchtigkeitspflege auftragen – ein Abspülen ist nicht erforderlich.",TRUE,TRUE,FALSE
PIXI - Milky Tonic,https://media.sephora.eu/content/dam/gdam/europe/digital/pim/published/P/PIXI/472716/160032-media_swatch.jpg?scaleWidth=750&scaleHeight=750&scaleMode=fit,"Die tonische Lotion ist mit Jojoba-Milch angereichert und beruhigt, spendet Feuchtigkeit und entspannt den Teint. Sie basiert auf Haferextrakt, beruhigt die Haut und bringt sie ins Gleichgewicht.
Die extrem nährende Rezeptur ohne Alkohol spendet Feuchtigkeit und entspannt selbst die empfindlichste Haut.
Vegan : Produkte aus natürlich gewonnenen Inhaltsstoffen. --250ml",250ml,20.95,PIXI,Toner,"Aqua/Water/Eau, Chamomilla Recutita (Matricaria) Flower Water, Propanediol, Glycerin, Simmondsia Chinensis (Jojoba) Seed Oil, Caprylic/Capric Triglyceride, Sodium PCA, Avena Strigosa Seed Extract, Hydrolyzed Barley Protein, Camellia Sinensis Leaf Extract, Chamomilla Recutita (Matricaria) Flower Extract, Euterpe Oleracea Sterols, Linoleic Acid, Oleic Acid, Linolenic Acid, Sodium Hyaluronate, Citrus Aurantium Dulcis (Orange) Peel Extract, Citrus Nobilis (Mandarin Orange) Fruit Extract, Rosa Damascena Flower Extract, Vanilla Planifolia Fruit Extract, Vitis Vinifera (Grape) Fruit Extract, Citrus Limon (Lemon) Peel Extract, Eugenia Caryophyllus (Clove) Flower Extract, Lavandula Angustifolia (Lavender) Flower/Leaf/Stem Extract, Phospholipids, Lecithin, PEG-40 Hydrogenated Castor Oil, Phenoxyethanol, Potassium Sorbate, Disodium EDTA, Citric Acid, Sodium Benzoate, Benzyl Alcohol, Sodium Citrate, Xanthan Gum, Ethylhexylglycerin. Made in USA / Fabriqué aux États-Unis.

Die Liste der Inhaltsstoffe kann sich ändern. Bitte beachte die Verpackung des gekauften Produkts.","Täglich auf die gereinigte Haut auftragen.
Wattepad mit der tonischen Lotion tränken und sanft auf Gesicht, Hals und Dekolleté auftragen (Augenpartie aussparen).
Tragen Sie anschließend ein Serum oder eine Feuchtigkeitscreme auf.
Nicht abspülen.",TRUE,TRUE,TRUE
PIXI - Retinol Tonic,https://media.sephora.eu/content/dam/gdam/europe/digital/pim/published/P/PIXI/458282/431658-media_swatch.jpg?scaleWidth=750&scaleHeight=750&scaleMode=fit,"Dieses kraftvolle Tonicum verjüngt die Haut und verleiht ihr ein natürliches Glühen, dank eines einzigartigen Retinol mit Time-Release. Antioxidantien und Pflanzenstoffe beruhigen außerdem die empfindliche Haut und sorgen für ein geschmeidigeren, weicheres Aussehen.
Vegan : Produkte aus natürlich gewonnenen Inhaltsstoffen --250ml",250ml,18.45,PIXI,Toner,"Aqua/Water/Eau, Rosemarinus Officinalis (Rosemary) Leaf Water, Glycerin, Propanediol, Methyl Gluceth-20, PEG-8, Panthenol, Magnesium Ascorbyl Phosphate, Sodium Hyaluronate, Lecithin, Oenothera Biennis (Evening Primrose) Flower Extract, Hibiscus Rosa-Sinensis Flower Extract, Sodium Acrylates Copolymer, Palmitoyl Tripeptide-27, Hydroxypropyl Cyclodextrin, Retinol, Phenoxyethanol, Caprylic/Capric Triglyceride, Jasminum Officinale (Jasmine) Flower/Leaf Extract, Lavandula Angustifolia (Lavender) Flower/Leaf/Stem Extract, Eugenia Caryophyllus (Clove) Flower Extract, Vitis Vinifera (Grape) Fruit Extract, Sodium Citrate, PEG-40 Hydrogenated Castor Oil, Disodium EDTA, Citric Acid, Polysorbate 20, Ethylhexylglycerin.

Die Liste der Inhaltsstoffe kann sich ändern. Bitte beachte die Verpackung des gekauften Produkts.","Täglich nach der Reinigung anwenden (vorzugsweise abends). Ein Wattepad mit dem Gesichtswasser tränken und über Gesicht, Hals und Dekolleté streichen (die Augenpartie aussparen). Anschließend eine Feuchtigkeitspflege auftragen – ein Abspülen ist nicht erforderlich.
Wir empfehlen die Verwendung von LSF am Tag, insbesondere bei der Anwendung eines retinolhaltigen Produkts.",TRUE,TRUE,TRUE
PIXI - Rose Tonic Gesichtswasser - 250 Ml,https://media.sephora.eu/content/dam/digital/pim/published/P/PIXI/444057/296972-media_swatch.jpg?scaleWidth=500&scaleHeight=500&scaleMode=fit,"Dieses sanfte, wirksame Gesichtswasser ist von Natur aus beruhigend und reich an Nährstoffen. Es trägt dazu bei, den pH-Wert auszugleichen, Rötungen zu minimieren und die Haut zu beruhigen.

Spendet Feuchtigkeit, regeneriert und erfrischt.
Ohne Alkohol.
Für alle Hauttypen, selbst sehr empfindliche Haut. --250 ml",250 ml,16.95,PIXI,Toner,"Water/Aqua/Eau, Rosa Damascena Flower Water, Propanediol, Glycerin, Aloe Barbadensis Leaf Juice, Sodium PCA, Peg-40 Hydrogenated Castor Oil, Triethyl Citrate, Rose Extract, Phenoxyethanol, Rosa Canina Extract, Camellia Sinensis Leaf Extract, Sambucus Nigra Flower (Elder Flower) Extract, Chamomilla Recutita (Matricaria) Flower Extract, Sodium Hyaluronate, Betaine, Sodium Citrate, Montmorillonite, Citric Acid, Disodium EDTA, Ethylhexylglycerin, Potassium Sorbate, Sodium Benzoate

Die Liste der Inhaltsstoffe kann sich ändern. Bitte beachte die Verpackung des gekauften Produkts.","Anwendung & Gebrauchsanweisung
Morgens und abends nach der Reinigung verwenden. Ein Wattepad mit dem Gesichtswasser tränken und damit über Gesicht, Hals und Dekolleté streichen (die Augenpartie dabei aussparen).

Anschließend ein Serum oder eine Feuchtigkeitspflege auftragen – ein Abspülen ist nicht erforderlich.",TRUE,TRUE,TRUE
PIXI - Vitamin C Toner - 250 Ml,https://media.sephora.eu/content/dam/digital/pim/published/P/PIXI/472715/439045-media_swatch.jpg?scaleWidth=500&scaleHeight=500&scaleMode=fit,"Gesichtswasser für klare Haut

Was macht dieses Produkt einzigartig?
Dieses Gesichtswasser sorgt für klare Haut, schützt und entfernt abgestorbene Hautschüppchen. Auf Basis von Vitamin C mit stark antioxidativer Wirkung formuliert, fördert es eine gesunde Kollagenproduktion und lässt die Haut strahlender aussehen. Die Mischung aus Weidenrinde und Fruchtextrakten sorgt für eine sanfte Peelingwirkung.
--250 ml",250 ml,17.45,PIXI,Toner,"Aqua/Water/Eau, Citrus Grandis (Grapefruit) Water, Propanediol, Glycerin, Aloe Barbadensis Leaf Juice, Ascorbic Acid, Citrus Limon (Lemon) Peel Extract, Citrus Grandis (Grapefruit) Fruit Extract, Citrus Nobilis (Mandarin Orange) Fruit Extract, Citrus Aurantium Dulcis (Orange) Peel Extract, Camellia Sinensis Leaf Extract, Daucus Carota Sativa (Carrot) Root Extract, Beta-Carotene, Ferulic Acid, Tocopherol, Calophyllum Inophyllum Seed Oil, Mentha Piperita (Peppermint) Extract, Microcitrus Australis Fruit Extract, Microcitrus Australasica Fruit Extract, Citrus Glauca Fruit Extract, Caffeine, Sodium Hyaluronate, Leuconostoc/Radish Root Ferment Filtrate, Melaleuca Alternifolia (Tea Tree) Flower/Leaf/Stem Extract, Citrus Junos Peel Extract, Caprylic/Capric Triglyceride, Glycine Soja (Soybean) Oil, Phospholipids, PEG-40 Hydrogenated Castor Oil, Sodium Benzoate, Potassium Sorbate, Citric Acid, Disodium EDTA, Phenoxyethanol, Ethylhexylglycerin, Sodium Citrate, Sodium Hydroxide.

Die Liste der Inhaltsstoffe kann sich ändern. Bitte beachte die Verpackung des gekauften Produkts.","Täglich auf gereinigte Haut auftragen (vorzugsweise morgens). Ein Wattepad mit dem Gesichtswasser tränken und sanft auf Gesicht, Hals und Dekolleté auftragen (Augenpartie aussparen). Anschließend Serum oder Feuchtigkeitspflege auftragen. Ohne Abspülen.",TRUE,TRUE,TRUE
Purito Seoul - Luminous Ceramide Moisturizer,https://korean-skincare.de/cdn/shop/files/Purito_LuminousCeramideMoisturizer_Packshot.jpg?v=1773414306,"Der PURITO Dermide Relief Barrier Moisturizer ist eine vegane und tierversuchsfreie Feuchtigkeitscreme, die die Hautbarriere tiefgehend mit Feuchtigkeit versorgt und stärkt. Dieses Produkt enthält fünf Arten von Ceramiden, um Rötungen zu reduzieren und die Hautbarriere zu stärken. Allantoin und Squalan spenden langanhaltende Feuchtigkeit und sind daher ideal für trockene und empfindliche Haut. --100ml
",100ml,21.50,Purito Seoul,Feuchtigkeitspflege,"Water, Propanediol, Glycerin, Caprylic/Capric Triglyceride, Hydrogenated Poly(C6-14 Olefin), Behenyl Alcohol, Limnanthes Alba Seed Oil, Polyglyceryl-6 Stearate, 1,2-Hexanediol, Cetyl Alcohol, Candida/Garcinia Cambogia Ferment, Ceramide NP, Glyceryl Stearate, Ammonium Acryloyldimethyltaurate/VP Copolymer, Polyglyceryl-6 Behenate, Allantoin, Squalane, Caprylyl Glycol, Panthenol, Macadamia Ternifolia Seed Oil, Xanthan Gum, Butyrospermum Parkii Butter, Ethylhexylglycerin, Disodium EDTA, Dipropylene Glycol, Hydrogenated Lecithin, Ceramide NS, Ceramide AS, Ceramide AP, Cholesterol, Ceramide EOP

Die Liste der Inhaltsstoffe kann sich ändern. Bitte beachte die Verpackung des gekauften Produkts.
","Stelle sicher, dass du die Flasche vor der ersten Anwendung schüttelst, um Luftblasen und Druckaufbau zu vermeiden.
Trage jeden Morgen und Abend eine angemessene Menge der Creme auf dein Gesicht und deinen Hals auf, nachdem du das Serum in deine Hautpflege-Routine aufgenommen hast.
Verteile das Produkt sanft und konzentriere dich auf die Bereiche, die zusätzliche Feuchtigkeit benötigen.",FALSE,TRUE,TRUE
Purito Seoul - Mighty Bamboo Panthenol Cream,https://korean-skincare.de/cdn/shop/files/Purito_MightyBambooPanthenolCream_Packshot.jpg?v=1776280603,"Die Purito SEOUL Mighty Bamboo Panthenol Cream ist eine leistungsstarke Feuchtigkeitscreme, die die Hautbarriere repariert und stärkt und gleichzeitig für ein strahlendes Aussehen sorgt. Mit 10% hochkonzentriertem Panthenol stärkt diese Creme intensiv die natürlichen Abwehrkräfte der Haut und ist damit der perfekte Begleiter nach der Anwendung von Wirkstoffen wie Vitamin C, Retinol oder AHA/BHA.

Angereichert mit Bambusextrakt und Centella Asiatica spendet sie Feuchtigkeit und beruhigt trockene, empfindliche Haut, so dass sie sich erfrischt und widerstandsfähig anfühlt. Diese Creme wurde von Dermatologen getestet und ist die ideale Lösung für eine gesunde, strahlende Haut. --100ml",100ml,24.95,Purito Seoul,Feuchtigkeitspflege,"Aqua/Water, Panthenol (10%), Squalane, Butylene Glycol, 1,2-Hexanediol, Niacinamide, Bambusa Vulgaris Extract (3,497 ppm), Hydrolyzed Jojoba Esters, Acrylates/C10-30 Alkyl Acrylate Crosspolymer, Ammonium Acryloyldimethyltaurate/VP Copolymer, Hydroxyacetophenone, Tromethamine, Dipotassium Glycyrrhizate, Ethylhexylglycerin, Xanthan Gum, Disodium EDTA, Sodium Hyaluronate, Madecassoside, Asiaticoside, Asiatic Acid, Madecassic Acid, Copper Tripeptide-1

Die Liste der Inhaltsstoffe kann sich ändern. Bitte beachte die Verpackung des gekauften Produkts.
","Nach Reinigung und Gesichtswasser
Eine angemessene Menge der Creme auftragen
Sanft in die Haut einmassieren",TRUE,TRUE,TRUE
Purito Seoul - Wonder Releaf Centella Daily Sun Lotion SPF50+ PA++++,https://korean-skincare.de/cdn/shop/files/Product-page-sizes_446fa1cb-5cfc-47b4-b826-eb36e27969c3.jpg?v=1751276167,"Erlebe unvergleichlichen Sonnenschutz mit der Purito SEOUL Wonder Releaf Centella Daily Sun Lotion SPF50+ PA++++, einem feuchtigkeitsspendenden Sonnenschutzmittel mit SPF50+ PA++++, das empfindliche Haut vor schädlichen UV-Strahlen schützt. Angereichert mit koreanischem Centella Asiatica zur Beruhigung der Haut, Braunalgenextrakt zum Schutz vor Verunreinigungen und einer Mischung aus Hyaluronsäuren zur kontinuierlichen Feuchtigkeitsversorgung. --60ml",60ml,22.35,Purito Seoul,Sonnenschutz,"Water, Dibutyl Adipate, Propanediol, Dipropylene Glycol, Centella Asiatica Extract, Ethylhexyl Triazone, Terephthalylidene Dicamphor Sulfonic Acid, Isododecane, Niacinamide, Sorbitan Sesquioleate, Diethylamino Hydroxybenzoyl Hexyl Benzoate, Tromethamine, Ecklonia Cava Extract, Hyaluronic Acid, Hydrolyzed Hyaluronic Acid, Hydrolyzed Sodium Hyaluronate, Sodium Hyaluronate, Potassium Hyaluronate, Hydroxypropyltrimonium Hyaluronate, Sodium Hyaluronate Crosspolymer, Sodium Acetylated Hyaluronate, Caprylyl Methicone, Glycerin, Bis-Ethylhexyloxyphenol Methoxyphenyl Triazine, Benzotriazolyl Dodecyl p-Cresol, Polysilicone-15, Polymethylsilsesquioxane, Silica, 1,2-Hexanediol, Glyceryl Stearate, Ammonium Acryloyldimethyltaurate/VP Copolymer, Cetearyl Alcohol, Hydroxyacetophenone, Potassium Cetyl Phosphate, Palmitic Acid, Stearic Acid, Polyacrylate Crosspolymer-6, Acrylates/C10-30 Alkyl Acrylate Crosspolymer, Caprylyl Glycol, Dipotassium Glycyrrhizate, Allantoin, Panthenol, Adenosine, Ethylhexylglycerin, Myristic Acid, Butylene Glycol, T-Butyl Alcohol

Die Liste der Inhaltsstoffe kann sich ändern. Bitte beachte die Verpackung des gekauften Produkts.
","Trage nach deiner Hautpflege eine kleine Menge des Sonnenschutzes auf deine Fingerspitzen auf.
Trage sie auf die Hautpartien auf, die der UV-Strahlung ausgesetzt sind, und vermeide dabei die Augen- und Mundpartie.
Trage den Sonnenschutz 30 Minuten vor dem Aufenthalt in der Sonne auf die der Sonne ausgesetzten Hautpartien des Gesichts/Körpers auf.
Alle zwei Stunden nachcremen, um den perfekten Sonnenschutz für den Tag zu gewährleisten.",TRUE,FALSE,TRUE
Pyunkang Yul - ACNE Cream,https://korean-skincare.de/cdn/shop/files/acne-cream_659242d6-9f76-4ee0-b986-a18ceb2143b2.jpg?v=1751274391,"Die Pyunkang Yul Acne Cream ist eine beruhigende und feuchtigkeitsspendende Creme, die Akne anfällige und empfindliche Haut beruhigt und pflegt. Diese gelartige Creme ist mit Extrakten aus weißer Weidenrinde, Forsythia suspensa und Centella asiatica angereichert, die die Haut vor Akne verursachenden Bakterien schützen, übermäßigen Talg kontrollieren, die Haut regenerieren und sie wieder in einen gesünderen Zustand versetzen. --50ml",50ml,8.45,Pyunkang Yul,Feuchtigkeitspflege,"Water, Glycerin, Dipropylene Glycol, Methylpropanediol, Glyceryl Acrylate/Acrylic Acid Copolymer, PVM/MA Copolymer, Niacinamide, Cetearyl Olivate, Sorbitan Olivate, Salix Alba (Willow) Bark Extract, Dimethyl Sulfone, Pyridoxine HCl, Forsythia Suspensa Fruit Extract, Butylene Glycol, Centella Asiatica Extract, Polygonum Cuspidatum Root Extract, Scutellaria Baicalensis Root Extract, Camellia Sinensis Leaf Extract, Glycyrrhiza Uralensis (Licorice) Root Extract, Chamomilla Recutita (Matricaria) Flower Extract, Rosmarinus Officinalis (Rosemary) Leaf Extract, Carbomer, Hydroxyethyl Acrylate/Sodium Acryloyldimethyl Taurate Copolymer, Tromethamine, Copper Tripeptide-1, Hydroxyacetophenone, Myrtus Communis Extract, Tropaeolum Majus Extract, Ethylhexylglycerin, Disodium EDTA

Die Liste der Inhaltsstoffe kann sich ändern. Bitte beachte die Verpackung des gekauften Produkts.
","Mit einem sauberen und trockenen Gesicht beginnen.
Eine angemessene Menge der Creme dosieren.
Auf das gesamte Gesicht auftragen und zur besseren Wirksamkeit sanft einmassieren.",TRUE,TRUE,TRUE
Pyunkang Yul - ACNE Toner,https://korean-skincare.de/cdn/shop/files/Product-page-sizes_1c7042cc-e90e-4d51-b819-f49bf476c0c6.jpg?v=1751281534,"Der Pyunkang Yul Acne Toner ist ein sanftes Gesichtswasser, welches dabei hilft, abgestorbene Hautzellen sanft zu entfernen, übermäßigen Talg zu bekämpfen und Poren zu verkleinern. Der Weidenrindenextrakt entfernt Unreinheiten und sorgt für ein zartes Hautbild, während der Extrakt aus Matricaria und Asiatischem Pfennigkraut die Akne beruhigt und die Haut regeneriert. --150ml",150ml,10.27,Pyunkang Yul,Toner,"Water, Butylene Glycol, Dimethyl Sulfone, Pyridoxine HCl, Salix Alba (Willow) Bark Extract, Niacinamide, Forsythia Suspensa Fruit Extract, Centella Asiatica Extract, Polygonum Cuspidatum Root Extract, Scutellaria Baicalensis Root Extract, Camellia Sinensis Leaf Extract, Glycyrrhiza Uralensis (Licorice) Root Extract, Chamomilla Recutita (Matricaria) Flower Extract, Rosmarinus Officinalis (Rosemary) Leaf Extract, Copper Tripeptide-1, Glycerin, Hydroxyacetophenone, Myrtus Communis Extract, Tropaeolum Majus Extract, Ethylhexylglycerin, Disodium EDTA.

Die Liste der Inhaltsstoffe kann sich ändern. Bitte beachte die Verpackung des gekauften Produkts.
","Eine angemessene Menge auf ein Wattepad auftragen
Sanft auftragen und dabei den Linien der Haut folgen
Das Wattepad umdrehen und sanft abtupfen, um den Wirkstoff aufzunehmen",TRUE,TRUE,TRUE
Pyunkang Yul - Calming Moisture Barrier Cream,https://korean-skincare.de/cdn/shop/files/Product-page-sizes_f8c1ee90-2719-4161-91ae-c428989da8a8.jpg?v=1751312142,"Die Pyunkang Yul Calming Moisture Barrier Cream ist eine Feuchtigkeitscreme, die empfindliche und gereizte Haut beruhigt und mit Feuchtigkeit versorgt. Die Creme enthält Extrakte aus Centella, Teebaum und Geißblatt, die die Haut beruhigen, sowie Ceramide, die die Hautbarriere stärken, und ist somit ein wahres Geschenk des Himmels für trockene Wintertage. Hyaluronsäure hilft außerdem, die Haut aufzupolstern und von innen heraus intensiv mit Feuchtigkeit zu versorgen. Verwenden Sie die Creme täglich, um einen glatten, geschmeidigen Teint zu erhalten. --50ml",50ml,14.75,Pyunkang Yul,Feuchtigkeitspflege,"Water, Dipropylene Glycol, Glycerin, Caprylic/Capric Triglyceride, Isohexadecane, Cetearyl Alcohol, Ethylhexyl Palmitate, Cetyl Ethylhexanoate, Stearic Acid, Hydroxypropyltrimonium Hyaluronate, Hydrolyzed Hyaluronic Acid, Sodium Hyaluronate, Lonicera Japonica (Honeysuckle) Flower Extract, Melaleuca Alternifolia (Tea Tree) Leaf Extract, Sodium Hyaluronate Crosspolymer, Sodium Acetylated Hyaluronate, Ammonium Acryloyldimethyltaurate/VP Copolymer, Cetearyl Glucoside, Pentylene Glycol, Trehalose, Ceramide NP, Arachidic Acid, Glucose, Palmitic Acid, Oleic Acid, Centella Asiatica Extract, Madecassoside, Madecassic Acid, Asiaticoside, Asiatic Acid, Squalane, Olea Europaea (Olive) Fruit Oil, Butyrospermum Parkii (Shea) Butter, Camellia Japonica Flower Extract, Salvia Officinalis (Sage) Leaf Extract, Hydroxyacetophenone, Butylene Glycol, Caprylyl Glycol, Tocopherol, Disodium EDTA, 1,2-Hexanediol, Tromethamine, Hydrogenated Lecithin, Ethylhexylglycerin

Die Liste der Inhaltsstoffe kann sich ändern. Bitte beachte die Verpackung des gekauften Produkts.
","Eine angemessene Menge gleichmäßig auf das ganze Gesicht auftragen.
Sanft einklopfen, um die Wirkstoffaufnahme zu verbessern.",TRUE,TRUE,FALSE
Rituals - Homme - Anti Aging Face Cream Men,https://media.douglas.de/medias/NEQ5gC1283460-0-global.jpg?context=bWFzdGVyfGltYWdlc3w0Nzg0OXxpbWFnZS9qcGVnfGFETmhMMmhoTmk4NE1ESTJPREk1T1RBM05UWXhOQzlPUlZFMVowTXhNamd6TkRZd1h6QmZaMnh2WW1Gc0xtcHdad3wzMTRhZGExMTBjZmJjNTIxZDAxNTJjOGFiZjA0NDMwY2JjNjZmNWRiYzM4ODZhYTJlYjNjMDBhM2Q3NjBmOTRh&grid=true&imPolicy=grayScaled&imdensity=1&imwidth=741,"Bekämpfe die Anzeichen von Hautalterung mit schwereloser Feuchtigkeit. Ceramide unterstützen die Hautbarriere, Niacinamid sorgt für einen ebenmäßigeren Hautton und ein Peptid-Komplex hilft dabei, das Erscheinungsbild von Linien zu mildern und die Elastizität zu fördern. --50ml",50ml,39.90,Rituals,Feuchtigkeitspflege,"Aqua/Water, Glycerin, Alcohol Denat., Undecane, Glyceryl Stearate, Cetearyl Alcohol, Coco-Caprylate, Niacinamide, Potassium Cetyl Phosphate, Isomalt, Tridecane, Ceramide NP, Ceramide AP, Ceramide EOP, Phenoxyethanol, Palmitoyl Tripeptide-5, Palmitoyl Tripeptide-1, Palmitoyl Tetrapeptide-7, Parfum/Fragrance, Algin, Xanthan Gum, Tocopherol, Ethylhexylglycerin, Butyrospermum Parkii (Shea) Butter, Tetrasodium Glutamate Diacetate, Hydrogenated Polydecene, Helianthus Annuus (Sunflower) Seed Oil, Calcium Chloride, 1,2-Hexanediol, Hydrogenated Lecithin, Stearic Acid, Phytosphingosine, Cholesterol, Tetraacetylphytosphingosine, Phytol, Glycosphingolipids, Citric Acid, Tetramethyl Acetyloctahydronaphthalenes, Linalool, Linalyl Acetate, Limonene, Hexyl Cinnamal, Citrus Aurantium Peel Oil, Acetyl Cedrene, Lavandula Oil/Extract, Pogostemon Cablin (Patchouli) Oil, Geraniol, Coumarin, Geranyl Acetate

Die Liste der Inhaltsstoffe kann sich ändern. Bitte beachte die Verpackung des gekauften Produkts.
",,FALSE,FALSE,FALSE
Rituals - Homme - Gesichtspeeling Mit Kohle - the Ritual Of Samurai Charcol Face Scrub men,https://media.sephora.eu/content/dam/digital/pim/published/R/RITUALS/615410/276930-media_swatch.jpg?scaleWidth=500&scaleHeight=500&scaleMode=fit,"Entfernt Unreinheiten sowie abgestorbene Hautzellen, damit deine Poren frei bleiben.

Das Kohle-Gesichtspeeling enthält Ginseng und Purify Complete für ein revitalisierendes Peeling, das deine Haut reinigt.

Ein wöchentliches Peeling erfrischt nicht nur deinen Teint, sondern hilft auch dabei, eingewachsene Haare zu verhindern und deine nächste Rasur zu erleichtern:
- Reinigend
- Mit natürlicher Kohle, um Unreinheiten zu beseitigen
- Ginseng + Purify Complex
- Für alle Hauttypen geeignet, auch für empfindliche Haut
- Dermatologisch getestet
- 98 % Inhaltsstoffe natürlichen Ursprungs
Vegan : Produkte aus natürlich gewonnenen Inhaltsstoffen. --125ml",125ml,14.45,Rituals,Gesichtsreinigung,"Water/Aqua, Cetearyl Alcohol, Glycerin, Bambusa Arundinacea Stem Powder, Butyrospermum Parkii (Shea) Butter, Oryza Sativa (Rice) Bran Oil, Palmitic Acid, Stearic Acid, Helianthus Annuus (Sunflower) Seed Oil, Caprylic/Capric Triglyceride, Vitis Vinifera (Grape) Seed Oil, Charcoal Powder, Sodium Cetearyl Sulfate, Panax Ginseng Root Extract, Tocopherol, Xanthan Gum, Phytic Acid, Sodium Hydroxide, Parfum/Fragrance, Limonene, Linalool, Citronellol, Caprylyl Glycol, Decylene Glycol, Potassium Sorbate, Phenoxyethanol

Die Liste der Inhaltsstoffe kann sich ändern. Bitte beachten Sie die Verpackung des gekauften Produkts.
","Vor der Rasur verwenden, damit die Klinge leichter und gründlicher über die Haut gleitet, oder bevor du deine Gesichtscreme aufträgst.
Massiere eine haselnussgroße Menge in dein Gesicht ein und vermeide dabei die Augenpartie.
Mit lauwarmem Wasser abspülen und das Gesicht mit einem Handtuch abtrocknen.
Einmal pro Woche anwenden.",TRUE,TRUE,FALSE
Rituals - Homme - Recharging Skin Concentrate,https://rituals.scene7.com/is/image/rituals/1120271-rituals-homme-serum-booster-hydration-20ml:3-by-4?fmt=webp-alpha&hei=200&resMode=sharp2&wid=150,"Leichte, wirkungsstarke Formel, die die Haut intensiv mit Feuchtigkeit versorgt. Das Serum wirkt auch als Booster und sorgt für jung aussehende, belebte Haut. Angereichert mit Vitamin E und Hyaluronsäure zur Feuchtigkeitspflege sowie einer einzigartigen Kombination aus fünf Algenextrakten, die den Feuchtigkeitshaushalt unterstützen und die Haut beleben. Erzielt allein verwendet hervorragende Ergebnisse oder verstärkt in Kombination die Wirkung Ihrer bevorzugten Homme Gesichtscreme. --20ml",20ml,19.90,Rituals,Serum,"Aqua/Water, Glycerin, Propanediol, 3-O-Ethyl Ascorbic Acid, Isomalt, Palmitoyl Tripeptide-5, Phytol, Phenoxyethanol, Hydroxyethylcellulose, Ethylhexylglycerin, Citric Acid, Tetrasodium Glutamate Diacetate.

Die Liste der Inhaltsstoffe kann sich ändern. Bitte beachte die Verpackung des gekauften Produkts.
","Morgens und abends nach der Reinigung einige Tropfen Serum auf das leicht feuchte Gesicht auftragen und sanft einklopfen. Nach einer kurzen Einwirkzeit die gewohnte Tages- oder Nachtpflege darübergeben, um die Wirkstoffe in der Haut einzuschließen.",TRUE,TRUE,FALSE
Rituals - Rituals Homme - Gesichtsreinigungsschaum - rituals Homme Face Cleasing Foam 150ml,https://media.sephora.eu/content/dam/digital/pim/published/R/RITUALS/667598/317829-media_swatch.jpg?scaleWidth=500&scaleHeight=500&scaleMode=fit,"Beseitige Hautunreinheiten mit dem Rituals Homme Gesichtsreinigungsschaum. Mit seiner leichten Textur reinigt er deine Haut, ohne ihr das natürliche Fett zu entziehen. Formuliert mit natürlichen Inhaltsstoffen wie Ginseng und dem Purify-Komplex - mit Kohle, Ginsengextrakt und Milchsäure - für eine gründlich gereinigte Haut.

Vegan : Produkte aus natürlich gewonnenen Inhaltsstoffen. --150ml",150ml,12.45,Rituals,Gesichtsreinigung,"Water/Aqua, Cocamidopropyl Betaine, Coco-Glucoside, Glycerin, Sodium Chloride, Parfum/Fragrance, Lactic Acid, Charcoal Powder, Butylene Glycol, Panax Ginseng Root Extract, Limonene, Linalool, Sodium Benzoate, Potassium Sorbate, Sodium Hydroxide

Die Liste der Inhaltsstoffe kann sich ändern. Bitte beachten Sie die Verpackung des gekauften Produkts.
",Durch simplen Druck auf den Spender verwandelt sich diese Reinigungslotion in einen zarten Schaum. Morgens und abends sanft in die Haut einmassieren und dabei die Augenpartie aussparen.,TRUE,TRUE,FALSE
Rituals - The Ritual Of Karma - Sonnenschutz Für Das Gesicht Spf 30 - the Ritual Of Karma Sun Face Cream Spf30,https://media.sephora.eu/content/dam/digital/pim/published/R/RITUALS/692577/324974-media_swatch.jpg?scaleWidth=500&scaleHeight=500&scaleMode=fit,"Die The Ritual of Karma Sonnencreme für das Gesicht SPF 30 zieht schnell in die Haut ein und sorgt für einen gleichmäßigen, wasserfesten Breitbandschutz. 

Diese Feuchtigkeitscreme enthält unseren intensiv feuchtigkeitsspendenden Komplex und beruhigt trockene und feuchtigkeitsarme Haut, um sie wieder geschmeidig und elastisch zu machen. Sie hinterlässt keine weißen Spuren auf der Haut und hat nach dem Auftragen ein mattes Finish. 

Sie ist mit einer wirkungsvollen Mischung aus natürlichen Antioxidantien angereichert, bestehend aus weißem Tee, Vitamin E und Lotusblüte. Außerdem enthält sie Rotalgen und Mikroalgen, die den Lichtschutzfaktor auf natürliche Weise erhöhen. --50ml",50ml,15.45,Rituals,Sonnenschutz,"Aqua/Water, Diethylamino Hydroxybenzoyl Hexyl Benzoate, Glycerin, Ethylhexyl Stearate, Isopropyl Palmitate, Ethylhexyl Salicylate, Potassium Cetyl Phosphate, C12-15 Alkyl Benzoate, Cetearyl Alcohol, Tocopheryl Acetate, Nannochloropsis Oculata Extract, Camellia Sinensis Leaf Extract, Porphyra Umbilicalis Extract, Aloe Barbadensis Leaf Extract, Nelumbo Nucifera Flower Extract, Silybum Marianum Seed Oil, Squalane, Parfum/Fragrance, Bis-Ethylhexyloxyphenol Methoxyphenyl Triazine, Ethylhexyl Triazone, Phenylbenzimidazole Sulfonic Acid, Diethylhexyl Butamido Triazone, Glyceryl Stearate, Xanthan Gum, Microcrystalline Cellulose, Polyglyceryl-2 Dipolyhydroxystearate, Acacia Senegal Gum, Cellulose Gum, Alcohol, Caprylyl Glycol, Caprylhydroxamic Acid, Benzyl Alcohol, Benzyl Salicylate, Limonene, Linalool, Hexyl Cinnamal, Alpha-Isomethyl Ionone, Citronellol, Citral, Aminomethyl Propanol.

Die Liste der Inhaltsstoffe kann sich ändern. Bitte beachte die Verpackung des gekauften Produkts.","Trage die Sonnencreme (für die besten Ergebnisse) etwa 30 Minuten vor dem Sonnenbad großzügig auf, damit sie von der Haut aufgenommen werden kann und sie durch das Schwitzen weniger wahrscheinlich verloren geht. Wiederhole die Anwendung vor allem nach dem Schwitzen, Schwimmen oder Abtrocknen regelmäßig.",TRUE,FALSE,FALSE
Round Lab - 1025 Dokdo Toner 100 ml,https://www.mystationary.de/media/84/49/9a/1775885409/3a5969da3bd581e42b881d34b50d840569ff9f9e_MS_0063176_image_1_574875_1025_dokdo_toner_exfoliacni_pletove_tonikum.jpg?ts=1775885412,"Der Round Lab 1025 Dokdo Toner ist ein hochwirksamer Toner, der entwickelt wurde, um deiner Haut intensive Feuchtigkeit und Pflege zu bieten. Dieser Toner wurde sorgfältig formuliert, um die Haut zu beruhigen, zu erfrischen und gleichzeitig ihre natürliche Schutzbarriere zu stärken. Ein herausragender Inhaltsstoff des Round Lab 1025 Dokdo Toners ist das Meerwasser aus der Dokdo-Insel. Dieses Meerwasser ist reich an wertvollen Mineralien und Spurenelementen, die dazu beitragen, die Haut zu nähren und mit essentieller Feuchtigkeit zu versorgen. Es hat eine erfrischende Wirkung und hinterlässt ein angenehmes, hydratisiertes Gefühl auf der Haut. Chondrus Crispus Extract, auch Irisch Moss Extrakt oder Carrageenan-Extrakt genannt, wirkt wegen der vielen Mineralien und Spurenelemente mineralisierend und antioxidativ auf die Haut. Es spendet der haut Feuchtigkeit und kann bei trockener und strapazierter Haut und Hautproblemen wie Eczema helfen. Der enthaltene Zuckerrohrextrakt, welcher auch unter der Bezeichnung Saccharum Officinarum bekannt ist, verringert die Talgproduktion und sorgt somit für ein schönes Hautbild. Des Weiteren fördert der Wirkstoff die Herstellung von Kollagen. Dies ist vor allem der Anti Aging Wirkung zuträglich und sorgt auf Dauer für ein gesundes, straffes Hautbild. 
Für welche Hauttypen ist der Round Lab 1025 Dokdo Toner geeignet?
Dieser Toner eignet sich hervorragend für alle Hauttypen, einschließlich empfindlicher Haut. Er kann in deine tägliche Hautpflege-Routine integriert werden und ist sowohl morgens als auch abends anwendbar. Mit kontinuierlicher Anwendung wird dein Teint sichtbar revitalisiert, erfrischt und mit intensiver Feuchtigkeit versorgt. --200ml",200ml,15.95,Round Lab,Toner,"Aqua, Butylene Glycol, Pentylene Glycol, Glycerin, Propanediol, 1,2-Hexanediol, Chondrus Crispus Extract, Saccharum Officinarum Extract, Protease, Betaine, Panthenol, Ethylhexylglycerin, Maris Aqua, Xanthan Gum, Disodium EDTA, Allantoin, Tocopherol.

Die Liste der Inhaltsstoffe kann sich ändern. Bitte beachte die Verpackung des gekauften Produkts.
","So benutzt Du das Gesichtswasser:
  Als Gesichtsmaske: Die entsprechende Menge auf ein Wattepad geben und über das gesamte Gesicht wischen, um die Haut zu klären.
 Als Spot Relief Maske: Wattepads mit dem Produkt befeuchten und für 5-10 Minuten auf die betroffenen Stellen legen, um die gereizte Haut zu beruhigen.",TRUE,TRUE,TRUE
Round Lab - Birch Juice Moisturizing Cream,https://korean-skincare.de/cdn/shop/files/Product-page-sizes_0ebf1d59-686f-4849-8365-bde6fea2f50b.jpg?v=1751274392,"Die ROUND LAB Birch Juice Moisturizing Cream ist eine nährende und feuchtigkeitsspendende Creme, die reich an Birkenextrakt und Vitamin-Hyaluronsäure ist. Birkenextrakt hilft, die Kollagenproduktion zu stimulieren und die Heilung der Haut zu fördern. Sie verbessert die Elastizität und Geschmeidigkeit der Haut und mildert gleichzeitig das Erscheinungsbild von feinen Linien und Fältchen. --80ml",80ml,27.95,Round Lab,Feuchtigkeitspflege,"Water, Glycerin, Isononyl Isononanoate, Isododecane, 1,2-Hexanediol, Pentylene Glycol, Polydecene, Betula Platyphylla Japonica Juice (10,000 ppm), Jojoba Esters, Panthenol, Glyceryl Glucoside, Acacia Senegal Gum, Hydrolyzed Hibiscus Esculentus Extract, Sodium Hyaluronate, Hyaluronic Acid, Lupinus Albus Seed Extract, Moringa Oleifera Seed Extract, Melia Azadirachta Leaf Extract, Coccinia Indica Fruit Extract, Aloe Barbadensis Flower Extract, Solanum Melongena (Eggplant) Fruit Extract, Ocimum Sanctum Leaf Extract, Corallina Officinalis Extract, Curcuma Longa (Turmeric) Root Extract, Ascorbic Acid, Pentaerythrityl Tetraethylhexanoate, Ammonium Acryloyldimethyltaurate/VP Copolymer, Polyglyceryl-3 Methylglucose Distearate, Acrylates/C10-30 Alkyl Acrylate Crosspolymer, Tromethamine, Glyceryl Acrylate/Acrylic Acid Copolymer, Ethylhexylglycerin, Agar, Dipotassium Glycyrrhizate, Glyceryl Caprylate, Butylene Glycol, Disodium EDTA

Die Liste der Inhaltsstoffe kann sich ändern. Bitte beachte die Verpackung des gekauften Produkts.
","Als letzten Schritt der Hautpflege eine angemessene Menge des Produkts auf die Haut auftragen, um eine Feuchtigkeitsbarriere zu schaffen.
Das Produkt in die Haut einziehen lassen.",TRUE,TRUE,TRUE
Round Lab - Birch Juice Moisturizing Sun Cream SPF50+ PA++++,https://korean-skincare.de/cdn/shop/files/RoundLab_BirchJuiceMoisturizingSunCream_Packshot.jpg?v=1761649515,"Die ROUND LAB Birch Juice Moisturizing Sun Cream SPF50+ PA++++ wurde in der beliebten koreanischen Beauty-App Hwahae zum besten Sonnenschutzmittel gewählt! Die Round Lab Birch Juice Moisturizing Sun Cream ist ein täglicher Sonnenschutz für alle Hauttypen, der die Haut mit Feuchtigkeit versorgt, ohne zu beschweren. Die leichte Formel enthält Birkensaft und Hyaluronsäure, um die Poren zu verengen und die Haut auszugleichen und zu straffen. --50ml",50ml,26.95,Round Lab,Sonnenschutz,"Water (Aqua), Dibutyl Adipate, Propanediol, Diethylamino Hydroxybenzoyl Hexyl Benzoate, Polymethylsilsesquioxane, Ethylhexyl Triazone, Methylene Bis-Benzotriazolyl Tetramethylbutylphenol (Nano), Niacinamide, Coco-Caprylate/Caprate, Caprylyl Methicone, Diethylhexyl Butamido Triazone, Glycerin, 1,2-Hexanediol, Butylene Glycol, Pentylene Glycol, Behenyl Alcohol, Poly C10-30 Alkyl Acrylate, Polyglyceryl-3 Methylglucose Distearate, Decyl Glucoside, Tromethamine, Carbomer, Betula Platyphylla Japonica Juice, Acrylates/C10-30 Alkyl Acrylate Crosspolymer, Sodium Stearoyl Glutamate, Artemisia Annua Extract, Polyacrylate Crosspolymer-6, Anthemis Nobilis Flower Oil, Ethylhexylglycerin, Adenosine, Xanthan Gum, Pinus Sylvestris Leaf Oil, T-Butyl Alcohol, Tocopherol, Allantoin, Dipotassium Glycyrrhizate, Glyceryl Glucoside, Portulaca Oleracea Extract, Sodium Hyaluronate, Hyaluronic Acid, Ascorbic Acid

Die Liste der Inhaltsstoffe kann sich ändern. Bitte beachte die Verpackung des gekauften Produkts.
",Gleichmäßig auf die der Sonne ausgesetzten Stellen auftragen.,TRUE,FALSE,FALSE
Round Lab - Soybean Nourishing Toner,https://www.mystationary.de/media/52/e5/1d/1775877401/91665ce63300ce54460a0fc74ecae065a6cce7aa_MS_0063172_image_1_574862_soybean_toner_vyzivujici_pletove_tonikum_pro_suchou_a_dehydratovanou_.jpg?ts=1775877402,"Erlebe mit dem Round Lab Soybean Nourishing Toner eine straffe und tief mit Feuchtigkeit versorgte Haut mit schwarzem Sojabohnenextrakt und Adenosin. Ideal geeignet, um trockene Haut zu lindern und das Auftreten feiner Linien zu reduzieren.
Yakkong-Sojabohnen sind viel reicher an Anthocyane und Isoflavone als gewöhnliche Sojabohnen. In der orientalischen Medizin wird es seit der Antike häufig zur Behandlung und Entgiftung verschiedener Krankheiten eingesetzt. Insbesondere schwarze Sojabohnen enthalten Glycitein und Langsanium, die viermal höher ist als die von gewöhnlichen Sojabohnen und daher wirksam gegen Alterung ist. Saponine wirken säurehemmend und entziehen dem Körper Schadstoffe. Es enthält außerdem ungesättigte Fettsäuren, die die Ansammlung von Cholesterin in Blutgefäßen verhindern. Die Yakkong-Schale enthält Glycerin und Genistin, wirkt säurehemmend und antioxidant.
 Phosphat beugt der Hautalterung durch UV-Strahlen vor, enthält Vitamin E und hilft, Sonnenflecken und Sommersprossen zu beseitigen. Rektinsäure schützt zusätzlich geschädigte Haut durch die Aktivierung von Vitamin A.
 Für welchen Hauttyp ist der Toner geeignet?
 Der Round Lab Soybean Nourishing Toner ist für alle Hauttypen geeignet, aber besonders vorteilhaft für trockene und reife Haut. Selbstverständlich können auch andere Hauttypen von den Vorteilen dieses Toners profitieren. Er versorgt die Haut mit Feuchtigkeit, verbessert die Elastizität und verleiht ihr ein strahlendes Aussehen. --300ml",300ml,21.95,Round Lab,Toner,"Water, Propanediol, Butylene Glycol, 1,2-Hexanediol, Glycerin, Glycine Max Seed Extract, Ceramide NP, Chondrus Crispus Extract, Saccharum Officinarum Extract, Sodium Hyaluronate, Sodium Hyaluronate, Panthenol, Pentylene Glycol, Diphenyl Dimethicone, Triethylhexanoin, Caprylyl Glycol, Hydrogenated Lecithin, Ethylhexylglycerin, Adenosine, Tromethamine, Caprylic/Capric Triglyceride, Dextrin, Dipotassium Glycyrrhizate, Carbomer, Disodium EDTA, Theobroma Cacao Seed Extract.

Die Liste der Inhaltsstoffe kann sich ändern. Bitte beachte die Verpackung des gekauften Produkts.
","Nimm nach der Reinigung eine angemessene Menge und trage sie auf die Haut auf.
 
 Massiere es sanft in die Haut ein, damit es einziehen kann.",TRUE,TRUE,TRUE
Sauvage - Mencare - Sauvage Cleanse - Gesichtsreiniger - Schwarze Kohle und Kaktus ,https://www.dior.com/dw/image/v2/BGXS_PRD/on/demandware.static/-/Sites-master_dior/default/dw34e04ca4/Y0997146/Y0997146_C099700672_E01_RHC.jpg?sw=1280,"Reinigen und klären, ohne die Haut auszutrocknen: Mit Sauvage Cleanser hat Dior einen Gesichtsreiniger entwickelt, der zu 90 %¹ aus Inhaltsstoffen natürlichen Ursprungs besteht und speziell für Männerhaut entwickelt wurde, die dicker ist und mehr Talg produziert als die Haut von Frauen.

Die Dior Sauvage Hautpflege-Kollektion schöpft ihre aktive Kraft aus dem Herzen des Kaktus, einer hochwirksamen Pflanze, die mit nur anderen wenigen in der Wüste überlebt. Angereichert mit wässrigem Kaktusextrakt, der dazu beiträgt, die Wasseraufnahme durch die Haut zu verbessern, sowie Schwarzkohlepulver natürlichem Ursprungs mit reinigenden Eigenschaften und jetzt auch mit einem Extrakt aus Kaktusfruchtfleisch aus dem Garten von Dior auf Lanzarote, der für seine belebende Wirkung bekannt ist, reduziert dieser Gesichtsreiniger überschüssiges Hautfett und hinterlässt die Haut sauber, klar und geschmeidig. 99%² der Hautunreinheiten werden entfernt, selbst die feinsten Partikel. --125ml",125ml,51.00,Sauvage,Gesichtsreinigung,"Water/Aqua, Lauryl Glucoside, Cocamidopropyl Betaine, Glycerin, Disodium Cocoyl Glutamate, Acrylates Copolymer, Pentylene Glycol, 1,2-Hexanediol, Sodium Cocoyl Glutamate, Opuntia Coccinellifera Flower Extract, Polyglyceryl-10 Stearate, Menthoxypropanediol, Parfum/Fragrance, Sodium Benzoate, Polyglyceryl-10 Oleate, Hydroxyacetophenone, Sodium Hydroxide, Charcoal Powder, Opuntia Ficus-Indica Stem Extract, Iron Oxides (CI 77499), Citric Acid, Tocopherol, Silica, Caprylyl Glycol, Disodium Phosphate

Die Liste der Inhaltsstoffe kann sich ändern. Bitte beachten Sie die Verpackung des gekauften Produkts.
","In Kontakt mit Wasser verwandelt sich die schwarze Gel-Textur in einen großzügigen, frischen und dezent duftenden weißen Schaum, der der Haut ein angenehmes Gefühl verleiht und sie 8 Stunden³ lang mit Feuchtigkeit versorgt. Leicht abspülbar reinigt dieser Schaum Gesicht und Bart sanft. Als Ergänzung zur Gesichtsreinigung kann dieses Produkt ein Mal pro Woche als Maske aufgetragen werden.

Die Pumpflasche für den Dior Sauvage Cleanser wurde für eine einfache tägliche Anwendung entwickelt und kann unter der Dusche verwendet werden.",TRUE,TRUE,FALSE
Seasonly - Gelée Nettoyante Visage - Gesichtsreinigungsgelee - cleansing Gel 100ml,https://media.sephora.eu/content/dam/digital/pim/published/S/SEASONLY/559231/240805-media_swatch.jpg?scaleWidth=500&scaleHeight=500&scaleMode=fit,"Reinigungsgel: um das Abschminken abzurunden
Mit 98,7% der Inhaltsstoffe natürlichen Ursprungs reinigt und beruhigt dieses Gesichtsreinigungsgel alle Hauttypen. Das sehr milde Gel ergänzt ideal eine zweifache Reinigungsroutine nach der Verwendung eines Abschminkmittels.

Vegan : Produkte aus natürlich gewonnenen Inhaltsstoffen. --100ml",100ml,18.5,Seasonly,Gesichtsreinigung,"Water, Glycerin, Decyl Glucoside, Xanthan Gum, Parfum/Fragrance, Calendula Officinalis Flower Extract, Helianthus Annuus (Sunflower) Seed Oil, Leuconostoc/Radish Root Ferment Filtrate, Sodium Benzoate, Citric Acid, Red 33 (CI 17200)

Die Liste der Inhaltsstoffe kann sich ändern. Bitte beachten Sie die Verpackung des gekauften Produkts.
","Morgens: allein verwenden.

Abends: als zweiten Schritt nach dem Abschminken verwenden, um eine perfekte doppelte Reinigung sicherzustellen.

Ein Tipp: Es reicht, eine kleine Produktmenge mit den Fingerspitzen aufzunehmen und in der Handmitte aufzuwärmen. Dann auf feuchte Haut auftragen, einmassieren und abwaschen.
Tägliche Anwendung: morgens allein, abends zur Reinigung in zwei Schritten nach dem Seasonly Abschminköl.",TRUE,TRUE,FALSE
Seasonly - Lotion purifiante - Klärende Reinigungspflege,https://media.sephora.eu/content/dam/gdam/europe/digital/pim/published/S/SEASONLY/559243/240817-media_swatch.jpg?scaleWidth=750&scaleHeight=750&scaleMode=fit,"Gesichtslotion: für eine geklärte Haut
Die zu 96% natürliche Lotion klärt die Haut und absorbiert überschüssigen Talg, um ein mattiertes Erscheinungsbild zu gewährleisten. Sie ergänzt u.a. die Wirkung des Serums gegen Unreinheiten.

Die Vorteile:
Die mit Niacinamid (VItamin B3) und Zink angereicherte Formel hilft ebenfalls, die Poren zu verengen. Diese Gesichtslotion ist reich an AHA-Fruchtsäuren, die die Zellerneuerung fördern, um das Hautbild zu glätten und seine Struktur zu verbessern. Die Haut ist geklärt und glänzt weniger, die Hautporen werden bei jeder Anwendung verengt. --100ml",100ml,24.50,Seasonly,Toner,"Aqua, Niacinamide, Glycerin, Leuconostoc/Radish Root Ferment Filtrate, Vaccinium Myrtillus Fruit Extract, Lactic Acid, Saccharum Officinarum Extract, Sodium Hydroxide, Sea Water, Xanthan Gum, Polyglyceryl-4 Caprate, Polyglyceryl-6 Caprylate, Citrus Limon Fruit Extract, Citrus Aurantium Dulcis Fruit Extract, Acer Saccharum Extract, Parfum, Phenethyl Alcohol, Aloe Barbadensis Leaf Extract, Plankton Extract, Cucumis Sativus Fruit Extract, Geranium Robertianum Extract, Maltodextrin, Hydrolyzed Gardenia Florida Extract, Hydrolyzed Algin, Gardenia Jasminoides Fruit Extract, Citric Acid, Sodium Benzoate, Zinc Sulfate, Potassium Sorbate.

Die Liste der Inhaltsstoffe kann sich ändern. Bitte beachte die Verpackung des gekauften Produkts.
","Morgens und abends mit einem Wattebausch auf saubere Haut auftragen.
Besonders die T-Zone und die glänzenden Zonen beachten.",TRUE,TRUE,FALSE
Shiseido - Bio-Performance Advanced Super Revitalizing Cream 75 ml,https://www.mystationary.de/media/af/81/82/1775854310/ced0819cff7e6f4810165e68e22a361b6246d1cd_MS_0066073_image_1_0729238103214_1.jpg?ts=1775854312,"Die Shiseido Bio-Performance Advanced Super Revitalizing Cream ist eine reichhaltige Anti-Aging-Creme, die die Haut intensiv pflegt und ihr ein glatteres, strafferes Aussehen verleiht.
Die Formel hilft, sichtbare Zeichen der Hautalterung wie feine Linien, Trockenheit und einen fahlen Teint zu mildern. Sie versorgt die Haut langanhaltend mit Feuchtigkeit und unterstützt ein geschmeidiges, revitalisiertes Hautgefühl.
--75 ml",75 ml,74.95,Shiseido,Feuchtigkeitspflege,"Water (Aqua), Glycerin, Butylene Glycol, Isododecane, Isohexadecane, Dimethicone, Cetyl Ethylhexanoate, Hydrogenated Polydecene, Disteardimonium Hectorite, PEG-9 Polydimethylsiloxyethyl Dimethicone, PEG-150, PEG-8 Diisostearate, Phenoxyethanol, Methylparaben, Ethylparaben, Phytosteryl Macadamiate, Sodium Citrate, Fragrance (Parfum), Disodium EDTA, Tocopheryl Acetate, Stearyl Glycyrrhetinate, Hydroxyproline, Citric Acid, Sodium Metaphosphate, Benzyl Benzoate, Alpha-Isomethyl Ionone, Butylphenyl Methylpropional, Hexyl Cinnamal, Linalool, Limonene, Sodium Acetylated Hyaluronate, Citronellol, Geraniol, Saccharomyces Ferment Lysate Filtrate, Rubus Idaeus (Raspberry) Fruit Extract, Iron Oxides (CI 77492), Syzygium Jambos Leaf Extract, Iron Oxides (CI 77491), Tocopherol

Die Liste der Inhaltsstoffe kann sich ändern. Bitte beachte die Verpackung des gekauften Produkts.
","Morgens und abends nach der Reinigung und Ausgleichung gleichmäßig auf das Gesicht auftragen. Um die Produktreinheit zu gewährleisten, verwenden Sie beim Entnehmen von Sahne aus dem Glas immer den speziell mitgelieferten Spatel.",TRUE,TRUE,FALSE
Shiseido - Energizing Moisturizer Extra Light Fluid - Men,https://www.shiseido.de/on/demandware.static/-/Sites-itemmaster_shiseido_emea/default/dw338d8a28/images/pdp-images/1_Resizing_Project/768614171546-Energizing_Moisturizer_Extra_Light-Fluid_1.jpg?frz-v=1516,"Energizing Moisturizer Extra Light Fluid von Shiseido ist eine Gesichtscreme für Männer. Gönn Deiner Haut eine Extraportion Energie mit diesem leichten Fluid, das speziell auf die Bedürfnisse männlicher Haut abgestimmt ist. Angereichert mit Aqua-in-Pool, Angelica Wurzelextrakt und Tsubaki-Samenextrakt, sorgt es für maximale Feuchtigkeit und belebt Deine Haut spürbar. Es zieht schnell ein und hinterlässt ein frisches Gefühl, während es feine Linien mildert und die Zeichen von Müdigkeit reduziert. Nach der Reinigung oder Rasur aufgetragen – idealerweise nach dem Shiseido Men Ultimune Power Infusing Concentrate – versorgt es Deine Haut bis zu 32 Stunden lang intensiv mit Feuchtigkeit. Selbst die Augenpartie kann von diesem Fluid profitieren. Zwei Dosiermengen reichen aus, um Dein Gesicht gleichmäßig zu verwöhnen. Pluspunkt: Es ist dermatologisch getestet und verspricht langanhaltende Frische. --100ml",100ml,65.00,Shiseido,Feuchtigkeitspflege,"Water (Aqua/Eau), Alcohol, Glycerin, Butylene Glycol, Dipropylene Glycol, Xylitol, Diphenylsiloxy Phenyl Trimethicone, Diethylhexyl Succinate, Dimethicone, Silica, Erythritol, PEG/PPG-14/7 Dimethyl Ether, Phenoxyethanol, Behenyl Alcohol, Triethanolamine, Carbomer, Batyl Alcohol, Tocopheryl Acetate, PEG/PPG-17/4 Dimethyl Ether, Phytosteryl/Octyldodecyl Lauroyl Glutamate, Fragrance (Parfum), Acrylates/C10-30 Alkyl Acrylate Crosspolymer, Trisodium EDTA, Polyquaternium-51, Lauryl Betaine, Oryza Sativa (Rice) Germ Oil, Limonene, Hydrogenated Lecithin, Angelica Acutiloba Root Extract, Linalool, Cinnamomum Cassia Bark Extract, Oryzanol, Camellia Japonica Seed Extract, Perilla Ocymoides Leaf Extract, Sodium Benzoate, Tocopherol

Die Liste der Inhaltsstoffe kann sich ändern. Bitte beachte die Verpackung des gekauften Produkts.
","Nach der Reinigung und/oder Rasur auftragen
Davor SHISEIDO MEN ULTIMUNE™ Power Infusing Concentrate verwenden.
Kann auch für die Augenpartie verwendet werden.


Zwei Pumpstöße entnehmen und mit den Handflächen gleichmäßig auf dem Gesicht verteilen.",TRUE,FALSE,FALSE
Shiseido - Essential Energy Hydrating Day Cream SPF 20 50 ml,https://www.mystationary.de/media/16/b4/bb/1775854303/34ecb4598eeab2906acbdf7c5b8bf07829dfc210_MS_0066072_image_1_0729238182875.jpg?ts=1775854306,"Die Shiseido Essential Energy Hydrating Day Cream SPF 20 ist eine feuchtigkeitsspendende Tagescreme, die die Haut pflegt und ihr neue Energie verleiht.
Die Formel versorgt die Haut intensiv mit Feuchtigkeit, unterstützt ein frisches, strahlendes Hautbild und schützt gleichzeitig vor UV-Strahlung. Die angenehme Textur zieht gut ein und hinterlässt die Haut geschmeidig und gepflegt.
SPF 20
--50 ml",50 ml,40.95,Shiseido,Sonnenschutz,"Water (Aqua/Eau), Alcohol Denat., Dimethicone, Glycerin, Homosalate, Ethylhexyl Salicylate, Octocrylene, Dipropylene Glycol, Isodecyl Neopentanoate, Butyl Methoxydibenzoylmethane, PEG-20, Polysilicone-15, Behenyl Alcohol, Diglycerin, Silica, Phenoxyethanol, Polysilicone-11, Ammonium Acryloyldimethyltaurate/Beheneth-25 Methacrylate Crosspolymer, Batyl Alcohol, Butylene Glycol, Bis-Butyldimethicone Polyglyceryl-3, Chlorphenesin, Carbomer, Potassium Hydroxide, Erythritol, PEG/PPG-14/7 Dimethyl Ether, PEG/PPG-17/4 Dimethyl Ether, Fragrance (Parfum), PEG-60 Glyceryl Isostearate, Lauryl Betaine, Alcohol, Tocopherol, BHT, Acrylates/C10-30 Alkyl Acrylate Crosspolymer, 2-O-Ethyl Ascorbic Acid, Xanthan Gum, Sodium Metabisulfite, Caffeine, Isostearic Acid, Sodium Metaphosphate, Disodium EDTA, PPG-3 Dipivalate, Phytosteryl Macadamiate, Linalool, Iron Oxides (CI 77492), Limonene, Citrus Unshiu Peel Extract, Sodium Hyaluronate, Angelica Keiskei Leaf/Stem Extract, Ziziphus Jujuba Fruit Extract, Panax Ginseng Root Extract, Sodium Acetylated Hyaluronate, Iron Oxides (CI 77491), Scutellaria Baicalensis Root Extract, Syzygium Jambos Leaf Extract, Alpinia Speciosa Leaf Extract, Sodium Benzoate, Rosmarinus Officinalis (Rosemary) Leaf Extract, Sanguisorba Officinalis Root Extract, Pyrola Incarnata Extract

Die Liste der Inhaltsstoffe kann sich ändern. Bitte beachte die Verpackung des gekauften Produkts.
","Jeden Morgen nach der Reinigung und dem Ultimune Serum auftragen. Creme mit den Fingerspitzen auf Wangen, Stirn, Nase und Kinn auftragen. Die Creme ausgehend von größeren Gesichtspartien, wie Wangen und Stirn, gleichmäßig von der Mitte nach außen hin Gesicht verteilen.",TRUE,FALSE,FALSE
Shiseido - Expert Sun Protector Cream SPF30 50 ml,https://cdn.perfumetrader.de/media/catalog/product/cache/1/image/400x400/602f0fa2c1f0d1ba5e241f914e856ff9/a/f/fbd98bf3435a7fddd1d105e5b4181878/shiseido-shiseido-expert-sun-protector-cream-spf30-50-ml-768614212355.png,"Diese hochwirksame Sonnenschutzcreme ist mit der innovativen SynchroShield™-Technologie ausgestattet, die den Schutzfilm bei Hitze sowie bei Kontakt mit Wasser oder Schweiß verstärkt.
Sie bietet unsichtbaren, umfassenden Schutz vor UVA- und UVB-Strahlen sowie vor dem Austrocknen der Haut. Die schnell einziehende Formel enthält pflegende Inhaltsstoffe, die helfen, lichtbedingten feinen Linien, Falten und Pigmentflecken vorzubeugen. --50ml",50ml,28.50,Shiseido,Sonnenschutz,"Water (Aqua/Eau), Dimethicone, Butylene Glycol, Diisopropyl Sebacate, Octocrylene, Silica, Alcohol, Isopropyl Myristate, Cetyl PEG/PPG-10/1 Dimethicone, PEG/PPG-9/2 Dimethyl Ether, Titanium Dioxide (Nano), Hydrogenated Polydecene, Lauryl PEG-9 Polydimethylsiloxyethyl Dimethicone, Glycerin, Triethylhexanoin, Butyl Methoxydibenzoylmethane, Disteardimonium Hectorite, Trimethylsiloxysilicate, Isododecane, PEG-10 Hydrogenated Castor Oil, Cetyl Ethylhexanoate, Sorbitan Sesquiisostearate, Dextrin Palmitate, Dipotassium Glycyrrhizate, PEG/PPG-14/7 Dimethyl Ether, Aminoethanesulfinic Acid, Saxifraga Sarmentosa Extract, Camellia Sinensis Leaf Extract, Carthamus Tinctorius (Safflower) Flower Extract, Eucheuma Serra/Grateloupia Sparsa/Saccharina Angustata/Ulva Linza/Undaria Pinnatifida Extract, Sodium Hyaluronate, Sophora Angustifolia Root Extract, Saccharina Angustata/Undaria Pinnatifida Extract, PPG-17, Hydrated Silica, PEG-10 Dimethicone, Disodium EDTA, Hydrogen Dimethicone, BHT, Limonene, Linalool, Stearic Acid, Bis-Butyldimethicone Polyglyceryl-3, Polyglyceryl-6 Polyricinoleate, PEG-6, Citronellol, Hexyl Cinnamal, Citral, Sodium Metabisulfite, Geraniol, Syzygium Jambos Leaf Extract, Tocopherol, Phenoxyethanol, Fragrance (Parfum)

Die Liste der Inhaltsstoffe kann sich ändern. Bitte beachte die Verpackung des gekauften Produkts.
","Nach der normalen Hautpflege auftragen.
 Zum Entfernen des Sonnenschutzproduktes gründlich mit der gewohnten Reinigung und Wasser abspülen.
 Kann als Make-up Basis verwendet werden.",TRUE,FALSE,FALSE
Shiseido - Men - Face Cleanser - cleanser Men 125ml,https://media.sephora.eu/content/dam/digital/pim/published/S/SHISEIDO/542284/230801-media_swatch.jpg?scaleWidth=500&scaleHeight=500&scaleMode=fit,"Ein reichhaltiger, feiner Schaum mit wertvollen, pflegenden Inhaltsstoffen speziell entwickelt für die Männerhaut. Entfernt Schmutz, Öl und Produktrückstände* mit dem Dirt Tracker Complex und bewahrt dabei den Feuchtigkeitsgehalt der Haut. Für eine frische und glatte Haut. Auch als Rasierschaum verwendbar. Anti-Oxidationsmittel: Botanischer japanischer TSUBAKI-Extrakt**

DERMATOLOGISCH GETESTET. --125ml",125ml,28.95,Shiseido,Gesichtsreinigung,"Water/Aqua/Eau, Glycerin, Myristic Acid, Stearic Acid, PEG-6, PEG-32, Potassium Hydroxide, Lauric Acid, Sorbitol, Sodium Methyl Cocoyl Taurate, Glyceryl Stearate SE, PEG-60 Glyceryl Isostearate, Silica, Beeswax (Cera Alba/Cire d’Abeille), Parfum/Fragrance, Polyquaternium-6, Trisodium EDTA, Butylene Glycol, Limonene, Mentha Piperita (Peppermint) Leaf Extract, Sophora Angustifolia Root Extract, Tocopherol, Camellia Japonica Seed Extract

Die Liste der Inhaltsstoffe kann sich ändern. Bitte beachten Sie die Verpackung des gekauften Produkts.
","Zuerst die Hände und das Gesicht anfeuchten, dann eine kleine Menge des Produkts in kreisenden Bewegungen zu einem reichhaltigen Schaum verarbeiten und verteilen. Gründlich ausspülen.

Augenkontakt vermeiden.",FALSE,TRUE,FALSE
Shiseido - Shiseido Men - High-performance Antifaltencreme - shiseido Men Total Revitalizer Cream50ml,https://media.sephora.eu/content/dam/digital/pim/published/S/SHISEIDO/584492/271163-media_swatch.jpg?scaleWidth=500&scaleHeight=500&scaleMode=fit,"Bereit, mit Shiseido Men gegen die ersten Zeichen des Alterns zu kämpfen?
Diese neue und fortschrittliche Gesichtscreme für Männer geht gegen 5 wesentliche Zeichen des Alterns vor und hinterlässt Ihre Haut für 48 Stunden mit Feuchtigkeit versorgt

Eine neue und leistungsstarke Hautpflegegeneration
Shiseido Research hat entdeckt, dass die Haut von Männern 10 Jahre vor jener der Frauen Zeichen des Alterns zeigt. Zur Verbesserung der Performance von Männerhaut präsentiert Shiseido ein neues Trio an Hautpflegeprodukten im Sortiment Total Revitalizer, um die Hauptprobleme männlicher Haut anzugehen. Diese Formeln für Gesichtspflege für Männer enthalten alle essenziellen aktiven Inhaltsstoffe, die Männer brauchen, um ihrer Haut neue Energie zu spenden, ihre Stärke zurückzuerhalten und sie umfassend zu revitalisieren.
Entdecken Sie die Antifalten- und Feuchtigkeitscreme für Männer der nächsten Stufe: Total Revitalizer Cream.
--50ml",50ml,74.95,Shiseido,Feuchtigkeitspflege,"Water (Aqua/Eau), Dimethicone, Glycerin, Alcohol, Dipropylene Glycol, Niacinamide, Ammonium Acryloyldimethyltaurate/VP Copolymer, Silica, Xylitol, Phenoxyethanol, Cetyl Ethylhexanoate, Tocopheryl Acetate, Acrylamide/Sodium Acryloyldimethyltaurate Copolymer, Isohexadecane, Polysorbate 60, Butylene Glycol, PEG-20 Glyceryl Isostearate, Fragrance (Parfum), Aminopropyl Dimethicone, Polysorbate 80, Sodium Citrate, Acrylates/C10-30 Alkyl Acrylate Crosspolymer, Dipeptide-15, Dipotassium Glycyrrhizate, Sorbitan Oleate, Potassium Hydroxide, Citric Acid, Sodium Metabisulfite, Sodium Metaphosphate, Oryza Sativa (Rice) Germ Oil, Titanium Dioxide (CI 77891), Limonene, Paeonia Albiflora Root Extract, Hydrogenated Lecithin, Mentha Piperita (Peppermint) Leaf Extract, Linalool, Centaurea Cyanus Flower Extract, Sanguisorba Officinalis Root Extract, Cinnamomum Cassia Bark Extract, Iron Oxides (CI 77492), Aluminum Hydroxide, Sodium Carboxymethyl Beta-Glucan, Fagus Sylvatica Bud Extract, Oryzanol, Camellia Japonica Seed Extract, Perilla Ocymoides Leaf Extract, Benzoic Acid, Glycyrrhiza Glabra (Licorice) Root Extract, Ganoderma Lucidum (Mushroom) Stem Extract, Tocopherol

Die Liste der Inhaltsstoffe kann sich ändern. Bitte beachte die Verpackung des gekauften Produkts.
",,TRUE,FALSE,FALSE
Shiseido - Shiseido Men Ultimune - Stärkendes Serum für Männer,https://media.sephora.eu/content/dam/gdam/europe/digital/pim/published/S/SHISEIDO/542286/230803-media_swatch.jpg?scaleWidth=750&scaleHeight=750&scaleMode=fit,"Legendäres Ultimune – Ein neu formuliertes Serum für das Gesicht für die einzigartigen Ansprüche von Männern.
Schenken Sie Ihrer Haut einen Vorteil für die Zukunft.

Shiseido Research fand heraus, dass die Haut von Männern sich von jener der Frauen in der Fähigkeit unterscheidet, sich vor intrinsischen und äußeren Aggressoren zu schützen und zu verteidigen.
Durch Fokussierung auf die 3 Schwächen der männlichen Haut(1) : innere Verteidigung, antioxidative Kraft und Widerstandskraft gegen Schäden(1) . Dieses Anti-Aging-Serum mit mehrfacher Verteidigungswirkung minimiert das Aussehen von Müdigkeit und Zeichen des Alterns mit Triple TSUBAKI Technology™(2) , während es gleichzeitig für 32 Stunden kontinuierliche Feuchtigkeit spendet(3) .
Das Shiseido Men Ultimune Power Infusing Concentrate Serum ist eine GEsichtpflege für Männer und sorgt für eine gesunde, frische und energetische Haut, beginnend von innen.

Diese Hautpflege für Männer mindert sichtbar das Aussehen von feinen Linien, Rauheit und Trockenheit.

(1)Identifiziert von Shiseido Research


(2)Extrakte von Blatt, Blüte und Samen der japanischen TSUBAKI-Pflanze.


(3) Instrumenteller Test mit 20 Freiwilligen



Wesentliche Inhaltsstoffe:
Verstärkt mit der Triple TSUBAKI Technology, die den antioxidativen japanischen Camellia-Extrakt enthält, stärkt diese Gesichtspflege für Männer die Verteidigung der Haut und minimiert Zeichen von Altern und Müdigkeit.

NICHT KOMEDOGEN.
DERMATOLOGISCH GETESTET. --30ml",30ml,81.95,Shiseido,Serum,"Water (Aqua/Eau), Glycerin, Alcohol Denat., Butylene Glycol, Dipropylene Glycol, Dimethicone, Xylitol, PEG/PPG-17/4 Dimethyl Ether, PEG-12 Dimethicone, Phenoxyethanol, Diphenylsiloxy Phenyl Trimethicone, Ammonium Acryloyldimethyltaurate/Beheneth-25 Methacrylate Crosspolymer, Carbomer, Erythritol, PEG/PPG-14/7 Dimethyl Ether, Dipeptide-15, Tocopheryl Acetate, Phytosteryl/Octyldodecyl Lauroyl Glutamate, Fragrance (Parfum), Alcohol, Potassium Hydroxide, Sodium Methyl Stearoyl Taurate, Silica, Disodium EDTA, Xanthan Gum, Limonene, Sodium Metabisulfite, Paeonia Albiflora Root Extract, Mentha Piperita (Peppermint) Leaf Extract, Linalool, Dipotassium Glycyrrhizate, Houttuynia Cordata Extract, Rosa Roxburghii Fruit Extract, Tocopherol, Sodium Carboxymethyl Beta-Glucan, Fagus Sylvatica Bud Extract, Camellia Sinensis Leaf Extract, Camellia Japonica Leaf Extract, Camellia Japonica Flower Extract, Camellia Japonica Seed Extract, Perilla Ocymoides Leaf Extract, Benzoic Acid, Ganoderma Lucidum (Mushroom) Stem Extract.

Die Liste der Inhaltsstoffe kann sich ändern. Bitte beachte die Verpackung des gekauften Produkts.
","Nach dem Reinigen und vor der Feuchtigkeitspflege verwenden.
Zwei mal drücken, um das Serum über Gesicht und Hals zu verteilen.
Für die besten Ergebnisse morgens und abends verwenden.",TRUE,FALSE,FALSE
Shiseido - Shiseido Men Ultimune - Stärkendes Serum Für Männer - ultimune Power Concentrate Serum 30ml,https://media.sephora.eu/content/dam/digital/pim/published/S/SHISEIDO/542286/230803-media_swatch.jpg?scaleWidth=500&scaleHeight=500&scaleMode=fit,"Legendäres Ultimune – Ein neu formuliertes Serum für das Gesicht für die einzigartigen Ansprüche von Männern.
Schenken Sie Ihrer Haut einen Vorteil für die Zukunft.

Shiseido Research fand heraus, dass die Haut von Männern sich von jener der Frauen in der Fähigkeit unterscheidet, sich vor intrinsischen und äußeren Aggressoren zu schützen und zu verteidigen.
Durch Fokussierung auf die 3 Schwächen der männlichen Haut(1) : innere Verteidigung, antioxidative Kraft und Widerstandskraft gegen Schäden(1) . Dieses Anti-Aging-Serum mit mehrfacher Verteidigungswirkung minimiert das Aussehen von Müdigkeit und Zeichen des Alterns mit Triple TSUBAKI Technology™(2) , während es gleichzeitig für 32 Stunden kontinuierliche Feuchtigkeit spendet(3) .
Das Shiseido Men Ultimune Power Infusing Concentrate Serum ist eine GEsichtpflege für Männer und sorgt für eine gesunde, frische und energetische Haut, beginnend von innen.

Diese Hautpflege für Männer mindert sichtbar das Aussehen von feinen Linien, Rauheit und Trockenheit. --30ml",30ml,66.45,Shiseido,Toner,"Water (Aqua/Eau), Glycerin, Alcohol Denat., Butylene Glycol, Dipropylene Glycol, Dimethicone, Xylitol, PEG/PPG-17/4 Dimethyl Ether, PEG-12 Dimethicone, Phenoxyethanol, Diphenylsiloxy Phenyl Trimethicone, Ammonium Acryloyldimethyltaurate/Beheneth-25 Methacrylate Crosspolymer, Carbomer, Erythritol, PEG/PPG-14/7 Dimethyl Ether, Dipeptide-15, Tocopheryl Acetate, Phytosteryl/Octyldodecyl Lauroyl Glutamate, Fragrance (Parfum), Alcohol, Potassium Hydroxide, Sodium Methyl Stearoyl Taurate, Silica, Disodium EDTA, Xanthan Gum, Limonene, Sodium Metabisulfite, Paeonia Albiflora Root Extract, Mentha Piperita (Peppermint) Leaf Extract, Linalool, Dipotassium Glycyrrhizate, Houttuynia Cordata Extract, Rosa Roxburghii Fruit Extract, Tocopherol, Sodium Carboxymethyl Beta-Glucan, Fagus Sylvatica Bud Extract, Camellia Sinensis Leaf Extract, Camellia Japonica Leaf Extract, Camellia Japonica Flower Extract, Camellia Japonica Seed Extract, Perilla Ocymoides Leaf Extract, Benzoic Acid, Ganoderma Lucidum (Mushroom) Stem Extract.

Die Liste der Inhaltsstoffe kann sich ändern. Bitte beachte die Verpackung des gekauften Produkts.
","Nach dem Reinigen und vor der Feuchtigkeitspflege verwenden.
Zwei mal drücken, um das Serum über Gesicht und Hals zu verteilen.
Für die besten Ergebnisse morgens und abends verwenden.",TRUE,FALSE,FALSE
Shiseido - Skin Empowering Cream - Men,https://www.shiseido.de/on/demandware.static/-/Sites-itemmaster_shiseido_emea/default/dw3e82ffd1/images/pdp-images/1_Resizing_Project/768614215493_1.jpg?frz-v=1516,"Die ultimative Anti-Aging-Pflege, um der Haut wieder einen jugendlichen Teint zu verleihen.

Die überarbeitete Skin Empowering Cream basiert auf der neuen Erkenntnis von SHISEIDO, dass Männerhaut bereits ab dem Alter von etwa 40 Jahren (10 Jahre früher als bei Frauen) frühzeitige Altersanzeichen wie tiefe Falten, Verlust der Spannkraft und Schlaffheit aufweist, die mithilfe der Creme sichtbar verbessert werden können. --50ml ",50ml,141.00,Shiseido,Feuchtigkeitspflege,"Water (Aqua/Eau), Pentaerythrityl Tetraethylhexanoate, Glycerin, Butylene Glycol, Dimethicone, Squalane, Dipropylene Glycol, Alcohol Denat., Xylitol, Tocopheryl Acetate, Retinyl Acetate, Dipotassium Glycyrrhizate, Xanthan Gum, Mentha Piperita (Peppermint) Leaf Extract, Centaurea Cyanus Flower Extract, Sanguisorba Officinalis Root Extract, Sodium Carboxymethyl Beta-Glucan, Fagus Sylvatica Bud Extract, Camellia Japonica Seed Extract, Perilla Ocymoides Leaf Extract, Glycyrrhiza Glabra (Licorice) Root Extract, Ganoderma Lucidum (Mushroom) Stem Extract, PEG-12 Dimethicone, Dimethylacrylamide/Sodium Acryloyldimethyltaurate Crosspolymer, Carbomer, Silica, Trisodium EDTA, Potassium Hydroxide, Helianthus Annuus (Sunflower) Seed Oil, BHT, Alcohol, Sodium Methyl Stearoyl Taurate, Sodium Metaphosphate, Sodium Metabisulfite, Limonene, Cinnamomum Cassia Bark Extract, Tocopherol, Prunus Yedoensis Leaf Extract, Phenoxyethanol, Fragrance (Parfum), Iron Oxides (CI 77492)

Die Liste der Inhaltsstoffe kann sich ändern. Bitte beachte die Verpackung des gekauften Produkts.
","Nach dem Reinigen und/oder dem Rasieren mit aufwärts gerichteten Bewegungen über das Gesicht streichen.

Tagsüber im Anschluss ein Sonnenschutzmittel verwenden, um die Wirkung von Retinol ACE zu gewährleisten.

● Nicht verwenden, wenn in der Vergangenheit bereits Probleme mit Produkten, die Retinol enthalten, aufgetreten sind oder wenn die Haut zu Beschwerden neigt.
● Wird das Produkt in Kombination mit einem anderen ebenfalls retinolhaltigen Artikel verwendet, sollte zunächst ein Produkt ausprobiert werden. Nicht beide Artikel gleichzeitig verwenden, solange sie nicht einzeln getestet wurden.
● Kontakt mit den Augen vermeiden. Bei Kontakt mit den Augen sofort gründlich mit kaltem oder lauwarmem Wasser ausspülen.",TRUE,FALSE,FALSE
Shiseido - Sports BB SPF50+ Dark 30 ml,https://cdn.perfumetrader.de/media/catalog/product/cache/1/image/400x400/602f0fa2c1f0d1ba5e241f914e856ff9/a/f/a6d71e10c9d1147c73ac27dd71003050/shiseido-shiseido-sports-bb-spf50-dark-30-ml-729238146600.png,"Diese innovative BB-Creme bietet dank Quick-Dry-Technologie selbst bei sportlichen Aktivitäten langanhaltenden Halt. Die WetForce-Technologie reagiert auf Mineralien in Wasser und Schweiß und verstärkt dadurch den Schutzfilm.
Die Formel ist nicht komedogen sowie dermatologisch und augenärztlich getestet, um eine optimale Verträglichkeit zu gewährleisten. --30ml",30ml,29.95,Shiseido,Sonnenschutz,"Dimethicone, Titanium Dioxide, Silica, Bis-PEG-18 Methyl Ether Dimethyl Silane, Isododecane, Trimethylsiloxysilicate, Ethylhexyl Methoxycinnamate, Titanium Dioxide (CI 77891), Trimethylsiloxysilicate/Dimethiconol Crosspolymer, Alcohol, Iron Oxides (CI 77492), Isopropyl Myristate, Aluminum Hydroxide, PEG-9 Polydimethylsiloxyethyl Dimethicone, Stearic Acid, Mica, Bis-Butyldimethicone Polyglyceryl-3, Isostearic Acid, Disteardimonium Hectorite, Dextrin Palmitate, Iron Oxides (CI 77491), Sucrose Tetrastearate Triacetate, Fragrance (Parfum), Polymethylsilsesquioxane, Ethylparaben, Talc, Methyl Methacrylate Crosspolymer, Alumina, Polysilicone-2, Triethoxycaprylylsilane, Hydrogen Dimethicone, Iron Oxides (CI 77499), Tocopherol, PCA Dimethicone, PEG/PPG-14/7 Dimethyl Ether, Lauroyl Lysine, Phytosteryl/Octyldodecyl Lauroyl Glutamate, Phytosteryl Macadamiate, BHT

Die Liste der Inhaltsstoffe kann sich ändern. Bitte beachte die Verpackung des gekauften Produkts.
",Vor Gebrauch gut schütteln. Eine ausreichende Menge Creme mit den Fingern punktuell auf die Wangen auftragen und,TRUE,FALSE,FALSE
Shiseido - Sun Clear Stick Spf50+ - expert Sun Protector Clear Stick 20g,https://media.sephora.eu/content/dam/digital/pim/published/S/SHISEIDO/758150/366181-media_swatch.jpg?scaleWidth=500&scaleHeight=500&scaleMode=fit,"Shiseido Expert Sun Protector Clear Stick SPF 50+, ein Sonnenschutzstift, der sich sanft auftragen lässt, ohne zu kleben oder zu fetten. Dank seines transparenten Finishs und des praktischen Formats für unterwegs kann er jederzeit und überall verwendet werden und ist für jeden Hauttyp geeignet. --20g",20g,26.95,Shiseido,Sonnenschutz,"Diphenylsiloxy Phenyl Trimethicone, Mineral Oil (Paraffinum Liquidum / Huile Minérale), Octocrylene, Hydroxystearic Acid, Triethylhexanoin, Methyl Methacrylate Crosspolymer, PEG/PPG-9/2 Dimethyl Ether, Ethylhexyl Salicylate, Hydrogenated Polydecene, C12-15 Alkyl Benzoate, Butyl Methoxydibenzoylmethane, Diethylamino Hydroxybenzoyl Hexyl Benzoate, Diisopropyl Sebacate, Dibutyl Lauroyl Glutamide, Bis-Ethylhexyloxyphenol Methoxyphenyl Triazine, Polyamide-8, Triisostearin, Silica Dimethyl Silylate, Argania Spinosa Kernel Oil, PEG/PPG-14/7 Dimethyl Ether, Tocopheryl Acetate, Lecithin, Glycyrrhiza Glabra (Licorice) Root Extract, Tocopherol, BHT, Simethicone, Limonene, PEG-6, Linalool, Citronellol, Hexyl Cinnamal, Pentaerythrityl Tetra-Di-t-Butyl Hydroxyhydrocinnamate, Citral, Silica, Fragrance (Parfum)

Die Liste der Inhaltsstoffe kann sich ändern. Bitte beachte die Verpackung des gekauften Produkts.
","● Den Stick mit Hilfe des Drehknopfes etwa 1 cm herausdrehen und das Produkt gleichmäßig direkt auf die Haut auftragen.
● Bei schwierigen Anwendungsbereichen wie um die Augen und die Nase das Produkt auf die Finger geben und dann verteilen.
● Lässt sich leicht mit einer normalen Reinigung abwaschen.",TRUE,TRUE,FALSE
Shiseido - Total Revitalizer Light Fluid - Men,https://www.shiseido.de/on/demandware.static/-/Sites-itemmaster_shiseido_emea/default/dw638c763d/images/pdp-images/1_Resizing_Project/729238184091_Total_Revitalizer_Light_Fluid_1.jpg?frz-v=1516,"Total Revitalizer Light Fluid von Shiseido ist Dein Geheimnis für jugendliche Haut. Dieses kraftvolle Fluid, angereichert mit einem Rice Bran Oil Komplex und Xylitol, versorgt Deine Haut intensiv mit Feuchtigkeit und unterstützt sie im Kampf gegen die Zeichen der Zeit. Nicotinamid und Kornblumen-Extrakt tragen dazu bei, Falten zu mindern sowie Schlaffheit und Trockenheit entgegenzuwirken. Perfekt für Männer über 30, die ein frischeres und strafferes Aussehen anstreben. Trage es einfach jeden Morgen und Abend nach der Reinigung oder Rasur auf. Einzelne Dosiermenge genügt, um Dein Gesicht mit einer starken Anti-Aging-Pflege zu verwöhnen, die gezielt die 5 Hauptzeichen des Alterns angeht. Mit einer Haltbarkeit von 48 Stunden und sichtbaren Ergebnissen innerhalb von 2 Monaten wird dieses Produkt schnell zum unverzichtbaren Bestandteil Deiner täglichen Pflegeroutine. --70ml",70ml,99.00,Shiseido,Feuchtigkeitspflege,"Water (Aqua/Eau), Dipropylene Glycol, Glycerin, Niacinamide, Dimethicone, Diglycerin, Cetyl Ethylhexanoate, Hydrogenated Polydecene, Behenyl Alcohol, Silica, Erythritol, PEG/PPG-14/7 Dimethyl Ether, Beheneth-20, Phenoxyethanol, Butylene Glycol, Chlorphenesin, Fragrance (Parfum), Acrylates/Steareth-20 Methacrylate Crosspolymer, Xylitol, Tocopheryl Acetate, Titanium Dioxide (CI 77891), Sodium Citrate, Potassium Hydroxide, Carbomer, Acrylates/C10-30 Alkyl Acrylate Crosspolymer, Dipeptide-15, Alcohol, Disodium EDTA, Limonene, Citric Acid, Sodium Metaphosphate, Menthol, Oryza Sativa (Rice) Germ Oil, Aluminum Hydroxide, Sodium Metabisulfite, Paeonia Albiflora Root Extract, Linalool, Hydrogenated Lecithin, Mentha Piperita (Peppermint) Leaf Extract, Centaurea Cyanus Flower Extract, Sanguisorba Officinalis Root Extract, Sodium Benzoate, Cinnamomum Cassia Bark Extract, Tocopherol, Sodium Carboxymethyl Beta-Glucan, Fagus Sylvatica Bud Extract, Oryzanol, Camellia Japonica Seed Extract, Perilla Ocymoides Leaf Extract, Benzoic Acid, Glycyrrhiza Glabra (Licorice) Root Extract, Ganoderma Lucidum (Mushroom) Stem Extract

Die Liste der Inhaltsstoffe kann sich ändern. Bitte beachte die Verpackung des gekauften Produkts.
",Jeden Morgen und Abend nach dem Reinigen und/oder Rasieren verwenden ,TRUE,FALSE,FALSE
Shiseido - White Lucent Illuminating Micro-Spot Serum 50 ml,https://cdn.perfumetrader.de/media/catalog/product/cache/1/image/400x400/602f0fa2c1f0d1ba5e241f914e856ff9/a/f/872328e473ce620f8f98780fd97c1657/shiseido-shiseido-white-lucent-illuminating-micro-spot-serum-50-ml-768614160441.png,"Erwecken Sie die Sinne Ihrer Haut. Erneuern Sie ihr inneres Strahlen. Im Fokus: neurowissenschaftliche Erkenntnisse über die Funktion der Sinne ihrer Haut.
Haben Sie das Gefühl, dass Ihre Haut an Reaktionsfähigkeit verliert oder durch äußere Einflüsse beeinträchtigt ist? Mit dieser multifunktionalen Gesichtspflege sendet die ReNeura Technology+TM sensorische Impulse über die Haut nach innen, um die Haut optimal auf die Anti-Aging Leistungen der Pflege reagieren zu lassen. In Verbindung mit dem SAKURABright System werden dunkle und lichtbedingte Pigmentflecken sowie eine matte Ausstrahlung sichtbar gemildert. Für einen ebenmäßigeren, glatteren und strahlenderen Teint. --50ml",50ml,108.90,Shiseido,Serum,"Aqua, Butylene Glycol, Glycerin, Dipropylene Glycol, Potassium Methoxysalicylate, Dimethicone, Behenyl Alcohol, Triethylhexanoin, Diphenylsiloxy Phenyl Trimethicone, Talc, Batyl Alcohol, Diisostearyl Malate, Phenoxyethanol, PEG-6, PEG-32, Behenic Acid, PEG-60 Glyceryl Isostearate, PEG-10 Dimethicone, Disodium EDTA, Sodium Metaphosphate, Tocopheryl Acetate, PEG/PPG-17/4 Dimethyl Ether, Phytosteryl/Octyldodecyl Lauroyl Glutamate, Silica, Sodium Citrate, Alumina, Potassium Hydroxide, Succinoglycan, PEG/PPG-14/7 Dimethyl Ether, Dipotassium Glycyrrhizate, 2-O-Ethyl Ascorbic Acid, Xanthan Gum, CI 77891, Alcohol, Parfum, Caffeine, Sodium Metabisulfite, Citric Acid, Linalool, Tocopherol, Citronellol, Geraniol, Angelica Keiskei Leaf/Stem Extract, Crataegus Monogyna Flower Extract, Limonene, Cellulose, Pancratium Maritimum Extract, Rehmannia Chinensis Root Extract, Artemisia Princeps Leaf Extract, Prunus Yedoensis Leaf Extract, Ziziphus Jujuba Fruit Extract, Pyrola Incarnata Extract, Potentilla Erecta Root Extract.

Die Liste der Inhaltsstoffe kann sich ändern. Bitte beachte die Verpackung des gekauften Produkts.
","Morgens und abends nach der Reinigung und vor der Feuchtigkeitspflege auftragen. Wenn Sie ULTIMUNE Power Infusing Concentrate verwenden, tragen Sie das Serum im Anschluss auf. Geben Sie zwei Pumpmengen des Serums auf die Handflächen und tragen Sie es auf Wangen, Stirn, Nase und Kinn auf. Tragen Sie das Serum sanft auf das Gesicht auf und beginnen Sie dabei mit größeren Gesichtspartien, wie Wangen oder Stirn. Von der Gesichtsmitte nach außen hin verstreichen, wie in der Abbildung unten dargestellt. Tragen Sie eine weitere Pumpmenge des Serums direkt auf Pigmentflecken oder unebenmäßige Hautpartien auf, um eine noch gezieltere Wirkung zu erreichen. Arbeiten Sie das Serum in kleinen kreisenden Bewegungen mit dem Mittel- und Ringfinger ein. Legen Sie nach der Anwendung beide Hände auf das Gesicht, um die Wirkung zu maximieren.",FALSE,FALSE,FALSE
SK II - Men Moisturizing Cleanser ,https://sv4-cdn.stylevana.com/media/catalog/product/cache/c6c38b469a8d7de195bc9611d2a4c394/s/k/sk-ii-men-moisturizing-cleanser-120g-681.jpg,"Ein erfrischender Reiniger, der Unreinheiten auf der Hautoberfläche entfernt und für einen sauberen, glatten Teint sorgt. --120g",120g,47.95,SK II,Gesichtsreinigung,"Water, Sodium Lauroyl Glutamate, Propylene Glycol, PEG-150 Stearate, Galactomyces Ferment Filtrate, Sodium PCA, Glycol Stearate, Cocamide MEA, Butylene Glycol, Methylparaben, Parfum/Fragrance, Propylparaben, Stearamide AMP, Triclosan, Menthol, Dipotassium Glycyrrhizate

Die Liste der Inhaltsstoffe kann sich ändern. Bitte beachten Sie die Verpackung des gekauften Produkts.
","Befeuchten Sie das Gesicht leicht, nehmen Sie dann eine angemessene Menge auf Ihre Handfläche und verwenden Sie Wasser, um den Reiniger in den Schaum einzuarbeiten. Gesicht sanft reinigen und anschließend gründlich abspülen.",TRUE,TRUE,FALSE
SKIN1004 - Madagascar Centella Air-Fit Suncream Light SPF30 PA++++,https://korean-skincare.de/cdn/shop/files/Product-page-sizes_c442220f-90f5-4fab-a1d1-df312bee53b5.jpg?v=1762851960,"Die SKIN1004 Madagascar Centella Air-Fit Suncream Light SPF30 PA++++ ist eine nicht-nano-physikalische Sonnencreme, die einen breiten UV-Schutz bietet und gleichzeitig die Haut strahlender aussehen lässt.

Dieses leichte und angenehm zu tragende Must-have für den Sommer enthält Centella Asiatica-Extrakt und Niacinamid, die die Haut beruhigen und ihr Aussehen verfeinern. Außerdem sorgt es für eine glatte, gesund aussehende Haut, ohne sich fettig anzufühlen oder einen weißen Film zu hinterlassen. --50ml",50ml,19.45,SKIN1004,Sonnenschutz,"Water (Aqua), Zinc Oxide, Propanediol, Butylene Glycol, Dicaprylyl Carbonate, Caprylic/Capric Triglyceride, Benzotriazolyl Dodecyl p-Cresol, Polyglyceryl-3 Distearate, Niacinamide, Caprylyl Methicone, C12-15 Alkyl Benzoate, 1,2-Hexanediol, Pentylene Glycol, Cetearyl Alcohol, Polyhydroxystearic Acid, Glyceryl Stearate, Sodium Polyacryloyldimethyl Taurate, Hydrolyzed Jojoba Esters, Triethoxycaprylylsilane, Glyceryl Stearate Citrate, Polyacrylate Crosspolymer-6, Methylpropanediol, Xanthan Gum, Ethylhexylglycerin, Adenosine, Centella Asiatica Extract, Polyether-1, T-Butyl Alcohol, Tocopherol, Portulaca Oleracea Extract, Houttuynia Cordata Extract, Biosaccharide Gum-1, Asiaticoside, Madecassic Acid, Asiatic Acid

Die Liste der Inhaltsstoffe kann sich ändern. Bitte beachte die Verpackung des gekauften Produkts.
","Trage die Creme als letzten Schritt deiner Hautpflege gleichmäßig auf die UV-exponierten Hautpartien auf.
Für einen optimalen Sonnenschutz alle zwei Stunden erneut auftragen.",TRUE,FALSE,TRUE
SKIN1004 - Madagascar Centella Hyalu-Cica Silky-fit Sun Stick SPF50+ PA++++,https://korean-skincare.de/cdn/shop/files/Product-page-sizes_08475865-12df-4af4-9b69-b47f578e453b.jpg?v=1751276168,"Der SKIN1004 Madagascar Centella Hyalu-Cica Silky-Fit Sun Stick bietet Schutz mit LSF 50+ PA++++ und hilft dabei, die Haut mit Feuchtigkeit zu versorgen und angenehm zu pflegen. Dieser chemische Sonnenschutzstift mit Centella Asiatica-Extrakt und Hyaluronsäure hilft dabei, den Feuchtigkeitshaushalt im Gleichgewicht zu halten, und sorgt für ein glattes und erfrischtes Hautgefühl. --20g",20g,18.95,SKIN1004,Sonnenschutz,"Methyl Methacrylate Crosspolymer, Synthetic Wax, Coco-Caprylate/Caprate, Cetyl Ethylhexanoate, Butylene Glycol Dicaprylate/Dicaprate, Dibutyl Adipate, Butyloctyl Salicylate, Vinyl Dimethicone/Methicone Silsesquioxane Crosspolymer, Silica, Diethylamino Hydroxybenzoyl Hexyl Benzoate, Dicaprylyl Carbonate, Isopropyl Palmitate, Ethylhexyl Triazone, Tocopheryl Acetate, Diethylhexyl Malate, Diethylhexyl 2,6-Naphthalate, Vinyl Dimethicone, Polysilicone-15, Bis-Ethylhexyloxyphenol Methoxyphenyl Triazine, Ozokerite, Melia Azadirachta Leaf Extract, Melia Azadirachta Flower Extract, Coccinia Indica Fruit Extract, Solanum Melongena Fruit Extract, Aloe Barbadensis Flower Extract, Curcuma Longa Root Extract, Corallina Officinalis Extract, Ocimum Sanctum Leaf Extract, Centella Asiatica Extract, Agave Tequilana Leaf Extract, Diospyros Kaki Leaf Extract, Camellia Sinensis Leaf Extract, Castanea Crenata Shell Extract, Carthamus Tinctorius Flower Extract, Zanthoxylum Piperitum Fruit Extract, Coffea Arabica Seed Extract, Vitis Vinifera Fruit Extract, Polygonum Cuspidatum Root Extract, Simmondsia Chinensis Seed Oil, Sodium Hyaluronate, Alpha-Bisabolol, Glyceryl Caprylate, Caprylyl Glycol, Polyglyceryl-4 Diisostearate/Polyhydroxystearate/Sebacate, Ethylhexylglycerin, Water, Hydrolyzed Hyaluronic Acid, Butylene Glycol, 1,2-Hexanediol, Glycerin, Hyaluronic Acid

Die Liste der Inhaltsstoffe kann sich ändern. Bitte beachte die Verpackung des gekauften Produkts.
","Gleichmäßig auf die UV-strahlenexponierten Bereiche wie Gesicht, Hals, Arme und Beine auftragen.
30 Minuten vor dem Sonnenbad auftragen und alle 2–3 Stunden gleichmäßig erneut auftragen.",TRUE,TRUE,TRUE
SKIN1004 - Madagascar Centella Hyalu-Cica Water-Fit Sun Serum SPF50+ PA++++,https://korean-skincare.de/cdn/shop/files/Product-page-sizes_6dea2526-9036-431a-a217-3974f4d74360.jpg?v=1751270778,"Das SKIN1004 Madagascar Centella Hyalu-Cica Water-Fit Sun Serum SPF50+ PA++++ ist ein nicht-chemischer Sonnenschutz, der UV-Strahlen blockiert und gleichzeitig die Haut mit Feuchtigkeit versorgt. Das Serum enthält eine goldene Mischung aus Hyaluronsäure und Centella Asiatica-Extrakt, die dehydrierte, trockene und empfindliche Haut beruhigt und ihr Feuchtigkeit zuführt. Die serumartige Textur gleitet beim Auftragen über die Haut, ohne einen weißen Abdruck zu hinterlassen. --50ml",50ml,20.95,SKIN1004,Sonnenschutz,"Water, Dibutyl Adipate, Propanediol, Diethylamino Hydroxybenzoyl Hexyl Benzoate, Polymethylsilsesquioxane, Ethylhexyl Triazone, Methylene Bis-Benzotriazolyl Tetramethylbutylphenol, Niacinamide, Coco-Caprylate/Caprate, Caprylyl Methicone, Diethylhexyl Butamido Triazone, Glycerin, 1,2-Hexanediol, Butylene Glycol, Pentylene Glycol, Behenyl Alcohol, Poly C10-30 Alkyl Acrylate, Polyglyceryl-3 Methylglucose Distearate, Decyl Glucoside, Tromethamine, Carbomer, Acrylates/C10-30 Alkyl Acrylate Crosspolymer, Sodium Stearoyl Glutamate, Polyacrylate Crosspolymer-6, Ethylhexylglycerin, Adenosine, Xanthan Gum, Centella Asiatica Extract, T-Butyl Alcohol, Sodium Hyaluronate, Betula Platyphylla Japonica Bark Extract, Tocopherol, Hydrolyzed Hyaluronic Acid, Camellia Sinensis Leaf Extract, Ginkgo Biloba Leaf Extract, Brassica Oleracea Italica Sprout Extract, Camellia Japonica Leaf Extract, Eruca Sativa Leaf Extract, Medicago Sativa Extract, Triticum Vulgare Sprout Extract, Inositol, Hyaluronic Acid

Die Liste der Inhaltsstoffe kann sich ändern. Bitte beachte die Verpackung des gekauften Produkts.
","Trage das Serum als letzten Schritt deiner grundlegenden Hautpflegeroutine gleichmäßig auf die Bereiche auf, die UV-Strahlen ausgesetzt sind, z. B. Gesicht, Hals, Arme und Beine.
Für optimalen Sonnenschutz alle 2 Stunden erneut auftragen.",TRUE,FALSE,TRUE
SKIN1004 - Madagascar Centella Probio-Cica Glow Sun Ampoule,https://korean-skincare.de/cdn/shop/files/14-NewProduct_1b90ca18-d9fe-496a-af8a-06317d5e9b5e.jpg?v=1751321178,"Hol dir den nächsten Level an Sonnenschutz und Feuchtigkeit mit der SKIN1004 Madagascar Centella Probio-Cica Glow Sun Ampoule, einer leichten Sonnencreme mit Ampullen-Textur, die einen breiten Schutz mit LSF 50+ PA++++ bietet und ein angenehmes, nicht reizendes Finish hat.

Die Formel mit fermentiertem Madagaskar-Centella und TECA hilft, die Haut zu beruhigen und ihr natürliches Gleichgewicht zu unterstützen, während die 74 %ige Feuchtigkeitsessenz für langanhaltende Hydratation und einen natürlichen, taufrischen Glanz sorgt. --50ml",50ml,19.95,SKIN1004,Sonnenschutz,"Water, Dibutyl Adipate, Butyloctyl Salicylate, Ethylhexyl Triazone, Diethylamino Hydroxybenzoyl Hexyl Benzoate, Propanediol, Niacinamide, Bis-Ethylhexyloxyphenol Methoxyphenyl Triazine, Terephthalylidene Dicamphor Sulfonic Acid, 1,2-Hexanediol, Poly C10-30 Alkyl Acrylate, Glycerin, Tromethamine, Panthenol, VP/Hexadecene Copolymer, Sodium Polyacryloyldimethyl Taurate, Polyglyceryl-3 Distearate, Sodium Acrylate/Sodium Acryloyldimethyl Taurate Copolymer, Hydrogenated Poly, Centella Asiatica Extract, Betaine, Hydroxypropyl Methylcellulose Stearoxy Ether, Ammonium Polyacryloyldimethyl Taurate, Ethylhexylglycerin, Adenosine, Glyceryl Stearate Citrate, Laminaria Japonica Extract, Ulmus Davidiana Root Extract, Aloe Barbadensis Leaf Extract, Viola Mandshurica Flower Extract, Dioscorea Japonica Root Extract, Lauryl Glucoside, Butylene Glycol, T-Butyl Alcohol, Caprylic/Capric Triglyceride, Hydrogenated Lecithin, Macadamia Ternifolia Seed Oil, Hydroxystearic Acid, Ceramide, Lactobacillus Ferment, Madecassic Acid, Asiaticoside, Polyglyceryl-10 Myristate, Phytosphingosine, Asiatic Acid, Sucrose Distearate, Lauric Acid, Phytosterols

Die Liste der Inhaltsstoffe kann sich ändern. Bitte beachte die Verpackung des gekauften Produkts.
","Trage das Produkt als letzten Schritt deiner grundlegenden Hautpflege gleichmäßig auf die UV-strahlenexponierten Bereiche wie Gesicht, Hals, Arme und Beine auf.
Für optimalen Sonnenschutz alle 2 Stunden erneut auftragen.",TRUE,FALSE,TRUE
SKIN1004 - Madagascar Centella Toning Toner,https://korean-skincare.de/cdn/shop/files/Product-page-sizes_925f690f-a769-49f9-a82b-d809e836a8d7.jpg?v=1751279789,"Der SKIN1004 Madagascar Centella Toning Toner ist ein sanftes, alltägliches Gesichtswasser, das die Haut beruhigt, mit Feuchtigkeit versorgt und glättet. Mit Centella Asiatica und einem milden Peeling hilft es, abgestorbene Haut und überschüssiges Öl zu entfernen, ohne Reizungen zu verursachen.

Außerdem hellt es die Haut auf und sorgt für ein weiches und erfrischtes Hautgefühl. Dieses leichte und leicht einziehende Gesichtswasser ist für alle Hauttypen geeignet, auch für empfindliche und zu Akne neigende Haut. --400ml",400ml,26.85,SKIN1004,Toner,"Centella Asiatica Extract, Water, Dipropylene Glycol, 1,2-Hexanediol, Niacinamide, Gluconolactone, Tromethamine, Carbomer, Sodium Citrate, Adenosine, Disodium EDTA, Dipotassium Glycyrrhizate, Betaine, Hyaluronic Acid, Ethylhexylglycerin.

Die Liste der Inhaltsstoffe kann sich ändern. Bitte beachte die Verpackung des gekauften Produkts.
","Eine angemessene Menge auf ein Wattepad auftragen.
Trage es sanft auf und folge dabei den Linien deiner Haut.
Drehe das Wattepad um und massiere den Inhalt sanft ein.",TRUE,TRUE,TRUE
SKIN1004 - Madagascar Centella Soothing Cream,https://korean-skincare.de/cdn/shop/files/616852-skin1004-madagascar-centella-soothing-cream-75ml-1-1050Wx1050H.jpg?v=1761577507,"Die SKIN1004 Madagascar Centella Soothing Cream ist eine feuchtigkeitsspendende Creme, die konzentrierte Centella Asiatica-Extrakte und 4 verschiedene Arten von Ceramiden aus pflanzlichen Inhaltsstoffen enthält. Sie stärkt die Hautbarriere und schützt die Haut vor schädlichen Umwelteinflüssen und Hautreizungen. Zieht leicht und schnell in die Haut ein und versorgt sie mit Feuchtigkeit und macht sie geschmeidig. Leichte und erfrischende Textur, die ideal für warmes Wetter ist. Hilft, die überschüssige Talgproduktion zu regulieren und Hautprobleme zu lindern. --75ml
 ",75ml,17.49,SKIN1004,Feuchtigkeitspflege,"Centella Asiatica Extract, Glycerin, Propanediol, Dipropylene Glycol, Cyclomethicone, Water, 1,2-Hexanediol, Trehalose, Caprylyl Methicone, C12-14 Pareth-12, Carbomer, Tromethamine, Ammonium Acryloyldimethyltaurate/VP Copolymer, C30-45 Alkyl Cetearyl Dimethicone Crosspolymer, Xanthan Gum, Mentha Piperita (Peppermint) Leaf Extract, Zingiber Officinale (Ginger) Root Extract, Butylene Glycol, Ethylhexylglycerin, Dipotassium Glycyrrhizate, Tranexamic Acid, Coptis Chinensis Root Extract, Theobroma Cacao (Cocoa) Extract, Dextrin, Leuconostoc/Radish Root Ferment Filtrate, Biosaccharide Gum-1, Disodium EDTA, Sodium Hyaluronate, Beta-Glucan, Ceramide EOP, Ceramide NS, Ceramide NP, Ceramide AP, Phytosphingosine, Hydrogenated Lecithin, Cetearyl Alcohol, Stearic Acid, Cholesterol

Die Liste der Inhaltsstoffe kann sich ändern. Bitte beachte die Verpackung des gekauften Produkts.


","Verteile eine moderate Menge der Creme.
Trage sie auf das gesamte Gesicht auf und massiere sie sanft ein, damit sie besser einzieht.",FALSE,TRUE,FALSE
SOME BY MI - AHA BHA PHA 30 Days Miracle Cream,https://korean-skincare.de/cdn/shop/files/Product-page-sizes_a85038df-4437-43a8-bae3-b72adcefce80.jpg?v=1751272552,"Die SOME BY MI AHA BHA PHA 30 Days Miracle Cream ist eine sanfte, aber wirksame Pflegecreme für alle Hauttypen, insbesondere für zu Akne neigende und empfindliche Haut. Sie enthält 70% Centella Asiatica-Extrakt und 10.000 ppm Teebaumblattwasser und spendet beruhigende und erfrischende Feuchtigkeit, ohne zu kleben. Die Creme enthält eine Mischung aus AHA, BHA und PHA, um abgestorbene Hautzellen sanft zu peelen, überschüssigen Talg zu entfernen und die Hautstruktur zu verfeinern.

 --60g",60g,18.00,SOME BY MI,Feuchtigkeitspflege,"Water, Glycerin, Dipropylene Glycol, Butylene Glycol, Niacinamide, Caprylic/Capric Triglyceride, Cetyl Ethylhexanoate, Melaleuca Alternifolia Leaf Water, 1,2-Hexanediol, Saccharide Isomerate, Ammonium Acryloyldimethyltaurate/VP Copolymer, Ethylhexanediol, Centella Asiatica Extract, Ricinus Communis Seed Oil, Polyglyceryl-3 Methylglucose Distearate, Betaine, Allantoin, Propanediol, Benzyl Glycol, Cetearyl Glucoside, Sorbitan Olivate, Ceramide 3, Mentha Piperita Oil, Asiaticoside, Madecassic Acid, Asiatic Acid, Disodium EDTA, Melia Azadirachta Leaf Extract, Adenosine, Ethylhexylglycerin, Hydrogenated Castor Oil, Melia Azadirachta Flower Extract, Inulin Lauryl Carbamate, Coptis Japonica Extract, Cetearyl Alcohol, Coccinia Indica Fruit Extract, Citric Acid, Lens Esculenta Seed Extract, Sodium Hyaluronate, Fructan, Capryloyl Salicylic Acid, Sodium Citrate, Lactobionic Acid, Enantia Chlorantha Bark Extract, Madecassoside, Raspberry Ketone, Albatrellus Confluens Extract, Pentylene Glycol, Camellia Sinensis Leaf Extract, Aloe Barbadensis Flower Extract, Solanum Melongena Fruit Extract, Houttuynia Cordata Extract, Origanum Vulgare Flower/Leaf/Stem Extract, Thymus Vulgaris Extract, Rosmarinus Officinalis Extract, Lavandula Angustifolia Extract, Caprylyl Glycol, Ocimum Sanctum Leaf Extract, Curcuma Longa Root Extract, Calendula Officinalis Flower Extract, Phenoxyethanol, Hamamelis Extract, Corallina Officinalis Extract, Centella Asiatica Leaf Extract, Salix Alba Bark Extract, Oleanolic Acid, Limonene

Die Liste der Inhaltsstoffe kann sich ändern. Bitte beachte die Verpackung des gekauften Produkts.
","Als letzte Phase der Hautpflege auftragen. Eine großzügige Menge der Creme auf das Gesicht, den Hals und den oberen Brustbereich auftragen.
Zur besseren Wirkstoffaufnahme sanft in die Haut einmassieren.",TRUE,TRUE,FALSE
SOME BY MI - Beta Panthenol Repair Cream,https://korean-skincare.de/cdn/shop/files/Product-page-sizes_d4eea627-0968-4e28-9d60-4510b89acd8f.jpg?v=1751274397,"Die SOME BY MI Beta Panthenol Repair Cream ist ein Juwel der Hautpflege mit dem patentierten Beta-Panthenol™ von SOME BY MI, einer verjüngenden Mischung aus D-Panthenol und Beta-Sitosterol. Diese ultra-feuchtigkeitsspendende Creme geht über herkömmliche Feuchtigkeitscremes hinaus und füllt den Feuchtigkeitsgehalt der Haut wieder auf - für ein weiches, geschmeidiges und straffes Finish. Der exklusive Beta-Panthenol™-Komplex hilft nicht nur, den pH-Wert der Haut wiederherzustellen und ihre Barrieren zu stärken, sondern auch, Öl und überschüssigen Talg zu kontrollieren, was sie zu einer vielseitigen Lösung macht. --50ml
 ",50ml,20.15,SOME BY MI,Feuchtigkeitspflege,"Water, Panthenol, Dipropylene Glycol, Propanediol, Methylpropanediol, Betaine, Octyldodecanol, 1,2-Hexanediol, Candida Bombicola/Glucose/Methyl Rapeseedate Ferment, Palmitic Acid, Hydroxyethyl Acrylate/Sodium Acryloyldimethyl Taurate Copolymer, Glycerin, Stearic Acid, Beta-Sitosterol, Squalane, Vinyl Dimethicone, Ammonium Acryloyldimethyltaurate/VP Copolymer, Jojoba Esters, Glyceryl Stearate, Stearyl Alcohol, Cetyl Alcohol, Polymethylsilsesquioxane, Phytosterols, Helianthus Annuus Seed Wax, Sodium Stearoyl Glutamate, Ethylhexylglycerin, Helianthus Annuus Seed Oil, Cetyl Hydroxyethylcellulose, Xanthan Gum, Dipotassium Glycyrrhizate, Hydrogenated Lecithin, Sorbitan Isostearate, Sorbitan Olivate, Adenosine, Cetearyl Olivate, Citric Acid, Musa Sapientum Fruit Extract, Rose Flower Water, Sodium Phytate, Pyrus Communis Fruit Extract, Biosaccharide Gum-1, Prunus Domestica Seed Extract, Cucumis Melo Fruit Extract, Carthamus Tinctorius Seed Oil, Butyrospermum Parkii Butter, Polyglycerin-3, Butylene Glycol, Hedera Helix Leaf/Stem Extract, Disodium Phosphate, Sodium Phosphate, Tocopherol, Lactococcus Ferment Lysate, Bifida Ferment Lysate, Acetyl Hexapeptide-8, Lactobacillus Ferment Lysate, Copper Tripeptide-1, Palmitoyl Tripeptide-5, Palmitoyl Tripeptide-1, Palmitoyl Pentapeptide-4, Nonapeptide-1, Carnosine, Acetyl Tetrapeptide-9, Acetyl Tetrapeptide-5, Acetyl Tetrapeptide-2, Acetyl Octapeptide-3

Die Liste der Inhaltsstoffe kann sich ändern. Bitte beachte die Verpackung des gekauften Produkts.


","In der letzten Phase Ihrer Hautpflege auftragen.
Zur besseren Wirkstoffaufnahme sanft in die Haut einklopfen.",TRUE,TRUE,FALSE
SOME BY MI - Snail Truecica Miracle Repair Toner,https://korean-skincare.de/cdn/shop/files/Product-page-sizes_5c6ba83b-36bc-4601-8c5b-6919c3eeb048.jpg?v=1751423717,"Das SOME BY MI Snail Truecica Miracle Repair Toner enthält Niacinamid, das die Haut aufhellt und ihr einen strahlenden Glanz verleiht, und Truecica, das den Extrakt der schwarzen Schnecke enthält, der die Hautbarriere stärkt und die empfindliche, von äußerem Stress geschädigte Haut wiederherstellt. --135ml",135ml,20.94,SOME BY MI,Toner,"Snail Secretion Filtrate, Niacinamide, Dipropylene Glycol, 1,2-Hexanediol, Hydroxyethyl Urea, Centella Asiatica Extract, Melaleuca Alternifolia (Tea Tree) Leaf Water, Artemisia Princeps Leaf Extract, Lavandula Angustifolia (Lavender) Extract, Rosmarinus Officinalis (Rosemary) Extract, Chamomilla Recutita (Matricaria) Flower Extract, Geranium Maculatum Extract, Salvia Officinalis (Sage) Leaf Extract, Trifolium Pratense (Clover) Flower Extract, Alchemilla Vulgaris Leaf Extract, Aspalathus Linearis Extract, Helichrysum Arenarium Extract, Hyacinthus Orientalis (Hyacinth) Extract, Jasminum Sambac (Jasmine) Flower Extract, Chrysanthemum Morifolium Flower Extract, Nelumbium Speciosum Flower Extract, Sambucus Nigra Flower Extract, Prunus Mume Flower Extract, Robinia Pseudacacia Flower Extract, Spiraea Ulmaria Flower Extract, Glycyrrhiza Glabra (Licorice) Root Extract, Cimicifuga Racemosa Root Extract, Polygonum Multiflorum Root Extract, Sesamum Indicum (Sesame) Seed Extract, Phellinus Linteus Extract, Angelica Gigas Root Extract, Morus Alba Bark Extract, Paeonia Albiflora Root Extract, Sophora Flavescens Root Extract, Scutellaria Baicalensis Root Extract, Hydrolyzed Glycosaminoglycans, Glycerin, Sodium Hyaluronate, Allantoin, Arbutin, Adenosine, Glutathione, Madecassoside, Madecassic Acid, Asiaticoside, Asiatic Acid, C12-13 Pareth-9, Water, Benzyl Glycol, Ethylhexylglycerin, Raspberry Ketone, Citrus Aurantium Bergamia (Bergamot) Fruit Oil, Salvia Officinalis (Sage) Oil.

Die Liste der Inhaltsstoffe kann sich ändern. Bitte beachte die Verpackung des gekauften Produkts.
","Trag eine angemessene Menge auf ein Wattepad auf
Trage es sanft auf und folge dabei den Linien deiner Haut
Drehe das Wattepad um und tupfe den Inhalt sanft ein, damit er besser aufgenommen wird",FALSE,TRUE,FALSE
SOME BY MI - Super Matcha Pore Tightening Toner,https://korean-skincare.de/cdn/shop/files/image_10_74af162d-0f89-40dd-8f4e-2cd69984ecb3.jpg?v=1751366131,"Der Some By Mi Super Matcha Pore Tightening Toner ist ein zweiphasiges Flüssig-Pulver-Tonikum (vor Gebrauch mischen), das mit Matcha-Wasser und patentierten talgregulierenden Pulverwirkstoffen angereichert ist. Außerdem enthält es einen beruhigenden Wirkstoffkomplex aus Weidenrindenextrakt, Teebaum, Centella Asiatica und Houttuynia Cordata, der hilft, Akne zu mildern und zu kontrollieren. --150ml",150ml,15.78,SOME BY MI,Toner,"Camellia Sinensis Leaf Extract, Propanediol, Salix Alba (Willow) Bark Extract, Niacinamide, 1,2-Hexanediol, Lithium Magnesium Sodium Silicate, Calcium Chloride, Silica, Sodium Citrate, Polyglyceryl-10 Laurate, Polyglyceryl-10 Myristate, Ethylhexylglycerin, Adenosine, Glycerin, Citric Acid, Disodium EDTA, Fragrance, Centella Asiatica Extract, Glacier Water, Carbonated Water, Melaleuca Alternifolia (Tea Tree) Leaf Water, Houttuynia Cordata Extract, Butylene Glycol, Madecassoside, Water, Asiaticoside, Asiatic Acid, Madecassic Acid, Glyceryl Caprylate, Hexyl Cinnamal.

Die Liste der Inhaltsstoffe kann sich ändern. Bitte beachte die Verpackung des gekauften Produkts.
","Trag eine angemessene Menge auf ein Wattepad auf
Trage es sanft auf und folge dabei den Linien deiner Haut
Drehe das Wattepad um und massiere den Inhalt sanft ein",TRUE,TRUE,FALSE
SOME BY MI - Truecica Aqua Calming Suncream,https://korean-skincare.de/cdn/shop/files/Product-page-sizes_cf8db4a8-a998-4344-9e0d-dced47e7559c.jpg?v=1751292342,"Die SOME BY MI Truecica Aqua Calming Suncream ist ein dermatologisch getesteter, Riff-freundlicher Sonnenschutz, der einen leistungsstarken Breitspektrum-Sonnenschutz mit LSF 50+ bietet und damit für alle Hauttypen geeignet ist, auch für empfindliche und beanspruchte Haut. Die zu 79 % auf Wasser basierende Formel spendet tiefgehende und lang anhaltende Feuchtigkeit, ohne einen weißen Schleier oder ein klebriges Gefühl zu hinterlassen.

Angereichert mit dem für SOME BY MI charakteristischen Truecica™, Aloe Vera Leaf Extract und White Water Lily Extract, wirkt diese Sonnencreme beruhigend und feuchtigkeitsspendend, hilft Pigmentflecken zu reduzieren und Narben aufzuhellen, während sie Entzündungen bekämpft und die Haut glättet. Die leichte Textur lässt sich mühelos auftragen und hinterlässt ein frisches, kühles Hautgefühl, das gut vor UVA- und UVB-Strahlung geschützt ist. --50ml",50ml,17.55,SOME BY MI,Sonnenschutz,"Water, Dibutyl Adipate, Diethylhexyl Butamido Triazone, C12-15 Alkyl Benzoate, Dicaprylyl Carbonate, Propanediol, Butylene Glycol, Polyglyceryl-3 Methylglucose Distearate, Niacinamide, Terephthalylidene Dicamphor Sulfonic Acid, 1,2-Hexanediol, Diethylamino Hydroxybenzoyl Hexyl Benzoate, Silica, Bis-Ethylhexyloxyphenol Methoxyphenyl Triazine, Rhus Succedanea Fruit Wax, Ethylhexyl Triazone, Tromethamine, Melaleuca Alternifolia Leaf Extract, Centella Asiatica Extract, Artemisia Capillaris Extract, Asiaticoside, Madecassic Acid, Asiatic Acid, Madecassoside, Trehalose, Panthenol, Hydrolyzed Hyaluronic Acid, Aloe Barbadensis Leaf Extract, Sodium Palmitoyl Proline, Nymphaea Alba Flower Extract, Copernicia Cerifera Wax, Potassium Cetyl Phosphate, Cetearyl Alcohol, Behenyl Alcohol, Coco-Caprylate/Caprate, Glyceryl Stearate, Polyacrylate Crosspolymer-6, Carbomer, Lavandula Angustifolia Oil, Synthetic Wax, Dibutyl Lauroyl Glutamide, Dextrin Palmitate, Polyurethane-1, Sodium Stearoxy PG-Hydroxyethylcellulose Sulfonate, Trihydroxystearin, Oryza Sativa Bran Wax, Ethylhexylglycerin, Adenosine, Tocopherol, Dipropylene Glycol, Glycerin, Portulaca Oleracea Extract, Linalool, Geraniol, Limonene

Die Liste der Inhaltsstoffe kann sich ändern. Bitte beachte die Verpackung des gekauften Produkts.
",Als letzten Schritt deiner Hautpflegeroutine auftragen und dabei die Augen- und Mundpartie aussparen.,TRUE,TRUE,FALSE
SOME BY MI - Truecica Mineral Calming Tone-Up Suncream,https://korean-skincare.de/cdn/shop/files/SomeByMi_TruecicaMineralCalmingTone-UpSuncream_Packshot.jpg?v=1759736107,"Die Some By Mi Truecica Mineral Calming Tone-Up Suncrean ist ein nicht-nano-physikalischer Sonnenschutz, der schädliche UV-Strahlen reflektiert, ohne in die Haut zu schmieren. Diese Sonnencreme besteht zu 85% aus feuchtigkeitsspendender Essenz und bietet ein breites SPF50+ PA++++ Spektrum für den Schutz, während sie die Hautbarriere mit 10.000ppm patentiertem Truecica beruhigt und stärkt. Die Creme hilft auch dabei, Falten zu reduzieren und den Teint aufzuhellen. --50ml",50ml,14.95,SOME BY MI,Sonnenschutz,"Water, Cyclopentasiloxane, Zinc Oxide, Butyloctyl Salicylate, Titanium Dioxide (Nano), Propanediol, Benzotriazolyl Dodecyl p-Cresol, PEG-10 Dimethicone, Niacinamide, Phenyl Trimethicone, Disteardimonium Hectorite, Adenosine, Madecassic Acid, Asiaticoside, Aloe Barbadensis Leaf Extract, Centella Asiatica Leaf Extract, Asiatic Acid, 1,2-Hexanediol, Aluminum Hydroxide, Artemisia Vulgaris Extract, Melaleuca Alternifolia Leaf Water, Pyrus Communis Flower Extract, Lavandula Angustifolia Oil, Butylene Glycol, Caprylic/Capric Glycerides, Dimethicone, Dimethicone Crosspolymer, Dimethicone/Vinyl Dimethicone Crosspolymer, Glycerin, Glycolipids, Magnesium Sulfate, Polyglyceryl-10 Oleate, Polymethylsilsesquioxane, Resveratrol, Sorbitan Sesquioleate, Stearic Acid, Triethoxycaprylylsilane, VP/Hexadecene Copolymer, Limonene, Linalool

Die Liste der Inhaltsstoffe kann sich ändern. Bitte beachte die Verpackung des gekauften Produkts.
","Als letzten Schritt der Hautpflege eine angemessene Menge gleichmäßig auf das Gesicht auftragen.
Trage auch eine angemessene Menge auf Hals, Beine und Arme oder andere Körperteile auf, die leicht der UV-Strahlung ausgesetzt sind.
Massiere sie sanft ein, damit sie besser einzieht.",TRUE,TRUE,FALSE
SOME BY MI - V10 Hyal Airfit Sun Screen,https://korean-skincare.de/cdn/shop/files/Product-page-sizes_22ea878f-a39f-4004-8d5a-4c9346f61f19.jpg?v=1751272562,"Die SOME BY MI V10 Hyal Airfit Sun Screen bietet einen Breitband-Sonnenschutz mit LSF 50, ohne einen weißen Fleck zu hinterlassen, und ist damit eine ausgezeichnete Wahl für den täglichen Sonnenschutz. Dieser chemische Sonnenschutz enthält beruhigende und feuchtigkeitsspendende Inhaltsstoffe wie Centella Asiatica-, Teebaumblatt- und Geißblatt-Extrakte, die beruhigend und feuchtigkeitsspendend wirken.

Niacinamid verbessert die Ausstrahlung der Haut, während die hypoallergene, vegane und rifffreundliche Formel eine sichere Anwendung für alle Hauttypen gewährleistet. Die luftige Textur haftet leicht auf der Haut, ohne sich schwer oder spießig anzufühlen, und ist damit perfekt für alle, die einen wirksamen Sonnenschutz mit einem angenehmen Finish suchen. --50ml",50ml,18.35,SOME BY MI,Sonnenschutz,"Water, Homosalate, Octocrylene, Ethylhexyl Salicylate, Butyl Methoxydibenzoylmethane, Butyloctyl Salicylate, Dicaprylyl Carbonate, Cetearyl Alcohol, Dipropylene Glycol, Cetearyl Glucoside, Poly C10-30 Alkyl Acrylate, Sorbitan Olivate, Polymethylsilsesquioxane, Niacinamide, Benzyl Glycol, Glyceryl Stearate SE, Butylene Glycol, Panthenol, Arginine, Carbomer, Brassica Oleracea Italica Extract, Melaleuca Alternifolia Leaf Extract, Hydroxypropyl Methylcellulose Stearoxy Ether, Centella Asiatica Extract, Camellia Sinensis Leaf Water, Tocopherol, Disodium EDTA, Ethylhexylglycerin, Xanthan Gum, Adenosine, 1,2-Hexanediol, Bambusa Vulgaris Leaf Extract, Oldenlandia Diffusa Extract, Lonicera Caprifolium Extract, Yeast Extract, Limonia Acidissima Extract, Sodium Hyaluronate, Propanediol, Sodium Hyaluronate Crosspolymer, Ascorbyl Propyl Hyaluronate, Hydrolyzed Glycosaminoglycans, Glycerin, Madecassic Acid, Asiaticoside, Asiatic Acid, Caprylyl Glycol, Sodium Ascorbyl Phosphate, Hydrolyzed Hyaluronic Acid, Hyaluronic Acid, Biotin, Cyanocobalamin, Ascorbic Acid, Folic Acid, Thiamine HCl, Riboflavin, Pyridoxine, Fragrance (Parfum), Citral, Benzyl Salicylate, Linalool, Limonene

Die Liste der Inhaltsstoffe kann sich ändern. Bitte beachte die Verpackung des gekauften Produkts.
",Als letzten Schritt deiner Hautpflegeroutine auftragen und dabei die Augen- und Mundpartie aussparen.,TRUE,TRUE,FALSE
SOME BY MI - Yuja Niacin 30 Days Miracle Brightening Toner,https://korean-skincare.de/cdn/shop/files/Product-page-sizes_5fb0c49b-8062-4c26-9a6e-e0009112f448.jpg?v=1751281535,"Der SOME BY MI Yuja Niacin 30 Days Miracle Brightening Toner ist ein hochkonzentriertes, tägliches Gesichtswasser, das gegen Mattigkeit, Unreinheiten und Hyperpigmentierung hilft. Angereichert mit 90% Vitamin C-reichem Yuja (Zitronen)-Extrakt, der die Haut aufhellt und mit Feuchtigkeit versorgt. Niacinamid, Arbutin und Glutathion helfen, den Hautton auszugleichen, während 12 verschiedene Vitamine die Haut revitalisieren und beruhigen und für einen frischen und taufrischen Teint sorgen. --150ml",150ml,18.45,SOME BY MI,Toner,"Citrus Junos Fruit Extract (90%), Niacinamide (5%), 1,2-Hexanediol, Glycerin, Polyglyceryl-10 Laurate, C12-14 Pareth-7, Water, Acrylates/C10-30 Alkyl Acrylate Crosspolymer, Ethylhexylglycerin, Citrus Junos Peel Oil (500 ppm), Butylene Glycol, Adenosine, Tromethamine, Disodium EDTA, Coptis Chinensis Root Extract, Hydrogenated Lecithin, Polyglyceryl-10 Stearate, Panthenol, Sodium Ascorbyl Phosphate, Saussurea Involucrata Extract, Bisabolol, Maltodextrin, Hydrolyzed Vegetable Protein, Sambucus Nigra Flower Extract, Citrus Aurantium Dulcis (Orange) Flower Extract, Magnolia Liliflora Flower Extract, Plumeria Rubra Flower Extract, Lilium Tigrinum Extract, Folic Acid, Biotin, Pyridoxine, Pancratium Maritimum Extract, Tocopherol, Cyanocobalamin, Linoleic Acid, Thiamine HCl, Beta-Carotene, Riboflavin, Inositol, Limonene.

Die Liste der Inhaltsstoffe kann sich ändern. Bitte beachte die Verpackung des gekauften Produkts.
","Trag eine angemessene Menge auf ein Wattepad auf
Trage es sanft auf und folge dabei den Linien deiner Haut
Drehe das Wattepad um und massiere den Inhalt sanft ein",TRUE,TRUE,FALSE
Summer Fridays - Cc Me - Aufhellendes Serum - 30 Ml,https://media.sephora.eu/content/dam/digital/pim/published/S/SUMMER_FRIDAYS/528354/222683-media_swatch.jpg?scaleWidth=500&scaleHeight=500&scaleMode=fit,"Ergänze deine tägliche Hautpflegeroutine mit diesem aufhellenden Serum für einen strahlenden Teint, um den dich jeder beneiden wird. Dieses vielseitige Serum enthält zwei Arten von Vitamin C und beruhigendes Squalan und trägt dazu bei, dunkle Flecken und Hyperpigmentierung zu reduzieren und den Hautton auszugleichen. --30 ml",30 ml,65.95,Summer Fridays,Serum,"Water/Aqua/Eau, Niacinamide, 3-O-Ethyl Ascorbic Acid, Ascorbyl Glucoside, Butylene Glycol, Hydroxyethyl Acrylate/Sodium Acryloyldimethyl Taurate Copolymer, Glycerin, Xanthan Gum, Squalane, Diheptyl Succinate, Capryloyl Glycerin/Sebacic Acid Copolymer, Citric Acid, Sodium Citrate, Sodium Hydroxide, Carbomer, Polysorbate 20, Palmitoyl Tripeptide-1, Palmitoyl Tetrapeptide-7, Camellia Oleifera Leaf Extract, Orchis Mascula Flower Extract, Caprylic/Capric Triglyceride, Cananga Odorata Flower Extract, Cucumis Melo Cantalupensis Fruit Extract, Eugenia Caryophyllus (Clove) Flower Extract, Glycine Soja (Soybean) Oil, Pyrus Malus (Apple) Fruit Extract, Prunus Armeniaca (Apricot) Fruit Extract, Rosa Gallica Flower Extract, Cinnamomum Cassia Bark Extract, Jasminum Officinale (Jasmine) Flower/Leaf Extract, Coffea Arabica (Coffee) Seed Extract, Camellia Sinensis Leaf Extract, Tocopheryl Acetate, Tetrasodium Glutamate Diacetate, Phenoxyethanol, Ethylhexylglycerin, Amyl Cinnamal, Cinnamyl Alcohol, Eugenol, Hydroxycitronellal.

Die Liste der Inhaltsstoffe kann sich ändern. Bitte beachte die Verpackung des gekauften Produkts.
","Trage ein paar Tropfen des Serums auf die saubere, trockene Haut im Gesicht und am Hals auf und spare dabei die Augenpartie aus. Verwende im Anschluss deine bevorzugte Feuchtigkeitspflege.",TRUE,TRUE,FALSE
Summer Fridays - Jet Lag® - Tiefenwirksames Feuchtigkeitsserum - jet Lag Deep Hydration Serum,https://media.sephora.eu/content/dam/digital/pim/published/S/SUMMER_FRIDAYS/744337/358362-media_swatch.jpg?scaleWidth=500&scaleHeight=500&scaleMode=fit,"Leichtes, hochkonzentriertes Feuchtigkeitsserum für das Gesicht, das die Haut aufpolstert, glättet und ihr Wohlbefinden wiederherstellt - für eine sichtbar schönere Haut.

Das Jet Lag Deep Hydration Serum ist ein feuchtigkeitsspendendes Gesichtsserum, das entwickelt wurde, um die Haut intensiv mit Feuchtigkeit zu versorgen, die Hautbarriere zu stärken und dem Teint Geschmeidigkeit und Ausstrahlung zurückzugeben. Diese feuchtigkeitsspendende Gesichtspflege wirkt sofort und nachhaltig, ohne die Haut zu beschweren. Sie ist bestens geeignet für die tägliche Pflege aller Hauttypen, auch empfindlicher Haut. --30ml",30ml,48.95,Summer Fridays,Serum,"Water/Aqua/Eau, Propanediol, Squalane, Glycerin, Cetyl Ethylhexanoate, Aloe Barbadensis Leaf Juice, Ammonium Acryloyldimethyltaurate/VP Copolymer, Polyester-5, Sodium Hyaluronate, Avena Sativa (Oat) Kernel Flour, Sodium PCA, Panthenol, Ceramide NP, Arnica Montana Flower Extract, Laminaria Digitata Extract, Centella Asiatica Extract, Palmitoyl Tripeptide-38, Niacinamide, Acetyl Glucosamine, Arginine, Aspartic Acid, PCA, Glycine, Alanine, Serine, Valine, Proline, Threonine, Isoleucine, Phenylalanine, Histidine, Sodium Lactate, Caprylhydroxamic Acid, Glyceryl Stearate, Trisodium Ethylenediamine Disuccinate, Sodium Hydroxide, Polyglyceryl-3 Methylglucose Distearate, Sodium Benzoate, Citric Acid, Hydroxypropyl Cyclodextrin, Xanthan Gum, Potassium Sorbate, 1,2-Hexanediol, Propylene Glycol.

Die Liste der Inhaltsstoffe kann sich ändern. Bitte beachte die Verpackung des gekauften Produkts.
","Anwendungstipps
- Tragen Sie morgens und/oder abends 1 bis 2 Pumpstöße des Jet Lag Deep Hydration Serums auf die gereinigte, trockene Haut auf.
- Sanft in Gesicht und Hals einmassieren, bis das Produkt vollständig eingezogen ist.
- Anschließend die gewohnte Feuchtigkeitscreme auftragen.
- Das Jet Lag Deep Hydration Serum ist zur täglichen Anwendung geeignet und lässt sich leicht in jede Hautpflegeroutine integrieren.",TRUE,TRUE,TRUE
Summer Fridays - Pink Dew™ Gel Cleanser - Reinigungsgel Für Das Gesicht - pink Dew Gel Cleanser 150ml,https://media.sephora.eu/content/dam/digital/pim/published/S/SUMMER_FRIDAYS/799899/393213-media_swatch-1.jpg?scaleWidth=500&scaleHeight=500&scaleMode=fit,"Mildes, pH-neutrales Gesichtsreinigungsgel, das sanft reinigt, Make-up entfernt und für eine frische, klare und strahlende Haut sorgt.

Das Reinigungsgel Pink Dew Gel Cleanser wurde speziell entwickelt, um die empfindliche Haut im Gesicht sanft zu reinigen und ihr natürliches Gleichgewicht zu bewahren. Die pH-neutrale Formel trägt dazu bei, überschüssigen Talg und andere Hautunreinheiten effizient zu entfernen, ohne die Haut auszutrocknen. Der Pink Dew Gel Cleanser hinterlässt ein frisches Gefühl und zaubert einen reinen und angenehmen Teint. Dieses Gesichtsreinigungsgel eignet sich für alle, die sich nach der Gesichtsreinigung ein sofortiges Frischegefühl wünschen.

Angereichert mit pflanzlichen Wirkstoffen aus der Kokosnuss, verwandelt sich dieses Gesichtsreinigungsgel mit ein wenig Wasser in einen cremigen Schaum, der die Poren sanft von Unreinheiten befreit. Kokoswasser und Kirschextrakt unterstützen die natürliche Ausstrahlung des Teints. Der im Pink Dew Gel Cleanser enthaltene Vitamin-B-Komplex hilft, Feuchtigkeit zu speichern, und fördert gleichzeitig die Hautgesundheit. Beim Aufschäumen entsteht ein reichhaltiger Schaum mit einem angenehmen, blumigen Duft.

Hauptinhaltsstoffe:
- Glycerin: Der feuchtigkeitsspendende Inhaltsstoff trägt dazu bei, die schützende Hautbarriere zu erhalten.
- Kokoswasser: Als natürlicher Reiniger ist Kokoswasser geeignet, den pH-Wert der Haut auszugleichen, was besonders für empfindliche Haut sehr wichtig ist.
- Kirschextrakt: Der pflegende Wirkstoff spendet Feuchtigkeit und beruhigt die Haut.

Der Pink Dew Gel Cleanser ist für alle Hauttypen geeignet, einschließlich trockener und empfindlicher Haut, Mischhaut und zu Akne neigender Haut. --150ml",150ml,32.45,Summer Fridays,Gesichtsreinigung,"Water/Aqua/Eau, Glycerin, Decyl Glucoside, Polyacrylate Crosspolymer-6, Cocos Nucifera (Coconut) Fruit Water, Cocamidopropyl Betaine, Disodium Cocoamphodiacetate, 1,2-Hexanediol, Pentylene Glycol, Prunus Avium (Sweet Cherry) Fruit Extract, Panthenol, Leuconostoc/Radish Root Ferment Filtrate, Sodium Chloride, Tocopherol, Hydroxyacetophenone, Butylene Glycol, Ethylhexylglycerin, Sodium Phytate, Parfum/Fragrance, Hexylene Glycol, Cyanocobalamin, Citric Acid

Die Liste der Inhaltsstoffe kann sich ändern. Bitte beachten Sie die Verpackung des gekauften Produkts.
","Geben Sie eine kleine Menge des Produkts in die Handfläche und schäumen Sie es mit Wasser auf.
- Für eine wirksame Gesichtsreinigung massieren Sie das Gesichtsreinigungsgel sanft mit kreisenden Bewegungen in die Haut ein.
- Spülen Sie den Gel Cleanser anschließend mit lauwarmem Wasser ab und tupfen Sie das Gesicht mit einem sauberen Handtuch trocken.
- Für eine reine und frische Haut genügt jeweils eine Anwendung morgens und abends.",TRUE,TRUE,FALSE
Summer Fridays - Shadedrops Spf 30 - Mineralischer Sonnenschutz - pool Time Shade Drops 50ml,https://media.sephora.eu/content/dam/digital/pim/published/S/SUMMER_FRIDAYS/616100/277168-media_swatch.jpg?scaleWidth=500&scaleHeight=500&scaleMode=fit,"Dieses leichte mineralische Sonnenschutzmittel gleitet wie ein Serum über die Haut und trägt zum Schutz gegen UVA-/UVB-Strahlen bei. Das mit Vitaminen und Antioxidantien angereicherte Sonnenschutzmittel hilft, das Hauterscheinungsbild zu verbessern und hinterlässt ein weiches und natürliches Finish, wobei seine Formel korallenfreundlich ist. --50ml",50ml,38.95,Summer Fridays,Sonnenschutz,"Water/Aqua/Eau, Zinc Oxide, C12-15 Alkyl Benzoate, Sorbitan Oleate Decylglucoside Crosspolymer, Argania Spinosa Kernel Oil, Tocopheryl Acetate, Ammonium Acryloyldimethyltaurate/VP Copolymer, Glycerin, Caramel, Polyester-5, Phenoxyethanol, Ethyl Ferulate, Triethoxycaprylylsilane, Sodium Chloride, Dimethicone, Squalane, Butyrospermum Parkii Butter Extract, Bisabolol, Ethylhexylglycerin, Phospholipids, Urea, Gluconolactone, Benzyl Alcohol, Sodium Benzoate, Chlorphenesin, Sorbic Acid, Tocopherol

Die Liste der Inhaltsstoffe kann sich ändern. Bitte beachte die Verpackung des gekauften Produkts.
","Gut schütteln. Großzügig als letzte Etappe Deiner Beauty-Routine und mindestens 15 Minuten vor dem Sonnenbad auftragen.
Einen wasserfesten Sonnenschutz verwenden, wenn Du baden gehst oder schwitzt. Mindestens alle 2 Stunden nachcremen.
Die Sonnenaussetzung erhöht das Risiko von Hautkrebs und vorzeitiger Hautalterung.",TRUE,FALSE,TRUE
Tatcha - The Matcha Cleanse - Klärendes Reinigungsgel Für Jeden Tag - clarifying The Matcha Cleanse 150ml,https://media.sephora.eu/content/dam/digital/pim/published/T/TATCHA/774297/377353-media_swatch.jpg?scaleWidth=500&scaleHeight=500&scaleMode=fit,"Ein seifen- und parfümfreier Gelreiniger mit BHA-Alternativen, der die Poren befreit und die Talgproduktion ausgleicht, ohne der Haut ihre essenzielle Feuchtigkeit zu entziehen, und so für einen besseren Halt des Make-ups und Glanzkontrolle sorgt.

Klärt die Poren
Formuliert mit Kernen der japanischen Walnuss und Weidenrinde, die als hautfreundliche Alternativen zu BHA fungieren. The Matcha Cleanse befreit die Poren und sorgt für eine glatte und verfeinerte Haut.

Sorgt für eine sofortige und langanhaltende Regulierung der Talgproduktion
Reguliert überschüssigen Talg, reduziert Glanz von morgens bis abends und bewahrt zugleich die Feuchtigkeitsbarriere der Haut, um Trockenheits- und Spannungsgefühle zu vermeiden.

Verbessert den Halt des Make-ups
Sorgt für einen makellosen Teint, indem es die Hautstruktur glättet und überschüssigen Talg und Glanz reduziert, damit dein Make-up den ganzen Tag hält.--150ml",150ml,43.95,Tatcha,Gesichtsreinigung,"Water/Aqua/Eau, Glycerin, Sodium Lauroyl Aspartate, PEG-150 Pentaerythrityl Tetrastearate, Lauryl Glucoside, Sodium Lauryl Glycol Carboxylate, Saccharomyces/Rice Ferment Filtrate, Camellia Sinensis Leaf Extract, Cladosiphon Okamuranus Extract, Salix Alba (Willow) Bark Extract, Artemisia Princeps Leaf Extract, Coix Lacryma-Jobi Ma-yuen Seed Extract, Cocamidopropyl Betaine, Sodium Carbonate, Butylene Glycol, Propanediol, Ethylhexylglycerin, Alcohol, Citric Acid, Phenoxyethanol, Chlorphenesin, Yellow 6 (CI 15985), Blue 1 (CI 42090)

Die Liste der Inhaltsstoffe kann sich ändern. Bitte beachten Sie die Verpackung des gekauften Produkts.
",Das Produkt mit nassen Händen in die angefeuchtete Gesichtshaut einmassieren. Gründlich abspülen. Augenpartie aussparen. Bei Kontakt mit den Augen gründlich ausspülen.,TRUE,FALSE,TRUE
Tatcha - The Milky Sunscreen Spf 50 - Uv-schutz - milky The Milky Sunscreen Spf50 50ml,https://media.sephora.eu/content/dam/digital/pim/published/T/TATCHA/803188/398870-media_swatch-2.jpg?scaleWidth=500&scaleHeight=500&scaleMode=fit,"Ein täglicher Schutz mit LSF 50+ in einer fortschrittlichen und leichten, milchähnlichen Textur, die auf der Haut nicht zu sehen ist und ein natürlich sanftes und hydratisiertes Finish hinterlässt. Speziell formuliert mit Ectoin und Vitamin E, das in Lipiden verkapselt ist, die identisch mit denen der Haut sind, um die Freisetzung zu erleichtern und mit Aloe-Vera-Extrakt aus Okinawa hilft diese Formel, sichtbare UV-Schäden wie Pigmentflecken, sichtbare Rötungen und feine Linien zu korrigieren, spendet den Zellen Feuchtigkeit und beruhigt gleichzeitig gestresste Haut. Dermatologisch getestet und für empfindliche Haut formuliert .--50ml",50ml,54.95,Tatcha,Sonnenschutz,"Aqua/Water/Eau, Saccharomyces/Rice Ferment Filtrate, Homosalate, Butylene Glycol, Ethylhexyl Salicylate, Pentylene Glycol, Butyl Methoxydibenzoylmethane, Polyglyceryl-10 Laurate, Propanediol, Camellia Sinensis Leaf Extract, Cladosiphon Okamuranus Extract, Aloe Barbadensis Leaf Extract, Acrylates/C10-30 Alkyl Acrylate Crosspolymer, Caprylic/Capric Triglyceride, Hydrogenated Phosphatidylcholine, Tocopherol, Ectoin, Caprylyl Glycol, Tocopheryl Acetate, Parfum/Fragrance, Ethylhexylglycerin, Sodium Hydroxide, Silica, Citrus Aurantium Bergamia Peel Oil, Citrus Limon Peel Oil, Limonene, Linalool, Linalyl Acetate, Pinene, Phenoxyethanol, Iron Oxides (CI 77491)

Die Liste der Inhaltsstoffe kann sich ändern. Bitte beachte die Verpackung des gekauften Produkts.
","Vor Gebrauch leicht schütteln. Trage den Sonnenschutz 15 Minuten vor der dem Aufenthalt im Freien auf, anschließend mindestens alle zwei Stunden nachcremen. Erneuere den Auftrag nach dem Schwimmen oder bei Schwitzen sowie unmittelbar nach dem Abtrocknen mit einem Handtuch.",TRUE,TRUE,FALSE
Tatcha - The Rice Wash - Milde Reinigungscreme - dewy The Rice Wash 50ml,https://media.sephora.eu/content/dam/digital/pim/published/T/TATCHA/774293/377349-media_swatch.jpg?scaleWidth=500&scaleHeight=500&scaleMode=fit,"Dieser cremige, feuchtigkeitsspendende Reiniger entfernt Verunreinigungen, ohne die Haut anzugreifen, und sorgt für eine zarte, strahlende Haut.

Entfernt über den Tag angesammelte Verschmutzungen und spendet zugleich Feuchtigkeit. Dieser cremige Reiniger entfernt Make-up, Schmutz und überschüssigen Talg, während Feuchtigkeitsspender wie Hyaluronsäure und rote Algen die Haut reparieren und aufpolstern.

Macht die Haut geschmeidig und steigert die Strahlkraft in 1 Woche**
Die natürlich feuchtigkeitsspendenden Proteine des in Japan beliebten Inhaltsstoffs Reispulver glätten die Haut sanft, machen sie geschmeidig und sorgen von innen heraus für einen strahlenden Glow.

Die pH-neutrale Reinigungscreme verwandelt sich in einen reichhaltigen Schaum. Anders als die meisten schäumenden Reiniger hilft die Aminosäurebasis dieser Formel der Haut, einen gesunden pH-Wert aufrechtzuerhalten - ein wichtiger Faktor für den Schutz der Haut - und erzeugt zugleich einen reichhaltigen und äußerst angenehmen Schaum. --120ml",120ml,19.95,Tatcha,Gesichtsreinigung,"Water/Aqua/Eau, Microcrystalline Cellulose, Propanediol, Sodium Cocoyl Glutamate, Glycerin, Acrylates Copolymer, Sodium Caproyl Methyltaurate, Coco-Betaine, Parfum/Fragrance, Saccharomyces/Camellia Sinensis Leaf/Cladosiphon Okamuranus/Rice Ferment Filtrate*, Oryza Sativa (Rice) Powder, Chondrus Crispus Extract, Sodium Hyaluronate, Beta Phycus Gelatinum Extract, Lauryl Glucoside, Potassium Hydroxide, Polyquaternium-39, Limonene, Linalool, Phenoxyethanol, Ethylhexylglycerin, Sodium Benzoate, Alcohol

Die Liste der Inhaltsstoffe kann sich ändern. Bitte beachten Sie die Verpackung des gekauften Produkts.
","Dosierung: Eine kleine (mandelgroße) Menge entnehmen

- Textur: Creme

Wasser hinzufügen, um einen cremigen Schaum zu erhalten, und massierend auf das Gesicht auftragen. Abwaschen.",TRUE,FALSE,FALSE
Thalgo - Thalgo Men Reinigungs-Gel Force Marine - Gel Nettoyant men,https://www.auerhahn-onlineshop.de/cdn/shop/products/thalgo-men-reinigungs-gel-force-marine-gel-nettoyant-thalgo-814803.jpg?v=1671385075&width=600,"Ein schäumendes Gel, befreit Poren und beseitigt tiefenwirksam Verunreinigungen und überschüssiges Sebum: Für eine reine Haut mit gepflegter Ausstrahlung, ohne die Haut auszutrocknen. --150ml",150ml,23.00,Thalgo,Gesichtsreinigung,"Water/Aqua, Sodium Laureth Sulfate, Coco-Glucoside, Coco-Betaine, PEG-7 Glyceryl Cocoate, Pentylene Glycol, Enteromorpha Compressa Extract, Aphanizomenon Flos-Aquae Extract, Acrylates Copolymer, Phenoxyethanol, Parfum/Fragrance, Sodium Chloride, Hydrogenated Starch Hydrolysate, Glycerin, Chlorphenesin, Butylene Glycol, Ethylhexylglycerin, Sodium Hydroxide, Potassium Sorbate, Blue 1 (CI 42090), Red 33 (CI 17200), Linalool, Limonene

Die Liste der Inhaltsstoffe kann sich ändern. Bitte beachten Sie die Verpackung des gekauften Produkts.
","Morgens und/oder abends auf die feuchte Haut auftragen, aufschäumen und gründlich abspülen. Auch ideal als Reinigung vor der Rasur geeignet.",TRUE,TRUE,FALSE
The Inkey List - 15 % Vitamin C Und Egf Aufhellendes Serum - vitamin C 15% And Egf 30ml,https://media.sephora.eu/content/dam/digital/pim/published/T/THE_INKEY_LIST/555429/237799-media_swatch.jpg?scaleWidth=500&scaleHeight=500&scaleMode=fit,"Die Formel mit 15 % Vitamin C und EGF hilft, fahle Haut zum Strahlen zu bringen und sorgt für ein glattes, gesund aussehendes Hautbild.
Vitamin C in Kombination mit pflanzlichem EGF unterstützt die Regeneration der Haut und fördert die natürliche Kollagen- und Elastinproduktion. Ascorbylglucosid verwandelt sich auf der Hautoberfläche in reines Vitamin C und sorgt für einen strahlenden, ebenmäßiger aussehenden Teint.
Die Formel enthält 15 % Ascorbylglucosid, ein leistungsstarkes Antioxidans, das die Haut zum Strahlen bringt und sie vor Umweltstressoren schützt. Zusätzlich enthält sie 1 % Epitensive™, ein pflanzliches epidermales Wachstumsfaktorsystem, das die natürliche Elastizität und Gesundheit der Haut unterstützt.
Das Produkt ist vegan und besteht aus natürlich gewonnenen Inhaltsstoffen.
--30 ml",30 ml,12.95,The Inkey List,Serum,"Aqua (Water/Eau), Ascorbyl Glucoside, Sodium Hydroxide, PEG-40 Hydrogenated Castor Oil, Phenoxyethanol, Benzyl Alcohol, Butylene Glycol, Xanthan Gum, Ethylhexylglycerin, Sodium Metabisulfite, Dehydroacetic Acid, Phytic Acid, Oligopeptide-1.

Die Liste der Inhaltsstoffe kann sich ändern. Bitte beachte die Verpackung des gekauften Produkts.","Mild genug für eine tägliche Anwendung. Kann morgens und abends angewendet werden.
 Bei einer Anwendung täglich, empfehlen wir morgens.
 Nach der Reinigung und dem Hyaluronic Acid Serum, falls Sie es verwenden, eine erbsengroße Menge auf die gereinigte Haut von Gesicht und Hals auftragen.
 Wenn Sie andere Kosmetikprodukte darüber auftragen möchten, sollten Sie ungefähr 10 Minuten vorher warten.
 Das gibt den Hautzellen genug Zeit, auf die EGF zu reagieren, und so wird der Zellverjüngungsprozess nicht gestört.
 Falls Sie das Produkt am Morgen anwenden, nicht in derselben Nacht Retinol- und AHA-Peelings benutzen.",TRUE,TRUE,FALSE
"The Inkey List - Feuchtigkeitslotion Mit Vitamin B, C Und E - Moisturiser Vitamin B, C And E-",https://media.sephora.eu/content/dam/digital/pim/published/T/THE_INKEY_LIST/505910/163070-media_swatch.jpg?scaleWidth=500&scaleHeight=500&scaleMode=fit,"Die Feuchtigkeitslotion mit Vitamin B, C und E spendet der Haut Feuchtigkeit und unterstützt ein gesund aussehendes Hautbild.
Die leichte Pflege versorgt die Haut mit wichtigen Vitaminen. Vitamin B3, auch Niacinamid genannt, hilft, überschüssigen Talg und Rötungen sichtbar zu reduzieren. Vitamin C lässt fahle Haut strahlender wirken und unterstützt einen frischen Teint, während Vitamin E die Haut beruhigt.
Die Lotion eignet sich besonders zur täglichen Pflege trockener Hauttypen. --50ml",50ml,7.45,The Inkey List,Feuchtigkeitspflege,"Aqua (Water/Eau), Glycerin, Glyceryl Stearate SE, Cetearyl Alcohol, Caprylic/Capric Triglyceride, Cocos Nucifera (Coconut) Oil, Stearic Acid, Phenoxyethanol, Benzyl Alcohol, Carbomer, Sodium Hydroxide, Niacinamide, Panthenol, Sodium Ascorbyl Phosphate, Sodium Hyaluronate, Tocopheryl Acetate, Ethylhexylglycerin, Dehydroacetic Acid, Lecithin, Trisodium Ethylenediamine Disuccinate, Ascorbyl Palmitate, Tocopherol, Helianthus Annuus (Sunflower) Seed Oil

Die Liste der Inhaltsstoffe kann sich ändern. Bitte beachte die Verpackung des gekauften Produkts.
","Morgens und abends nach der Reinigung und den Seren eine erbsengroße Menge auf Gesicht und Hals auftragen und einmassieren, falls gewünscht mit Öl fortfahren.",TRUE,TRUE,TRUE
The Inkey List - Hafer Reinigungsbalsam - Cleanser Oat Balm,https://media.sephora.eu/content/dam/digital/pim/published/T/THE_INKEY_LIST/505911/163071-media_swatch.jpg?scaleWidth=500&scaleHeight=500&scaleMode=fit,"Der luxuriöse Reinigungsbalsam entfernt sanft Make-up, reinigt und pflegt die Haut. Er ist ideal für empfindliche Hauttypen geeignet.
Die Formel kombiniert hautberuhigende kolloidale Haferflocken mit Ceramiden, um die natürliche Schutzbarriere der Haut zu stärken. Haferkernöl unterstützt die Reinigung und Pflege der Haut.
Die Formel enthält 3 % Haferkernöl, das die Feuchtigkeitsbarriere der Haut sanft unterstützt, sowie 1 % kolloidale Haferflocken, die helfen, Rötungen zu reduzieren und Hautirritationen zu beruhigen. --150ml",150ml,10.95,The Inkey List,Gesichtsreinigung,"Prunus Amygdalus Dulcis (Sweet Almond) Oil, Cetearyl Alcohol, PEG-6 Caprylic/Capric Glycerides, Avena Sativa (Oat) Kernel Oil, Candelilla Cera (Candelilla Wax), Silica, Sorbitan Stearate, Tribehenin, PEG-60 Almond Glycerides, Avena Sativa (Oat) Kernel Flour, Water/Aqua/Eau, Benzyl Alcohol, Phenoxyethanol, Lecithin, 1,2-Hexanediol, Ascorbyl Palmitate, Tocopherol, Biosaccharide Gum-4, Helianthus Annuus (Sunflower) Seed Oil

Die Liste der Inhaltsstoffe kann sich ändern. Bitte beachten Sie die Verpackung des gekauften Produkts.
","Die ideale milde Reinigung für morgens und abends.
 Eine kleine Menge sanft auf das feuchte Gesicht und den Hals auftragen, zum Einmassieren Wasser hinzufügen und dann gründlich abspülen.
 Für einen Extra-Pflegeboost vor dem Abspülen 10 Minuten einwirken lassen.",TRUE,FALSE,TRUE
The Inkey List - Hydrating Cream-to-milk Cleanser - Feuchtigkeitsspendende Reinigungsmilch,https://media.sephora.eu/content/dam/gdam/europe/digital/pim/published/T/THE_INKEY_LIST/767865/371133-media_swatch.jpg?scaleWidth=750&scaleHeight=750&scaleMode=fit,"Sanft zur Haut, gnadenlos zu Unreinheiten.

Entdecke die feuchtigkeitsspendende Reinigungscreme für eine sanfte und effektive Reinigung, die die Haut mit Feuchtigkeit versorgt und sie ausgleicht, ohne ein Spannungsgefühl zu erzeugen. ​

Nicht reizend, nicht aggressiv, nicht austrocknend. Auch für sehr empfindliche Haut geeignet.

*24 STUNDEN FEUCHTIGKEITSVERSORGUNG, KLINISCH GETESTET

Mit dieser sanften Reinigungsmilch wird deine Haut wieder schön geschmeidig. Die beruhigende Wirkung von Reismilch und die intensive Feuchtigkeit von Hyaluronsäure machen diese innovative Formel zu einem echten Allrounder, der die Haut gründlich reinigt und gleichzeitig mit Feuchtigkeit versorgt. Entfernt Make-up, Rückstände und Verunreinigungen, ohne die Haut auszutrocknen oder ein Spannungsgefühl zu hinterlassen. Das Ergebnis ist eine ausgewogene Reinigung, die die natürliche Hautbarriere stärkt.

Die feuchtigkeitsspendende Reinigungsmilch vereint das Beste aus zwei Welten: gründliche Reinigung und sanfte Pflege. Die leichte, cremige Textur verwandelt sich bei Kontakt mit Wasser in eine pflegende Milch. So lassen sich selbst hartnäckiges Make-up und Unreinheiten mühelos entfernen, während die Haut weich und gut gepflegt ist. Reismilch, die für ihre beruhigenden und schützenden Eigenschaften bekannt ist, ergänzt die Hyaluronsäure und sorgt dafür, dass die Haut 24 Stunden lang prall und mit Feuchtigkeit versorgt bleibt. Deine Haut fühlt sich den ganzen Tag lang frisch, ausgeglichen und gut an.

Die Reinigungsmilch für morgens und abends ist der erste Schritt in deiner Hautpflege.

Verabschiede dich von trockener Haut und unangenehmen Spannungsgefühlen und sag Hallo zu sauberer, gepflegter Haut. ​ --180ml",180ml,12.45,The Inkey List,Gesichtsreinigung,"Aqua (Water), Glycerin, Ethylhexyl Palmitate, C12-15 Alkyl Benzoate, PEG-6 Caprylic/Capric Glycerides, Betaine, Polyglyceryl-3 Dicitrate/Stearate, Sodium Acrylate/Sodium Acryloyldimethyl Taurate Copolymer, Isohexadecane, Pentylene Glycol, Propanediol, Butyrospermum Parkii (Shea) Butter, Hydroxyacetophenone, Oryza Sativa (Rice Starch), Caprylyl Glycol, Cetearyl Olivate, Polysorbate 80, Sorbitan Olivate, Ethylhexylglycerin, Sodium Hydroxide, Sorbitan Oleate, Xanthan Gum, Hydrolyzed Rice Protein, Oryza Sativa (Rice) Bran Oil, Inulin, Polyquaternium-10, Hydrolyzed Sodium Hyaluronate, Sodium Hyaluronate, Phenoxyethanol, Lecithin

Die Liste der Inhaltsstoffe kann sich ändern. Bitte beachten Sie die Verpackung des gekauften Produkts.","Morgens und abends als einzige Reinigung oder als zweiten Reinigungsschritt bei einer doppelten Reinigungsroutine verwenden.
Massiere eine etwa himbeergroße Menge sanft auf die trockene Gesichtshaut und den Hals ein.
Gib ein bisschen lauwarmes Wasser dazu, um alles zu vermischen, und massiere die Mischung sanft ein, bis eine leichte Milch entsteht.
Gründlich mit Wasser abspülen.",TRUE,TRUE,TRUE
The Inkey List - Hydro-Surge Dewy Face Mist – Gesichtsspray,https://media.sephora.eu/content/dam/gdam/europe/digital/pim/published/T/THE_INKEY_LIST/767864/371132-media_swatch.jpg?scaleWidth=750&scaleHeight=750&scaleMode=fit,"Probier mal unser Hydro-Surge Gesichtsspray für sofortige Feuchtigkeitsversorgung, egal wo du bist. ​

Egal, ob du auf einem Langstreckenflug bist, in einem zu stark klimatisierten Büro sitzt oder gerade vom Sport kommst, es gibt eine Lösung: ein Spritzer INKEY. ​

KLINISCH GETESTET: 12 STUNDEN FEUCHTIGKEIT, SOFORTIGE AUSSTRAHLUNG – SELBST ÜBER DEM MAKE-UP
BERUHIGT SELBST DIE EMPFINDLICHSTE HAUT*

Deine Haut ist durstig. Du verlierst jeden Tag bis zu 2 Liter Wasser – und da deine Haut zu 64 % aus Wasser besteht, ist es kein Wunder, dass sie sich trocken, fahl oder dehydriert anfühlt. Genauso wie dein Körper Wasser braucht, braucht auch deine Haut Wasser.

Das superfeine und leichte Nebelspray spendet sofort Feuchtigkeit, die bis zu 12 Stunden anhält – das ist klinisch getestet. Du musst dein Make-up nicht auffrischen oder deine Sonnencreme erneut auftragen. --75ml",75ml,9.95,The Inkey List,Toner,"Aqua (Water), Glycerin, Cucumis Sativus (Cucumber) Fruit Extract, Betaine, Xylitylglucoside, Maris Aqua (Sea Water), Phenoxyethanol, Anhydroxylitol, Xylitol, Citric Acid, Pentylene Glycol, Ethylhexylglycerin, Tetrasodium Glutamate Diacetate, Lactic Acid, Sodium Benzoate

Die Liste der Inhaltsstoffe kann sich ändern. Bitte beachten Sie die Verpackung des gekauften Produkts.","Morgens und abends oder wann immer du willst anwenden.

Nach der Reinigung (vor deinem Hyaluronsäure-Serum) für ultimative Feuchtigkeit. ​

Nach deiner Feuchtigkeitscreme oder Sonnencreme auftragen, um alles zu fixieren. ​

Für die schnelle Erfrischung unterwegs.",TRUE,TRUE,TRUE
The Inkey List - Mildes Pha Peeling-gesichtswasser - toner Pha 100ml,https://media.sephora.eu/content/dam/digital/pim/published/T/THE_INKEY_LIST/555425/237795-media_swatch.jpg?scaleWidth=500&scaleHeight=500&scaleMode=fit,"PHA ist ein mildes chemisches Peeling, das besonders für empfindliche Haut geeignet ist. Das Gesichtswasser entfernt abgestorbene Hautzellen von der Hautoberfläche und hilft gleichzeitig, Feuchtigkeit in der Haut zu bewahren.
Die Formel enthält 3 % PHA, um die Hautstruktur zu verbessern, sowie 3 % Niacinamid, das überschüssigen Talg reduziert und einen ungleichmäßigen Hautton ausgleicht. Aloe-Barbadensis-Blattsaft beruhigt die Haut.
Das Produkt ist vegan und besteht aus natürlich gewonnenen Inhaltsstoffen.
--100 ml",100 ml,9.95,The Inkey List,Toner,"Water (Aqua/Eau), Propanediol, Gluconolactone, Niacinamide, Pentylene Glycol, Glycerin, Aloe Barbadensis Leaf Juice, Potassium Sorbate, Sodium Benzoate, PPG-26-Buteth-26, PEG-40 Hydrogenated Castor Oil, 1,2-Hexanediol, Caprylyl Glycol, Ethylhexylglycerin, Citric Acid, Sodium Hydroxide.

Die Liste der Inhaltsstoffe kann sich ändern. Bitte beachte die Verpackung des gekauften Produkts.
","Das Produkt ist mild genug für eine Anwendung morgens und abends.
 Nach der Reinigung und dem Hyaluronic Acid Serum, falls Sie es verwenden, ein Wattepad mit dem Produkt tränken und über Gesicht und Hals wischen.
 Muss nicht abgespült werden.
 Mit den bevorzugten Seren und Feuchtigkeitsspendern fortfahren.",TRUE,TRUE,TRUE
The Inkey List - Peeling-Gesichtswasser mit Glycolsäure,https://media.sephora.eu/content/dam/gdam/europe/digital/pim/published/T/THE_INKEY_LIST/460021/109893-media_swatch.jpg?scaleWidth=750&scaleHeight=750&scaleMode=fit,"WAS ES IST:
Glycolsäure ist ein aus Rohrzucker gewonnener Inhaltsstoff und wirkt, um abgestorbene Hautzellen von der Hautoberfläche zu entfernen und die Zellerneuerung zu beschleunigen.

WAS ES BEWIRKT:
The INKEY List 10% Glycolic Acid Exfoliating Toner hilft, das Erscheinungsbild von Fältchen und erweiterten Poren zu reduzieren und gleichzeitig zu einem glatteren, strahlenden Teint beizutragen. Das Produkt enthält zudem 5 % Hamamelis, um Fett zu reduzieren und die Haut zu beruhigen. The INKEY List empfiehlt dieses Produkt allen Personen mit fettiger oder unreiner Haut. --100ml ",100ml,9.95,The Inkey List,Toner,"Aqua (Water/Eau), Glycolic Acid, Propanediol, Hamamelis Virginiana (Witch Hazel) Water, Sodium Hydroxide, Butylene Glycol, Phenoxyethanol, Alcohol, PPG-26-Buteth-26, Betaine, PEG-40 Hydrogenated Castor Oil, Boerhavia Diffusa Root Extract, Ethylhexylglycerin, Trisodium Ethylenediamine Disuccinate.

Die Liste der Inhaltsstoffe kann sich ändern. Bitte beachte die Verpackung des gekauften Produkts.
","Für eine Anwendung am Abend.
Nach der Reinigung und dem Hyaluronic Acid Serum, falls Sie es verwenden, ein Wattepad mit dem Gesichtswasser tränken und über Ihr Gesicht und den Hals wischen.
Sie können das Produkt auch auf anderen zu Akne neigenden Hautarealen anwenden, zum Beispiel auf dem Rücken oder der Brust. Mit den bevorzugten Seren und Feuchtigkeitsspendern fortfahren.
Muss nicht abgespült werden.",TRUE,FALSE,TRUE
The Inkey List - Pickel- & Porenreiniger Mit Salicylsäure - 150 Ml,https://media.sephora.eu/content/dam/digital/pim/published/T/THE_INKEY_LIST/471084/112512-media_swatch.jpg?scaleWidth=500&scaleHeight=500&scaleMode=fit,"Der beliebte Kult-Gesichtsreiniger mit Salicylsäure entfernt Make-up und Unreinheiten und hilft gleichzeitig, Mitesser und Pickel zu reduzieren.
Der 2%ige Salicylic Acid Cleanser reinigt effizient und enthält zusätzlich eine Zinkkomponente. Gemeinsam wirken sie fettregulierend, reduzieren Mitesser und Pickel und fördern ein ebenmäßigeres Erscheinungsbild des Teints.
Die Formel enthält 2 % Salicylsäure, die hilft, verstopfte Poren zu befreien und die Haut sanft zu exfolieren. Eine Zinkkomponente unterstützt die Reduzierung von überschüssigem Fett, während 0,5 % Allantoin hilft, Hautirritationen zu beruhigen.
--50 ml",50 ml,11.95,The Inkey List,Gesichtsreinigung,"Water/Aqua, Propanediol, Glycerin, Sodium Methyl Cocoyl Taurate, Cocamidopropyl Betaine, PEG-120 Methyl Glucose Dioleate, Salicylic Acid, PEG-150 Pentaerythrityl Tetrastearate, PEG-6 Caprylic/Capric Glycerides, Betaine, Zinc PCA, Phenoxyethanol, Sodium Chloride, Allantoin, Sodium Hydroxide, Coco-Glucoside, Glyceryl Oleate, Benzyl Alcohol, Coconut Acid, Ethylhexylglycerin, Sodium Benzoate, Citric Acid, Dehydroacetic Acid, Trisodium Ethylenediamine Disuccinate, Tocopherol, Hydrogenated Palm Glycerides Citrate

Die Liste der Inhaltsstoffe kann sich ändern. Bitte beachten Sie die Verpackung des gekauften Produkts.
","Der Salicylic Acid Cleanser kann morgens und abends angewendet werden.
 Eine kleine Menge auftragen und mindestens 60 Sekunden sanft in das feuchte Gesicht und den Hals einmassieren.
 Gründlich mit viel Wasser abspülen und mit Ihrem verbleibenden Hautpflege-Protokoll fortfahren.",TRUE,FALSE,TRUE
The Inkey List - Talgregulierendes Niacinamid Serum - Serum Niacinamide 30ml,https://media.sephora.eu/content/dam/digital/pim/published/T/THE_INKEY_LIST/483460/117910-media_swatch.jpg?scaleWidth=500&scaleHeight=500&scaleMode=fit,"Niacinamid ist ein natürlich vorkommendes Vitamin B3, das häufig zur Regulierung von überschüssigem Fett verwendet wird.
Das leichte Serum ist mit 10 % Niacinamid angereichert und hilft, überschüssigen Talg, Pickel und Rötungen sichtbar zu reduzieren. Zusätzlich enthält die Formel 1 % Hyaluronsäure, die die Haut mit Feuchtigkeit versorgt und sie aufgepolstert wirken lässt.
--30 ml",30 ml,7.45,The Inkey List,Serum,"Water (Aqua/Eau), Niacinamide, Glycerin, Propanediol, Butylene Glycol, Phenoxyethanol, Hydroxyethyl Acrylate/Sodium Acryloyldimethyl Taurate Copolymer, Hydroxyethylcellulose, Phospholipids, Squalane, Xanthan Gum, Glycine Soja (Soybean) Oil, Allantoin, Sodium Phytate, Polysorbate 60, Panthenol, Glycolipids, Leuconostoc/Radish Root Ferment Filtrate, Sorbitan Isostearate, Glycine Soja (Soybean) Sterols, Citric Acid, Hyaluronic Acid, Disodium Phosphate, Sodium Phosphate.

Die Liste der Inhaltsstoffe kann sich ändern. Bitte beachte die Verpackung des gekauften Produkts.
","Nach der Reinigung und der Feuchtigkeitszufuhr mit Hyaluronic Acid Serum morgens und abends eine erbsengroße Menge sanft in das Gesicht und den Hals einklopfen.
 Falls Sie es gemeinsam mit anderen Seren anwenden, in beliebiger Reihenfolge übereinander auftragen oder unsere Tipps zum Layering unten ansehen.",TRUE,TRUE,TRUE
The Ordinary - Cleanser Mit Squalan - Reinigung Und Make-up-entferner - Hydrators And Oils Squalance Cleans 50ml,https://media.sephora.eu/content/dam/digital/pim/published/T/THE_ORDINARY/502458/161709-media_swatch.jpg?scaleWidth=500&scaleHeight=500&scaleMode=fit,"Eine sanfte Reinigung, die perfekt reinigt und make-up entfernt. Die vegane Formel enthält Squalan und andere Lipophile ester, die effektiv Make-up und Unreinheiten entfernen, die Haut geschmeidig machen und ihr Feuchtigkeit spenden. Nachdem die Balsamtextur 10 bis 30 Sekunden lang zwischen den Handflächen erhitzt wurde, verwandelt sie sich in öl. Die in der Formel enthaltene Zuckerester-emulsion sorgt dafür, dass Verunreinigungen und make-up beim abspülen mit wasser aufgenommen und entfernt werden können. diese seifenfreie, nicht komedogene reinigung eignet sich für den täglichen gebrauch und für alle hauttypen.vegan : produkte aus natürlich gewonnenen inhaltsstoffen. The Ordinary - Cleanser mit squalan - reinigung und make-up-entferner - Hydrators and oils squalance cleans --50ml",50ml,11.45,The Ordinary,Gesichtsreinigung,"Squalane, Water/Aqua/Eau, Coco-Caprylate/Caprate, Glycerin, Ethyl Macadamiate, Sucrose Stearate, Caprylic/Capric Triglyceride, Hydrogenated Starch Hydrolysate, Sucrose Laurate, Polyacrylate Crosspolymer-6, Isoceteth-20, Sodium Polyacrylate, Tocopherol, Trisodium Ethylenediamine Disuccinate, Malic Acid, Ethylhexylglycerin, Phenoxyethanol, Chlorphenesin

Die Liste der Inhaltsstoffe kann sich ändern. Bitte beachten Sie die Verpackung des gekauften Produkts.
","Erwärme eine kleine Menge des Produktes in deinen Händen, bis es sich in Öl verwandelt.
 

 Trage es auf die trockene Haut auf und massiere es ein. Spüle es anschließend mit warmem Wasser ab. Bei Irritationen die Anwendung abbrechen und einen Arzt aufsuchen.
 Nur gemäß der Gebrauchsanweisung auf intakter Haut anwenden. Ein Hauttest vor der Anwendung wird empfohlen.
 

 Eine ausführliche Anleitung für die Durchführung eines Hauttests findest du auf der DECIEM-Website.",TRUE,TRUE,TRUE
The Ordinary - Milchsäure-Tonic mit Saccharomyces-Fermenten 30 % - Mildes Peeling-Tonic,https://media.sephora.eu/content/dam/gdam/europe/digital/pim/published/T/THE_ORDINARY/720194/349705-media_swatch.jpg?scaleWidth=750&scaleHeight=750&scaleMode=fit,"Ein sanftes Peeling-Tonikum für glattere, strahlende Haut und einen erhöhten Feuchtigkeitsgehalt. Für sensible Haut geeignet. --100ml",100ml,17.45,The Ordinary,Toner,"Aqua (Water), Yeast Extract, Squalane, Lauryl Glucoside, Myristyl Glucoside, Polyglyceryl-6 Laurate, Isoceteth-20, Trisodium Ethylenediamine Disuccinate, Citric Acid, Sodium Citrate, Sodium Hydroxide, Phenoxyethanol, Chlorphenesin.

Die Liste der Inhaltsstoffe kann sich ändern. Bitte beachte die Verpackung des gekauften Produkts.
",Morgens und abends anwenden. Mit einem Wattepad oder den Fingern auf Gesicht und Hals auftragen. Nicht ausspülen. Vermeide den Kontakt mit den Augen und der Augenpartie.,TRUE,TRUE,TRUE
The Ordinary - Multi-peptide + Copper Peptides 1 % Serum - Gesichtspflegeserum - peptides Multi-peptide + Copper 1% Serum,https://media.sephora.eu/content/dam/digital/pim/published/T/THE_ORDINARY/689009/330722-media_swatch.jpg?scaleWidth=500&scaleHeight=500&scaleMode=fit,"Ein innovatives Anti-Aging-Serum, das zusätzlichen antioxidativen Schutz bietet.
Unsere universelle Formel Multi-Peptide + Kupferpeptide 1 % basiert auf mehreren Hautschutztechnologien, die gleichzeitig auf unterschiedliche Zeichen der Hautalterung abzielen. Die Formel nutzt fünf umfassend untersuchte Peptidtechnologien, hautfreundliche Aminosäuren sowie diverse Hyaluronsäuren. Unser Serum Multi-Peptide + Kupferpeptide 1 % wurde für all jene entwickelt, die sich eine All-in-one-Hautpflegelösung wünschen, und trägt dazu bei, das Erscheinungsbild statischer und dynamischer Falten abzumildern und die Elastizität, Gesschmeidigkeit und Festigkeit deiner Haut zu erhöhen. Dank der in seiner Zusammensetzung enthaltenen Kupferpeptide hat es zudem eine direkte Wirkung auf die Zeichen der Hautalterung, die im Allgemeinen mit oxidativem Stress in Verbindung gebracht werden, und sorgt so für eine strahlende Haut und ein gesünderes Aussehen. --30ml",30ml,36.45,The Ordinary,Serum,"Aqua (Water), Glycerin, Lactococcus Ferment Lysate, Copper Tripeptide-1, Acetyl Hexapeptide-8, Pentapeptide-18, Palmitoyl Tripeptide-1, Palmitoyl Tetrapeptide-7, Palmitoyl Tripeptide-38, Dipeptide Diaminobutyroyl Benzylamide Diacetate, Acetylarginyltryptophyl Diphenylglycine, Sodium Hyaluronate Crosspolymer, Sodium Hyaluronate, Allantoin, Glycine, Alanine, Serine, Valine, Isoleucine, Proline, Threonine, Histidine, Phenylalanine, Arginine, Aspartic Acid, Trehalose, Fructose, Glucose, Maltose, Urea, Sodium Pca, Pca, Sodium Lactate, Citric Acid, Hydroxypropyl Cyclodextrin, Sodium Chloride, Sodium Hydroxide, Butylene Glycol, Pentylene Glycol, Acacia Senegal Gum, Xanthan Gum, Carbomer, Polysorbate 20, Dimethyl Isosorbide, Sodium Benzoate, Caprylyl Glycol, Ethylhexylglycerin, Phenoxyethanol, Chlorphenesin

Die Liste der Inhaltsstoffe kann sich ändern. Bitte beachte die Verpackung des gekauften Produkts.","Morgens und abends ein paar Tropfen auf das Gesicht auftragen. 

Bei Irritationen Abspülen, die Anwendung abbrechen und einen Arzt aufsuchen. 

Nur gemäß den Anweisungen auf gesunder Haut anwenden. 

Ein Hauttest vor der Anwendung wird empfohlen. 

Außerhalb der Reichweite von Kindern aufbewahren.",TRUE,TRUE,TRUE
The Ordinary - Multi-peptide-serum + Ha - Anti-aging-serum - peptides Multi-peptide + Ha Serum 60ml,https://media.sephora.eu/content/dam/digital/pim/published/T/THE_ORDINARY/642936/306058-media_swatch.jpg?scaleWidth=500&scaleHeight=500&scaleMode=fit,"Ein Anti-Aging-Peptidserum mit Mehrfachwirkung. Diese universelle Formel enthält zahlreiche Technologien, um die Haut geschmeidiger zu machen und gleichzeitig viele Zeichen der Hautalterung zu bekämpfen. Die Kombination aus vier perfekt durchdachten Peptid-Technologien, hautfreundlichen Aminosäuren und mehreren Hyaluronsäurekomplexen trägt dazu bei, das Erscheinungsbild von Krähenfüßen deutlich zu reduzieren und die Elastizität und Festigkeit der Haut zu verbessern.
Vegan : Produkte aus natürlich gewonnenen Inhaltsstoffen. --60ml",60ml,36.95,The Ordinary,Serum,"Aqua (Water), Glycerin, Lactococcus Ferment Lysate, Acetyl Hexapeptide-8, Pentapeptide-18, Palmitoyl Tripeptide-1, Palmitoyl Tetrapeptide-7, Palmitoyl Tripeptide-38, Dipeptide Diaminobutyroyl Benzylamide Diacetate, Acetylarginyltryptophyl Diphenylglycine, Sodium Hyaluronate Crosspolymer, Sodium Hyaluronate, Allantoin, Glycine, Alanine, Serine, Valine, Isoleucine, Proline, Threonine, Histidine, Phenylalanine, Arginine, Aspartic Acid, Trehalose, Fructose, Glucose, Maltose, Urea, Sodium Pca, Pca, Sodium Lactate, Citric Acid, Hydroxypropyl Cyclodextrin, Sodium Chloride, Sodium Hydroxide, Butylene Glycol, Pentylene Glycol, Acacia Senegal Gum, Xanthan Gum, Carbomer, Polysorbate 20, Ppg-26-Buteth-26, Peg-40 Hydrogenated Castor Oil, Trisodium Ethylenediamine Disuccinate, Ethoxydiglycol, Sodium Benzoate, Caprylyl Glycol, Ethylhexylglycerin, Phenoxyethanol, Chlorphenesin.

Die Liste der Inhaltsstoffe kann sich ändern. Bitte beachte die Verpackung des gekauften Produkts.",Morgens und abends auf die saubere Haut im ganzen Gesicht auftragen. Bei Irritationen die Anwendung abbrechen und einen Arzt aufsuchen. Nur wie angegeben auf gesunder Haut anwenden. Ein Hauttest vor der Anwendung wird empfohlen. Außerhalb der Reichweite von Kindern aufbewahren.,TRUE,TRUE,TRUE
The Ordinary - Natural Moisturizing Factors + Ha - Feuchtigkeitscreme - Hydrators And Oils Natmoist Fact Ha 30ml,https://media.sephora.eu/content/dam/digital/pim/published/T/THE_ORDINARY/502449/161705-media_swatch.jpg?scaleWidth=500&scaleHeight=500&scaleMode=fit,"Natural Moisturizing Factors (NMF) sind natürliche Bestandteile der Haut, die die Hautoberfläche schützen und mit Feuchtigkeit versorgen.
Die vegane Formel unterstützt eine nicht fettende Feuchtigkeitsversorgung und hilft, geschädigte NMF-Verbindungen zu ersetzen und zu stärken. Sie enthält unter anderem Aminosäuren, Fettsäuren, Triglyceride, Urea, Ceramide, Phospholipide, Glycerin, Saccharide, Natrium-PCA und Hyaluronsäure.
Das Produkt ist vegan und besteht aus natürlich gewonnenen Inhaltsstoffen.
--30 ml",30 ml,8.45,The Ordinary,Feuchtigkeitspflege,"Aqua (Water), Caprylic/Capric Triglyceride, Cetyl Alcohol, Propanediol, Stearyl Alcohol, Glycerin, Sodium Hyaluronate, Arginine, Aspartic Acid, Glycine, Alanine, Serine, Valine, Isoleucine, Proline, Threonine, Histidine, Phenylalanine, Glucose, Maltose, Fructose, Trehalose, Sodium PCA, PCA, Sodium Lactate, Urea, Allantoin, Linoleic Acid, Oleic Acid, Phytosteryl Canola Glycerides, Palmitic Acid, Stearic Acid, Lecithin, Triolein, Tocopherol, Carbomer, Isoceteth-20, Polysorbate 60, Sodium Chloride, Citric Acid, Trisodium Ethylenediamine Disuccinate, Pentylene Glycol, Triethanolamine, Sodium Hydroxide, Phenoxyethanol, Chlorphenesin

Die Liste der Inhaltsstoffe kann sich ändern. Bitte beachte die Verpackung des gekauften Produkts.
",Verwenden Sie die Feuchtigkeitscreme The Ordinary Natural Moisturizing Factors + HA morgens und abends als letzten Schritt Ihrer Hautpflege-Routine. Auf die Gesichtshaut auftragen und sanft einmassieren.,TRUE,TRUE,TRUE
The Ordinary - Niacinamide 10% + Zinc 1% - Serum Gegen Unreinheiten - niacinamide 10% & Zinc 1% 60ml,https://media.sephora.eu/content/dam/digital/pim/published/T/THE_ORDINARY/548882/234986-media_swatch.jpg?scaleWidth=500&scaleHeight=500&scaleMode=fit,"Eine vegane Formel, die hochkonzentrierte Vitamine und Mineralien enthält, um Hautunreinheiten und Entzündungen entgegenzuwirken. Niacinamid (Vitamin B3), das hier hochkonzentriert (10 %) enthalten ist, reduziert das Auftreten von Unreinheiten und erweiterte Poren. Diese Formel enthält außerdem Zinksalz der Pyrrolidoncarbonsäure, das die Talgproduktion reguliert.
Vegan : Produkte aus natürlich gewonnenen Inhaltsstoffen. --60ml",60ml,11.45,The Ordinary,Serum,"Aqua (Water), Niacinamide, Pentylene Glycol, Zinc PCA, Dimethyl Isosorbide, Tamarindus Indica Seed Gum, Xanthan Gum, Isoceteth-20, Ethoxydiglycol, Phenoxyethanol, Chlorphenesin.

Die Liste der Inhaltsstoffe kann sich ändern. Bitte beachte die Verpackung des gekauften Produkts.
","Morgens und abends vor jeder reichhaltigeren Creme auf das Gesicht auftragen.

Bei Irritationen die Anwendung abbrechen und einen Arzt aufsuchen. Nur gemäß der Gebrauchsanweisung auf intakter Haut anwenden. Ein Hauttest vor der Anwendung wird empfohlen.
Eine ausführliche Anleitung für die Durchführung eines Hauttests findest du auf der DECIEM-Website. Außerhalb der Reichweite von Kindern aufbewahren.",TRUE,TRUE,TRUE
The Ordinary - Resveratrol 3 % + Ferulasäure 3m - Antioxidatives Serum - Hydrators And Oils Resverferulic Ac 30ml,https://media.sephora.eu/content/dam/digital/pim/published/T/THE_ORDINARY/502452/161707-media_swatch.jpg?scaleWidth=500&scaleHeight=500&scaleMode=fit,"Dank seiner antioxidativen Funktionen schützt Resveratrol 3 % + 3 % Ferulasäure die Haut vor freien Radikalen und hilft, sie gesund zu erhalten. Diese vegane Formel enthält sehr hohe Konzentrationen (3 %) der beiden stärksten in der Hautpflege eingesetzten Antioxidantien: Resveratrol und Ferulasäure. Resveratrol ist ein natürliches Polyphenol, das in bestimmten Pflanzen vorkommt. Das in dieser Formel enthaltene ist zu 100 % japanischer Knöterich. Ferulasäure ist ein wirkungsvolles phytochemisches Antioxidans, das natürlich in Pflanzenzellen vorkommt. Diese Formel ist frei von Wasser, Öl, Silikon und Alkohol und kann mit anderen Hautpflegeprodukten gemischt werden, um ihre jeweiligen antioxidativen Eigenschaften zu erhöhen. DECIEM empfiehlt, dieses Serum zum Beispiel mit der Vitamin C Suspension 30 % in Silikon zu mischen.
Vegan : Produkte aus natürlich gewonnenen Inhaltsstoffen. --30ml",30ml,12.45,The Ordinary,Serum,"Propanediol, Resveratrol, Ferulic Acid

Die Liste der Inhaltsstoffe kann sich ändern. Bitte beachte die Verpackung des gekauften Produkts.","Allein oder nach Seren auf Wasserbasis und vor reichhaltigeren Ölen oder Cremes auftragen.

Kann auch mit anderen Hautpflegeprodukten gemischt werden, um ihre antioxidativen Eigenschaften zu steigern. Dieses Pflegeprodukt ist hochkonzentriert und kann mit den meisten Gesichtsölen verdünnt werden, um die Konzentration zu reduzieren.

Mische Resveratrol 3 % + 3 % Ferulasäure mit der Vitamin C Suspension 23 % + HA Spheres 2 % oder der Vitamin C Suspension 30 % in Silikon von The Ordinary und verdünne diese Mischung bei jeder Anwendung in einem unserer Gesichtsöle, um ein einzigartiges Antioxidationssystem aus Vitamin C, Ferulasäure und Resveratrol in einer Lipidbasis zu erhalten.

Wir empfehlen, diese Mischung in einer niedrigen Konzentration zu verwenden. Diese Formel eignet sich nicht für empfindliche, verletzte oder eine sich schälende Haut. Bei Irritationen die Anwendung abbrechen und einen Arzt aufsuchen. Nur gemäß der Gebrauchsanweisung auf intakter Haut anwenden.

Ein Hauttest vor der Anwendung wird empfohlen. Eine ausführliche Anleitung für die Durchführung eines Hauttests findest du auf der DECIEM-Website.

Außerhalb der Reichweite von Kindern aufbewahren.

Nicht in den Kühlschrank stellen.",TRUE,TRUE,TRUE
The Ordinary - Retinol 1 % In Squalan - Anti-aging-serum - Retinoids Retinol In Squalance 30ml,https://media.sephora.eu/content/dam/digital/pim/published/T/THE_ORDINARY/502455/161708-media_swatch.jpg?scaleWidth=500&scaleHeight=500&scaleMode=fit,"Eine vegane Lösung, die kein Wasser enthält, mit einer Konzentration von 1 % reinem Retinol, um die Zeichen der Hautalterung, einschließlich Falten und Photo-Aging, zu bekämpfen. Die reizende Wirkung von Retinol wurde wissenschaftlich untersucht und nachgewiesen, doch es gibt neue Technologien, die die bemerkenswerte Wirkung von Retinol imitieren, ohne zu die Haut zu reizen. The Ordinary empfiehlt daher generell, lieber Formeln mit Granactive Retinoid zu verwenden.
Vegan : Produkte aus natürlich gewonnenen Inhaltsstoffen. --30ml",30ml,11.45,The Ordinary,Serum,"Squalane, Caprylic/Capric Triglyceride, Retinol, Solanum Lycopersicum (Tomato) Fruit Extract, Simmondsia Chinensis (Jojoba) Seed Oil, BHT.

Die Liste der Inhaltsstoffe kann sich ändern. Bitte beachte die Verpackung des gekauften Produkts.","Abends nach den Seren auf Wasserbasis, aber vor reichhaltigen Cremes eine kleine Menge auf das Gesicht auftragen.

Nicht in Verbindung mit anderen Produkten auf Retinoidbasis verwenden. Tagsüber Sonnenschutz verwenden. Ungeschützte Sonnenexposition sollte vermieden werden.

Bei Irritationen die Anwendung abbrechen und einen Arzt aufsuchen. Nur gemäß der Gebrauchsanweisung auf intakter Haut anwenden. Ein Hauttest vor der Anwendung wird empfohlen.

Eine ausführliche Anleitung für die Durchführung eines Hauttests findest du auf der DECIEM-Website.

Außerhalb der Reichweite von Kindern aufbewahren.",TRUE,TRUE,TRUE
The Ordinary - Salicylsäure 2 % - Serum Gegen Hautunreinheiten - salicylic Acid 2% Solution,https://media.sephora.eu/content/dam/digital/pim/published/T/THE_ORDINARY/617526/277746-media_swatch.jpg?scaleWidth=500&scaleHeight=500&scaleMode=fit,"Eine Formel mit Geleffekt auf Wasserbasis mit 2 % Salilylsäure. Salicylsäure ist eine Beta-Hydroxysäure, die in der Formel enthalten ist, um verstopfte und unreine Haut zu bekämpfen. Sie hat einen peelenden Effekt und bewirkt, abgestorbene Hautzellen zu entfernen, die zur Verstopfung der Poren führen können.
Vegan : Produkte aus natürlich gewonnenen Inhaltsstoffen. --30ml",30ml,8.45,The Ordinary,Serum,"Aqua (Water), Saccharide Isomerate, Cocamidopropyl Dimethylamine, Salicylic Acid, Hydroxyethylcellulose, Polysorbate 20, Citric Acid, Sodium Citrate, Sodium Hydroxide, Phenoxyethanol, Chlorphenesin.

Die Liste der Inhaltsstoffe kann sich ändern. Bitte beachte die Verpackung des gekauften Produkts.
","Einmal täglich abends auftragen. Gezielt einen kleinen Punkt auf Problemstellen auftragen oder in geringer Menge zur allgemeinen Anwendung auf dem gesamten Gesicht verteilen.
Nicht auf sensibler, sich schälender oder zu Irritationen neigender Haut anwenden. Vermeide den Kontakt mit den Augenkonturen und den Augen.",TRUE,TRUE,TRUE
The Ordinary - Salicylsäure 2% Wasserfreie Lösung - Serum Gegen Hautunreinheiten - salicylic Acid 2% Anhydrous Solution,https://media.sephora.eu/content/dam/digital/pim/published/T/THE_ORDINARY/582969/269826-media_swatch.jpg?scaleWidth=500&scaleHeight=500&scaleMode=fit,"Die wasserfreie 2%ige Salicylsäurelösung von The Ordinary ist ein wasserfreies Produkt, das formuliert wurde, um die Haut zu peelen und dabei zu helfen, die Poren zu entlasten. Dadurch werden Unregelmäßigkeiten in der Hautstruktur sichtbar geglättet und der Teint wirkt weniger gerötet und ebenmäßiger.
Vegan : Produkte aus natürlich gewonnenen Inhaltsstoffen. --30ml",30ml,8.45,The Ordinary,Serum,"Saccharide Isomerate, Cocamidopropyl Dimethylamine, Salicylic Acid, Hydroxyethylcellulose, Polysorbate 20, Citric Acid, Sodium Citrate, Sodium Hydroxide, Phenoxyethanol, Chlorphenesin.

Die Liste der Inhaltsstoffe kann sich ändern. Bitte beachte die Verpackung des gekauften Produkts.



",Morgens und abends auftragen. Gib einen kleinen Punkt auf die betroffene Stelle oder trage zur allgemeinen Anwendung eine kleine Menge auf das Gesicht auf.,TRUE,TRUE,TRUE
The Ordinary - Schäumender Reiniger Mit Glucosiden - Milder Schäumender Gesichtsreiniger - cleansers Glucoside Foaming 150ml,https://media.sephora.eu/content/dam/digital/pim/published/T/THE_ORDINARY/664903/320477-media_swatch.jpg?scaleWidth=500&scaleHeight=500&scaleMode=fit,"Ein milder Reinigungsschaum, der die Haut gründlich reinigt und zugleich ihre Feuchtigkeitsbarriere bewahrt. Dieser schäumende Reiniger mit Glucosiden ist ein Reinigungssschaum in Form eines Gels, das Verunreinigungen und umweltbedingte Schmutzpartikel wirkungsvoll entfernt. Seine Formel trägt dazu bei, die Feuchtigkeitsbarriere der Haut aufrechtzuerhalten, und verbessert bei regelmäßiger Anwendung ihre Reinheit, ihre Textur, ihre Strahlkraft und ihre Geschmeidigkeit.
Vegan : Produkte aus natürlich gewonnenen Inhaltsstoffen. --150ml",150ml,13.95,The Ordinary,Gesichtsreinigung,"Aqua (Water), Decyl Glucoside, Coco Glucoside, Xanthan Gum, Tocopherol, Phytic Acid, Benzyl Alcohol, Ethylhexylglycerin

Die Liste der Inhaltsstoffe kann sich ändern. Bitte beachte die Verpackung des gekauften Produkts.","Gib eine kleine Produktmenge in deine Hände. Auf die feuchte Haut geben, einmassieren und anschließend mit lauwarmem Wasser abspülen.",TRUE,TRUE,FALSE
The Ordinary - Toner Mit 7 % Glykolsäure - Peeling-lotion - Direct Acids Toning Solution 240ml,https://media.sephora.eu/content/dam/digital/pim/published/T/THE_ORDINARY/502434/161697-media_swatch.jpg?scaleWidth=500&scaleHeight=500&scaleMode=fit,"Glykolsäure ist eine Alpha-Hydroxysäure (AHA), die die Haut exfoliert. Dieses vegane Tonic mit 7 % Glykolsäure bietet ein leichtes Peeling und lässt den Teint strahlender und klarer erscheinen.
Die Formel hilft langfristig, die Hauttextur zu verbessern. Ein Derivat aus tasmanischen Pfefferkörnern unterstützt dabei, Reizungen zu reduzieren, die häufig mit der Verwendung von Fruchtsäuren verbunden sind.
Das Produkt ist vegan und besteht aus natürlich gewonnenen Inhaltsstoffen.
--240 ml",240 ml,15.95,The Ordinary,Toner,"Aqua (Water), Glycolic Acid, Rosa Damascena Flower Water, Centaurea Cyanus Flower Water, Aloe Barbadensis Leaf Water, Propanediol, Glycerin, Triethanolamine, Aminomethyl Propanol, Panax Ginseng Root Extract, Tasmannia Lanceolata Fruit/Leaf Extract, Aspartic Acid, Alanine, Glycine, Serine, Valine, Isoleucine, Proline, Threonine, Histidine, Phenylalanine, Glutamic Acid, Arginine, PCA, Sodium PCA, Sodium Lactate, Fructose, Glucose, Sucrose, Urea, Hexyl Nicotinate, Dextrin, Citric Acid, Polysorbate 20, Gellan Gum, Trisodium Ethylenediamine Disuccinate, Sodium Chloride, Hexylene Glycol, Potassium Sorbate, Sodium Benzoate, 1,2-Hexanediol, Caprylyl Glycol.

Die Liste der Inhaltsstoffe kann sich ändern. Bitte beachte die Verpackung des gekauften Produkts.
","Einmal täglich anwenden, vorzugsweise abends. Tränke ein Wattepad mit der Lösung und streiche nach der Reinigung deiner Haut damit über das Gesicht und den Hals.
 Diese Formel eignet sich nicht für empfindliche, verletzte oder eine sich schälende Haut. Kontakt mit den Augen und der Augenpartie vermeiden.
 

 Nicht abwaschen. Trage anschließend deine anderen Pflegeprodukte auf.
 Die Häufigkeit und Dauer der Benutzung muss limitiert werden. Bei Irritationen die Anwendung abbrechen und einen Arzt aufsuchen.
 

 Nur gemäß der Gebrauchsanweisung auf intakter Haut anwenden. Ein Hauttest vor der Anwendung wird empfohlen. Eine ausführliche Anleitung für die Durchführung eines Hauttests findest du auf der DECIEM-Website.
 

 Außerhalb der Reichweite von Kindern aufbewahren.",TRUE,TRUE,TRUE
The Ordinary - Uv-filter Serum Spf 45 - Sonnenschutzserum - uv Filters Spf 45 Serum 60ml,https://media.sephora.eu/content/dam/digital/pim/published/T/THE_ORDINARY/757593/369868-media_swatch.jpg?scaleWidth=500&scaleHeight=500&scaleMode=fit,"Ein Serum für den täglichen Gebrauch mit Lichtschutzfaktor 45 und breitem Schutzspektrum. Es schützt die Haut vor UV-Strahlung und lässt sich angenehm in die tägliche Pflegeroutine integrieren.
SPF 45
--60 ml",60 ml,20.45,The Ordinary,Sonnenschutz,"Aqua/Water/Eau, Isododecane, Octocrylene, Dimethicone/Vinyl Dimethicone Crosspolymer, Homosalate, Butyloctyl Salicylate, Ethylhexyl Salicylate, Diethylhexyl 2,6-Naphthalate, Tri(Polyglyceryl-3/Lauryl) Hydrogenated Trilinoleate, Butyl Methoxydibenzoylmethane, Poly C10-30 Alkyl Acrylate, Acetyl Carnosine, Biosaccharide Gum-2, Phospholipids, Sphingolipids, Glycerin, Propanediol, Pentylene Glycol, Magnesium Sulfate, p-Anisic Acid, Sodium Citrate, Tocopherol, Trisodium Ethylenediamine Disuccinate, Phenoxyethanol, Chlorphenesin

Die Liste der Inhaltsstoffe kann sich ändern. Bitte beachte die Verpackung des gekauften Produkts.
","Vor dem Gebrauch gut schütteln. 15 Minuten vor der Sonnenexposition großzügig und gleichmäßig auf das Gesicht
 auftragen. Um den Schutz bei längerer Sonneneinstrahlung aufrechtzuerhalten, muss das Produkt alle zwei Stunden sowie nach dem Schwimmen, Schwitzen oder Abtrocknen erneut aufgetragen werden.
 Eine wasserfeste Sonnenschutzcreme verwenden, wenn du schwimmen gehst oder schwitzt. Zu lange Sonnenaussetzung vermeiden, auch wenn Du ein Sonnenschutzmittel verwendest.",TRUE,TRUE,TRUE
The Ordinary - Vitamin C Suspension 23 % + Ha Spheres 2 % - Anti-aging-serum - Vitamin C Suspension Ha Speres 30ml,https://media.sephora.eu/content/dam/digital/pim/published/T/THE_ORDINARY/502461/161710-media_swatch.jpg?scaleWidth=500&scaleHeight=500&scaleMode=fit,"Diese vegane Formel enthält 23 % reine L-Ascorbinsäure, die aufgrund der Tatsache, dass sie kein Wasser enthält, sehr stabil ist. Durch den Zusatz von dehydrierten Hyaluronsäurekügelchen, kombiniert mit Vitamin C, wird die Hautoberfläche sichtbar geglättet.
Vegan : Produkte aus natürlich gewonnenen Inhaltsstoffen. --30ml",30ml,9.95,The Ordinary,Serum,"Ascorbic Acid, Squalane, Isodecyl Neopentanoate, Isononyl Isononanoate, Coconut Alkanes, Ethylene/Propylene/Styrene Copolymer, Ethylhexyl Palmitate, Silica Dimethyl Silylate, Sodium Hyaluronate, Glucomannan, Coco-Caprylate/Caprate, Butylene/Ethylene/Styrene Copolymer, Acrylates/Ethylhexyl Acrylate Crosspolymer, Trihydroxystearin, BHT.

Die Liste der Inhaltsstoffe kann sich ändern. Bitte beachte die Verpackung des gekauften Produkts.
","Morgens oder abends (vorzugsweise abends) eine kleine Menge auf das Gesicht auftragen.

Kontakt mit den Augen vermeiden. Nach der Anwendung kann ein Kribbeln zu spüren sein.
Wenn dieses Gefühl sehr unangenehm ist, kannst du die Formel bei jeder Anwendung mit anderen Cremes oder Seren deiner Wahl mischen.

Bei Irritationen die Anwendung abbrechen und einen Arzt aufsuchen. Nur gemäß der Gebrauchsanweisung auf intakter Haut anwenden. Ein Hauttest vor der Anwendung wird empfohlen. Eine ausführliche Anleitung für die Durchführung eines Hauttests findest du auf der DECIEM-Website.

Außerhalb der Reichweite von Kindern aufbewahren.",FALSE,TRUE,TRUE
TIRTIR - Milk Skin Toner,https://korean-skincare.de/cdn/shop/files/Product-page-sizes-_150ml_47648e0d-8cbe-4327-b6bd-dd779fd694fa.jpg?v=1768916119,"Das TirTir Milk Skin Toner ist eine hochkonzentrierte Formel, die tiefe, lang anhaltende Feuchtigkeit spendet und gleichzeitig einen strahlenden Teint fördert. Mit Reiskleieextrakten, Niacinamid und beruhigenden Pflanzenextrakten wie Cica und Hamamelis beruhigt dieses Gesichtswasser gereizte Haut und verstärkt ihre natürliche Ausstrahlung.

Dermatologisch getestet und für alle Hauttypen geeignet, versorgt es die Haut mit Feuchtigkeit und Nährstoffen und sorgt für eine erfrischte und revitalisierte Haut. Mit seiner Mischung aus aufhellenden und feuchtigkeitsspendenden Inhaltsstoffen ist dieses Gesichtswasser eine ideale Ergänzung für jede Hautpflegeroutine. --150ml",150ml,21.95,TIRTIR,Toner,"Water, Glycerin, Butylene Glycol, Niacinamide, Anthemis Nobilis Flower Extract, 1,2-Hexanediol, Caprylyl Glycol, Oryza Sativa Bran Extract, Glycyrrhiza Glabra Root Extract, Camellia Sinensis Leaf Extract, Rosmarinus Officinalis Leaf Extract, Centella Asiatica Extract, Chamomilla Recutita Flower Extract, Hamamelis Virginiana Extract, Polygonum Cuspidatum Root Extract, Scutellaria Baicalensis Root Extract, Betaine, Panthenol, Allantoin, Sodium PCA, Adenosine, Disodium EDTA, Sodium Hyaluronate, Carbomer, Arginine, Illicium Verum Fruit Extract, Alchemilla Vulgaris Extract, Amaranthus Caudatus Extract, Olea Europaea Leaf Extract, Veronica Officinalis Extract, Mentha Piperita Leaf Extract, Ulmus Davidiana Root Extract, Cynara Scolymus Leaf Extract, Avena Sativa Kernel Extract, Sambucus Nigra Flower Extract, Beta-Glucan, Ceramide, Chamaecyparis Obtusa Leaf Extract, Laminaria Japonica Extract, Copper Tripeptide-1, Acetyl Hexapeptide-8.

Die Liste der Inhaltsstoffe kann sich ändern. Bitte beachte die Verpackung des gekauften Produkts.
","Nach der Reinigung der Haut eine angemessene Menge auf das Gesicht auftragen.
Massiere sie sanft ein, damit sie besser einziehen kann.",TRUE,TRUE,TRUE
TIRTIR - Milk Skin Toner Light,https://korean-skincare.de/cdn/shop/files/Product-page-sizes_5044b390-17a9-41d2-90f8-08d8b546e9bd.jpg?v=1751580335,"Erhalte eine hydratisierte, ausgeglichene Haut mit TIRTIR Milk Skin Toner Light, einer leichten, nicht klebrigen Formel, die überschüssigen Talg kontrolliert und gleichzeitig tiefgehende Feuchtigkeit spendet. Dieser vegane, gegen Akne durch Pilze sichere Toner ist mit 4 % Niacinamid angereichert – doppelt so viel wie die ursprüngliche Formel – und verfeinert einen ungleichmäßigen Hautton und fördert einen gesunden, strahlenden Glanz.

Eine Mischung aus Reiskleie-Extrakt, Ceramiden und sieben patentierten beruhigenden Inhaltsstoffen hilft, die Haut zu beruhigen, zu nähren und die Hautbarriere zu stärken, für einen glatten, taufrischen Teint. Dieses nicht an Tieren getestete Gesichtswasser zieht schnell ein und ist reizfrei. Es ist für alle Hauttypen geeignet, insbesondere für fettige, empfindliche und zu Akne neigende Haut. --150ml",150ml,25.95,TIRTIR,Toner,"Water, Glycerin, Butylene Glycol, Niacinamide, Anthemis Nobilis Flower Extract, 1,2-Hexanediol, Caprylyl Glycol, Oryza Sativa Bran Extract, Styrene/VP Copolymer, Panthenol, Allantoin, Betaine, Sodium PCA, Adenosine, Disodium EDTA, Illicium Verum Fruit Extract, Glycyrrhiza Glabra Root Extract, Arginine, Carbomer, Centella Asiatica Extract, Alchemilla Vulgaris Extract, Amaranthus Caudatus Extract, Olea Europaea Leaf Extract, Veronica Officinalis Extract, Mentha Piperita Leaf Extract, Ulmus Davidiana Root Extract, Cynara Scolymus Leaf Extract, Avena Sativa Kernel Extract, Sambucus Nigra Flower Extract, Camellia Sinensis Leaf Extract, Polygonum Cuspidatum Root Extract, Chamomilla Recutita Flower Extract, Rosmarinus Officinalis Leaf Extract, Sodium Hyaluronate, Scutellaria Baicalensis Root Extract, Beta-Glucan, Laminaria Japonica Extract, Chamaecyparis Obtusa Leaf Extract, Ceramide NP, Copper Tripeptide-1, Acetyl Hexapeptide-8.

Die Liste der Inhaltsstoffe kann sich ändern. Bitte beachte die Verpackung des gekauften Produkts.
","Nach der Reinigung der Haut eine angemessene Menge sanft auf das Gesicht auftragen.
Sanft in die Haut einmassieren, damit es besser einzieht.",TRUE,TRUE,TRUE
TOCOBO - Cica Calming Sun Serum SPF50+ PA++++,https://korean-skincare.de/cdn/shop/files/Product-page-sizes_95d1ae9d-e764-4b75-a9e7-9b7bdfcf3bfe.jpg?v=1776280602,"The TOCOBO Cica Calming Sun Serum SPF50+ PA++++ is a vegan, reef-safe chemical sunscreen that provides powerful sun protection while soothing and hydrating skin. Infused with centella asiatica and aloe vera extracts, this lightweight serum helps calm irritation and reduce inflammation, making it ideal for sensitive skin. 

Comprising 60% moisturizing ingredients, including a complex of ten hyaluronic acid types, the formula ensures deep hydration and moisture retention for a plump, comfortable feel. Non-comedogenic and quick-absorbing, this sun serum leaves no sticky residue, making it perfect for daily use across all skin types. --50ml",50ml,21.45,TOCOBO,Sonnenschutz,"Water, Dibutyl Adipate, Butyloctyl Salicylate, Butylene Glycol, Ethylhexyl Triazone, Terephthalylidene Dicamphor Sulfonic Acid, Bis-Ethylhexyloxyphenol Methoxyphenyl Triazine, Polyglyceryl-3 Distearate, Niacinamide, Polymethylsilsesquioxane, Tromethamine, 1,2-Hexanediol, Diethylamino Hydroxybenzoyl Hexyl Benzoate, Cetearyl Alcohol, Pentylene Glycol, Polysilicone-15, Carthamus Tinctorius Flower Extract, Gardenia Florida Fruit Extract, Centella Asiatica Extract, Centella Asiatica Leaf Extract, Aloe Ferox Leaf Extract, Sodium Hyaluronate, Sodium Polyacryloyldimethyl Taurate, Glyceryl Stearate, Potassium Cetyl Phosphate, Poly C10-30 Alkyl Acrylate, Glycerin, Polyacrylate Crosspolymer-6, Glyceryl Stearate Citrate, Inulin Lauryl Carbamate, Ammonium Acryloyldimethyltaurate/VP Copolymer, Ethylhexylglycerin, Adenosine, Dextrin, Tocopherol, Saccharomyces Ferment, Dimethylsilanol Hyaluronate, Hydrolyzed Sodium Hyaluronate, Hydrolyzed Hyaluronic Acid, Potassium Hyaluronate, Hyaluronic Acid, Asiaticoside, Sodium Hyaluronate Crosspolymer, Hydroxypropyltrimonium Hyaluronate, Madecassoside, Sodium Hyaluronate Dimethylsilanol, Sodium Acetylated Hyaluronate, Madecassic Acid, Asiatic Acid, Fragrance (Parfum)

Die Liste der Inhaltsstoffe kann sich ändern. Bitte beachte die Verpackung des gekauften Produkts.
","At the last step of your skin care routine, apply needed amount and gently pat until full absorbed.
Apply onto neck, arms, legs, and any other areas that might be exposed to the sun.",TRUE,TRUE,FALSE
TOCOBO - Vita Tone Up Sun Cream SPF50+ PA++++,https://korean-skincare.de/cdn/shop/files/Product-page-sizes_31c7a9ce-07c1-4d61-ac2d-d6927d37f147.jpg?v=1751303130,"Verbessere deinen Sonnenschutz mit der TOCOBO Vita Tone Up Sun Cream SPF50+ PA++++. Dieser innovative Sonnenschutz ist eine perfekte Mischung aus chemischen und mineralischen Filtern und bietet einen hohen SPF50+ PA++++ für umfassenden Sonnenschutz. Sie schützt deine Haut nicht nur vor schädlichen UV-Strahlen, sondern bietet auch eine einzigartige Formel, die mit 51% Vitamin Fruit Water, Vitamin B3 und Vitamin B12 angereichert ist.

Diese leistungsstarke Sonnencreme nährt und revitalisiert deine Haut nicht nur, sondern verleiht ihr auch einen zarten rosa Ton für einen natürlichen, gesunden Teint. Die leichte, milchige, lotionsähnliche Textur mit der Water Holder Gel Network Technologie sorgt für eine außergewöhnliche Feuchtigkeitszufuhr und eine tadellose Haftung - und das alles mit einem erfrischenden Finish. Das Besondere an der TOCOBO Vita Tone Up Sun Cream ist ihre Langlebigkeit, denn der rosafarbene Tonen-up-Effekt bleibt auch nach erneutem Auftragen erhalten, ohne zu verkleben oder zu verkleben. Dieser vegane und riffsichere Sonnenschutz verspricht täglichen Schutz und Korrektur, damit du die Sonne getrost genießen kannst und einen makellosen und strahlenden Teint bekommst. --50ml",50ml,14.65,TOCOBO,Sonnenschutz,"Hippophae Rhamnoides Water, Dibutyl Adipate, Propanediol, Titanium Dioxide, Butyloctyl Salicylate, Caprylic/Capric Triglyceride, Glycerin, Butylene Glycol, Diethylamino Hydroxybenzoyl Hexyl Benzoate, Ethylhexyl Triazone, 1,2-Hexanediol, Niacinamide, Caprylyl Methicone, Diethylhexyl Butamido Triazone, Water, Hippophae Rhamnoides Fruit Extract, Pentylene Glycol, Sodium Hyaluronate, Polymethylsilsesquioxane, Polyhydroxystearic Acid, Dimethicone/Vinyl Dimethicone Crosspolymer, Stearic Acid, Dimethicone, Trisiloxane, Sodium Polyacryloyldimethyl Taurate, Ammonium Polyacryloyldimethyl Taurate, Alumina, Hydroxypropyl Methylcellulose Stearoxy Ether, Coco-Caprylate/Caprate, Xanthan Gum, Ethylhexylglycerin, Adenosine, Sodium Polyacrylate, Aluminum Hydroxide, Triethoxycaprylylsilane, PVM/MA Copolymer, Tert-Butyl Alcohol, Cyanocobalamin, Polyether-1, Tocopherol, Fragrance (Parfum)

Die Liste der Inhaltsstoffe kann sich ändern. Bitte beachte die Verpackung des gekauften Produkts.
","Als letzten Schritt deiner Hautpflegeroutine die benötigte Menge auftragen, dabei die Augen- und Mundpartie aussparen und sanft einklopfen, bis sie vollständig eingezogen ist.
Trage die Creme auch auf Hals, Arme, Beine und alle anderen Bereiche auf, die der Sonne ausgesetzt sein könnten.",TRUE,FALSE,FALSE
Toleriane - Caring Wash - Cleansing cream,https://www.mystationary.de/media/67/cf/fb/1775836419/81f6cf6723bd22ddfb83ce56904af5d7af24b808_MS_0065691_image_1_499520_toleriane_caring_wash_cistici_krem.jpg?ts=1775836420,"Der La Roche-Posay Toleriane Dermo Cleanser ist ein sanfter Reiniger, der Schmutz und Make-up gründlich entfernt. Die Reinigungslotion eignet sich besonders für reife, feuchtigkeitsarme und trockene Haut und kann täglich verwendet werden.
Die nährende und feuchtigkeitsspendende Gel-Creme-Textur hilft, das Feuchtigkeitsgleichgewicht der Haut zu bewahren. Die parfümfreie Formel zieht schnell ein und hinterlässt die Haut optimal mit Feuchtigkeit versorgt.
Der Reiniger entfernt Make-up und Schmutz besonders sanft, ist dermatologisch getestet und auch für sehr empfindliche Hauttypen geeignet. Er beruhigt, regeneriert und macht die Haut weich. --200ml",200ml,24.95,Toleriane,Gesichtsreinigung,"Water/Aqua, Glycerin, Pentaerythrityl Tetraethylhexanoate, Propylene Glycol, Ammonium Polyacryloyldimethyl Taurate, Polysorbate 60, Ceramide NP, Niacinamide, Sodium Chloride, Coco-Betaine, Disodium EDTA, Caprylyl Glycol, Panthenol, T-Butyl Alcohol, Tocopherol

Die Liste der Inhaltsstoffe kann sich ändern. Bitte beachten Sie die Verpackung des gekauften Produkts.
","Mit den Fingerspitzen auftragen und mit leichten, kreisenden Bewegungen in die Haut einmassieren. Dann sanft trocken tupfen, ohne zu rubbeln. Ausspülen optional.",TRUE,FALSE,TRUE
Torriden - DIVE-IN Low Molecular Hyaluronic Acid Soothing Cream,https://korean-skincare.de/cdn/shop/files/Product-page-sizes_5855c07a-e9c0-47b3-af9b-ca0ef79918e3.jpg?v=1751285148,"Die Torriden DIVE-IN Low Molecular Hyaluronic Acid Soothing Cream ist eine luxuriöse Creme mit 5D-Complex Hyaluronic Acid, die für eine tiefgreifende Feuchtigkeitsversorgung und einen hautrevitalisierenden Effekt sorgt. Sie enthält hautfreundliche Inhaltsstoffe wie Trehalose und Panthenol, die nicht nur den Feuchtigkeitsgehalt deiner Haut aufrechterhalten, sondern auch Irritationen lindern und dafür sorgen, dass sich dein Teint ruhig und ausgeglichen anfühlt. --100ml",100ml,21.95,Torriden,Feuchtigkeitspflege,"Water, Butylene Glycol, Glycerin, 1,2-Hexanediol, Hydrogenated Didecene, Allantoin, Trehalose, Hamamelis Virginiana Extract, Panthenol, Hydrolyzed Hyaluronic Acid, Sodium Hyaluronate, Sodium Hyaluronate Crosspolymer, Sodium Acetylated Hyaluronate, Hydrolyzed Sodium Hyaluronate, Glyceryl Acrylate/Acrylic Acid Copolymer, PVM/MA Copolymer, Hydroxyethyl Acrylate/Sodium Acryloyldimethyl Taurate Copolymer, 2,3-Butanediol, Cetearyl Alcohol, C14-22 Alcohols, C12-20 Alkyl Glucoside, Pentylene Glycol, Sorbitan Isostearate, Caprylic/Capric Triglyceride, Melia Azadirachta Leaf Extract, Melia Azadirachta Flower Extract, Coccinia Indica Fruit Extract, Solanum Melongena Fruit Extract, Ocimum Sanctum Leaf Extract, Curcuma Longa Root Extract, Corallina Officinalis Extract, Salvia Sclarea Extract, Lavandula Angustifolia Flower Extract, Hyacinthus Orientalis Extract, Chamomilla Recutita Flower Extract, Centaurea Cyanus Flower Extract, Borago Officinalis Extract, Disodium EDTA, Carbomer, Tromethamine, Xanthan Gum, Glutathione, Malachite Extract, Ethylhexylglycerin

Die Liste der Inhaltsstoffe kann sich ändern. Bitte beachte die Verpackung des gekauften Produkts.


","Nimm morgens und abends beim Serumschritt eine entsprechende Menge der Creme und drücke sie sanft auf die Haut.
Für eine tiefenwirksame, feuchtigkeitsspendende und beruhigende Behandlung trägst du eine dicke Schicht des Produkts großzügig als Schlafpackung auf die gewünschten Stellen auf.
Verbessere deine Feuchtigkeitspflege, indem du dieses Produkt über deiner Sheet Mask aufträgst, um einen besonderen Feuchtigkeitsschub zu erhalten.",TRUE,TRUE,FALSE
Torriden - DIVE-IN Mild Sun Cream SPF50+ PA++++,https://korean-skincare.de/cdn/shop/files/Product-page-sizes_d4d0b4d3-9a5f-435a-9b0b-7b9309086269.jpg?v=1751321172,"Schütze deine Haut vor schädlichen UV-Strahlen mit der Torriden DIVE-IN Mild Sun Cream SPF50+ PA++++, einer veganen, mineralischen Sonnencreme mit 100% Zinkoxid und zehn Arten von Hyaluronsäure für eine hervorragende Feuchtigkeitsversorgung. Diese nicht fettende Sonnencreme geht nahtlos in die Haut über und sorgt für ein natürliches, mattes Finish, ohne einen weißen Schleier oder klebrige Rückstände zu hinterlassen. Sie ist ideal für empfindliche Haut und bietet robusten Schutz vor UVA- und UVB-Strahlen, während sie gleichzeitig viel Feuchtigkeit spendet. --60ml",60ml,22.95,Torriden,Sonnenschutz,"Water, Zinc Oxide, Cyclohexasiloxane, Butyloctyl Salicylate, Propylheptyl Caprylate, Propanediol, Dicaprylyl Carbonate, Isododecane, Polyglyceryl-3 Polydimethylsiloxyethyl Dimethicone, Caprylyl Methicone, Sodium Hyaluronate, Hyaluronic Acid, Hydrolyzed Sodium Hyaluronate, Hydrolyzed Hyaluronic Acid, Sodium Acetylated Hyaluronate, Sodium Hyaluronate Crosspolymer, Potassium Hyaluronate, Dimethylsilanol Hyaluronate, Hydroxypropyltrimonium Hyaluronate, Sodium Hyaluronate Dimethylsilanol, Panthenol, Allantoin, Trehalose, Ceramide, Hamamelis Virginiana Extract, Portulaca Oleracea Extract, Anthemis Nobilis Flower Extract, Simmondsia Chinensis Seed Oil, Butane, Disteardimonium Hectorite, Magnesium Sulfate, Triethoxycaprylylsilane, Methyl Methacrylate Crosspolymer, Polyglyceryl-2 Dipolyhydroxystearate, Lauryl Polyglyceryl-3 Polydimethylsiloxyethyl Dimethicone, Glyceryl Caprylate, Caprylyl Glycol, Butylene Glycol, Tocopherol, Ethylhexylglycerin, 1,2-Hexanediol, Melia Azadirachta Leaf Extract, Melia Azadirachta Flower Extract, Coccinia Indica Fruit Extract, Solanum Melongena Fruit Extract, Aloe Barbadensis Flower Extract, Curcuma Longa Root Extract, Corallina Officinalis Extract, Ocimum Sanctum Leaf Extract, Camellia Sinensis Leaf Extract, Malachite Extract

Die Liste der Inhaltsstoffe kann sich ändern. Bitte beachte die Verpackung des gekauften Produkts.
","Verwende die Creme als letzten Schritt deiner Hautpflegeroutine.
Trage eine moderate Menge auf die Stellen auf, die dem Sonnenlicht ausgesetzt sind.",TRUE,TRUE,TRUE
Ultra Violette - Fave Fluid Spf 50+ Skinscreen™ - Sonnencreme Für Das Gesicht - skinscreen Fave Fluid Spf50+ 75ml,https://media.sephora.eu/content/dam/digital/pim/published/U/ULTRA_VIOLETTE/665986/324148-media_swatch.jpg?scaleWidth=500&scaleHeight=500&scaleMode=fit,"Ein ultraleichter, parfümfreier SKINSCREEN™, der ein zartes, natürliches Finish und den höchsten SPF50+ Schutz bietet, ohne ein schweres oder klebriges Gefühl auf der Haut zu hinterlassen. Vi hat ihren Laborkittel übergeworfen, um unsere bislang zarteste SPF-Konsistenz zu entwickeln, die mit UV-Filtern der nächsten Generation und einem beeindruckenden Mix aus hautfreundlichen Inhaltsstoffen kombiniert ist, die dazu beitragen, Pigmentflecken zu reduzieren und deine Haut aufzuhellen.--75ml",75ml,34.45,Ultra Violette,Sonnenschutz,"Aqua/Purified Water/Eau, Isoamyl Laurate, Alcohol Denat., Polyester-8, Bis-Ethylhexyloxyphenol Methoxyphenyl Triazine (Bemotrizinol), Phenylbenzimidazole Sulfonic Acid, Butyl Methoxydibenzoylmethane, Phenyl Trimethicone, Caprylyl Methicone, Propanediol, Aluminium Starch Octenylsuccinate, Octyl Triazone (Ethylhexyl Triazone), Sodium Hydroxide, Acrylates/C12-22 Alkyl Methacrylate Copolymer, PEG-40 Hydrogenated Castor Oil, Hydroxyacetophenone, Acrylates Copolymer, Phenoxyethanol, Niacinamide (Nicotinamide) (Vitamin B3), Disodium Lauriminodipropionate Tocopheryl Phosphates, Hydrolyzed Adansonia Digitata Seed Extract (Hydrolysed Adansonia Digitata Leaf Polysaccharides), Hydrolyzed Soy Protein, Rice Amino Acids, Proline, Arginine, Coco-Glucoside, Disodium Lauryl Sulfosuccinate, Ascorbyl Glucoside, Hydroxystearic Acid.

Die Liste der Inhaltsstoffe kann sich ändern. Bitte beachte die Verpackung des gekauften Produkts.","Jeden Tag, auch wenn du dich in geschlossenen Räumen aufhältst (Ja, UV-Strahlen durchdringen Wolken und Fenster)! Trage die Menge eines 20-Cent-Stücks als letzten Schritt deiner Pflegeroutine auf, direkt nach deiner Feuchtigkeitscreme und vor deinem Make-up.",TRUE,FALSE,TRUE
Ultra Violette - Future Fluid Spf 50+ - Leichter Zinksonnenschutz - skinscreen Future Fluid Spf50+ Lw Zinc,https://media.sephora.eu/content/dam/digital/pim/published/U/ULTRA_VIOLETTE/743099/356876-media_swatch.jpg?scaleWidth=500&scaleHeight=500&scaleMode=fit,"Ein sanftes, beruhigendes Fluid mit SPF 50+, das Vitamin E und Squalan für zusätzliche Feuchtigkeit enthält. Hinterlässt ein natürliches und perfektes Hautfinish. Hergestellt und getestet in Australien.

Mineralischer Sonnenschutz erreicht eine neue Stufe. Das beruhigende, parfümfreie Zink mit SPF 50+ versorgt die Haut mit Feuchtigkeit, ohne dass sie glänzt, fühlt sich leicht an und glättet die Haut. --50ml",50ml,35.45,Ultra Violette,Sonnenschutz,"Aqua/Water/Eau, Zinc Oxide, Diisopropyl Adipate, Coco-Caprylate/Caprate (Coco-Octanoate/Decanoate), Ethylhexyl Methoxycrylene, C12-15 Alkyl Benzoate (Alkyl (C12-15) Benzoate), Glyceryl Oleate Citrate, Propanediol, Decyl Glucoside, Polyglyceryl-4 Isostearate, Squalane, Aluminum Starch Octenylsuccinate, Caprylic/Capric Triglyceride (Medium Chain Triglycerides), Triethoxycaprylylsilane, Magnesium Aluminum Silicate (Aluminium Magnesium Silicate), Saccharide Isomerate, Citric Acid, Sodium Citrate, Hydroxyacetophenone, Potassium Cetyl Phosphate, Tocopheryl Acetate (dl-Alpha-Tocopheryl Acetate), Phenoxyethanol, Iron Oxides (CI 77492) (Iron Oxide Yellow), Polyhydroxystearic Acid, Ammonium Polyacryloyldimethyl Taurate, Iron Oxides (CI 77491) (Iron Oxide Red),Iron Oxides (CI 77499) (Iron Oxide Black), Lactic Acid, Sodium Hydroxide.

Die Liste der Inhaltsstoffe kann sich ändern. Bitte beachten Sie die Verpackung des gekauften Produkts.","Jeden Tag, auch wenn du dich in geschlossenen Räumen aufhältst (UVA-Strahlen gehen durch Wolken und Fenster). Als letzten Schritt Deiner Pflegeroutine sofort nach bzw. anstatt der Feuchtigkeitspflege und vor dem Make-up auftragen. Es wird empfohlen, mindestens drei Pipetten aufzutragen, um dein Gesicht und deine Ohren zu schützen.",TRUE,TRUE,TRUE
Ultra Violette - Preen Screen Spf50 Skinscreen™ - Sonnenschutz-spray Für Das Gesicht - skinscreen Preen Screen Spf50 Mist 75ml,https://media.sephora.eu/content/dam/digital/pim/published/U/ULTRA_VIOLETTE/661411/324147-media_swatch.jpg?scaleWidth=500&scaleHeight=500&scaleMode=fit,"Das Preen Screen™ SPF50 Reapplication-Spray ist ein echtes Leichtgewicht - sprühe es unter oder über dein Make-up und schon erhältst du deinen ergänzenden Sonnenschutzfaktor. Preen Screen™ sorgt für eine wichtige Extraportion Sonnenschutz und hinterlässt als Bonus einen sanften Schimmer auf der Haut (wie von innen heraus strahlend, nicht schweißnass). Eine Komposition aus beruhigenden Inhaltsstoffen, damit alle mit schnellen Auffrischungen zu jeder Tageszeit auf der sicheren Seite sind.--75ml",75ml,30.95,Ultra Violette,Sonnenschutz,"Alcohol Denat., Isododecane, Polyester-8, Diethylamino Hydroxybenzoyl Hexyl Benzoate, Ethylhexyl Methoxycinnamate (Octyl Methoxycinnamate), Dicaprylyl Carbonate, Bis-Ethylhexyloxyphenol Methoxyphenyl Triazine (Bemotrizinol), Octyl Triazone (Ethylhexyl Triazone), Tocopheryl Acetate (Vitamin E), Ascorbyl Tetraisopalmitate, Bisabolol, Niacinamide (Vitamin B3), Aloe Barbadensis (Aloe Vera) Leaf Extract, Camellia Sinensis (Green Tea) Leaf Extract, Cocos Nucifera (Coconut) Oil, Fragrance/Parfum, Helianthus Annuus (Sunflower) Seed Oil, Paraffinum Liquidum/Mineral Oil/Huile Minérale, Butylene Glycol, Ethylhexyl Palmitate, Pentylene Glycol, Silica Dimethyl Silylate, Sodium Hyaluronate, Phenoxyethanol, Benzyl Salicylate

Die Liste der Inhaltsstoffe kann sich ändern. Bitte beachte die Verpackung des gekauften Produkts.
","Für die tägliche Anwendung.

Vor Gebrauch gut schütteln und als letzten Schritt deiner Hautpflegeroutine und über dem Make-up oder der Hautpflege, einschließlich SPF, direkt auf das Gesicht sprühen.
Schließe die Augen, halte das Spray 20 cm vom Gesicht entfernt, atme aus und sprühe es gleichmäßig in Form eines „x“ oder „t“ auf.
Lass es kurz trocknen, bevor du die Augen öffnest.
Lies die Angaben auf dem Etikett genau durch.
Befolge die Gebrauchsanweisung.
Vermeide längere Aufenthalte in der Sonne.
Trage einen Hut, Schutzkleidung und eine Sonnenbrille, wenn du dich in der Sonne aufhältst.

Wiederhole die Anwendung regelmäßig.",TRUE,FALSE,FALSE
Ultra Violette - Queen Screen Spf 50+ Skinscreen™ - Sonnenstrahlendes Serum - queen Screen Spf50 Luminising Serum,https://media.sephora.eu/content/dam/digital/pim/published/U/ULTRA_VIOLETTE/718036/344650-media_swatch.jpg?scaleWidth=500&scaleHeight=500&scaleMode=fit,"Das ist Queen Screen™ SPF50+ Luminising SKINSCREEN™; ein leuchtendes Serum, das Ihnen Ihre tägliche Dosis Strahlkraft sowie einen breiten Schutz vor UVA- und UVB-Strahlen bietet. Von Vi selbst entworfen, um sich nahtlos in Ihre morgendliche Routine einzufügen, legt sich Queen Screen™ transparent über Ihre Pflegeprodukte. Bei Bedarf dient dieses Serum auch als ideale Grundlage für Ihr Make-up, indem es die Haut leicht mit Feuchtigkeit versorgt und vorbereitet. Keine Klümpchenbildung hier! --50ml",50ml,36.95,Ultra Violette,Sonnenschutz,"Aqua/Purified Water/Eau, Dicaprylyl Carbonate, Diisopropyl Adipate, Isostearyl Neopentanoate, Ethylhexyl Salicylate (Octyl Salicylate), Phenylbenzimidazole Sulfonic Acid, Bis-Ethylhexyloxyphenol Methoxyphenyl Triazine (Bemotrizinol), Isododecane, Diethylamino Hydroxybenzoyl Hexyl Benzoate, C12-15 Alkyl Benzoate (alkyl (C12-15) benzoate), Cetyl PEG/PPG-10/1 Dimethicone (cetyl dimethicone copolyol), Glycerin (glycerol), Methylene Bis-Benzotriazolyl Tetramethylbutylphenol, Cetyl Dimeticone (Cetyl Dimethicone), Lauryl PEG/PPG-18/18 Methicone, Acrylates/C12-22 Alkyl Methacrylate Copolymer, Phenyl Trimethicone, Sodium Chloride, Ethylhexyl Triazone, Stearalkonium Hectorite, Oryza Sativa Bran Wax (Rice Bran Wax), Sodium Hydroxide, Tocopheryl Acetate (dl-alpha-tocopheryl acetate), Saccharide Isomerate, Phenoxyethanol, Hydroxyacetophenone, Propylene Carbonate, Panthenol (dexpanthenol), Mica, Arginine, Decyl Glucoside, Fragrance/Parfum, Simmondsia Chinensis Seed Oil (Simmondsia chinensis), Dunaliella Salina Extract (Dunaliella salina), Lauryl Glucoside, Titanium Dioxide, Benzyl Alcohol, Ethyl Linoleate, Disodium Lauryl Sulfosuccinate (disodium lauril sulfosuccinate), Propylene Glycol, Sodium Citrate, Citric Acid, Xanthan Gum, Tocopherol, Pantolactone, Terminalia Ferdinandiana Fruit Extract (Terminalia ferdinandiana), Tin Oxide (stannic oxide).

Die Liste der Inhaltsstoffe kann sich ändern. Bitte beachte die Verpackung des gekauften Produkts.","Jeden Tag, auch wenn Sie drinnen bleiben (wir meinen es ernst, UVA-Strahlen durchdringen Wolken und Fenster). Tragen Sie es als letzten Schritt Ihrer Hautpflegeroutine auf, direkt nach oder anstelle Ihrer Feuchtigkeitspflege und vor Ihrem Make-up. Wir empfehlen, mindestens drei Pumpstöße auf Ihr Gesicht und Ihre Ohren aufzutragen.",TRUE,FALSE,FALSE
Unbottled - Fester Reiniger & Detox-maske - Gesichtspflege Mit Kohle Und Teebaum - detox Cleanser & Mask Solid Bar,https://media.sephora.eu/content/dam/digital/pim/published/U/UNBOTTLED/652413/307770-media_swatch.jpg?scaleWidth=500&scaleHeight=500&scaleMode=fit,"Eine 2-in-1-Formel mit Kohle für eine makellose Haut.

Fettige oder zu Akne neigende Haut.

Seine Superkräfte:
- Reinigt und entgiftet, ohne auszutrocknen
- Entfernt Unreinheiten und überschüssigen Talg
- Sorgt für eine gesunde, reine und frische Haut

Vegan : Produkte aus natürlich gewonnenen Inhaltsstoffen. --90g",90g,16.95,Unbottled,Gesichtsreinigung,"Maltodextrin, Sodium Cocoyl Isethionate, Palmitic Acid, Stearic Acid, Water (Aqua), Disodium Lauryl Sulfosuccinate, Kaolin, Sodium Palmitate, Sodium Stearate, Caesalpinia Spinosa Gum, Corylus Avellana (Hazelnut) Seed Oil, Decyl Glucoside, Acacia Senegal Gum, Glycerin, Xanthan Gum, Parfum (Fragrance), Melaleuca Alternifolia (Tea Tree) Leaf Oil, Saccharide Isomerate, Zinc PCA, Charcoal Powder, Citric Acid, Sodium Citrate

Die Liste der Inhaltsstoffe kann sich ändern. Bitte beachten Sie die Verpackung des gekauften Produkts.
","- Schäume das Produkt unter lauwarmem Wasser auf.
- Massiere es in kreisenden Bewegungen in deine Gesichtshaut ein.
- Gleich abspülen oder vor dem Entfernen 5 Minuten als Maske einwirken lassen.",TRUE,TRUE,FALSE
Unbottled - Stick Solaire Visage - Spf50 - sunscreen Stick Solaire Visage Spf50,https://media.sephora.eu/content/dam/digital/pim/published/U/UNBOTTLED/727827/348457-media_swatch.jpg?scaleWidth=500&scaleHeight=500&scaleMode=fit,"Ein plastikfreier Stick mit köstlichem Monoi-Duft, der den Körper wirksam vor UVA- & UVB-Strahlen schützt. Seine Textur ist unsichtbar und wasserfest. Die biologisch abbaubare Formel ist garantiert nicht ökotoxisch für den Meeresboden. --50g",50g,17.95,Unbottled,Sonnenschutz,"Isoamyl Laurate, Triheptanoin, Triethyl Citrate, Diethylamino Hydroxybenzoyl Hexyl Benzoate, Arachidyl Alcohol, Bis-Ethylhexyloxyphenol Methoxyphenyl Triazine, C10-18 Triglycerides, Ethylhexyl Triazone, Helianthus Annuus (Sunflower) Seed Wax, Zinc Oxide, Hydrogenated Castor Oil, Behenyl Alcohol, Microcrystalline Cellulose, Arachidyl Glucoside, Parfum (Fragrance), Papaver Rhoeas Petal Extract, Polyhydroxystearic Acid, Helianthus Annuus (Sunflower) Seed Oil

Die Liste der Inhaltsstoffe kann sich ändern. Bitte beachten Sie die Verpackung des gekauften Produkts.","- Vor der Sonnenexposition eine ausreichende und gleichmäßige Menge auf den Körper auftragen
- Häufig erneuern, besonders nach dem Schwimmen oder Schwitzen
- Nach der Verwendung gut verschließen
- Kann ab 3 Jahren verwendet werden
- Nicht einnehmen
- Kontakt mit den Augen vermeiden
- Bei Kontakt mit den Augen gründlich mit Wasser ausspülen
- Vor Licht und Hitze geschützt aufbewahren",TRUE,TRUE,FALSE
Vichy - Liftactiv Supreme (dry to very dry skin) 50 ml,https://www.mystationary.de/media/de/58/02/1775899258/5845cb2e4e774f542c47c90a188bef5f6b661111_MS_0065712_image_1_3337871328801.jpg?ts=1775899260,"Die Vichy Liftactiv Supreme Creme für trockene bis sehr trockene Haut ist eine Anti-Aging-Pflege, die die Haut intensiv mit Feuchtigkeit versorgt und Anzeichen der Hautalterung sichtbar mildert.
Die reichhaltige Textur pflegt die Haut geschmeidig, hilft feine Linien und Falten zu reduzieren und unterstützt ein strafferes, glatteres Hautbild.
--50 ml",50 ml,43.95,Vichy,Feuchtigkeitspflege,"Aqua / Water, Glycerin, Rhamnose, Prunus Armeniaca Kernel Oil / Apricot Kernel Oil, Caprylic/Capric Triglyceride, Pentaerythrityl Tetraethylhexanoate, Cetyl Alcohol, Zea Mays Starch / Corn Starch, Butyrospermum Parkii Butter / Shea Butter, Petrolatum, Glyceryl Stearate, Pentylene Glycol, Dimethicone, PEG-40 Stearate, Cera Alba / Beeswax / Cire d’Abeille, Hydroxyethylpiperazine Ethane Sulfonic Acid, Adenosine, Pentaerythrityl Tetra-Di-t-Butyl Hydroxyhydrocinnamate, Sodium Hyaluronate, Triethanolamine, Ascorbyl Glucoside, Magnesium Ascorbyl Phosphate, Caprylyl Glycol, Citric Acid, Poloxamer 338, Sorbitan Tristearate, Xanthan Gum, Dimethiconol, Phenoxyethanol, Parfum / Fragrance

Die Liste der Inhaltsstoffe kann sich ändern. Bitte beachte die Verpackung des gekauften Produkts.
",Jeden Morgen auf gereinigte trockene Haut auftragen. Kann auch abends angewendet werden.,FALSE,TRUE,FALSE
Vichy - Minéral 89 100H Moisture Boosting Cream 50ml,https://www.mystationary.de/media/42/ef/77/1775885668/000de0d74396102b5aaaf89f8b9c2afaf9b27556_MS_0063401_image_1_559962_mineral_89_100_h_moisture_boosting_cream_krem_pro_zvyseni_hydratace_p.jpg?ts=1775885669,"Die Vichy Minéral 89 100H Moisture Boosting Cream ist eine Feuchtigkeitscreme, die die Haut intensiv und langanhaltend mit Feuchtigkeit versorgt. Sie stärkt die Hautbarriere und hilft, die Haut vor dem Austrocknen zu schützen.
Die leichte, angenehme Textur hinterlässt die Haut frisch, geschmeidig und gepflegt. Ideal für die tägliche Feuchtigkeitspflege.
--50 ml",50 ml,27.95,Vichy,Feuchtigkeitspflege,"Aqua / Water / Eau, Glycerin, Squalane, Isocetyl Stearate, Butyrospermum Parkii Butter / Shea Butter, Pentylene Glycol, Polyglyceryl-6 Distearate, Niacinamide, Behenyl Alcohol, Propanediol, Cetyl Esters, Jojoba Esters, Butylene Glycol, Adenosine, Capryloyl Salicylic Acid, Hydroxyacetophenone, Mineral Salts, Sodium Hyaluronate, Trisodium Ethylenediamine Disuccinate, Vitreoscilla Ferment, Tocopherol, Citric Acid, Acacia Decurrens Flower Cera / Acacia Decurrens Flower Wax, Acrylamide/Sodium Acryloyldimethyltaurate Copolymer, Caprylyl Glycol, Cetyl Alcohol, Glycine Soja Oil / Soybean Oil, Helianthus Annuus Seed Cera / Sunflower Seed Wax, Hydroxypropyl Starch Phosphate, Isohexadecane, Polyglycerin-3, Polyglyceryl-3 Beeswax, Polysorbate 80, Sodium Stearoyl Glutamate, Sorbitan Oleate

Die Liste der Inhaltsstoffe kann sich ändern. Bitte beachte die Verpackung des gekauften Produkts.
",Morgens und abends nach der Reinigung zuerst das MINÉRAL 89 Hyaluron-Boost Serum und anschließend eine dünne Schicht der MINÉRAL 89 100H Feuchtigkeits-Boost Creme auf Gesicht und Hals auftragen. Dabei den Augenbereich aussparen.,FALSE,TRUE,TRUE
Vichy - Normaderm Purifying Pore-Tightening Lotion 200 ml,https://www.mystationary.de/media/30/cd/11/1775899286/998dcc05810fae58cae6f48ee2868f80ef156e64_MS_0065716_image_1_442670_normaderm_lotion_assainissante_astringente_cistici_adstringentni_toni.jpg?ts=1775899288,"Die Vichy Normaderm Purifying Pore-Tightening Lotion ist ein klärendes Gesichtswasser für unreine und zu Unreinheiten neigende Haut. Sie hilft, die Haut zu reinigen, überschüssigen Talg zu reduzieren und das Erscheinungsbild der Poren zu verfeinern.
Die Formel sorgt für ein frisches, geklärtes Hautgefühl und bereitet die Haut optimal auf die nachfolgende Pflege vor.
--200 ml",200 ml,20.95,Vichy,Feuchtigkeitspflege,"Aqua, Dipropylene Glycol, Sodium Laureth Sulfate, Glycerin, Polysorbate 20, PEG-200 Hydrogenated Glyceryl Palmate, PEG-30 Glyceryl Cocoate, PEG-7 Glyceryl Cocoate, Potassium Chloride, Triethanolamine, Salicylic Acid, Sodium Chloride, Phenoxyethanol, Coco-Betaine, Poloxamer 184, Disodium EDTA, Parfum

Die Liste der Inhaltsstoffe kann sich ändern. Bitte beachte die Verpackung des gekauften Produkts.
","Vor der Tagespflege mit einem Wattebausch auftragen. Nicht mit Wasser abspülen. Die Augenpartie aussparen. Bei Augenkontakt, sofort mit Wasser ausspülen.",TRUE,TRUE,FALSE
"Vichy - Capital Soleil 3-in-1 mattierende Sonnenpflege LSF 50+, 50 ml Creme",https://nbg1.your-objectstorage.com/inspirax-image-server-bucket/15881495_05.jpeg,"Die VICHY Capital Soleil 3-in-1 Mattierende Sonnenpflege LSF 50+ bietet sehr hohen Schutz vor UVA- und UVB-Strahlen und eignet sich besonders für zu Glanz neigende Haut.
Die Formel hilft, die Haut zu schützen, überschüssigen Talg zu kontrollieren und ein mattiertes Hautbild zu unterstützen. Die leichte Textur zieht angenehm ein und hinterlässt ein frisches, gepflegtes Hautgefühl ohne fettigen Glanz.
LSF 50+
--50 ml",50 ml,24.73,Vichy,Sonnenschutz,"Aqua / Water, Homosalate, Silica, Bifida Ferment Lysate, Isononyl Isononanoate, Glycerin, Ethylhexyl Triazone, Butyl Methoxydibenzoylmethane, Bis-Ethylhexyloxyphenol Methoxyphenyl Triazine, Diisopropyl Sebacate, Phenylbenzimidazole Sulfonic Acid, Octocrylene, Caprylyl Methicone, Pentylene Glycol, Aluminum Starch Octenylsuccinate, Triethanolamine, Titanium Dioxide, Potassium Cetyl Phosphate, Methylene Bis-Benzotriazolyl Tetramethylbutylphenol, Acrylates/C10-30 Alkyl Acrylate Crosspolymer, Aluminum Hydroxide, Ammonium Acryloyldimethyltaurate/VP Copolymer, Butylene Glycol, Caprylyl Glycol, Disodium EDTA, Glyceryl Stearate, Kaolin, Lauryl Methacrylate/Glycol Dimethacrylate Crosspolymer, Myristic Acid, Palmitic Acid, PEG-100 Stearate, Phenoxyethanol, Poloxamer 338, Polyglyceryl-10 Laurate, Silica Silylate, Sodium Benzoate, Sodium Methyl Stearoyl Taurate, Stearic Acid, Stearyl Alcohol, t-Butyl Alcohol, Terephthalylidene Dicamphor Sulfonic Acid, Tocopherol, Parfum / Fragrance

Die Liste der Inhaltsstoffe kann sich ändern. Bitte beachte die Verpackung des gekauften Produkts.
",Die Vichy Capital Soleil 3-in-1 mattierende Sonnenpflege LSF 50+ auf das gereinigte Gesicht auftragen. Den nicht fettenden Sonnenschutz nach dem Baden oder starkem Schwitzen erneut verwenden.,TRUE,FALSE,FALSE
Vichy -  LiftActiv B3 Anti - Dark Spots Cream SPF 50 50 ml,https://www.mystationary.de/media/5a/f9/73/1775899081/1e4d998c2dd2ddc5e047263d16a63d271dd69f80_MS_0065662_image_1_3337875832724.jpg?ts=1775899083,"Die Vichy LiftActiv B3 Anti-Dark Spots Cream SPF 50 ist eine Anti-Aging-Tagescreme, die hilft, dunkle Flecken und Pigmentflecken sichtbar zu mildern. Gleichzeitig schützt sie die Haut mit SPF 50 vor UV-Strahlung und beugt sonnenbedingter Hautalterung vor.
Die Formel unterstützt einen ebenmäßigeren, strahlenderen Teint und versorgt die Haut mit Feuchtigkeit. Die Haut wirkt glatter, gepflegter und frischer.
SPF 50
--50 ml",50 ml,41.95,Vichy,Sonnenschutz,"Aqua / Water, Glycerin, Ethylhexyl Salicylate, Ethylhexyl Triazone, Alcohol Denat., Bis-Ethylhexyloxyphenol Methoxyphenyl Triazine, Dimethicone, Lauroyl Lysine, Butyl Methoxydibenzoylmethane, Niacinamide, Octyldodecanol, Behenyl Alcohol, Isopropyl Isostearate, Perlite, Aluminum Starch Octenylsuccinate, Cetyl Alcohol, Adenosine, Capryloyl Salicylic Acid, Cystoseira Tamariscifolia Extract, Hydroxyacetophenone, Sodium Acetylated Hyaluronate, Sodium Hyaluronate, Sodium Hydroxide, Sodium Thiosulfate, Trisodium Ethylenediamine Disuccinate, 2-Mercaptonicotinoyl Glycine, Tocopherol, Acrylamide/Sodium Acryloyldimethyltaurate Copolymer, Ammonium Polyacryloyldimethyl Taurate, Caprylyl Glycol, Cetearyl Alcohol, Cetearyl Glucoside, Isohexadecane, Myristic Acid, Palmitic Acid, PEG-100 Stearate, Poly C10-30 Alkyl Acrylate, Polysorbate 80, Sodium Polyacrylate Starch, Sodium Stearoyl Glutamate, Sorbitan Oleate, Stearic Acid, CI 16035 / Red 40, Parfum / Fragrance

Die Liste der Inhaltsstoffe kann sich ändern. Bitte beachte die Verpackung des gekauften Produkts.
",Vor der Anwendung die Haut gründlich reinigen und sanft abtrocknen. Für optimale Wirksamkeit nach der Reinigung das Liftactiv B3 Anti-Pigmentflecken Serum auftragen und anschließend die VICHY LIFTACTIV B3 Anti-Pigmentflecken LSF 50 Tagescreme verwenden.,TRUE,FALSE,FALSE
"Vichy - Neovadiol straffende Anti-Pigmentflecken Creme LSF 50, 50 ml Creme",https://nbg1.your-objectstorage.com/inspirax-image-server-bucket/6978b56bc1fd11ae144a8d713c2476a7.jpeg,"Die Vichy Neovadiol Straffende Anti-Pigmentflecken Creme LSF 50 ist eine pflegende Tagescreme, die reife Haut strafft und Pigmentflecken sichtbar mildert.
 Die Formel schützt mit LSF 50 vor UV-Strahlung und hilft, sonnenbedingter Hautalterung vorzubeugen. Sie versorgt die Haut mit Feuchtigkeit, unterstützt ein ebenmäßigeres Hautbild und sorgt für einen glatteren, strahlenderen Teint.
 LSF 50
 50 ml",,41.22,Vichy,Sonnenschutz,"Aqua / Water / Eau, Glycerin, Ethylhexyl Salicylate, Ethylhexyl Triazone, Alcohol Denat., Bis-Ethylhexyloxyphenol Methoxyphenyl Triazine, Lauroyl Lysine, Dimethicone, Butyl Methoxydibenzoylmethane, Octyldodecanol, Behenyl Alcohol, Isopropyl Isostearate, Niacinamide, Perlite, Aluminum Starch Octenylsuccinate, Cetyl Alcohol, Adenosine, Capryloyl Salicylic Acid, Cassia Angustifolia Seed Polysaccharide, Hydroxyacetophenone, Hydroxypropyl Tetrahydropyrantriol, Sodium Acetylated Hyaluronate, Sodium Hyaluronate, Trisodium Ethylenediamine Disuccinate, Tocopherol, Oryza Sativa Bran Oil / Rice Bran Oil, Acrylamide/Sodium Acryloyldimethyltaurate Copolymer, Ammonium Polyacryloyldimethyl Taurate, Caprylyl Glycol, Cetearyl Alcohol, Cetearyl Glucoside, CI 77891 / Titanium Dioxide, Isohexadecane, Mica, Myristic Acid, Palmitic Acid, PEG-100 Stearate, Poly C10-30 Alkyl Acrylate, Polysorbate 80, Propylene Glycol, Sodium Polyacrylate Starch, Sodium Stearoyl Glutamate, Sorbitan Oleate, Stearic Acid, Synthetic Fluorphlogopite, Tin Oxide, CI 15985 / Yellow 6, CI 16035 / Red 40, Parfum / Fragrance

Die Liste der Inhaltsstoffe kann sich ändern. Bitte beachte die Verpackung des gekauften Produkts.
","Die VICHY Neovadiol straffende Anti-Pigmentflecken Creme LSF 50 als letzten Schritt der Pflegeroutine nach der Reinigung des Gesichts anwenden. Dafür eine haselnussgroße Menge der Faltencreme auf Gesicht, Hals und Dekollete auftragen und sanft einmassieren",TRUE,FALSE,FALSE
Weleda -  Skin Food Light,https://www.apodiscounter.de/images/product_images/popup_images/14026411.jpg,"Weleda Skin Food Light eignet sich optimal für die Pflege trockener Hautstellen im Gesicht und am Körper. Die leichtere Version der beliebten Skin-Food-Creme zieht schnell ein, spendet intensive Feuchtigkeit und hinterlässt ein angenehmes Hautgefühl.
Die reichhaltige Formel mit wertvollen Pflanzenextrakten aus Stiefmütterchen, Ringelblume und Kamillenblüten beruhigt die Haut. Bio-Sonnenblumenöl, Bio-Sheabutter und Bio-Kakaobutter schützen vor dem Austrocknen und versorgen die Haut langanhaltend mit Feuchtigkeit. --75ml",75ml,8.29,Weleda,Feuchtigkeitspflege,"Water (Aqua), Helianthus Annuus (Sunflower) Seed Oil, Glycerin, Alcohol, Glyceryl Stearate Citrate, Beeswax (Cera Alba), Theobroma Cacao (Cocoa) Seed Butter, Cetearyl Alcohol, Butyrospermum Parkii (Shea) Butter, Limonene, Viola Tricolor Extract, Rosmarinus Officinalis (Rosemary) Leaf Extract, Chamomilla Recutita (Matricaria) Flower Extract, Calendula Officinalis Flower Extract, Lanolin, Carrageenan, Xanthan Gum, Lactic Acid, Glyceryl Caprylate, Fragrance (Parfum), Linalool, Geraniol, Citral

Die Liste der Inhaltsstoffe kann sich ändern. Bitte beachte die Verpackung des gekauften Produkts.
","Morgens nach der Reinigung auf Gesicht, Hals und Dekolleté auftragen. Eignet sich auch sehr gut als Make-up Grundlage. Falls die Pflege zu reichhaltig wirkt, teste unsere Iris Feuchtigkeitscreme.",FALSE,FALSE,FALSE
Weleda - Iris Tagespflege,https://www.versandapo.de/images/product_images/popup_images/19183078.jpg,"Die Weleda Iris Tagespflege hilft der Haut, den ganzen Tag über in Balance zu bleiben. Sie schützt die Hautbarriere und unterstützt die natürliche Fähigkeit der Haut, sich selbst zu regulieren.
Die Formel mit Bio-Iriswurzelextrakt und Jojobaöl spendet langanhaltend Feuchtigkeit und bewahrt die Haut vor dem Austrocknen. Die Haut fühlt sich erfrischt, geschmeidig und gepflegt an.
Die Tagespflege eignet sich auch gut als Make-up-Grundlage. --30ml",30ml,8.49,Weleda,Feuchtigkeitspflege,"Water (Aqua), Simmondsia Chinensis (Jojoba) Seed Oil, Alcohol Denat., Glycerin, Theobroma Cacao (Cocoa) Seed Butter, Butyrospermum Parkii (Shea) Butter, Hamamelis Virginiana (Witch Hazel) Water, Beeswax (Cera Alba), Glyceryl Stearate Citrate, Tapioca Starch, Cetearyl Alcohol, Lysolecithin, Iris Germanica Root Extract, Hectorite, Xanthan Gum, Glyceryl Stearate, Fragrance (Parfum), Limonene, Linalool, Citronellol, Geraniol, Citral, Eugenol

Die Liste der Inhaltsstoffe kann sich ändern. Bitte beachte die Verpackung des gekauften Produkts.
","Morgens nach der Reinigung auf Gesicht, Hals und Dekolleté auftragen. Eignet sich auch sehr gut als Make-up Grundlage. Falls die Pflege zu reichhaltig wirkt, teste unsere Iris Feuchtigkeitscreme.",FALSE,FALSE,FALSE
Weleda - Sensitiv Feuchtigkeitscreme Mandel,https://www.versandapo.de/images/product_images/popup_images/19183061.jpg,"Die Weleda Sensitiv Feuchtigkeitscreme Mandel beruhigt sensible, trockene Haut und versorgt sie mit Feuchtigkeit. Die milde Rezeptur mit Bio-Mandelöl und Pflaumenkernöl stärkt den natürlichen Lipidmantel der Haut und unterstützt ihre Schutzfunktion.
Die Creme hilft, die Hautbarriere zu stärken, Irritationen zu lindern und die Haut widerstandsfähiger zu machen. Sie hinterlässt ein angenehmes, gepflegtes Hautgefühl und kann als Tages- und Nachtpflege verwendet werden. --30ml",30ml,9.49,Weleda,Feuchtigkeitspflege,"Water (Aqua), Prunus Amygdalus Dulcis (Sweet Almond) Oil, Alcohol, Glyceryl Stearate SE, Hydrolyzed Beeswax, Prunus Domestica Seed Oil, Glycerin, Xanthan Gum, Lactic Acid

Die Liste der Inhaltsstoffe kann sich ändern. Bitte beachte die Verpackung des gekauften Produkts.
","Morgens und abends auf Gesicht, Hals und Dekolleté auftragen.",FALSE,FALSE,TRUE
Weleda - UV Glow Fluid LSF 30,https://www.apodiscounter.de/images/product_images/popup_images/19844491.jpg,"Das Weleda UV Glow Fluid LSF 30 bietet hohen, sofort wirksamen Schutz vor UVA- und UVB-Strahlen und verleiht der Haut ein natürlich strahlendes Finish.
Die leichte Textur zieht schnell ein, spendet bis zu 24 Stunden Feuchtigkeit und sorgt für ein angenehm geschmeidiges Hautgefühl. Wertvolles Moringaöl und fein abgestimmte Glow-Pigmente pflegen die Haut intensiv und lassen sie ebenmäßiger, frischer und gesünder wirken.
LSF 30 --30ml",30ml,12.39,Weleda,Sonnenschutz,"Water (Aqua), Zinc Oxide, Helianthus Annuus (Sunflower) Seed Oil, Coco-Caprylate/Caprate, Titanium Dioxide (Nano), Polyglyceryl-6 Stearate, Caprylic/Capric Triglyceride, Pentylene Glycol, Glycerin, Polyhydroxystearic Acid, Undecane, Polyglyceryl-10 Laurate, Moringa Oleifera Seed Oil, Cetearyl Alcohol, Simmondsia Chinensis (Jojoba) Seed Oil, Haematococcus Pluvialis Extract, Citric Acid, Acacia Senegal Gum, Tocopherol, Bisabolol, Lecithin, Polyglyceryl-3 Polyricinoleate, Tridecane, Caprylyl Glycol, Sodium Stearoyl Glutamate, Polyglyceryl-6 Behenate, Xanthan Gum, Isostearic Acid, Stearic Acid, Mica, Alumina, Titanium Dioxide. [8008830001]

Die Liste der Inhaltsstoffe kann sich ändern. Bitte beachte die Verpackung des gekauften Produkts.
","Sonnenschutzmittel vor dem Sonnen grosszügig auftragen. Nicht mit anderen Produkten mischen. Mehrfach auftragen, um den Schutz aufrechtzuerhalten, insbesondere nach dem Aufenthalt im Wasser, dem Abtrocknen und beim Schwitzen. Text auf der Faltschachtel beachten.",TRUE,TRUE,TRUE
"Weleda - straffende Tagespflege Granatapfel & Maca-Peptide mindert Falten & strafft, 40 ml Creme",https://nbg1.your-objectstorage.com/inspirax-image-server-bucket/18075056_01.jpeg,"Die WELEDA Straffende Tagespflege Granatapfel & Maca-Peptide mindert sichtbar Falten und unterstützt ein strafferes Hautbild. Die Pflege versorgt die Haut mit Feuchtigkeit, verbessert ihre Elastizität und lässt sie glatter sowie vitaler wirken.
Die Formel mit Granatapfel und Maca-Peptiden stärkt die Haut und sorgt für einen gepflegten, frischen Teint. Ideal für die tägliche Pflege reifer Haut.
--40 ml",40 ml,19.67,Weleda,Feuchtigkeitspflege,"Water (Aqua), Sesamum Indicum (Sesame) Seed Oil, Glycerin, Pentylene Glycol, Alcohol Denat., Hectorite, Cetearyl Olivate, Punica Granatum Seed Oil, Macadamia Ternifolia Seed Oil, Tapioca Starch, Panicum Miliaceum (Millet) Seed Extract, Olea Europaea (Olive) Leaf Extract, Helianthus Annuus (Sunflower) Seed Oil, Betaine, Xanthan Gum, Carrageenan, Citric Acid, Tocopherol, Hydrolyzed Lepidium Meyenii Root, Sorbitan Stearate, Sorbitan Olivate, Glyceryl Caprylate, Sodium Stearoyl Glutamate, Sucrose Cocoate, Maltodextrin, Fragrance (Parfum), Limonene, Linalool, Benzyl Benzoate, Geraniol, Citral, Coumarin

Die Liste der Inhaltsstoffe kann sich ändern. Bitte beachte die Verpackung des gekauften Produkts.
","Morgens nach der Reinigung auf Gesicht, Hals und Dekolleté auftragen. Auch als Make-up-Grundlage geeignet.",TRUE,FALSE,FALSE
"Yepoda -
The Bubble Double - Reinigungsschaum mit Granatapfel & Salicylsäure",https://media.sephora.eu/content/dam/gdam/europe/digital/pim/published/Y/YEPODA/762588/365622-media_swatch.jpg?scaleWidth=750&scaleHeight=750&scaleMode=fit,"Ein pH-hautneutraler Schaumreiniger mit Granatapfel und Salicylsäure, der die Poren tief reinigt, sanft exfoliiert und Unreinheiten vorbeugt – für erfrischte, klare und gesunde Haut.   

Ideal als zweiter Schritt deiner doppelten Reinigung: The Bubble Double ergänzt The Calm Balm perfekt und hinterlässt deine Haut frisch, sauber und gepflegt. Der reichhaltige Schaum entfernt überschüssiges Öl und Unreinheiten, schützt die natürliche Hautbarriere und sorgt für Feuchtigkeit und ein ausgewogenes Hautbild.



Tiefenreinigung? Double the Bubble! Erlebe eine beruhigende Reinigung, die sanft genug für empfindliche Haut ist, aber dennoch effektiv Unreinheiten bekämpft und Hautunreinheiten vorbeugt.

Vegan : Produkte aus natürlich gewonnenen Inhaltsstoffen. --120ml",120ml,21.00,Yepoda,Gesichtsreinigung,"Water/Aqua, Decyl Glucoside, Glycerin, Sodium Cocoamphoacetate, Lauryl Glucoside, Salicylic Acid (Derived from Wintergreen), Punica Granatum (Pomegranate) Fruit Extract, Cyanocobalamin (Vitamin B12), Sodium Cocoyl Glutamate, Sodium Lauryl Glucose Carboxylate, Hydroxyacetophenone, Ethylhexylglycerin, 1,2-Hexanediol, Butylene Glycol, Limonene, Citric Acid, Citrus Nobilis Peel Oil

Die Liste der Inhaltsstoffe kann sich ändern. Bitte beachten Sie die Verpackung des gekauften Produkts.
","Vervollständige die Double Cleansing Methode und verwende The Bubble Double nach The Calm Balm, um die restlichen Rückstände auf deiner Haut abzuwaschen.



1. Pumpe eine kleine Menge auf deine Hand.

2. Massiere den Schaum in kreisenden Bewegungen auf dem Gesicht ein.

3. Spüle ihn anschließend mit warmem Wasser ab. 

4. Tupfe deine Haut sanft mit einem weichen, sauberen Handtuch trocken.",TRUE,TRUE,FALSE
"Yepoda - 
The Mist Have - Gesichtsspray mit Hyaluronsäure & Lavendel",https://media.sephora.eu/content/dam/gdam/europe/digital/pim/published/Y/YEPODA/762587/365621-media_swatch-0.jpg?scaleWidth=750&scaleHeight=750&scaleMode=fit,"Feuchtigkeitsspendendes Spray mit Hyaluronsäure, Aloe Vera und Ginseng, das deine Haut sofort erfrischt, beruhigt und belebt. Ideal als Toner, Make-up-Base oder Feuchtigkeitsboost unterwegs!



Dieser All-in-One-Hydration-Alleskönner spendet intensive Feuchtigkeit und beruhigt Haut sowie Sinne mit der entspannenden Kombination aus grünem Tee und Lavendel. Ob als Toner, Frische-Kick für zwischendurch, Make-up Base oder als Setting-Spray für den ultimativen Glow – er sorgt für Feuchtigkeit, die deine Haut gesund und strahlend hält.



Sofortiger Feuchtigkeitsboost: Dein Must-Have für unterwegs, um deine Haut jederzeit mit Feuchtigkeit zu versorgen und schnell aufzufrischen! --50ml",50ml,21.95,Yepoda,Toner,"Aqua (Water), Propanediol, 1,2-Hexanediol, Hyaluronic Acid, Hamamelis Virginiana Leaf Extract, Bambusa Vulgaris (Bamboo) Water, Camellia Sinensis (Green Tea) Leaf Extract, Panax Ginseng (Ginseng) Root Extract, Aloe Barbadensis (Aloe Vera) Flower Extract, Aloe Barbadensis (Aloe Vera) Leaf Extract, Lavandula Angustifolia (Lavender) Flower Extract, Lavandula Angustifolia (Lavender) Oil, Melia Azadirachta Leaf Extract, Melia Azadirachta Flower Extract, Ocimum Sanctum Leaf Extract, Corallina Officinalis Extract, Curcuma Longa Root Extract, Solanum Melongena Fruit Extract, Maltodextrin, Butylene Glycol, Polyglyceryl-10 Myristate, Ethylhexylglycerin, Coccinia Indica Fruit Extract, Citrus Aurantifolia Oil, Limonene, Linalool (Lavender).

Die Liste der Inhaltsstoffe kann sich ändern. Bitte beachte die Verpackung des gekauften Produkts.
","Verwende The Mist Have zu jeder Tageszeit, wann immer du eine Erfrischung brauchst.

1. Schüttle die Flasche, um die Inhaltsstoffe zu vermischen. 

2. Aus 30 cm Entfernung auf den Sprühkopf drücken und dein Gesicht 2-3 Mal besprühen.

3. Warte, bis der Nebel von der Haut aufgenommen wurde, oder klopfe ihn sanft mit den Fingern ein.",TRUE,TRUE,FALSE
"Yepoda - The Day Light - Ölfreie Tagescreme Mit Rosenwasser, Beifuß Und Niacinamid - hydrate The Day Light 50ml",https://media.sephora.eu/content/dam/digital/pim/published/Y/YEPODA/762573/365607-media_swatch.jpg?scaleWidth=500&scaleHeight=500&scaleMode=fit,"Leichte, 100 % ölfreie Feuchtigkeitscreme mit Hyaluronsäure, Peptiden und Rosenwasser. Sie spendet intensive Feuchtigkeit, hilft bei Rötungen und fördert einen frischen, geschmeidigen und revitalisierten Teint. --50ml",50ml,25.95,Yepoda,Feuchtigkeitspflege,"Rosa Centifolia (Rose) Flower Water, Propanediol, Glycerin, Niacinamide, Caprylic/Capric Triglyceride, Aqua, Dicaprylyl Carbonate, 1,2-Hexanediol, Butylene Glycol, Cetearyl Olivate, Artemisia Princeps (Mugwort) Leaf Extract, Punica Granatum (Pomegranate) Fruit Extract, Sodium Hyaluronate, Origanum Vulgare (Oregano) Leaf Extract, Salix Alba (Willow) Bark Extract, Hyaluronic Acid, Sclerotium Gum, Chamaecyparis Obtusa Leaf Extract, Cinnamomum Cassia Bark Extract, Lactobacillus/Soybean Ferment Extract, Portulaca Oleracea Extract, Scutellaria Baicalensis Root Extract, Saccharide Isomerate, Cetyl Ethylhexanoate, Acetyl Hexapeptide-8, Sorbitan Olivate, Polyglyceryl-3 Distearate, Glyceryl Stearate Citrate, Ceramide NP, Cyanocobalamin, Copper Tripeptide-1, Oligopeptide-29, Oligopeptide-32, Palmitoyl Pentapeptide-4, Xanthan Gum, Ethylhexylglycerin, Tocopherol

Die Liste der Inhaltsstoffe kann sich ändern. Bitte beachte die Verpackung des gekauften Produkts.
","Morgens auftragen für eine besonders leichte und wirksame Feuchtigkeitspflege



1. Reinige und bereite dein Gesicht wie gewohnt vor der Anwendung vor.

2. Pumpe eine haselnussgroße Menge auf deine Hand.

3. Massiere die Creme sanft in dein ganzes Gesicht und Dekolleté ein.

4. Klopfe sie mit den Fingerspitzen tief in deine Haut ein. Es bleibt ein schützender Film zurück.",TRUE,TRUE,FALSE
Yepoda - The Glow Hero - Öl-serum-hybrid Mit Bakuchiol - hydrate The Glow Hero 30ml,https://media.sephora.eu/content/dam/digital/pim/published/Y/YEPODA/762572/365606-media_swatch.jpg?scaleWidth=500&scaleHeight=500&scaleMode=fit,"Öl-Serum-Hybrid mit Bakuchiol: die Wirkung eines Serums kombiniert mit der Pflege eines Öls. Erlebe die Vorteile von Slow-Aging-Pflege und einen strahlend, langanhaltenden Glow.

The Glow Hero ist der ultimative Alleskönner, entwickelt, um deinen Teint mit beruhigenden und pflegenden Eigenschaften zu revitalisieren. Formuliert mit Bakuchiol, einer natürlichen Alternative zu Retinol, bekämpft dieses Öl-Serum-Hybrid Anzeichen von Hautalterung und versorgt die Haut gleichzeitig mit intensiver Feuchtigkeit. Das Ergebnis? Ein glatterer, strahlender Teint mit einem natürlichen Glow.



Perfekter Glow in der Flasche!  Erlebe das Beste aus beiden Welten mit dieser kraftvollen, pflegenden Formel, die das natürliche Gleichgewicht deiner Haut wiederherstellt und ihr einen gesunden Glow verleiht. Für den ultimativen Glass-Skin-Look. -- 30ml",30ml,28.95,Yepoda,Serum,"Macadamia Ternifolia Seed Oil, Squalane, Simmondsia Chinensis (Jojoba) Seed Oil, Bakuchiol, Bisabolol (Chamomile), Curcuma Longa (Turmeric) Root Extract, Aloe Barbadensis Flower Extract (Aloe Vera), Moringa Oleifera Seed Oil, Melia Azadirachta Leaf Extract, Melia Azadirachta Flower Extract, Coccinia Indica Fruit Extract, Eclipta Prostrata Extract, Solanum Melongena (Aubergine) Fruit Extract, Corallina Officinalis Extract, Ocimum Sanctum Leaf Extract.

Die Liste der Inhaltsstoffe kann sich ändern. Bitte beachte die Verpackung des gekauften Produkts.
","Verwende es immer nach deiner Feuchtigkeitspflege oder mische 2-3 Tropfen direkt in die Creme.



1. Reinige und bereite dein Gesicht vor der Anwendung wie gewohnt vor, um die Wirkung des Serums zu optimieren.

2. Mische 2-3 Tropfen in deine Creme oder trage es nach der Creme auf.

3. Massiere das Serum sanft ein und klopfe es in deine Haut. ",TRUE,TRUE,TRUE
Yepoda - The Purify Hero - Natural Bha Exfoliating Serum - treat The Purify Hero 30ml,https://media.sephora.eu/content/dam/digital/pim/published/Y/YEPODA/762580/365614-media_swatch.jpg?scaleWidth=500&scaleHeight=500&scaleMode=fit,"Serum gegen Unreinheiten mit Weidenrindenextrakt, einer natürlichen Form von BHA, das sanft peelt, Poren verfeinert und für einen klaren, strahlenden Teint ohne Irritationen sorgt. --30ml",30ml,24.95,Yepoda,Serum,"Aloe Barbadensis Leaf Juice, Aqua, Salix Alba (Willow) Bark Extract, Butylene Glycol, Glycerin, 1,2-Hexanediol, Sodium Hyaluronate, Vitis Vinifera (Grape) Seed Extract, Vitis Vinifera (Grape) Skin Extract, Camellia Sinensis Leaf Extract, Chamomilla Recutita (Matricaria) Flower Extract, Gluconolactone, Melia Azadirachta Leaf Extract, Melia Azadirachta Flower Extract, Ethylhexylglycerol, Propanediol, Polyglyceryl-10 Laurate.

Die Liste der Inhaltsstoffe kann sich ändern. Bitte beachte die Verpackung des gekauften Produkts.
","Entdecke das Geheimnis geklärter, strahlender Haut: Trage dieses Serum auf dein ganzes Gesicht oder nur auf die zu Unreinheiten neigenden Stellen auf.



1. Reinige und bereite dein Gesicht vor der Anwendung wie gewohnt vor, um die Wirkung des Serums zu optimieren.

2. Trage 2-3 Tropfen des Serums auf dein Gesicht auf.

3. Massiere das Serum sanft ein und klopfe es in deine Haut. Achte darauf, nach der Anwendung morgens Sonnenschutz aufzutragen.",TRUE,TRUE,TRUE
Yepoda - The Repair Hero - Probiotisches Serum Mit Niacinamid - treat The Repair Hero 30ml,https://media.sephora.eu/content/dam/digital/pim/published/Y/YEPODA/762579/365613-media_swatch.jpg?scaleWidth=500&scaleHeight=500&scaleMode=fit,"Dieses Multitasking-Serum kombiniert Probiotika und Niacinamid, um das Hautgleichgewicht wiederherzustellen. Es spendet tiefenwirksame Feuchtigkeit und bekämpft Zeichen der Hautalterung für einen glatteren, regenerierten Teint. --30ml",30ml,24.95,Yepoda,Serum,"Bifida Ferment Lysate, Glycerin, 1,2-Hexanediol, Niacinamide, Butylene Glycol, Sodium Hyaluronate, Lactobacillus Ferment Lysate, Ethylhexylglycerin, Copper Tripeptide-1, Camellia Sinensis Callus Culture Extract, Cyanocobalamin, Aqua, Polyglutamic Acid.

Die Liste der Inhaltsstoffe kann sich ändern. Bitte beachte die Verpackung des gekauften Produkts.
","1. Reinige und bereite dein Gesicht vor der Anwendung wie gewohnt vor, um die Wirkung des Serums zu optimieren.

2. Trage 2-3 Tropfen des Serums auf dein Gesicht auf.

3. Massiere das Serum sanft ein und klopfe es in deine Haut. ",TRUE,TRUE,TRUE
Yepoda - The Sunsational-sonnenschutz-stick Spf 30 Uva/uvb Pa+++ Hoher Schutzfaktor - protect The Sunsational 18.5g,https://media.sephora.eu/content/dam/digital/pim/published/Y/YEPODA/762584/365618-media_swatch.jpg?scaleWidth=500&scaleHeight=500&scaleMode=fit,"Ein praktischer, nachfüllbarer mineralischer Sonnenschutz-Stick mit LSF 30. Formuliert mit Non-Nano-Zinkoxid, schützt er vor UV-Strahlen, pflegt die Haut und schont das Meer sowie die Korallenriffe.



Sonnenschutz auf einem neuen Level mit The Sunsational. Dieser praktische Sonnenschutz-Stick für unterwegs vereint effektiven Breitbandschutz mit nachhaltigem Design. Die mineralischen UV-Filter schützen deine Haut und schonen gleichzeitig das Meer und die Korallenriffe – für einen strahlenden Glow, der auch der Umwelt zugutekommt. --18.5g",18.5g,28.95,Yepoda,Sonnenschutz,"Simmondsia Chinensis (Jojoba) Seed Oil, Zinc Oxide, Euphorbia Cerifera (Candelilla) Wax, Caprylic/Capric Triglyceride, Ricinus Communis (Castor) Seed Oil, Helianthus Annuus (Sunflower) Seed Wax, Silica, Coco-Caprylate/Caprate, Hydrogenated Vegetable Oil, Camellia Japonica Seed Oil, Polyglyceryl-2 Triisostearate, Pyrus Malus (Apple) Seed Oil, Helianthus Annuus (Sunflower) Seed Oil, Vitis Vinifera (Grape) Seed Oil, Squalane, Polyhydroxystearic Acid, Octyldodecanol, Stearic Acid, Isostearic Acid, Lecithin

Die Liste der Inhaltsstoffe kann sich ändern. Bitte beachte die Verpackung des gekauften Produkts.
","Sonnencreme to go – mit einfacher und nachhaltiger Nachfüllmöglichkeit: 



1. Trage den Stick mindestens viermal mit gleichmäßigen, vor- und zurückgehenden Bewegungen auf Gesicht und Hals auf.

2. Verwende deine Finger, um das Produkt auf verbleibende Stellen aufzutragen.

3. Anschließend einreiben, um ein ebenmäßiges Finish zu erzielen.



Wie man ihn nachfüllt:



1. Entferne die Kappe.

2. Trenne den Nachfüllbehälter von der Basis des Refills, indem du diesen vorsichtig nach oben ziehst.

3. Setze den Nachfüllbehälter anschließend fest auf die Basis der Originalverpackung, so dass es sicher an der entsprechenden Stelle sitzt.",TRUE,TRUE,TRUE
Youth To The People - Superfruit Brightening + Exfoliate - Papaya + Vitamin C - superfruit Energy Cleanser,https://media.sephora.eu/content/dam/digital/pim/published/Y/YOUTH_TO_THE_PEOPLE/760397/365032-media_swatch.jpg?scaleWidth=500&scaleHeight=500&scaleMode=fit,"Ein klärendes Reinigungsgel, das dank seiner sanften Formel auch als Peeling wirkt. Es beeinträchtigt die Feuchtigkeitsbarriere der Haut nicht und fördert den Feuchtigkeitsgehalt der Haut. Die Kombination aus Papaya, Vitamin Cg, AHA, BHA und Ingwerwurzel sorgt klinisch erwiesen für einen ebenmäßigen Teint und eine klarere Haut. Das fruchtig duftende Gel verwandelt sich in einen cremigen Superfruit-Schaum und sorgt für einen strahlenden Teint. Die Haut wirkt sichtbar und langanhaltend vitaler , während Unreinheiten und Rückstände von Sonnenschutzmitteln beseitigt werden. --150ml",150ml,38.95,Youth To The People,Gesichtsreinigung,"Water/Aqua/Eau, Glycerin, Propylene Glycol, Coco-Glucoside, Ammonium Polyacryloyldimethyl Taurate, Glycolic Acid, Sodium Methyl Cocoyl Taurate, Niacinamide, Lactic Acid, Sodium Hydroxide, Carica Papaya Fruit Extract (Papaya Fruit Extract), Ilex Paraguariensis Leaf Extract, Passiflora Edulis Fruit Juice, Zingiber Officinale Root Extract (Ginger Root Extract), Ascorbyl Glucoside, Caffeine, Capryloyl Salicylic Acid, Phytic Acid, Tocopherol, Bisabolol, Caprylyl Glycol, Citric Acid, Coconut Acid, Ethylhexylglycerin, Helianthus Annuus Seed Oil (Sunflower Seed Oil), Sodium Chloride, Trideceth-9, Limonene, Linalool, Beta-Carotene (CI 40800), Chlorphenesin, Phenoxyethanol, Potassium Sorbate, Salicylic Acid, Sodium Benzoate, Parfum/Fragrance

Die Liste der Inhaltsstoffe kann sich ändern. Bitte beachten Sie die Verpackung des gekauften Produkts.
","Zweimal pro Tag anwenden. Mindestens 30 Sekunden lang in die feuchte Haut einmassieren und anschließend gründlich abspülen. Verwende es als doppeltes, sanftes Reinigungspeeling mindestens 3 Mal pro Woche mit deinem Lieblings-Cleanser von Superfood. Zuerst den Superfruit Cleanser einmassieren, eine Minute lang einwirken lassen und dann abspülen. Anschließend den Superfood Cleanser auftragen und gründlich abspülen.",TRUE,TRUE,FALSE
Youth To The People - Superfruit Brightening + Exfoliate - Papaya + Vitamin C - superfruit Energy Cleanser,https://media.sephora.eu/content/dam/digital/pim/published/Y/YOUTH_TO_THE_PEOPLE/760397/365032-media_swatch.jpg?scaleWidth=500&scaleHeight=500&scaleMode=fit,"Ein klärendes Reinigungsgel, das dank seiner sanften Formel auch als Peeling wirkt. Es beeinträchtigt die Feuchtigkeitsbarriere der Haut nicht und fördert den Feuchtigkeitsgehalt der Haut. Die Kombination aus Papaya, Vitamin Cg, AHA, BHA und Ingwerwurzel sorgt klinisch erwiesen für einen ebenmäßigen Teint und eine klarere Haut. Das fruchtig duftende Gel verwandelt sich in einen cremigen Superfruit-Schaum und sorgt für einen strahlenden Teint. Die Haut wirkt sichtbar und langanhaltend vitaler , während Unreinheiten und Rückstände von Sonnenschutzmitteln beseitigt werden. --30ml",30ml,38.95,Youth To The People,Serum,"Aqua/Water/Eau, Glycerin, Propylene Glycol, Coco-Glucoside, Ammonium Polyacryloyldimethyl Taurate, Glycolic Acid, Sodium Methyl Cocoyl Taurate, Niacinamide, Lactic Acid, Sodium Hydroxide, Carica Papaya Fruit Extract/Papaya Fruit Extract, Ilex Paraguariensis Leaf Extract, Passiflora Edulis Fruit Juice, Zingiber Officinale Root Extract/Ginger Root Extract, Ascorbyl Glucoside, Caffeine, Capryloyl Salicylic Acid, Phytic Acid, Tocopherol, Bisabolol, Caprylyl Glycol, Citric Acid, Coconut Acid, Ethylhexylglycerin, Helianthus Annuus Seed Oil/Sunflower Seed Oil, Sodium Chloride, Trideceth-9, Limonene, Linalool, CI 40800/Beta-Carotene, Chlorphenesin, Phenoxyethanol, Potassium Sorbate, Salicylic Acid, Sodium Benzoate, Parfum/Fragrance (F.I.L. T70046199/1).

Die Liste der Inhaltsstoffe kann sich ändern. Bitte beachte die Verpackung des gekauften Produkts.
","Zweimal pro Tag anwenden. Mindestens 30 Sekunden lang in die feuchte Haut einmassieren und anschließend gründlich abspülen. Verwende es als doppeltes, sanftes Reinigungspeeling mindestens 3 Mal pro Woche mit deinem Lieblings-Cleanser von Superfood. Zuerst den Superfruit Cleanser einmassieren, eine Minute lang einwirken lassen und dann abspülen. Anschließend den Superfood Cleanser auftragen und gründlich abspülen.",TRUE,TRUE,FALSE
Youth To The People - Triple Peptide + Cactus Oasis Serum - Feuchtigkeitsserum Für Gesicht Und Hals - the Youth Oasis Cactus Serum 30ml,https://media.sephora.eu/content/dam/digital/pim/published/Y/YOUTH_TO_THE_PEOPLE/578079/277709-media_swatch.jpg?scaleWidth=500&scaleHeight=500&scaleMode=fit,"Ein starkes Serum für Gesicht und Augenkonturen mit Hyaluronsäure für intensive Feuchtigkeit und Peptiden, die die Haut sichtbar aufpolstern und festigen, um sie praller und jünger aussehen zu lassen. Für alle Hauttypen empfohlen.

Hautprobleme: Falten und Fältchen, Verlust der Hautfestigkeit und -elastizität, Trockenheit. --30ml",30ml,60.95,Youth To The People,Serum,"Water/Aqua/Eau, Butylene Glycol, Glycerin, Pentylene Glycol, Opuntia Ficus-Indica Stem (Prickly Pear Cactus) Extract, Palmitoyl Tripeptide-1, Palmitoyl Tetrapeptide-7, Palmitoyl Tripeptide-28, Sodium Hyaluronate, Hydrolyzed Sodium Hyaluronate, Sodium Hyaluronate Crosspolymer, Sodium Acetylated Hyaluronate, Synthetic Sapphire, Citrullus Lanatus (Watermelon) Fruit Extract, Lens Esculenta (Lentil) Fruit Extract, Pyrus Malus (Apple) Fruit Extract, Nephelium Lappaceum Peel (Rambutan) Extract, Sodium PCA, Glutathione, Malachite Extract, Citric Acid, Hydroxypropyl Methylcellulose, Tetrasodium Glutamate Diacetate, Polyglutamic Acid, 1,2-Hexanediol, Caprylyl Glycol, Sodium Lactate, Carbomer, Propanediol, Polysorbate 20, Hydroxyethylcellulose, Xanthan Gum, Phenoxyethanol, Ethylhexylglycerin, Sodium Benzoate, Potassium Sorbate, Disodium Phosphate, Polysorbate 60, Benzyl Alcohol, Sodium Hydroxide, Glyceryl Caprylate, Sodium Formate, Sodium Glycolate, Sodium Phosphate, Benzoic Acid.

Die Liste der Inhaltsstoffe kann sich ändern. Bitte beachte die Verpackung des gekauften Produkts.
","Einen bis zwei Pumpstöße morgens und abends auf die gereinigten Gesicht und Hals auftragen. Einziehen lassen.

Anschließend die feuchtigkeitsspendende Tagescreme Superfood von Youth To The People auftragen (separat erhältlich).",TRUE,TRUE,FALSE